solid OBJECT
  facet normal 0.99986753821783725 0.016275933712131981 -0
    outer loop
      vertex 0.75 1.962615539765984e-17 2.5499999523162842
      vertex 0.74960261583328247 0.024412211030721664 2.5499999523162842
      vertex 0.74960261583328247 0.024412211030721664 4.0500001907348633
    endloop
  endfacet
  facet normal 0.99986753821783725 0.016275933712131981 0
    outer loop
      vertex 0.75 1.962615539765984e-17 2.5499999523162842
      vertex 0.74960261583328247 0.024412211030721664 4.0500001907348633
      vertex 0.75 1.962615539765984e-17 4.0500001907348633
    endloop
  endfacet
  facet normal 0.99880780835166816 0.048815591522966495 -0
    outer loop
      vertex 0.74960261583328247 0.024412211030721664 2.5499999523162842
      vertex 0.74841076135635376 0.048798549920320511 2.5499999523162842
      vertex 0.74841076135635376 0.048798549920320511 4.0500001907348633
    endloop
  endfacet
  facet normal 0.99880780835166816 0.048815591522966495 0
    outer loop
      vertex 0.74960261583328247 0.024412211030721664 2.5499999523162842
      vertex 0.74841076135635376 0.048798549920320511 4.0500001907348633
      vertex 0.74960261583328247 0.024412211030721664 4.0500001907348633
    endloop
  endfacet
  facet normal 0.99668994770497488 0.081296667483080384 -0
    outer loop
      vertex 0.74841076135635376 0.048798549920320511 2.5499999523162842
      vertex 0.74642586708068848 0.073133178055286407 2.5499999523162842
      vertex 0.74642586708068848 0.073133178055286407 4.0500001907348633
    endloop
  endfacet
  facet normal 0.99668994770497499 0.081296667483080398 0
    outer loop
      vertex 0.74841076135635376 0.048798549920320511 2.5499999523162842
      vertex 0.74642586708068848 0.073133178055286407 4.0500001907348633
      vertex 0.74841076135635376 0.048798549920320511 4.0500001907348633
    endloop
  endfacet
  facet normal 0.99351544842820338 0.11369720196427956 -0
    outer loop
      vertex 0.74642586708068848 0.073133178055286407 2.5499999523162842
      vertex 0.74364989995956421 0.097390294075012207 2.5499999523162842
      vertex 0.74364989995956421 0.097390294075012207 4.0500001907348633
    endloop
  endfacet
  facet normal 0.99351544842820338 0.11369720196427956 0
    outer loop
      vertex 0.74642586708068848 0.073133178055286407 2.5499999523162842
      vertex 0.74364989995956421 0.097390294075012207 4.0500001907348633
      vertex 0.74642586708068848 0.073133178055286407 4.0500001907348633
    endloop
  endfacet
  facet normal 0.9892878344317545 0.14597801425327489 -0
    outer loop
      vertex 0.74364989995956421 0.097390294075012207 2.5499999523162842
      vertex 0.74008578062057495 0.12154420465230942 2.5499999523162842
      vertex 0.74008578062057495 0.12154420465230942 4.0500001907348633
    endloop
  endfacet
  facet normal 0.9892878344317545 0.14597801425327489 0
    outer loop
      vertex 0.74364989995956421 0.097390294075012207 2.5499999523162842
      vertex 0.74008578062057495 0.12154420465230942 4.0500001907348633
      vertex 0.74364989995956421 0.097390294075012207 4.0500001907348633
    endloop
  endfacet
  facet normal 0.98401278020374339 0.1780978618504431 -0
    outer loop
      vertex 0.74008578062057495 0.12154420465230942 2.5499999523162842
      vertex 0.73573744297027588 0.14556930959224701 2.5499999523162842
      vertex 0.73573744297027588 0.14556930959224701 4.0500001907348633
    endloop
  endfacet
  facet normal 0.98401278020374339 0.1780978618504431 0
    outer loop
      vertex 0.74008578062057495 0.12154420465230942 2.5499999523162842
      vertex 0.73573744297027588 0.14556930959224701 4.0500001907348633
      vertex 0.74008578062057495 0.12154420465230942 4.0500001907348633
    endloop
  endfacet
  facet normal 0.97769398945557096 0.21003443284959233 -0
    outer loop
      vertex 0.73573744297027588 0.14556930959224701 2.5499999523162842
      vertex 0.73060935735702515 0.16944015026092529 2.5499999523162842
      vertex 0.73060935735702515 0.16944015026092529 4.0500001907348633
    endloop
  endfacet
  facet normal 0.97769398945557096 0.21003443284959233 0
    outer loop
      vertex 0.73573744297027588 0.14556930959224701 2.5499999523162842
      vertex 0.73060935735702515 0.16944015026092529 4.0500001907348633
      vertex 0.73573744297027588 0.14556930959224701 4.0500001907348633
    endloop
  endfacet
  facet normal 0.97033941944835045 0.2417465843908409 -0
    outer loop
      vertex 0.73060935735702515 0.16944015026092529 2.5499999523162842
      vertex 0.72470700740814209 0.19313141703605652 2.5499999523162842
      vertex 0.72470700740814209 0.19313141703605652 4.0500001907348633
    endloop
  endfacet
  facet normal 0.97033941944835045 0.2417465843908409 8.4163528529137975e-19
    outer loop
      vertex 0.73060935735702515 0.16944015026092529 2.5499999523162842
      vertex 0.72470700740814209 0.19313141703605652 4.0500001907348633
      vertex 0.73060935735702515 0.16944015026092529 4.0500001907348633
    endloop
  endfacet
  facet normal 0.96195660336314126 0.27320229363248033 -0
    outer loop
      vertex 0.72470700740814209 0.19313141703605652 2.5499999523162842
      vertex 0.71803665161132812 0.21661801636219025 2.5499999523162842
      vertex 0.71803665161132812 0.21661801636219025 4.0500001907348633
    endloop
  endfacet
  facet normal 0.96195660336314126 0.27320229363248033 0
    outer loop
      vertex 0.72470700740814209 0.19313141703605652 2.5499999523162842
      vertex 0.71803665161132812 0.21661801636219025 4.0500001907348633
      vertex 0.72470700740814209 0.19313141703605652 4.0500001907348633
    endloop
  endfacet
  facet normal 0.95255391209551876 0.30436991400518337 -0
    outer loop
      vertex 0.71803665161132812 0.21661801636219025 2.5499999523162842
      vertex 0.71060532331466675 0.23987504839897156 2.5499999523162842
      vertex 0.71060532331466675 0.23987504839897156 4.0500001907348633
    endloop
  endfacet
  facet normal 0.95255391209551876 0.30436991400518337 0
    outer loop
      vertex 0.71803665161132812 0.21661801636219025 2.5499999523162842
      vertex 0.71060532331466675 0.23987504839897156 4.0500001907348633
      vertex 0.71803665161132812 0.21661801636219025 4.0500001907348633
    endloop
  endfacet
  facet normal 0.94214242141248106 0.33521285442987842 -0
    outer loop
      vertex 0.71060532331466675 0.23987504839897156 2.5499999523162842
      vertex 0.70242094993591309 0.26287788152694702 2.5499999523162842
      vertex 0.70242094993591309 0.26287788152694702 4.0500001907348633
    endloop
  endfacet
  facet normal 0.94214242141248106 0.33521285442987842 0
    outer loop
      vertex 0.71060532331466675 0.23987504839897156 2.5499999523162842
      vertex 0.70242094993591309 0.26287788152694702 4.0500001907348633
      vertex 0.71060532331466675 0.23987504839897156 4.0500001907348633
    endloop
  endfacet
  facet normal 0.93073204156015876 0.36570188243056523 -0
    outer loop
      vertex 0.70242094993591309 0.26287788152694702 2.5499999523162842
      vertex 0.69349217414855957 0.28560212254524231 2.5499999523162842
      vertex 0.69349217414855957 0.28560212254524231 4.0500001907348633
    endloop
  endfacet
  facet normal 0.93073204156015876 0.36570188243056523 0
    outer loop
      vertex 0.70242094993591309 0.26287788152694702 2.5499999523162842
      vertex 0.69349217414855957 0.28560212254524231 4.0500001907348633
      vertex 0.70242094993591309 0.26287788152694702 4.0500001907348633
    endloop
  endfacet
  facet normal 0.91833552273416719 0.39580281414432117 -0
    outer loop
      vertex 0.69349217414855957 0.28560212254524231 2.5499999523162842
      vertex 0.68382847309112549 0.30802369117736816 2.5499999523162842
      vertex 0.68382847309112549 0.30802369117736816 4.0500001907348633
    endloop
  endfacet
  facet normal 0.91833552273416719 0.39580281414432117 0
    outer loop
      vertex 0.69349217414855957 0.28560212254524231 2.5499999523162842
      vertex 0.68382847309112549 0.30802369117736816 4.0500001907348633
      vertex 0.69349217414855957 0.28560212254524231 4.0500001907348633
    endloop
  endfacet
  facet normal 0.90496581600813819 0.42548427921219872 -0
    outer loop
      vertex 0.68382847309112549 0.30802369117736816 2.5499999523162842
      vertex 0.67344009876251221 0.3301188051700592 2.5499999523162842
      vertex 0.67344009876251221 0.3301188051700592 4.0500001907348633
    endloop
  endfacet
  facet normal 0.90496581600813819 0.42548427921219872 0
    outer loop
      vertex 0.68382847309112549 0.30802369117736816 2.5499999523162842
      vertex 0.67344009876251221 0.3301188051700592 4.0500001907348633
      vertex 0.68382847309112549 0.30802369117736816 4.0500001907348633
    endloop
  endfacet
  facet normal 0.8906367774778936 0.45471543915265628 -0
    outer loop
      vertex 0.67344009876251221 0.3301188051700592 2.5499999523162842
      vertex 0.6623380184173584 0.35186409950256348 2.5499999523162842
      vertex 0.6623380184173584 0.35186409950256348 4.0500001907348633
    endloop
  endfacet
  facet normal 0.8906367774778936 0.45471543915265628 0
    outer loop
      vertex 0.67344009876251221 0.3301188051700592 2.5499999523162842
      vertex 0.6623380184173584 0.35186409950256348 4.0500001907348633
      vertex 0.67344009876251221 0.3301188051700592 4.0500001907348633
    endloop
  endfacet
  facet normal 0.87536431596879216 0.48346387075818681 -0
    outer loop
      vertex 0.6623380184173584 0.35186409950256348 2.5499999523162842
      vertex 0.65053403377532959 0.37323650717735291 2.5499999523162842
      vertex 0.65053403377532959 0.37323650717735291 4.0500001907348633
    endloop
  endfacet
  facet normal 0.87536431596879216 0.48346387075818681 0
    outer loop
      vertex 0.6623380184173584 0.35186409950256348 2.5499999523162842
      vertex 0.65053403377532959 0.37323650717735291 4.0500001907348633
      vertex 0.6623380184173584 0.35186409950256348 4.0500001907348633
    endloop
  endfacet
  facet normal 0.85916326995887504 0.5117015492976088 -0
    outer loop
      vertex 0.65053403377532959 0.37323650717735291 2.5499999523162842
      vertex 0.63804060220718384 0.39421337842941284 2.5499999523162842
      vertex 0.63804060220718384 0.39421337842941284 4.0500001907348633
    endloop
  endfacet
  facet normal 0.85916326995887504 0.5117015492976088 0
    outer loop
      vertex 0.65053403377532959 0.37323650717735291 2.5499999523162842
      vertex 0.63804060220718384 0.39421337842941284 4.0500001907348633
      vertex 0.65053403377532959 0.37323650717735291 4.0500001907348633
    endloop
  endfacet
  facet normal 0.84205226531953103 0.5393959422078054 -0
    outer loop
      vertex 0.63804060220718384 0.39421337842941284 2.5499999523162842
      vertex 0.62487101554870605 0.41477245092391968 2.5499999523162842
      vertex 0.62487101554870605 0.41477245092391968 4.0500001907348633
    endloop
  endfacet
  facet normal 0.84205226531953103 0.5393959422078054 0
    outer loop
      vertex 0.63804060220718384 0.39421337842941284 2.5499999523162842
      vertex 0.62487101554870605 0.41477245092391968 4.0500001907348633
      vertex 0.63804060220718384 0.39421337842941284 4.0500001907348633
    endloop
  endfacet
  facet normal 0.82404947456816369 0.56651784037568809 -0
    outer loop
      vertex 0.62487101554870605 0.41477245092391968 2.5499999523162842
      vertex 0.61103922128677368 0.43489199876785278 2.5499999523162842
      vertex 0.61103922128677368 0.43489199876785278 4.0500001907348633
    endloop
  endfacet
  facet normal 0.82404947456816369 0.56651784037568809 0
    outer loop
      vertex 0.62487101554870605 0.41477245092391968 2.5499999523162842
      vertex 0.61103922128677368 0.43489199876785278 4.0500001907348633
      vertex 0.62487101554870605 0.41477245092391968 4.0500001907348633
    endloop
  endfacet
  facet normal 0.80517289734708308 0.59304013808316858 -0
    outer loop
      vertex 0.61103922128677368 0.43489199876785278 2.5499999523162842
      vertex 0.59655988216400146 0.45455065369606018 2.5499999523162842
      vertex 0.59655988216400146 0.45455065369606018 4.0500001907348633
    endloop
  endfacet
  facet normal 0.80517289734708319 0.59304013808316869 0
    outer loop
      vertex 0.61103922128677368 0.43489199876785278 2.5499999523162842
      vertex 0.59655988216400146 0.45455065369606018 4.0500001907348633
      vertex 0.61103922128677368 0.43489199876785278 4.0500001907348633
    endloop
  endfacet
  facet normal 0.78544250967035378 0.61893462013587186 -0
    outer loop
      vertex 0.59655988216400146 0.45455065369606018 2.5499999523162842
      vertex 0.58144831657409668 0.47372758388519287 2.5499999523162842
      vertex 0.58144831657409668 0.47372758388519287 4.0500001907348633
    endloop
  endfacet
  facet normal 0.78544250967035378 0.61893462013587186 0
    outer loop
      vertex 0.59655988216400146 0.45455065369606018 2.5499999523162842
      vertex 0.58144831657409668 0.47372758388519287 4.0500001907348633
      vertex 0.59655988216400146 0.45455065369606018 4.0500001907348633
    endloop
  endfacet
  facet normal 0.76488175963278526 0.64417070236161333 -0
    outer loop
      vertex 0.58144831657409668 0.47372758388519287 2.5499999523162842
      vertex 0.56572061777114868 0.49240249395370483 2.5499999523162842
      vertex 0.56572061777114868 0.49240249395370483 4.0500001907348633
    endloop
  endfacet
  facet normal 0.76488175963278526 0.64417070236161333 0
    outer loop
      vertex 0.58144831657409668 0.47372758388519287 2.5499999523162842
      vertex 0.56572061777114868 0.49240249395370483 4.0500001907348633
      vertex 0.58144831657409668 0.47372758388519287 4.0500001907348633
    endloop
  endfacet
  facet normal 0.74350678197961495 0.66872839415589147 -0
    outer loop
      vertex 0.56572061777114868 0.49240249395370483 2.5499999523162842
      vertex 0.54939329624176025 0.51055556535720825 2.5499999523162842
      vertex 0.54939329624176025 0.51055556535720825 4.0500001907348633
    endloop
  endfacet
  facet normal 0.74350678197961495 0.66872839415589147 0
    outer loop
      vertex 0.56572061777114868 0.49240249395370483 2.5499999523162842
      vertex 0.54939329624176025 0.51055556535720825 4.0500001907348633
      vertex 0.56572061777114868 0.49240249395370483 4.0500001907348633
    endloop
  endfacet
  facet normal 0.72134682843797149 0.6925740055058951 -0
    outer loop
      vertex 0.54939329624176025 0.51055556535720825 2.5499999523162842
      vertex 0.53248381614685059 0.52816754579544067 2.5499999523162842
      vertex 0.53248381614685059 0.52816754579544067 4.0500001907348633
    endloop
  endfacet
  facet normal 0.72134682843797149 0.6925740055058951 0
    outer loop
      vertex 0.54939329624176025 0.51055556535720825 2.5499999523162842
      vertex 0.53248381614685059 0.52816754579544067 4.0500001907348633
      vertex 0.54939329624176025 0.51055556535720825 4.0500001907348633
    endloop
  endfacet
  facet normal 0.6984217714802885 0.71568640417597384 -0
    outer loop
      vertex 0.53248381614685059 0.52816754579544067 2.5499999523162842
      vertex 0.51500999927520752 0.54521983861923218 2.5499999523162842
      vertex 0.51500999927520752 0.54521983861923218 4.0500001907348633
    endloop
  endfacet
  facet normal 0.6984217714802885 0.71568640417597384 0
    outer loop
      vertex 0.53248381614685059 0.52816754579544067 2.5499999523162842
      vertex 0.51500999927520752 0.54521983861923218 4.0500001907348633
      vertex 0.53248381614685059 0.52816754579544067 4.0500001907348633
    endloop
  endfacet
  facet normal 0.67475719392278177 0.73803978839182738 -0
    outer loop
      vertex 0.51500999927520752 0.54521983861923218 2.5499999523162842
      vertex 0.49699044227600098 0.56169432401657104 2.5499999523162842
      vertex 0.49699044227600098 0.56169432401657104 4.0500001907348633
    endloop
  endfacet
  facet normal 0.67475719392278177 0.73803978839182738 0
    outer loop
      vertex 0.51500999927520752 0.54521983861923218 2.5499999523162842
      vertex 0.49699044227600098 0.56169432401657104 4.0500001907348633
      vertex 0.51500999927520752 0.54521983861923218 4.0500001907348633
    endloop
  endfacet
  facet normal 0.65037571475633082 0.75961268397466342 -0
    outer loop
      vertex 0.49699044227600098 0.56169432401657104 2.5499999523162842
      vertex 0.47844415903091431 0.57757353782653809 2.5499999523162842
      vertex 0.47844415903091431 0.57757353782653809 4.0500001907348633
    endloop
  endfacet
  facet normal 0.65037571475633082 0.75961268397466342 0
    outer loop
      vertex 0.49699044227600098 0.56169432401657104 2.5499999523162842
      vertex 0.47844415903091431 0.57757353782653809 4.0500001907348633
      vertex 0.49699044227600098 0.56169432401657104 4.0500001907348633
    endloop
  endfacet
  facet normal 0.62530636384395155 0.78037936373039474 -0
    outer loop
      vertex 0.47844415903091431 0.57757353782653809 2.5499999523162842
      vertex 0.45939084887504578 0.59284067153930664 2.5499999523162842
      vertex 0.45939084887504578 0.59284067153930664 4.0500001907348633
    endloop
  endfacet
  facet normal 0.62530636384395155 0.78037936373039474 0
    outer loop
      vertex 0.47844415903091431 0.57757353782653809 2.5499999523162842
      vertex 0.45939084887504578 0.59284067153930664 4.0500001907348633
      vertex 0.47844415903091431 0.57757353782653809 4.0500001907348633
    endloop
  endfacet
  facet normal 0.59957318085012523 0.80031993652867528 -0
    outer loop
      vertex 0.45939084887504578 0.59284067153930664 2.5499999523162842
      vertex 0.43985068798065186 0.6074795126914978 2.5499999523162842
      vertex 0.43985068798065186 0.6074795126914978 4.0500001907348633
    endloop
  endfacet
  facet normal 0.59957318085012523 0.80031993652867528 0
    outer loop
      vertex 0.45939084887504578 0.59284067153930664 2.5499999523162842
      vertex 0.43985068798065186 0.6074795126914978 4.0500001907348633
      vertex 0.45939084887504578 0.59284067153930664 4.0500001907348633
    endloop
  endfacet
  facet normal 0.57320672086012558 0.81941079756174917 -0
    outer loop
      vertex 0.43985068798065186 0.6074795126914978 2.5499999523162842
      vertex 0.41984438896179199 0.62147462368011475 2.5499999523162842
      vertex 0.41984438896179199 0.62147462368011475 4.0500001907348633
    endloop
  endfacet
  facet normal 0.57320672086012558 0.81941079756174917 0
    outer loop
      vertex 0.43985068798065186 0.6074795126914978 2.5499999523162842
      vertex 0.41984438896179199 0.62147462368011475 4.0500001907348633
      vertex 0.43985068798065186 0.6074795126914978 4.0500001907348633
    endloop
  endfacet
  facet normal 0.54622954041123084 0.83763553481340292 -0
    outer loop
      vertex 0.41984438896179199 0.62147462368011475 2.5499999523162842
      vertex 0.39939317107200623 0.63481104373931885 2.5499999523162842
      vertex 0.39939317107200623 0.63481104373931885 4.0500001907348633
    endloop
  endfacet
  facet normal 0.54622954041123084 0.83763553481340292 0
    outer loop
      vertex 0.41984438896179199 0.62147462368011475 2.5499999523162842
      vertex 0.39939317107200623 0.63481104373931885 4.0500001907348633
      vertex 0.41984438896179199 0.62147462368011475 4.0500001907348633
    endloop
  endfacet
  facet normal 0.51867639502886731 0.85497064115667643 -0
    outer loop
      vertex 0.39939317107200623 0.63481104373931885 2.5499999523162842
      vertex 0.37851867079734802 0.64747476577758789 2.5499999523162842
      vertex 0.37851867079734802 0.64747476577758789 4.0500001907348633
    endloop
  endfacet
  facet normal 0.51867639502886731 0.85497064115667643 0
    outer loop
      vertex 0.39939317107200623 0.63481104373931885 2.5499999523162842
      vertex 0.37851867079734802 0.64747476577758789 4.0500001907348633
      vertex 0.39939317107200623 0.63481104373931885 4.0500001907348633
    endloop
  endfacet
  facet normal 0.49057305323128919 0.87140006853530305 -0
    outer loop
      vertex 0.37851867079734802 0.64747476577758789 2.5499999523162842
      vertex 0.35724306106567383 0.65945231914520264 2.5499999523162842
      vertex 0.35724306106567383 0.65945231914520264 4.0500001907348633
    endloop
  endfacet
  facet normal 0.49057305323128914 0.87140006853530294 0
    outer loop
      vertex 0.37851867079734802 0.64747476577758789 2.5499999523162842
      vertex 0.35724306106567383 0.65945231914520264 4.0500001907348633
      vertex 0.37851867079734802 0.64747476577758789 4.0500001907348633
    endloop
  endfacet
  facet normal 0.46195084166278211 0.88690553041857134 -0
    outer loop
      vertex 0.35724306106567383 0.65945231914520264 2.5499999523162842
      vertex 0.33558884263038635 0.6707310676574707 2.5499999523162842
      vertex 0.33558884263038635 0.6707310676574707 4.0500001907348633
    endloop
  endfacet
  facet normal 0.46195084166278216 0.88690553041857145 0
    outer loop
      vertex 0.35724306106567383 0.65945231914520264 2.5499999523162842
      vertex 0.33558884263038635 0.6707310676574707 4.0500001907348633
      vertex 0.35724306106567383 0.65945231914520264 4.0500001907348633
    endloop
  endfacet
  facet normal 0.43283479490139187 0.90147326101369762 -0
    outer loop
      vertex 0.33558884263038635 0.6707310676574707 2.5499999523162842
      vertex 0.31357899308204651 0.68129891157150269 2.5499999523162842
      vertex 0.31357899308204651 0.68129891157150269 4.0500001907348633
    endloop
  endfacet
  facet normal 0.43283479490139187 0.90147326101369762 0
    outer loop
      vertex 0.33558884263038635 0.6707310676574707 2.5499999523162842
      vertex 0.31357899308204651 0.68129891157150269 4.0500001907348633
      vertex 0.33558884263038635 0.6707310676574707 4.0500001907348633
    endloop
  endfacet
  facet normal 0.40326341264331872 0.91508394151753336 -0
    outer loop
      vertex 0.31357899308204651 0.68129891157150269 2.5499999523162842
      vertex 0.29123681783676147 0.69114476442337036 2.5499999523162842
      vertex 0.29123681783676147 0.69114476442337036 4.0500001907348633
    endloop
  endfacet
  facet normal 0.40326341264331872 0.91508394151753336 0
    outer loop
      vertex 0.31357899308204651 0.68129891157150269 2.5499999523162842
      vertex 0.29123681783676147 0.69114476442337036 4.0500001907348633
      vertex 0.31357899308204651 0.68129891157150269 4.0500001907348633
    endloop
  endfacet
  facet normal 0.37326506567168655 0.92772473867473826 -0
    outer loop
      vertex 0.29123681783676147 0.69114476442337036 2.5499999523162842
      vertex 0.26858600974082947 0.70025819540023804 2.5499999523162842
      vertex 0.26858600974082947 0.70025819540023804 4.0500001907348633
    endloop
  endfacet
  facet normal 0.37326506567168655 0.92772473867473826 0
    outer loop
      vertex 0.29123681783676147 0.69114476442337036 2.5499999523162842
      vertex 0.26858600974082947 0.70025819540023804 4.0500001907348633
      vertex 0.29123681783676147 0.69114476442337036 4.0500001907348633
    endloop
  endfacet
  facet normal 0.34287087764002389 0.93938254255993048 -0
    outer loop
      vertex 0.26858600974082947 0.70025819540023804 2.5499999523162842
      vertex 0.24565054476261139 0.7086295485496521 2.5499999523162842
      vertex 0.24565054476261139 0.7086295485496521 4.0500001907348633
    endloop
  endfacet
  facet normal 0.34287087764002389 0.93938254255993048 0
    outer loop
      vertex 0.26858600974082947 0.70025819540023804 2.5499999523162842
      vertex 0.24565054476261139 0.7086295485496521 4.0500001907348633
      vertex 0.26858600974082947 0.70025819540023804 4.0500001907348633
    endloop
  endfacet
  facet normal 0.31211119601927817 0.95004557854842708 -0
    outer loop
      vertex 0.24565054476261139 0.7086295485496521 2.5499999523162842
      vertex 0.22245475649833679 0.71624988317489624 2.5499999523162842
      vertex 0.22245475649833679 0.71624988317489624 4.0500001907348633
    endloop
  endfacet
  facet normal 0.31211119601927817 0.95004557854842708 0
    outer loop
      vertex 0.24565054476261139 0.7086295485496521 2.5499999523162842
      vertex 0.22245475649833679 0.71624988317489624 4.0500001907348633
      vertex 0.24565054476261139 0.7086295485496521 4.0500001907348633
    endloop
  endfacet
  facet normal 0.28102182303387713 0.95970137802272448 -0
    outer loop
      vertex 0.22245475649833679 0.71624988317489624 2.5499999523162842
      vertex 0.19902323186397552 0.72311115264892578 2.5499999523162842
      vertex 0.19902323186397552 0.72311115264892578 4.0500001907348633
    endloop
  endfacet
  facet normal 0.28102182303387713 0.95970137802272448 0
    outer loop
      vertex 0.22245475649833679 0.71624988317489624 2.5499999523162842
      vertex 0.19902323186397552 0.72311115264892578 4.0500001907348633
      vertex 0.22245475649833679 0.71624988317489624 4.0500001907348633
    endloop
  endfacet
  facet normal 0.24963664973035393 0.96833958047340207 -0
    outer loop
      vertex 0.19902323186397552 0.72311115264892578 2.5499999523162842
      vertex 0.17538078129291534 0.7292061448097229 2.5499999523162842
      vertex 0.17538078129291534 0.7292061448097229 4.0500001907348633
    endloop
  endfacet
  facet normal 0.24963664973035393 0.96833958047340207 0
    outer loop
      vertex 0.19902323186397552 0.72311115264892578 2.5499999523162842
      vertex 0.17538078129291534 0.7292061448097229 4.0500001907348633
      vertex 0.19902323186397552 0.72311115264892578 4.0500001907348633
    endloop
  endfacet
  facet normal 0.21798327932257577 0.97595250393437472 -0
    outer loop
      vertex 0.17538078129291534 0.7292061448097229 2.5499999523162842
      vertex 0.1515524685382843 0.7345283031463623 2.5499999523162842
      vertex 0.1515524685382843 0.7345283031463623 4.0500001907348633
    endloop
  endfacet
  facet normal 0.2179832793225758 0.97595250393437483 0
    outer loop
      vertex 0.17538078129291534 0.7292061448097229 2.5499999523162842
      vertex 0.1515524685382843 0.7345283031463623 4.0500001907348633
      vertex 0.17538078129291534 0.7292061448097229 4.0500001907348633
    endloop
  endfacet
  facet normal 0.18610271855303848 0.98253029375544876 -0
    outer loop
      vertex 0.1515524685382843 0.7345283031463623 2.5499999523162842
      vertex 0.12756355106830597 0.73907208442687988 2.5499999523162842
      vertex 0.12756355106830597 0.73907208442687988 4.0500001907348633
    endloop
  endfacet
  facet normal 0.18610271855303848 0.98253029375544876 0
    outer loop
      vertex 0.1515524685382843 0.7345283031463623 2.5499999523162842
      vertex 0.12756355106830597 0.73907208442687988 4.0500001907348633
      vertex 0.1515524685382843 0.7345283031463623 4.0500001907348633
    endloop
  endfacet
  facet normal 0.15402206953120992 0.98806740766879009 -0
    outer loop
      vertex 0.12756355106830597 0.73907208442687988 2.5499999523162842
      vertex 0.10343945026397705 0.74283260107040405 2.5499999523162842
      vertex 0.10343945026397705 0.74283260107040405 4.0500001907348633
    endloop
  endfacet
  facet normal 0.15402206953120992 0.98806740766879009 0
    outer loop
      vertex 0.12756355106830597 0.73907208442687988 2.5499999523162842
      vertex 0.10343945026397705 0.74283260107040405 4.0500001907348633
      vertex 0.12756355106830597 0.73907208442687988 4.0500001907348633
    endloop
  endfacet
  facet normal 0.12178022259641617 0.99255709023933092 -0
    outer loop
      vertex 0.10343945026397705 0.74283260107040405 2.5499999523162842
      vertex 0.079205729067325592 0.74580591917037964 2.5499999523162842
      vertex 0.079205729067325592 0.74580591917037964 4.0500001907348633
    endloop
  endfacet
  facet normal 0.12178022259641616 0.99255709023933081 0
    outer loop
      vertex 0.10343945026397705 0.74283260107040405 2.5499999523162842
      vertex 0.079205729067325592 0.74580591917037964 4.0500001907348633
      vertex 0.10343945026397705 0.74283260107040405 4.0500001907348633
    endloop
  endfacet
  facet normal 0.089406556398192297 0.99599521468379404 -0
    outer loop
      vertex 0.079205729067325592 0.74580591917037964 2.5499999523162842
      vertex 0.054888062179088593 0.74798882007598877 2.5499999523162842
      vertex 0.054888062179088593 0.74798882007598877 4.0500001907348633
    endloop
  endfacet
  facet normal 0.089406556398192297 0.99599521468379404 0
    outer loop
      vertex 0.079205729067325592 0.74580591917037964 2.5499999523162842
      vertex 0.054888062179088593 0.74798882007598877 4.0500001907348633
      vertex 0.079205729067325592 0.74580591917037964 4.0500001907348633
    endloop
  endfacet
  facet normal 0.056942571946573539 0.9983774554246051 -0
    outer loop
      vertex 0.054888062179088593 0.74798882007598877 2.5499999523162842
      vertex 0.030512230470776558 0.74937909841537476 2.5499999523162842
      vertex 0.030512230470776558 0.74937909841537476 4.0500001907348633
    endloop
  endfacet
  facet normal 0.056942571946573539 0.9983774554246051 0
    outer loop
      vertex 0.054888062179088593 0.74798882007598877 2.5499999523162842
      vertex 0.030512230470776558 0.74937909841537476 4.0500001907348633
      vertex 0.054888062179088593 0.74798882007598877 4.0500001907348633
    endloop
  endfacet
  facet normal 0.024412681219748867 0.99970196608572448 -0
    outer loop
      vertex 0.030512230470776558 0.74937909841537476 2.5499999523162842
      vertex 0.0061040632426738739 0.74997514486312866 2.5499999523162842
      vertex 0.0061040632426738739 0.74997514486312866 4.0500001907348633
    endloop
  endfacet
  facet normal 0.024412681219748867 0.99970196608572448 0
    outer loop
      vertex 0.030512230470776558 0.74937909841537476 2.5499999523162842
      vertex 0.0061040632426738739 0.74997514486312866 4.0500001907348633
      vertex 0.030512230470776558 0.74937909841537476 4.0500001907348633
    endloop
  endfacet
  facet normal -0.0081391875629515109 0.9999668762643168 0
    outer loop
      vertex 0.0061040632426738739 0.74997514486312866 2.5499999523162842
      vertex -0.018310572952032089 0.74977642297744751 2.5499999523162842
      vertex -0.018310572952032089 0.74977642297744751 4.0500001907348633
    endloop
  endfacet
  facet normal -0.0081391875629515109 0.9999668762643168 0
    outer loop
      vertex 0.0061040632426738739 0.74997514486312866 2.5499999523162842
      vertex -0.018310572952032089 0.74977642297744751 4.0500001907348633
      vertex 0.0061040632426738739 0.74997514486312866 4.0500001907348633
    endloop
  endfacet
  facet normal -0.040681293569006162 0.99917217352844256 -0
    outer loop
      vertex -0.018310572952032089 0.74977642297744751 2.5499999523162842
      vertex -0.042705804109573364 0.7487831711769104 2.5499999523162842
      vertex -0.042705804109573364 0.7487831711769104 4.0500001907348633
    endloop
  endfacet
  facet normal -0.040681293569006155 0.99917217352844234 0
    outer loop
      vertex -0.018310572952032089 0.74977642297744751 2.5499999523162842
      vertex -0.042705804109573364 0.7487831711769104 4.0500001907348633
      vertex -0.018310572952032089 0.74977642297744751 4.0500001907348633
    endloop
  endfacet
  facet normal -0.07318433443809079 0.99731843119078767 0
    outer loop
      vertex -0.042705804109573364 0.7487831711769104 2.5499999523162842
      vertex -0.067055776715278625 0.74699634313583374 2.5499999523162842
      vertex -0.067055776715278625 0.74699634313583374 4.0500001907348633
    endloop
  endfacet
  facet normal -0.07318433443809079 0.99731843119078767 0
    outer loop
      vertex -0.042705804109573364 0.7487831711769104 2.5499999523162842
      vertex -0.067055776715278625 0.74699634313583374 4.0500001907348633
      vertex -0.042705804109573364 0.7487831711769104 4.0500001907348633
    endloop
  endfacet
  facet normal -0.10560683000739862 0.99440796329061465 -0
    outer loop
      vertex -0.067055776715278625 0.74699634313583374 2.5499999523162842
      vertex -0.091334685683250427 0.74441790580749512 2.5499999523162842
      vertex -0.091334685683250427 0.74441790580749512 4.0500001907348633
    endloop
  endfacet
  facet normal -0.10560683000739862 0.99440796329061465 0
    outer loop
      vertex -0.067055776715278625 0.74699634313583374 2.5499999523162842
      vertex -0.091334685683250427 0.74441790580749512 4.0500001907348633
      vertex -0.067055776715278625 0.74699634313583374 4.0500001907348633
    endloop
  endfacet
  facet normal -0.1379194311905354 0.99044345143984824 -0
    outer loop
      vertex -0.091334685683250427 0.74441790580749512 2.5499999523162842
      vertex -0.11551680415868759 0.74105054140090942 2.5499999523162842
      vertex -0.11551680415868759 0.74105054140090942 4.0500001907348633
    endloop
  endfacet
  facet normal -0.13791943119053537 0.99044345143984824 0
    outer loop
      vertex -0.091334685683250427 0.74441790580749512 2.5499999523162842
      vertex -0.11551680415868759 0.74105054140090942 4.0500001907348633
      vertex -0.091334685683250427 0.74441790580749512 4.0500001907348633
    endloop
  endfacet
  facet normal -0.17008550994341198 0.98542930710796772 -0
    outer loop
      vertex -0.11551680415868759 0.74105054140090942 2.5499999523162842
      vertex -0.1395765095949173 0.73689782619476318 2.5499999523162842
      vertex -0.1395765095949173 0.73689782619476318 4.0500001907348633
    endloop
  endfacet
  facet normal -0.17008550994341198 0.98542930710796772 0
    outer loop
      vertex -0.11551680415868759 0.74105054140090942 2.5499999523162842
      vertex -0.1395765095949173 0.73689782619476318 4.0500001907348633
      vertex -0.11551680415868759 0.74105054140090942 4.0500001907348633
    endloop
  endfacet
  facet normal -0.20207108645559282 0.97937085724390249 -0
    outer loop
      vertex -0.1395765095949173 0.73689782619476318 2.5499999523162842
      vertex -0.16348828375339508 0.73196417093276978 2.5499999523162842
      vertex -0.16348828375339508 0.73196417093276978 4.0500001907348633
    endloop
  endfacet
  facet normal -0.20207108645559282 0.97937085724390249 0
    outer loop
      vertex -0.1395765095949173 0.73689782619476318 2.5499999523162842
      vertex -0.16348828375339508 0.73196417093276978 4.0500001907348633
      vertex -0.1395765095949173 0.73689782619476318 4.0500001907348633
    endloop
  endfacet
  facet normal -0.23383943522006792 0.97227522777038788 -0
    outer loop
      vertex -0.16348828375339508 0.73196417093276978 2.5499999523162842
      vertex -0.187226802110672 0.72625488042831421 2.5499999523162842
      vertex -0.187226802110672 0.72625488042831421 4.0500001907348633
    endloop
  endfacet
  facet normal -0.23383943522006792 0.97227522777038788 0
    outer loop
      vertex -0.16348828375339508 0.73196417093276978 2.5499999523162842
      vertex -0.187226802110672 0.72625488042831421 4.0500001907348633
      vertex -0.16348828375339508 0.73196417093276978 4.0500001907348633
    endloop
  endfacet
  facet normal -0.26536570795898851 0.96414783152762673 -0
    outer loop
      vertex -0.187226802110672 0.72625488042831421 2.5499999523162842
      vertex -0.21076691150665283 0.71977585554122925 2.5499999523162842
      vertex -0.21076691150665283 0.71977585554122925 4.0500001907348633
    endloop
  endfacet
  facet normal -0.26536570795898851 0.96414783152762673 0
    outer loop
      vertex -0.187226802110672 0.72625488042831421 2.5499999523162842
      vertex -0.21076691150665283 0.71977585554122925 4.0500001907348633
      vertex -0.187226802110672 0.72625488042831421 4.0500001907348633
    endloop
  endfacet
  facet normal -0.29660658780374433 0.95499975501118295 -0
    outer loop
      vertex -0.21076691150665283 0.71977585554122925 2.5499999523162842
      vertex -0.23408366739749908 0.71253407001495361 2.5499999523162842
      vertex -0.23408366739749908 0.71253407001495361 4.0500001907348633
    endloop
  endfacet
  facet normal -0.29660658780374433 0.95499975501118295 0
    outer loop
      vertex -0.21076691150665283 0.71977585554122925 2.5499999523162842
      vertex -0.23408366739749908 0.71253407001495361 4.0500001907348633
      vertex -0.21076691150665283 0.71977585554122925 4.0500001907348633
    endloop
  endfacet
  facet normal -0.32753276907034873 0.94483981985578347 -0
    outer loop
      vertex -0.23408366739749908 0.71253407001495361 2.5499999523162842
      vertex -0.25715234875679016 0.70453721284866333 2.5499999523162842
      vertex -0.25715234875679016 0.70453721284866333 4.0500001907348633
    endloop
  endfacet
  facet normal -0.32753276907034873 0.94483981985578347 0
    outer loop
      vertex -0.23408366739749908 0.71253407001495361 2.5499999523162842
      vertex -0.25715234875679016 0.70453721284866333 4.0500001907348633
      vertex -0.23408366739749908 0.71253407001495361 4.0500001907348633
    endloop
  endfacet
  facet normal -0.3581145150685881 0.93367767141406444 -0
    outer loop
      vertex -0.25715234875679016 0.70453721284866333 2.5499999523162842
      vertex -0.27994850277900696 0.69579368829727173 2.5499999523162842
      vertex -0.27994850277900696 0.69579368829727173 4.0500001907348633
    endloop
  endfacet
  facet normal -0.3581145150685881 0.93367767141406444 0
    outer loop
      vertex -0.25715234875679016 0.70453721284866333 2.5499999523162842
      vertex -0.27994850277900696 0.69579368829727173 4.0500001907348633
      vertex -0.25715234875679016 0.70453721284866333 4.0500001907348633
    endloop
  endfacet
  facet normal -0.38831553525607643 0.92152647551700162 -0
    outer loop
      vertex -0.27994850277900696 0.69579368829727173 2.5499999523162842
      vertex -0.30244797468185425 0.68631279468536377 2.5499999523162842
      vertex -0.30244797468185425 0.68631279468536377 4.0500001907348633
    endloop
  endfacet
  facet normal -0.38831553525607637 0.92152647551700162 0
    outer loop
      vertex -0.27994850277900696 0.69579368829727173 2.5499999523162842
      vertex -0.30244797468185425 0.68631279468536377 4.0500001907348633
      vertex -0.27994850277900696 0.69579368829727173 4.0500001907348633
    endloop
  endfacet
  facet normal -0.41810616241914111 0.90839817092899244 -0
    outer loop
      vertex -0.30244797468185425 0.68631279468536377 2.5499999523162842
      vertex -0.32462692260742188 0.67610454559326172 2.5499999523162842
      vertex -0.32462692260742188 0.67610454559326172 4.0500001907348633
    endloop
  endfacet
  facet normal -0.41810616241914111 0.90839817092899244 0
    outer loop
      vertex -0.30244797468185425 0.68631279468536377 2.5499999523162842
      vertex -0.32462692260742188 0.67610454559326172 4.0500001907348633
      vertex -0.30244797468185425 0.68631279468536377 4.0500001907348633
    endloop
  endfacet
  facet normal -0.44745233538905482 0.8943077812223712 -0
    outer loop
      vertex -0.32462692260742188 0.67610454559326172 2.5499999523162842
      vertex -0.34646186232566833 0.6651797890663147 2.5499999523162842
      vertex -0.34646186232566833 0.6651797890663147 4.0500001907348633
    endloop
  endfacet
  facet normal -0.44745233538905482 0.8943077812223712 0
    outer loop
      vertex -0.32462692260742188 0.67610454559326172 2.5499999523162842
      vertex -0.34646186232566833 0.6651797890663147 4.0500001907348633
      vertex -0.32462692260742188 0.67610454559326172 4.0500001907348633
    endloop
  endfacet
  facet normal -0.47632365019099532 0.87927002693639378 0
    outer loop
      vertex -0.34646186232566833 0.6651797890663147 2.5499999523162842
      vertex -0.367929607629776 0.65355014801025391 2.5499999523162842
      vertex -0.367929607629776 0.65355014801025391 4.0500001907348633
    endloop
  endfacet
  facet normal -0.47632365019099532 0.87927002693639378 0
    outer loop
      vertex -0.34646186232566833 0.6651797890663147 2.5499999523162842
      vertex -0.367929607629776 0.65355014801025391 4.0500001907348633
      vertex -0.34646186232566833 0.6651797890663147 4.0500001907348633
    endloop
  endfacet
  facet normal -0.50469098906602761 0.86330006692664785 -0
    outer loop
      vertex -0.367929607629776 0.65355014801025391 2.5499999523162842
      vertex -0.38900744915008545 0.64122790098190308 2.5499999523162842
      vertex -0.38900744915008545 0.64122790098190308 4.0500001907348633
    endloop
  endfacet
  facet normal -0.50469098906602761 0.86330006692664785 0
    outer loop
      vertex -0.367929607629776 0.65355014801025391 2.5499999523162842
      vertex -0.38900744915008545 0.64122790098190308 4.0500001907348633
      vertex -0.367929607629776 0.65355014801025391 4.0500001907348633
    endloop
  endfacet
  facet normal -0.53252507494319212 0.84641422752500306 -0
    outer loop
      vertex -0.38900744915008545 0.64122790098190308 2.5499999523162842
      vertex -0.4096730649471283 0.62822604179382324 2.5499999523162842
      vertex -0.4096730649471283 0.62822604179382324 4.0500001907348633
    endloop
  endfacet
  facet normal -0.53252507494319212 0.84641422752500306 -1.4682946308883974e-18
    outer loop
      vertex -0.38900744915008545 0.64122790098190308 2.5499999523162842
      vertex -0.4096730649471283 0.62822604179382324 4.0500001907348633
      vertex -0.38900744915008545 0.64122790098190308 4.0500001907348633
    endloop
  endfacet
  facet normal -0.55979276736428796 0.82863264333879105 -0
    outer loop
      vertex -0.4096730649471283 0.62822604179382324 2.5499999523162842
      vertex -0.42990449070930481 0.61455845832824707 2.5499999523162842
      vertex -0.42990449070930481 0.61455845832824707 4.0500001907348633
    endloop
  endfacet
  facet normal -0.55979276736428796 0.82863264333879105 0
    outer loop
      vertex -0.4096730649471283 0.62822604179382324 2.5499999523162842
      vertex -0.42990449070930481 0.61455845832824707 4.0500001907348633
      vertex -0.4096730649471283 0.62822604179382324 4.0500001907348633
    endloop
  endfacet
  facet normal -0.58646654349897775 0.80997345225406103 -0
    outer loop
      vertex -0.42990449070930481 0.61455845832824707 2.5499999523162842
      vertex -0.44968032836914062 0.60023963451385498 2.5499999523162842
      vertex -0.44968032836914062 0.60023963451385498 4.0500001907348633
    endloop
  endfacet
  facet normal -0.58646654349897775 0.80997345225406103 0
    outer loop
      vertex -0.42990449070930481 0.61455845832824707 2.5499999523162842
      vertex -0.44968032836914062 0.60023963451385498 4.0500001907348633
      vertex -0.42990449070930481 0.61455845832824707 4.0500001907348633
    endloop
  endfacet
  facet normal -0.6125211992627132 0.79045416088079856 -0
    outer loop
      vertex -0.44968032836914062 0.60023963451385498 2.5499999523162842
      vertex -0.46897962689399719 0.58528465032577515 2.5499999523162842
      vertex -0.46897962689399719 0.58528465032577515 4.0500001907348633
    endloop
  endfacet
  facet normal -0.6125211992627132 0.79045416088079856 0
    outer loop
      vertex -0.44968032836914062 0.60023963451385498 2.5499999523162842
      vertex -0.46897962689399719 0.58528465032577515 4.0500001907348633
      vertex -0.44968032836914062 0.60023963451385498 4.0500001907348633
    endloop
  endfacet
  facet normal -0.63792542635524185 0.77009814336192417 -0
    outer loop
      vertex -0.46897962689399719 0.58528465032577515 2.5499999523162842
      vertex -0.48778191208839417 0.5697094202041626 2.5499999523162842
      vertex -0.48778191208839417 0.5697094202041626 4.0500001907348633
    endloop
  endfacet
  facet normal -0.63792542635524185 0.77009814336192417 0
    outer loop
      vertex -0.46897962689399719 0.58528465032577515 2.5499999523162842
      vertex -0.48778191208839417 0.5697094202041626 4.0500001907348633
      vertex -0.46897962689399719 0.58528465032577515 4.0500001907348633
    endloop
  endfacet
  facet normal -0.66265454950835501 0.74892519520702394 -0
    outer loop
      vertex -0.48778191208839417 0.5697094202041626 2.5499999523162842
      vertex -0.50606727600097656 0.55353039503097534 2.5499999523162842
      vertex -0.50606727600097656 0.55353039503097534 4.0500001907348633
    endloop
  endfacet
  facet normal -0.66265454950835501 0.74892519520702394 0
    outer loop
      vertex -0.48778191208839417 0.5697094202041626 2.5499999523162842
      vertex -0.50606727600097656 0.55353039503097534 4.0500001907348633
      vertex -0.48778191208839417 0.5697094202041626 4.0500001907348633
    endloop
  endfacet
  facet normal -0.68667944509590828 0.72696034257913666 0
    outer loop
      vertex -0.50606727600097656 0.55353039503097534 2.5499999523162842
      vertex -0.52381634712219238 0.53676480054855347 2.5499999523162842
      vertex -0.52381634712219238 0.53676480054855347 4.0500001907348633
    endloop
  endfacet
  facet normal -0.68667944509590828 0.72696034257913666 0
    outer loop
      vertex -0.50606727600097656 0.55353039503097534 2.5499999523162842
      vertex -0.52381634712219238 0.53676480054855347 4.0500001907348633
      vertex -0.50606727600097656 0.55353039503097534 4.0500001907348633
    endloop
  endfacet
  facet normal -0.70997796691877646 0.70422388946263459 0
    outer loop
      vertex -0.52381634712219238 0.53676480054855347 2.5499999523162842
      vertex -0.54101026058197021 0.51943039894104004 2.5499999523162842
      vertex -0.54101026058197021 0.51943039894104004 4.0500001907348633
    endloop
  endfacet
  facet normal -0.70997796691877646 0.70422388946263459 0
    outer loop
      vertex -0.52381634712219238 0.53676480054855347 2.5499999523162842
      vertex -0.54101026058197021 0.51943039894104004 4.0500001907348633
      vertex -0.52381634712219238 0.53676480054855347 4.0500001907348633
    endloop
  endfacet
  facet normal -0.73252467418165379 0.68074048044395141 0
    outer loop
      vertex -0.54101026058197021 0.51943039894104004 2.5499999523162842
      vertex -0.55763083696365356 0.5015454888343811 2.5499999523162842
      vertex -0.55763083696365356 0.5015454888343811 4.0500001907348633
    endloop
  endfacet
  facet normal -0.73252467418165379 0.68074048044395141 0
    outer loop
      vertex -0.54101026058197021 0.51943039894104004 2.5499999523162842
      vertex -0.55763083696365356 0.5015454888343811 4.0500001907348633
      vertex -0.54101026058197021 0.51943039894104004 4.0500001907348633
    endloop
  endfacet
  facet normal -0.75429435361210317 0.65653638749798116 0
    outer loop
      vertex -0.55763083696365356 0.5015454888343811 2.5499999523162842
      vertex -0.57366049289703369 0.48312902450561523 2.5499999523162842
      vertex -0.57366049289703369 0.48312902450561523 4.0500001907348633
    endloop
  endfacet
  facet normal -0.75429435361210317 0.65653638749798116 0
    outer loop
      vertex -0.55763083696365356 0.5015454888343811 2.5499999523162842
      vertex -0.57366049289703369 0.48312902450561523 4.0500001907348633
      vertex -0.55763083696365356 0.5015454888343811 4.0500001907348633
    endloop
  endfacet
  facet normal -0.77526425174528102 0.63163703181956443 0
    outer loop
      vertex -0.57366049289703369 0.48312902450561523 2.5499999523162842
      vertex -0.58908218145370483 0.46420061588287354 2.5499999523162842
      vertex -0.58908218145370483 0.46420061588287354 4.0500001907348633
    endloop
  endfacet
  facet normal -0.77526425174528102 0.63163703181956443 0
    outer loop
      vertex -0.57366049289703369 0.48312902450561523 2.5499999523162842
      vertex -0.58908218145370483 0.46420061588287354 4.0500001907348633
      vertex -0.57366049289703369 0.48312902450561523 4.0500001907348633
    endloop
  endfacet
  facet normal -0.79541384274188687 0.60606667848891438 0
    outer loop
      vertex -0.58908218145370483 0.46420061588287354 2.5499999523162842
      vertex -0.60387957096099854 0.44478023052215576 2.5499999523162842
      vertex -0.60387957096099854 0.44478023052215576 4.0500001907348633
    endloop
  endfacet
  facet normal -0.79541384274188687 0.60606667848891438 0
    outer loop
      vertex -0.58908218145370483 0.46420061588287354 2.5499999523162842
      vertex -0.60387957096099854 0.44478023052215576 4.0500001907348633
      vertex -0.58908218145370483 0.46420061588287354 4.0500001907348633
    endloop
  endfacet
  facet normal -0.81471928081834843 0.57985557983245539 0
    outer loop
      vertex -0.60387957096099854 0.44478023052215576 2.5499999523162842
      vertex -0.61803698539733887 0.42488852143287659 2.5499999523162842
      vertex -0.61803698539733887 0.42488852143287659 4.0500001907348633
    endloop
  endfacet
  facet normal -0.81471928081834843 0.57985557983245539 0
    outer loop
      vertex -0.60387957096099854 0.44478023052215576 2.5499999523162842
      vertex -0.61803698539733887 0.42488852143287659 4.0500001907348633
      vertex -0.60387957096099854 0.44478023052215576 4.0500001907348633
    endloop
  endfacet
  facet normal -0.83316146174283434 0.55302981715866251 0
    outer loop
      vertex -0.61803698539733887 0.42488852143287659 2.5499999523162842
      vertex -0.63153946399688721 0.40454649925231934 2.5499999523162842
      vertex -0.63153946399688721 0.40454649925231934 4.0500001907348633
    endloop
  endfacet
  facet normal -0.83316146174283434 0.55302981715866251 0
    outer loop
      vertex -0.61803698539733887 0.42488852143287659 2.5499999523162842
      vertex -0.63153946399688721 0.40454649925231934 4.0500001907348633
      vertex -0.61803698539733887 0.42488852143287659 4.0500001907348633
    endloop
  endfacet
  facet normal -0.85072001271762521 0.52561912062036309 0
    outer loop
      vertex -0.63153946399688721 0.40454649925231934 2.5499999523162842
      vertex -0.64437270164489746 0.38377577066421509 2.5499999523162842
      vertex -0.64437270164489746 0.38377577066421509 4.0500001907348633
    endloop
  endfacet
  facet normal -0.85072001271762521 0.52561912062036309 0
    outer loop
      vertex -0.63153946399688721 0.40454649925231934 2.5499999523162842
      vertex -0.64437270164489746 0.38377577066421509 4.0500001907348633
      vertex -0.63153946399688721 0.40454649925231934 4.0500001907348633
    endloop
  endfacet
  facet normal -0.86737889568585014 0.49764832092432032 0
    outer loop
      vertex -0.64437270164489746 0.38377577066421509 2.5499999523162842
      vertex -0.65652298927307129 0.36259835958480835 2.5499999523162842
      vertex -0.65652298927307129 0.36259835958480835 4.0500001907348633
    endloop
  endfacet
  facet normal -0.86737889568585014 0.49764832092432032 0
    outer loop
      vertex -0.64437270164489746 0.38377577066421509 2.5499999523162842
      vertex -0.65652298927307129 0.36259835958480835 4.0500001907348633
      vertex -0.64437270164489746 0.38377577066421509 4.0500001907348633
    endloop
  endfacet
  facet normal -0.88311703119291052 0.46915275680424162 0
    outer loop
      vertex -0.65652298927307129 0.36259835958480835 2.5499999523162842
      vertex -0.66797757148742676 0.34103664755821228 2.5499999523162842
      vertex -0.66797757148742676 0.34103664755821228 4.0500001907348633
    endloop
  endfacet
  facet normal -0.88311703119291052 0.46915275680424162 0
    outer loop
      vertex -0.65652298927307129 0.36259835958480835 2.5499999523162842
      vertex -0.66797757148742676 0.34103664755821228 4.0500001907348633
      vertex -0.65652298927307129 0.36259835958480835 4.0500001907348633
    endloop
  endfacet
  facet normal -0.89792026867793406 0.44015814328187408 0
    outer loop
      vertex -0.66797757148742676 0.34103664755821228 2.5499999523162842
      vertex -0.67872422933578491 0.31911352276802063 2.5499999523162842
      vertex -0.67872422933578491 0.31911352276802063 4.0500001907348633
    endloop
  endfacet
  facet normal -0.89792026867793406 0.44015814328187408 0
    outer loop
      vertex -0.66797757148742676 0.34103664755821228 2.5499999523162842
      vertex -0.67872422933578491 0.31911352276802063 4.0500001907348633
      vertex -0.66797757148742676 0.34103664755821228 4.0500001907348633
    endloop
  endfacet
  facet normal -0.91177173269857126 0.41069734288383886 0
    outer loop
      vertex -0.67872422933578491 0.31911352276802063 2.5499999523162842
      vertex -0.68875157833099365 0.2968522310256958 2.5499999523162842
      vertex -0.68875157833099365 0.2968522310256958 4.0500001907348633
    endloop
  endfacet
  facet normal -0.91177173269857126 0.41069734288383886 0
    outer loop
      vertex -0.67872422933578491 0.31911352276802063 2.5499999523162842
      vertex -0.68875157833099365 0.2968522310256958 4.0500001907348633
      vertex -0.67872422933578491 0.31911352276802063 4.0500001907348633
    endloop
  endfacet
  facet normal -0.92465610387596608 0.38080321632690917 0
    outer loop
      vertex -0.68875157833099365 0.2968522310256958 2.5499999523162842
      vertex -0.69804906845092773 0.27427631616592407 2.5499999523162842
      vertex -0.69804906845092773 0.27427631616592407 4.0500001907348633
    endloop
  endfacet
  facet normal -0.92465610387596608 0.38080321632690917 0
    outer loop
      vertex -0.68875157833099365 0.2968522310256958 2.5499999523162842
      vertex -0.69804906845092773 0.27427631616592407 4.0500001907348633
      vertex -0.68875157833099365 0.2968522310256958 4.0500001907348633
    endloop
  endfacet
  facet normal -0.93656162843042168 0.35050294742235333 0
    outer loop
      vertex -0.69804906845092773 0.27427631616592407 2.5499999523162842
      vertex -0.70660674571990967 0.25140976905822754 2.5499999523162842
      vertex -0.70660674571990967 0.25140976905822754 4.0500001907348633
    endloop
  endfacet
  facet normal -0.93656162843042168 0.35050294742235333 0
    outer loop
      vertex -0.69804906845092773 0.27427631616592407 2.5499999523162842
      vertex -0.70660674571990967 0.25140976905822754 4.0500001907348633
      vertex -0.69804906845092773 0.27427631616592407 4.0500001907348633
    endloop
  endfacet
  facet normal -0.94747319140074948 0.31983519439998864 0
    outer loop
      vertex -0.70660674571990967 0.25140976905822754 2.5499999523162842
      vertex -0.71441566944122314 0.22827677428722382 2.5499999523162842
      vertex -0.71441566944122314 0.22827677428722382 4.0500001907348633
    endloop
  endfacet
  facet normal -0.94747319140074948 0.31983519439998864 0
    outer loop
      vertex -0.70660674571990967 0.25140976905822754 2.5499999523162842
      vertex -0.71441566944122314 0.22827677428722382 4.0500001907348633
      vertex -0.70660674571990967 0.25140976905822754 4.0500001907348633
    endloop
  endfacet
  facet normal -0.95738222521576233 0.28882395129371652 0
    outer loop
      vertex -0.71441566944122314 0.22827677428722382 2.5499999523162842
      vertex -0.72146743535995483 0.20490185916423798 2.5499999523162842
      vertex -0.72146743535995483 0.20490185916423798 4.0500001907348633
    endloop
  endfacet
  facet normal -0.95738222521576233 0.28882395129371652 0
    outer loop
      vertex -0.71441566944122314 0.22827677428722382 2.5499999523162842
      vertex -0.72146743535995483 0.20490185916423798 4.0500001907348633
      vertex -0.71441566944122314 0.22827677428722382 4.0500001907348633
    endloop
  endfacet
  facet normal -0.96627629703563256 0.25750751015670575 0
    outer loop
      vertex -0.72146743535995483 0.20490185916423798 2.5499999523162842
      vertex -0.72775459289550781 0.18130980432033539 2.5499999523162842
      vertex -0.72775459289550781 0.18130980432033539 4.0500001907348633
    endloop
  endfacet
  facet normal -0.96627629703563256 0.25750751015670575 0
    outer loop
      vertex -0.72146743535995483 0.20490185916423798 2.5499999523162842
      vertex -0.72775459289550781 0.18130980432033539 4.0500001907348633
      vertex -0.72146743535995483 0.20490185916423798 4.0500001907348633
    endloop
  endfacet
  facet normal -0.97414589865907975 0.2259198267653684 0
    outer loop
      vertex -0.72775459289550781 0.18130980432033539 2.5499999523162842
      vertex -0.73327052593231201 0.15752559900283813 2.5499999523162842
      vertex -0.73327052593231201 0.15752559900283813 4.0500001907348633
    endloop
  endfacet
  facet normal -0.97414589865907986 0.22591982676536843 0
    outer loop
      vertex -0.72775459289550781 0.18130980432033539 2.5499999523162842
      vertex -0.73327052593231201 0.15752559900283813 4.0500001907348633
      vertex -0.72775459289550781 0.18130980432033539 4.0500001907348633
    endloop
  endfacet
  facet normal -0.98098313567766604 0.19409298677699305 0
    outer loop
      vertex -0.73327052593231201 0.15752559900283813 2.5499999523162842
      vertex -0.73800939321517944 0.13357445597648621 2.5499999523162842
      vertex -0.73800939321517944 0.13357445597648621 4.0500001907348633
    endloop
  endfacet
  facet normal -0.98098313567766604 0.19409298677699302 0
    outer loop
      vertex -0.73327052593231201 0.15752559900283813 2.5499999523162842
      vertex -0.73800939321517944 0.13357445597648621 4.0500001907348633
      vertex -0.73327052593231201 0.15752559900283813 4.0500001907348633
    endloop
  endfacet
  facet normal -0.98678112461314949 0.16205866871971941 0
    outer loop
      vertex -0.73800939321517944 0.13357445597648621 2.5499999523162842
      vertex -0.7419661283493042 0.10948175191879272 2.5499999523162842
      vertex -0.7419661283493042 0.10948175191879272 4.0500001907348633
    endloop
  endfacet
  facet normal -0.98678112461314949 0.16205866871971941 0
    outer loop
      vertex -0.73800939321517944 0.13357445597648621 2.5499999523162842
      vertex -0.7419661283493042 0.10948175191879272 4.0500001907348633
      vertex -0.73800939321517944 0.13357445597648621 4.0500001907348633
    endloop
  endfacet
  facet normal -0.9915331877039939 0.12985352394739358 0
    outer loop
      vertex -0.7419661283493042 0.10948175191879272 2.5499999523162842
      vertex -0.745136559009552 0.085273034870624542 2.5499999523162842
      vertex -0.745136559009552 0.085273034870624542 4.0500001907348633
    endloop
  endfacet
  facet normal -0.9915331877039939 0.12985352394739358 0
    outer loop
      vertex -0.7419661283493042 0.10948175191879272 2.5499999523162842
      vertex -0.745136559009552 0.085273034870624542 4.0500001907348633
      vertex -0.7419661283493042 0.10948175191879272 4.0500001907348633
    endloop
  endfacet
  facet normal -0.99523439378359924 0.097511545112317521 0
    outer loop
      vertex -0.745136559009552 0.085273034870624542 2.5499999523162842
      vertex -0.74751734733581543 0.060973938554525375 2.5499999523162842
      vertex -0.74751734733581543 0.060973938554525375 4.0500001907348633
    endloop
  endfacet
  facet normal -0.99523439378359924 0.097511545112317521 0
    outer loop
      vertex -0.745136559009552 0.085273034870624542 2.5499999523162842
      vertex -0.74751734733581543 0.060973938554525375 4.0500001907348633
      vertex -0.745136559009552 0.085273034870624542 4.0500001907348633
    endloop
  endfacet
  facet normal -0.99788104869324412 0.065064680579184922 0
    outer loop
      vertex -0.74751734733581543 0.060973938554525375 2.5499999523162842
      vertex -0.74910593032836914 0.036610230803489685 2.5499999523162842
      vertex -0.74910593032836914 0.036610230803489685 4.0500001907348633
    endloop
  endfacet
  facet normal -0.99788104869324401 0.065064680579184922 0
    outer loop
      vertex -0.74751734733581543 0.060973938554525375 2.5499999523162842
      vertex -0.74910593032836914 0.036610230803489685 4.0500001907348633
      vertex -0.74751734733581543 0.060973938554525375 4.0500001907348633
    endloop
  endfacet
  facet normal -0.99947012706539251 0.032549425553888157 0
    outer loop
      vertex -0.74910593032836914 0.036610230803489685 2.5499999523162842
      vertex -0.74990063905715942 0.012207722291350365 2.5499999523162842
      vertex -0.74990063905715942 0.012207722291350365 4.0500001907348633
    endloop
  endfacet
  facet normal -0.99947012706539251 0.032549425553888157 0
    outer loop
      vertex -0.74910593032836914 0.036610230803489685 2.5499999523162842
      vertex -0.74990063905715942 0.012207722291350365 4.0500001907348633
      vertex -0.74910593032836914 0.036610230803489685 4.0500001907348633
    endloop
  endfacet
  facet normal -1 0 0
    outer loop
      vertex -0.74990063905715942 0.012207722291350365 2.5499999523162842
      vertex -0.74990063905715942 -0.012207722291350365 2.5499999523162842
      vertex -0.74990063905715942 -0.012207722291350365 4.0500001907348633
    endloop
  endfacet
  facet normal -1 -0 0
    outer loop
      vertex -0.74990063905715942 0.012207722291350365 2.5499999523162842
      vertex -0.74990063905715942 -0.012207722291350365 4.0500001907348633
      vertex -0.74990063905715942 0.012207722291350365 4.0500001907348633
    endloop
  endfacet
  facet normal -0.99947012706539251 -0.032549425553888157 0
    outer loop
      vertex -0.74990063905715942 -0.012207722291350365 2.5499999523162842
      vertex -0.74910593032836914 -0.036610230803489685 2.5499999523162842
      vertex -0.74910593032836914 -0.036610230803489685 4.0500001907348633
    endloop
  endfacet
  facet normal -0.99947012706539251 -0.032549425553888157 0
    outer loop
      vertex -0.74990063905715942 -0.012207722291350365 2.5499999523162842
      vertex -0.74910593032836914 -0.036610230803489685 4.0500001907348633
      vertex -0.74990063905715942 -0.012207722291350365 4.0500001907348633
    endloop
  endfacet
  facet normal -0.99788104869324412 -0.065064680579184922 0
    outer loop
      vertex -0.74910593032836914 -0.036610230803489685 2.5499999523162842
      vertex -0.74751734733581543 -0.060973938554525375 2.5499999523162842
      vertex -0.74751734733581543 -0.060973938554525375 4.0500001907348633
    endloop
  endfacet
  facet normal -0.99788104869324401 -0.065064680579184922 -0
    outer loop
      vertex -0.74910593032836914 -0.036610230803489685 2.5499999523162842
      vertex -0.74751734733581543 -0.060973938554525375 4.0500001907348633
      vertex -0.74910593032836914 -0.036610230803489685 4.0500001907348633
    endloop
  endfacet
  facet normal -0.99523439378359924 -0.097511545112317521 0
    outer loop
      vertex -0.74751734733581543 -0.060973938554525375 2.5499999523162842
      vertex -0.745136559009552 -0.085273034870624542 2.5499999523162842
      vertex -0.745136559009552 -0.085273034870624542 4.0500001907348633
    endloop
  endfacet
  facet normal -0.99523439378359924 -0.097511545112317521 0
    outer loop
      vertex -0.74751734733581543 -0.060973938554525375 2.5499999523162842
      vertex -0.745136559009552 -0.085273034870624542 4.0500001907348633
      vertex -0.74751734733581543 -0.060973938554525375 4.0500001907348633
    endloop
  endfacet
  facet normal -0.9915331877039939 -0.12985352394739358 0
    outer loop
      vertex -0.745136559009552 -0.085273034870624542 2.5499999523162842
      vertex -0.7419661283493042 -0.10948175191879272 2.5499999523162842
      vertex -0.7419661283493042 -0.10948175191879272 4.0500001907348633
    endloop
  endfacet
  facet normal -0.9915331877039939 -0.12985352394739358 -0
    outer loop
      vertex -0.745136559009552 -0.085273034870624542 2.5499999523162842
      vertex -0.7419661283493042 -0.10948175191879272 4.0500001907348633
      vertex -0.745136559009552 -0.085273034870624542 4.0500001907348633
    endloop
  endfacet
  facet normal -0.98678112461314949 -0.16205866871971941 0
    outer loop
      vertex -0.7419661283493042 -0.10948175191879272 2.5499999523162842
      vertex -0.73800939321517944 -0.13357445597648621 2.5499999523162842
      vertex -0.73800939321517944 -0.13357445597648621 4.0500001907348633
    endloop
  endfacet
  facet normal -0.98678112461314949 -0.16205866871971941 -0
    outer loop
      vertex -0.7419661283493042 -0.10948175191879272 2.5499999523162842
      vertex -0.73800939321517944 -0.13357445597648621 4.0500001907348633
      vertex -0.7419661283493042 -0.10948175191879272 4.0500001907348633
    endloop
  endfacet
  facet normal -0.98098313567766604 -0.19409298677699305 0
    outer loop
      vertex -0.73800939321517944 -0.13357445597648621 2.5499999523162842
      vertex -0.73327052593231201 -0.15752559900283813 2.5499999523162842
      vertex -0.73327052593231201 -0.15752559900283813 4.0500001907348633
    endloop
  endfacet
  facet normal -0.98098313567766604 -0.19409298677699302 0
    outer loop
      vertex -0.73800939321517944 -0.13357445597648621 2.5499999523162842
      vertex -0.73327052593231201 -0.15752559900283813 4.0500001907348633
      vertex -0.73800939321517944 -0.13357445597648621 4.0500001907348633
    endloop
  endfacet
  facet normal -0.97414589865907975 -0.2259198267653684 0
    outer loop
      vertex -0.73327052593231201 -0.15752559900283813 2.5499999523162842
      vertex -0.72775459289550781 -0.18130980432033539 2.5499999523162842
      vertex -0.72775459289550781 -0.18130980432033539 4.0500001907348633
    endloop
  endfacet
  facet normal -0.97414589865907986 -0.22591982676536843 -0
    outer loop
      vertex -0.73327052593231201 -0.15752559900283813 2.5499999523162842
      vertex -0.72775459289550781 -0.18130980432033539 4.0500001907348633
      vertex -0.73327052593231201 -0.15752559900283813 4.0500001907348633
    endloop
  endfacet
  facet normal -0.96627629703563256 -0.25750751015670575 0
    outer loop
      vertex -0.72775459289550781 -0.18130980432033539 2.5499999523162842
      vertex -0.72146743535995483 -0.20490185916423798 2.5499999523162842
      vertex -0.72146743535995483 -0.20490185916423798 4.0500001907348633
    endloop
  endfacet
  facet normal -0.96627629703563256 -0.25750751015670575 0
    outer loop
      vertex -0.72775459289550781 -0.18130980432033539 2.5499999523162842
      vertex -0.72146743535995483 -0.20490185916423798 4.0500001907348633
      vertex -0.72775459289550781 -0.18130980432033539 4.0500001907348633
    endloop
  endfacet
  facet normal -0.95738222521576233 -0.28882395129371652 0
    outer loop
      vertex -0.72146743535995483 -0.20490185916423798 2.5499999523162842
      vertex -0.71441566944122314 -0.22827677428722382 2.5499999523162842
      vertex -0.71441566944122314 -0.22827677428722382 4.0500001907348633
    endloop
  endfacet
  facet normal -0.95738222521576233 -0.28882395129371652 -0
    outer loop
      vertex -0.72146743535995483 -0.20490185916423798 2.5499999523162842
      vertex -0.71441566944122314 -0.22827677428722382 4.0500001907348633
      vertex -0.72146743535995483 -0.20490185916423798 4.0500001907348633
    endloop
  endfacet
  facet normal -0.94747319140074948 -0.31983519439998864 0
    outer loop
      vertex -0.71441566944122314 -0.22827677428722382 2.5499999523162842
      vertex -0.70660674571990967 -0.25140976905822754 2.5499999523162842
      vertex -0.70660674571990967 -0.25140976905822754 4.0500001907348633
    endloop
  endfacet
  facet normal -0.94747319140074948 -0.31983519439998864 -0
    outer loop
      vertex -0.71441566944122314 -0.22827677428722382 2.5499999523162842
      vertex -0.70660674571990967 -0.25140976905822754 4.0500001907348633
      vertex -0.71441566944122314 -0.22827677428722382 4.0500001907348633
    endloop
  endfacet
  facet normal -0.93656162843042168 -0.35050294742235333 0
    outer loop
      vertex -0.70660674571990967 -0.25140976905822754 2.5499999523162842
      vertex -0.69804906845092773 -0.27427631616592407 2.5499999523162842
      vertex -0.69804906845092773 -0.27427631616592407 4.0500001907348633
    endloop
  endfacet
  facet normal -0.93656162843042168 -0.35050294742235333 -0
    outer loop
      vertex -0.70660674571990967 -0.25140976905822754 2.5499999523162842
      vertex -0.69804906845092773 -0.27427631616592407 4.0500001907348633
      vertex -0.70660674571990967 -0.25140976905822754 4.0500001907348633
    endloop
  endfacet
  facet normal -0.92465610387596608 -0.38080321632690917 0
    outer loop
      vertex -0.69804906845092773 -0.27427631616592407 2.5499999523162842
      vertex -0.68875157833099365 -0.2968522310256958 2.5499999523162842
      vertex -0.68875157833099365 -0.2968522310256958 4.0500001907348633
    endloop
  endfacet
  facet normal -0.92465610387596608 -0.38080321632690917 0
    outer loop
      vertex -0.69804906845092773 -0.27427631616592407 2.5499999523162842
      vertex -0.68875157833099365 -0.2968522310256958 4.0500001907348633
      vertex -0.69804906845092773 -0.27427631616592407 4.0500001907348633
    endloop
  endfacet
  facet normal -0.91177173269857126 -0.41069734288383886 0
    outer loop
      vertex -0.68875157833099365 -0.2968522310256958 2.5499999523162842
      vertex -0.67872422933578491 -0.31911352276802063 2.5499999523162842
      vertex -0.67872422933578491 -0.31911352276802063 4.0500001907348633
    endloop
  endfacet
  facet normal -0.91177173269857126 -0.41069734288383886 0
    outer loop
      vertex -0.68875157833099365 -0.2968522310256958 2.5499999523162842
      vertex -0.67872422933578491 -0.31911352276802063 4.0500001907348633
      vertex -0.68875157833099365 -0.2968522310256958 4.0500001907348633
    endloop
  endfacet
  facet normal -0.89792026867793406 -0.44015814328187408 0
    outer loop
      vertex -0.67872422933578491 -0.31911352276802063 2.5499999523162842
      vertex -0.66797757148742676 -0.34103664755821228 2.5499999523162842
      vertex -0.66797757148742676 -0.34103664755821228 4.0500001907348633
    endloop
  endfacet
  facet normal -0.89792026867793406 -0.44015814328187408 -0
    outer loop
      vertex -0.67872422933578491 -0.31911352276802063 2.5499999523162842
      vertex -0.66797757148742676 -0.34103664755821228 4.0500001907348633
      vertex -0.67872422933578491 -0.31911352276802063 4.0500001907348633
    endloop
  endfacet
  facet normal -0.88311703119291052 -0.46915275680424162 0
    outer loop
      vertex -0.66797757148742676 -0.34103664755821228 2.5499999523162842
      vertex -0.65652298927307129 -0.36259835958480835 2.5499999523162842
      vertex -0.65652298927307129 -0.36259835958480835 4.0500001907348633
    endloop
  endfacet
  facet normal -0.88311703119291052 -0.46915275680424162 -0
    outer loop
      vertex -0.66797757148742676 -0.34103664755821228 2.5499999523162842
      vertex -0.65652298927307129 -0.36259835958480835 4.0500001907348633
      vertex -0.66797757148742676 -0.34103664755821228 4.0500001907348633
    endloop
  endfacet
  facet normal -0.86737889568585014 -0.49764832092432032 0
    outer loop
      vertex -0.65652298927307129 -0.36259835958480835 2.5499999523162842
      vertex -0.64437270164489746 -0.38377577066421509 2.5499999523162842
      vertex -0.64437270164489746 -0.38377577066421509 4.0500001907348633
    endloop
  endfacet
  facet normal -0.86737889568585014 -0.49764832092432032 -0
    outer loop
      vertex -0.65652298927307129 -0.36259835958480835 2.5499999523162842
      vertex -0.64437270164489746 -0.38377577066421509 4.0500001907348633
      vertex -0.65652298927307129 -0.36259835958480835 4.0500001907348633
    endloop
  endfacet
  facet normal -0.85072001271762521 -0.52561912062036309 0
    outer loop
      vertex -0.64437270164489746 -0.38377577066421509 2.5499999523162842
      vertex -0.63153946399688721 -0.40454649925231934 2.5499999523162842
      vertex -0.63153946399688721 -0.40454649925231934 4.0500001907348633
    endloop
  endfacet
  facet normal -0.85072001271762521 -0.52561912062036309 0
    outer loop
      vertex -0.64437270164489746 -0.38377577066421509 2.5499999523162842
      vertex -0.63153946399688721 -0.40454649925231934 4.0500001907348633
      vertex -0.64437270164489746 -0.38377577066421509 4.0500001907348633
    endloop
  endfacet
  facet normal -0.83316146174283434 -0.55302981715866251 0
    outer loop
      vertex -0.63153946399688721 -0.40454649925231934 2.5499999523162842
      vertex -0.61803698539733887 -0.42488852143287659 2.5499999523162842
      vertex -0.61803698539733887 -0.42488852143287659 4.0500001907348633
    endloop
  endfacet
  facet normal -0.83316146174283434 -0.55302981715866251 -0
    outer loop
      vertex -0.63153946399688721 -0.40454649925231934 2.5499999523162842
      vertex -0.61803698539733887 -0.42488852143287659 4.0500001907348633
      vertex -0.63153946399688721 -0.40454649925231934 4.0500001907348633
    endloop
  endfacet
  facet normal -0.81471928081834843 -0.57985557983245539 0
    outer loop
      vertex -0.61803698539733887 -0.42488852143287659 2.5499999523162842
      vertex -0.60387957096099854 -0.44478023052215576 2.5499999523162842
      vertex -0.60387957096099854 -0.44478023052215576 4.0500001907348633
    endloop
  endfacet
  facet normal -0.81471928081834843 -0.57985557983245539 -0
    outer loop
      vertex -0.61803698539733887 -0.42488852143287659 2.5499999523162842
      vertex -0.60387957096099854 -0.44478023052215576 4.0500001907348633
      vertex -0.61803698539733887 -0.42488852143287659 4.0500001907348633
    endloop
  endfacet
  facet normal -0.79541384274188687 -0.60606667848891438 0
    outer loop
      vertex -0.60387957096099854 -0.44478023052215576 2.5499999523162842
      vertex -0.58908218145370483 -0.46420061588287354 2.5499999523162842
      vertex -0.58908218145370483 -0.46420061588287354 4.0500001907348633
    endloop
  endfacet
  facet normal -0.79541384274188687 -0.60606667848891438 0
    outer loop
      vertex -0.60387957096099854 -0.44478023052215576 2.5499999523162842
      vertex -0.58908218145370483 -0.46420061588287354 4.0500001907348633
      vertex -0.60387957096099854 -0.44478023052215576 4.0500001907348633
    endloop
  endfacet
  facet normal -0.77526425174528102 -0.63163703181956443 0
    outer loop
      vertex -0.58908218145370483 -0.46420061588287354 2.5499999523162842
      vertex -0.57366049289703369 -0.48312902450561523 2.5499999523162842
      vertex -0.57366049289703369 -0.48312902450561523 4.0500001907348633
    endloop
  endfacet
  facet normal -0.77526425174528102 -0.63163703181956443 -0
    outer loop
      vertex -0.58908218145370483 -0.46420061588287354 2.5499999523162842
      vertex -0.57366049289703369 -0.48312902450561523 4.0500001907348633
      vertex -0.58908218145370483 -0.46420061588287354 4.0500001907348633
    endloop
  endfacet
  facet normal -0.75429435361210317 -0.65653638749798116 0
    outer loop
      vertex -0.57366049289703369 -0.48312902450561523 2.5499999523162842
      vertex -0.55763083696365356 -0.5015454888343811 2.5499999523162842
      vertex -0.55763083696365356 -0.5015454888343811 4.0500001907348633
    endloop
  endfacet
  facet normal -0.75429435361210317 -0.65653638749798116 -0
    outer loop
      vertex -0.57366049289703369 -0.48312902450561523 2.5499999523162842
      vertex -0.55763083696365356 -0.5015454888343811 4.0500001907348633
      vertex -0.57366049289703369 -0.48312902450561523 4.0500001907348633
    endloop
  endfacet
  facet normal -0.73252467418165379 -0.68074048044395141 0
    outer loop
      vertex -0.55763083696365356 -0.5015454888343811 2.5499999523162842
      vertex -0.54101026058197021 -0.51943039894104004 2.5499999523162842
      vertex -0.54101026058197021 -0.51943039894104004 4.0500001907348633
    endloop
  endfacet
  facet normal -0.73252467418165379 -0.68074048044395141 0
    outer loop
      vertex -0.55763083696365356 -0.5015454888343811 2.5499999523162842
      vertex -0.54101026058197021 -0.51943039894104004 4.0500001907348633
      vertex -0.55763083696365356 -0.5015454888343811 4.0500001907348633
    endloop
  endfacet
  facet normal -0.70997796691877646 -0.70422388946263459 0
    outer loop
      vertex -0.54101026058197021 -0.51943039894104004 2.5499999523162842
      vertex -0.52381634712219238 -0.53676480054855347 2.5499999523162842
      vertex -0.52381634712219238 -0.53676480054855347 4.0500001907348633
    endloop
  endfacet
  facet normal -0.70997796691877646 -0.70422388946263459 0
    outer loop
      vertex -0.54101026058197021 -0.51943039894104004 2.5499999523162842
      vertex -0.52381634712219238 -0.53676480054855347 4.0500001907348633
      vertex -0.54101026058197021 -0.51943039894104004 4.0500001907348633
    endloop
  endfacet
  facet normal -0.68667944509590828 -0.72696034257913666 0
    outer loop
      vertex -0.52381634712219238 -0.53676480054855347 2.5499999523162842
      vertex -0.50606727600097656 -0.55353039503097534 2.5499999523162842
      vertex -0.50606727600097656 -0.55353039503097534 4.0500001907348633
    endloop
  endfacet
  facet normal -0.68667944509590828 -0.72696034257913666 -0
    outer loop
      vertex -0.52381634712219238 -0.53676480054855347 2.5499999523162842
      vertex -0.50606727600097656 -0.55353039503097534 4.0500001907348633
      vertex -0.52381634712219238 -0.53676480054855347 4.0500001907348633
    endloop
  endfacet
  facet normal -0.66265454950835501 -0.74892519520702394 0
    outer loop
      vertex -0.50606727600097656 -0.55353039503097534 2.5499999523162842
      vertex -0.48778191208839417 -0.5697094202041626 2.5499999523162842
      vertex -0.48778191208839417 -0.5697094202041626 4.0500001907348633
    endloop
  endfacet
  facet normal -0.66265454950835501 -0.74892519520702394 0
    outer loop
      vertex -0.50606727600097656 -0.55353039503097534 2.5499999523162842
      vertex -0.48778191208839417 -0.5697094202041626 4.0500001907348633
      vertex -0.50606727600097656 -0.55353039503097534 4.0500001907348633
    endloop
  endfacet
  facet normal -0.63792542635524185 -0.77009814336192417 0
    outer loop
      vertex -0.48778191208839417 -0.5697094202041626 2.5499999523162842
      vertex -0.46897962689399719 -0.58528465032577515 2.5499999523162842
      vertex -0.46897962689399719 -0.58528465032577515 4.0500001907348633
    endloop
  endfacet
  facet normal -0.63792542635524185 -0.77009814336192417 0
    outer loop
      vertex -0.48778191208839417 -0.5697094202041626 2.5499999523162842
      vertex -0.46897962689399719 -0.58528465032577515 4.0500001907348633
      vertex -0.48778191208839417 -0.5697094202041626 4.0500001907348633
    endloop
  endfacet
  facet normal -0.6125211992627132 -0.79045416088079856 0
    outer loop
      vertex -0.46897962689399719 -0.58528465032577515 2.5499999523162842
      vertex -0.44968032836914062 -0.60023963451385498 2.5499999523162842
      vertex -0.44968032836914062 -0.60023963451385498 4.0500001907348633
    endloop
  endfacet
  facet normal -0.6125211992627132 -0.79045416088079856 0
    outer loop
      vertex -0.46897962689399719 -0.58528465032577515 2.5499999523162842
      vertex -0.44968032836914062 -0.60023963451385498 4.0500001907348633
      vertex -0.46897962689399719 -0.58528465032577515 4.0500001907348633
    endloop
  endfacet
  facet normal -0.58646654349897775 -0.80997345225406103 0
    outer loop
      vertex -0.44968032836914062 -0.60023963451385498 2.5499999523162842
      vertex -0.42990449070930481 -0.61455845832824707 2.5499999523162842
      vertex -0.42990449070930481 -0.61455845832824707 4.0500001907348633
    endloop
  endfacet
  facet normal -0.58646654349897775 -0.80997345225406103 0
    outer loop
      vertex -0.44968032836914062 -0.60023963451385498 2.5499999523162842
      vertex -0.42990449070930481 -0.61455845832824707 4.0500001907348633
      vertex -0.44968032836914062 -0.60023963451385498 4.0500001907348633
    endloop
  endfacet
  facet normal -0.55979276736428796 -0.82863264333879105 0
    outer loop
      vertex -0.42990449070930481 -0.61455845832824707 2.5499999523162842
      vertex -0.4096730649471283 -0.62822604179382324 2.5499999523162842
      vertex -0.4096730649471283 -0.62822604179382324 4.0500001907348633
    endloop
  endfacet
  facet normal -0.55979276736428796 -0.82863264333879105 0
    outer loop
      vertex -0.42990449070930481 -0.61455845832824707 2.5499999523162842
      vertex -0.4096730649471283 -0.62822604179382324 4.0500001907348633
      vertex -0.42990449070930481 -0.61455845832824707 4.0500001907348633
    endloop
  endfacet
  facet normal -0.53252507494319212 -0.84641422752500306 0
    outer loop
      vertex -0.4096730649471283 -0.62822604179382324 2.5499999523162842
      vertex -0.38900744915008545 -0.64122790098190308 2.5499999523162842
      vertex -0.38900744915008545 -0.64122790098190308 4.0500001907348633
    endloop
  endfacet
  facet normal -0.53252507494319212 -0.84641422752500306 1.4682946308883974e-18
    outer loop
      vertex -0.4096730649471283 -0.62822604179382324 2.5499999523162842
      vertex -0.38900744915008545 -0.64122790098190308 4.0500001907348633
      vertex -0.4096730649471283 -0.62822604179382324 4.0500001907348633
    endloop
  endfacet
  facet normal -0.50469098906602761 -0.86330006692664785 0
    outer loop
      vertex -0.38900744915008545 -0.64122790098190308 2.5499999523162842
      vertex -0.367929607629776 -0.65355014801025391 2.5499999523162842
      vertex -0.367929607629776 -0.65355014801025391 4.0500001907348633
    endloop
  endfacet
  facet normal -0.50469098906602761 -0.86330006692664785 0
    outer loop
      vertex -0.38900744915008545 -0.64122790098190308 2.5499999523162842
      vertex -0.367929607629776 -0.65355014801025391 4.0500001907348633
      vertex -0.38900744915008545 -0.64122790098190308 4.0500001907348633
    endloop
  endfacet
  facet normal -0.47632365019099532 -0.87927002693639378 0
    outer loop
      vertex -0.367929607629776 -0.65355014801025391 2.5499999523162842
      vertex -0.34646186232566833 -0.6651797890663147 2.5499999523162842
      vertex -0.34646186232566833 -0.6651797890663147 4.0500001907348633
    endloop
  endfacet
  facet normal -0.47632365019099532 -0.87927002693639378 -0
    outer loop
      vertex -0.367929607629776 -0.65355014801025391 2.5499999523162842
      vertex -0.34646186232566833 -0.6651797890663147 4.0500001907348633
      vertex -0.367929607629776 -0.65355014801025391 4.0500001907348633
    endloop
  endfacet
  facet normal -0.44745233538905482 -0.8943077812223712 0
    outer loop
      vertex -0.34646186232566833 -0.6651797890663147 2.5499999523162842
      vertex -0.32462692260742188 -0.67610454559326172 2.5499999523162842
      vertex -0.32462692260742188 -0.67610454559326172 4.0500001907348633
    endloop
  endfacet
  facet normal -0.44745233538905482 -0.8943077812223712 0
    outer loop
      vertex -0.34646186232566833 -0.6651797890663147 2.5499999523162842
      vertex -0.32462692260742188 -0.67610454559326172 4.0500001907348633
      vertex -0.34646186232566833 -0.6651797890663147 4.0500001907348633
    endloop
  endfacet
  facet normal -0.41810616241914111 -0.90839817092899244 0
    outer loop
      vertex -0.32462692260742188 -0.67610454559326172 2.5499999523162842
      vertex -0.30244797468185425 -0.68631279468536377 2.5499999523162842
      vertex -0.30244797468185425 -0.68631279468536377 4.0500001907348633
    endloop
  endfacet
  facet normal -0.41810616241914111 -0.90839817092899244 0
    outer loop
      vertex -0.32462692260742188 -0.67610454559326172 2.5499999523162842
      vertex -0.30244797468185425 -0.68631279468536377 4.0500001907348633
      vertex -0.32462692260742188 -0.67610454559326172 4.0500001907348633
    endloop
  endfacet
  facet normal -0.38831553525607643 -0.92152647551700162 0
    outer loop
      vertex -0.30244797468185425 -0.68631279468536377 2.5499999523162842
      vertex -0.27994850277900696 -0.69579368829727173 2.5499999523162842
      vertex -0.27994850277900696 -0.69579368829727173 4.0500001907348633
    endloop
  endfacet
  facet normal -0.38831553525607637 -0.92152647551700162 -0
    outer loop
      vertex -0.30244797468185425 -0.68631279468536377 2.5499999523162842
      vertex -0.27994850277900696 -0.69579368829727173 4.0500001907348633
      vertex -0.30244797468185425 -0.68631279468536377 4.0500001907348633
    endloop
  endfacet
  facet normal -0.3581145150685881 -0.93367767141406444 0
    outer loop
      vertex -0.27994850277900696 -0.69579368829727173 2.5499999523162842
      vertex -0.25715234875679016 -0.70453721284866333 2.5499999523162842
      vertex -0.25715234875679016 -0.70453721284866333 4.0500001907348633
    endloop
  endfacet
  facet normal -0.3581145150685881 -0.93367767141406444 -0
    outer loop
      vertex -0.27994850277900696 -0.69579368829727173 2.5499999523162842
      vertex -0.25715234875679016 -0.70453721284866333 4.0500001907348633
      vertex -0.27994850277900696 -0.69579368829727173 4.0500001907348633
    endloop
  endfacet
  facet normal -0.32753276907034873 -0.94483981985578347 0
    outer loop
      vertex -0.25715234875679016 -0.70453721284866333 2.5499999523162842
      vertex -0.23408366739749908 -0.71253407001495361 2.5499999523162842
      vertex -0.23408366739749908 -0.71253407001495361 4.0500001907348633
    endloop
  endfacet
  facet normal -0.32753276907034873 -0.94483981985578347 0
    outer loop
      vertex -0.25715234875679016 -0.70453721284866333 2.5499999523162842
      vertex -0.23408366739749908 -0.71253407001495361 4.0500001907348633
      vertex -0.25715234875679016 -0.70453721284866333 4.0500001907348633
    endloop
  endfacet
  facet normal -0.29660658780374433 -0.95499975501118295 0
    outer loop
      vertex -0.23408366739749908 -0.71253407001495361 2.5499999523162842
      vertex -0.21076691150665283 -0.71977585554122925 2.5499999523162842
      vertex -0.21076691150665283 -0.71977585554122925 4.0500001907348633
    endloop
  endfacet
  facet normal -0.29660658780374433 -0.95499975501118295 0
    outer loop
      vertex -0.23408366739749908 -0.71253407001495361 2.5499999523162842
      vertex -0.21076691150665283 -0.71977585554122925 4.0500001907348633
      vertex -0.23408366739749908 -0.71253407001495361 4.0500001907348633
    endloop
  endfacet
  facet normal -0.26536570795898851 -0.96414783152762673 0
    outer loop
      vertex -0.21076691150665283 -0.71977585554122925 2.5499999523162842
      vertex -0.187226802110672 -0.72625488042831421 2.5499999523162842
      vertex -0.187226802110672 -0.72625488042831421 4.0500001907348633
    endloop
  endfacet
  facet normal -0.26536570795898851 -0.96414783152762673 0
    outer loop
      vertex -0.21076691150665283 -0.71977585554122925 2.5499999523162842
      vertex -0.187226802110672 -0.72625488042831421 4.0500001907348633
      vertex -0.21076691150665283 -0.71977585554122925 4.0500001907348633
    endloop
  endfacet
  facet normal -0.23383943522006792 -0.97227522777038788 0
    outer loop
      vertex -0.187226802110672 -0.72625488042831421 2.5499999523162842
      vertex -0.16348828375339508 -0.73196417093276978 2.5499999523162842
      vertex -0.16348828375339508 -0.73196417093276978 4.0500001907348633
    endloop
  endfacet
  facet normal -0.23383943522006792 -0.97227522777038788 -0
    outer loop
      vertex -0.187226802110672 -0.72625488042831421 2.5499999523162842
      vertex -0.16348828375339508 -0.73196417093276978 4.0500001907348633
      vertex -0.187226802110672 -0.72625488042831421 4.0500001907348633
    endloop
  endfacet
  facet normal -0.20207108645559282 -0.97937085724390249 0
    outer loop
      vertex -0.16348828375339508 -0.73196417093276978 2.5499999523162842
      vertex -0.1395765095949173 -0.73689782619476318 2.5499999523162842
      vertex -0.1395765095949173 -0.73689782619476318 4.0500001907348633
    endloop
  endfacet
  facet normal -0.20207108645559282 -0.97937085724390249 -0
    outer loop
      vertex -0.16348828375339508 -0.73196417093276978 2.5499999523162842
      vertex -0.1395765095949173 -0.73689782619476318 4.0500001907348633
      vertex -0.16348828375339508 -0.73196417093276978 4.0500001907348633
    endloop
  endfacet
  facet normal -0.17008550994341198 -0.98542930710796772 0
    outer loop
      vertex -0.1395765095949173 -0.73689782619476318 2.5499999523162842
      vertex -0.11551680415868759 -0.74105054140090942 2.5499999523162842
      vertex -0.11551680415868759 -0.74105054140090942 4.0500001907348633
    endloop
  endfacet
  facet normal -0.17008550994341198 -0.98542930710796772 0
    outer loop
      vertex -0.1395765095949173 -0.73689782619476318 2.5499999523162842
      vertex -0.11551680415868759 -0.74105054140090942 4.0500001907348633
      vertex -0.1395765095949173 -0.73689782619476318 4.0500001907348633
    endloop
  endfacet
  facet normal -0.1379194311905354 -0.99044345143984824 0
    outer loop
      vertex -0.11551680415868759 -0.74105054140090942 2.5499999523162842
      vertex -0.091334685683250427 -0.74441790580749512 2.5499999523162842
      vertex -0.091334685683250427 -0.74441790580749512 4.0500001907348633
    endloop
  endfacet
  facet normal -0.13791943119053537 -0.99044345143984824 0
    outer loop
      vertex -0.11551680415868759 -0.74105054140090942 2.5499999523162842
      vertex -0.091334685683250427 -0.74441790580749512 4.0500001907348633
      vertex -0.11551680415868759 -0.74105054140090942 4.0500001907348633
    endloop
  endfacet
  facet normal -0.10560683000739862 -0.99440796329061465 0
    outer loop
      vertex -0.091334685683250427 -0.74441790580749512 2.5499999523162842
      vertex -0.067055776715278625 -0.74699634313583374 2.5499999523162842
      vertex -0.067055776715278625 -0.74699634313583374 4.0500001907348633
    endloop
  endfacet
  facet normal -0.10560683000739862 -0.99440796329061465 -0
    outer loop
      vertex -0.091334685683250427 -0.74441790580749512 2.5499999523162842
      vertex -0.067055776715278625 -0.74699634313583374 4.0500001907348633
      vertex -0.091334685683250427 -0.74441790580749512 4.0500001907348633
    endloop
  endfacet
  facet normal -0.07318433443809079 -0.99731843119078767 0
    outer loop
      vertex -0.067055776715278625 -0.74699634313583374 2.5499999523162842
      vertex -0.042705804109573364 -0.7487831711769104 2.5499999523162842
      vertex -0.042705804109573364 -0.7487831711769104 4.0500001907348633
    endloop
  endfacet
  facet normal -0.07318433443809079 -0.99731843119078767 -0
    outer loop
      vertex -0.067055776715278625 -0.74699634313583374 2.5499999523162842
      vertex -0.042705804109573364 -0.7487831711769104 4.0500001907348633
      vertex -0.067055776715278625 -0.74699634313583374 4.0500001907348633
    endloop
  endfacet
  facet normal -0.040681293569006162 -0.99917217352844256 0
    outer loop
      vertex -0.042705804109573364 -0.7487831711769104 2.5499999523162842
      vertex -0.018310572952032089 -0.74977642297744751 2.5499999523162842
      vertex -0.018310572952032089 -0.74977642297744751 4.0500001907348633
    endloop
  endfacet
  facet normal -0.040681293569006155 -0.99917217352844234 -0
    outer loop
      vertex -0.042705804109573364 -0.7487831711769104 2.5499999523162842
      vertex -0.018310572952032089 -0.74977642297744751 4.0500001907348633
      vertex -0.042705804109573364 -0.7487831711769104 4.0500001907348633
    endloop
  endfacet
  facet normal -0.0081391875629515109 -0.9999668762643168 0
    outer loop
      vertex -0.018310572952032089 -0.74977642297744751 2.5499999523162842
      vertex 0.0061040632426738739 -0.74997514486312866 2.5499999523162842
      vertex 0.0061040632426738739 -0.74997514486312866 4.0500001907348633
    endloop
  endfacet
  facet normal -0.0081391875629515109 -0.9999668762643168 -0
    outer loop
      vertex -0.018310572952032089 -0.74977642297744751 2.5499999523162842
      vertex 0.0061040632426738739 -0.74997514486312866 4.0500001907348633
      vertex -0.018310572952032089 -0.74977642297744751 4.0500001907348633
    endloop
  endfacet
  facet normal 0.024412681219748867 -0.99970196608572448 0
    outer loop
      vertex 0.0061040632426738739 -0.74997514486312866 2.5499999523162842
      vertex 0.030512230470776558 -0.74937909841537476 2.5499999523162842
      vertex 0.030512230470776558 -0.74937909841537476 4.0500001907348633
    endloop
  endfacet
  facet normal 0.024412681219748867 -0.99970196608572448 0
    outer loop
      vertex 0.0061040632426738739 -0.74997514486312866 2.5499999523162842
      vertex 0.030512230470776558 -0.74937909841537476 4.0500001907348633
      vertex 0.0061040632426738739 -0.74997514486312866 4.0500001907348633
    endloop
  endfacet
  facet normal 0.056942571946573539 -0.9983774554246051 0
    outer loop
      vertex 0.030512230470776558 -0.74937909841537476 2.5499999523162842
      vertex 0.054888062179088593 -0.74798882007598877 2.5499999523162842
      vertex 0.054888062179088593 -0.74798882007598877 4.0500001907348633
    endloop
  endfacet
  facet normal 0.056942571946573539 -0.9983774554246051 0
    outer loop
      vertex 0.030512230470776558 -0.74937909841537476 2.5499999523162842
      vertex 0.054888062179088593 -0.74798882007598877 4.0500001907348633
      vertex 0.030512230470776558 -0.74937909841537476 4.0500001907348633
    endloop
  endfacet
  facet normal 0.089406556398192297 -0.99599521468379404 0
    outer loop
      vertex 0.054888062179088593 -0.74798882007598877 2.5499999523162842
      vertex 0.079205729067325592 -0.74580591917037964 2.5499999523162842
      vertex 0.079205729067325592 -0.74580591917037964 4.0500001907348633
    endloop
  endfacet
  facet normal 0.089406556398192297 -0.99599521468379404 0
    outer loop
      vertex 0.054888062179088593 -0.74798882007598877 2.5499999523162842
      vertex 0.079205729067325592 -0.74580591917037964 4.0500001907348633
      vertex 0.054888062179088593 -0.74798882007598877 4.0500001907348633
    endloop
  endfacet
  facet normal 0.12178022259641617 -0.99255709023933092 0
    outer loop
      vertex 0.079205729067325592 -0.74580591917037964 2.5499999523162842
      vertex 0.10343945026397705 -0.74283260107040405 2.5499999523162842
      vertex 0.10343945026397705 -0.74283260107040405 4.0500001907348633
    endloop
  endfacet
  facet normal 0.12178022259641616 -0.99255709023933081 0
    outer loop
      vertex 0.079205729067325592 -0.74580591917037964 2.5499999523162842
      vertex 0.10343945026397705 -0.74283260107040405 4.0500001907348633
      vertex 0.079205729067325592 -0.74580591917037964 4.0500001907348633
    endloop
  endfacet
  facet normal 0.15402206953120992 -0.98806740766879009 0
    outer loop
      vertex 0.10343945026397705 -0.74283260107040405 2.5499999523162842
      vertex 0.12756355106830597 -0.73907208442687988 2.5499999523162842
      vertex 0.12756355106830597 -0.73907208442687988 4.0500001907348633
    endloop
  endfacet
  facet normal 0.15402206953120992 -0.98806740766879009 0
    outer loop
      vertex 0.10343945026397705 -0.74283260107040405 2.5499999523162842
      vertex 0.12756355106830597 -0.73907208442687988 4.0500001907348633
      vertex 0.10343945026397705 -0.74283260107040405 4.0500001907348633
    endloop
  endfacet
  facet normal 0.18610271855303848 -0.98253029375544876 0
    outer loop
      vertex 0.12756355106830597 -0.73907208442687988 2.5499999523162842
      vertex 0.1515524685382843 -0.7345283031463623 2.5499999523162842
      vertex 0.1515524685382843 -0.7345283031463623 4.0500001907348633
    endloop
  endfacet
  facet normal 0.18610271855303848 -0.98253029375544876 0
    outer loop
      vertex 0.12756355106830597 -0.73907208442687988 2.5499999523162842
      vertex 0.1515524685382843 -0.7345283031463623 4.0500001907348633
      vertex 0.12756355106830597 -0.73907208442687988 4.0500001907348633
    endloop
  endfacet
  facet normal 0.21798327932257577 -0.97595250393437472 0
    outer loop
      vertex 0.1515524685382843 -0.7345283031463623 2.5499999523162842
      vertex 0.17538078129291534 -0.7292061448097229 2.5499999523162842
      vertex 0.17538078129291534 -0.7292061448097229 4.0500001907348633
    endloop
  endfacet
  facet normal 0.2179832793225758 -0.97595250393437483 0
    outer loop
      vertex 0.1515524685382843 -0.7345283031463623 2.5499999523162842
      vertex 0.17538078129291534 -0.7292061448097229 4.0500001907348633
      vertex 0.1515524685382843 -0.7345283031463623 4.0500001907348633
    endloop
  endfacet
  facet normal 0.24963664973035393 -0.96833958047340207 0
    outer loop
      vertex 0.17538078129291534 -0.7292061448097229 2.5499999523162842
      vertex 0.19902323186397552 -0.72311115264892578 2.5499999523162842
      vertex 0.19902323186397552 -0.72311115264892578 4.0500001907348633
    endloop
  endfacet
  facet normal 0.24963664973035393 -0.96833958047340207 0
    outer loop
      vertex 0.17538078129291534 -0.7292061448097229 2.5499999523162842
      vertex 0.19902323186397552 -0.72311115264892578 4.0500001907348633
      vertex 0.17538078129291534 -0.7292061448097229 4.0500001907348633
    endloop
  endfacet
  facet normal 0.28102182303387713 -0.95970137802272448 0
    outer loop
      vertex 0.19902323186397552 -0.72311115264892578 2.5499999523162842
      vertex 0.22245475649833679 -0.71624988317489624 2.5499999523162842
      vertex 0.22245475649833679 -0.71624988317489624 4.0500001907348633
    endloop
  endfacet
  facet normal 0.28102182303387713 -0.95970137802272448 0
    outer loop
      vertex 0.19902323186397552 -0.72311115264892578 2.5499999523162842
      vertex 0.22245475649833679 -0.71624988317489624 4.0500001907348633
      vertex 0.19902323186397552 -0.72311115264892578 4.0500001907348633
    endloop
  endfacet
  facet normal 0.31211119601927817 -0.95004557854842708 0
    outer loop
      vertex 0.22245475649833679 -0.71624988317489624 2.5499999523162842
      vertex 0.24565054476261139 -0.7086295485496521 2.5499999523162842
      vertex 0.24565054476261139 -0.7086295485496521 4.0500001907348633
    endloop
  endfacet
  facet normal 0.31211119601927817 -0.95004557854842708 0
    outer loop
      vertex 0.22245475649833679 -0.71624988317489624 2.5499999523162842
      vertex 0.24565054476261139 -0.7086295485496521 4.0500001907348633
      vertex 0.22245475649833679 -0.71624988317489624 4.0500001907348633
    endloop
  endfacet
  facet normal 0.34287087764002389 -0.93938254255993048 0
    outer loop
      vertex 0.24565054476261139 -0.7086295485496521 2.5499999523162842
      vertex 0.26858600974082947 -0.70025819540023804 2.5499999523162842
      vertex 0.26858600974082947 -0.70025819540023804 4.0500001907348633
    endloop
  endfacet
  facet normal 0.34287087764002389 -0.93938254255993048 0
    outer loop
      vertex 0.24565054476261139 -0.7086295485496521 2.5499999523162842
      vertex 0.26858600974082947 -0.70025819540023804 4.0500001907348633
      vertex 0.24565054476261139 -0.7086295485496521 4.0500001907348633
    endloop
  endfacet
  facet normal 0.37326506567168655 -0.92772473867473826 0
    outer loop
      vertex 0.26858600974082947 -0.70025819540023804 2.5499999523162842
      vertex 0.29123681783676147 -0.69114476442337036 2.5499999523162842
      vertex 0.29123681783676147 -0.69114476442337036 4.0500001907348633
    endloop
  endfacet
  facet normal 0.37326506567168655 -0.92772473867473826 0
    outer loop
      vertex 0.26858600974082947 -0.70025819540023804 2.5499999523162842
      vertex 0.29123681783676147 -0.69114476442337036 4.0500001907348633
      vertex 0.26858600974082947 -0.70025819540023804 4.0500001907348633
    endloop
  endfacet
  facet normal 0.40326341264331872 -0.91508394151753336 0
    outer loop
      vertex 0.29123681783676147 -0.69114476442337036 2.5499999523162842
      vertex 0.31357899308204651 -0.68129891157150269 2.5499999523162842
      vertex 0.31357899308204651 -0.68129891157150269 4.0500001907348633
    endloop
  endfacet
  facet normal 0.40326341264331872 -0.91508394151753336 0
    outer loop
      vertex 0.29123681783676147 -0.69114476442337036 2.5499999523162842
      vertex 0.31357899308204651 -0.68129891157150269 4.0500001907348633
      vertex 0.29123681783676147 -0.69114476442337036 4.0500001907348633
    endloop
  endfacet
  facet normal 0.43283479490139187 -0.90147326101369762 0
    outer loop
      vertex 0.31357899308204651 -0.68129891157150269 2.5499999523162842
      vertex 0.33558884263038635 -0.6707310676574707 2.5499999523162842
      vertex 0.33558884263038635 -0.6707310676574707 4.0500001907348633
    endloop
  endfacet
  facet normal 0.43283479490139187 -0.90147326101369762 0
    outer loop
      vertex 0.31357899308204651 -0.68129891157150269 2.5499999523162842
      vertex 0.33558884263038635 -0.6707310676574707 4.0500001907348633
      vertex 0.31357899308204651 -0.68129891157150269 4.0500001907348633
    endloop
  endfacet
  facet normal 0.46195084166278211 -0.88690553041857134 0
    outer loop
      vertex 0.33558884263038635 -0.6707310676574707 2.5499999523162842
      vertex 0.35724306106567383 -0.65945231914520264 2.5499999523162842
      vertex 0.35724306106567383 -0.65945231914520264 4.0500001907348633
    endloop
  endfacet
  facet normal 0.46195084166278216 -0.88690553041857145 0
    outer loop
      vertex 0.33558884263038635 -0.6707310676574707 2.5499999523162842
      vertex 0.35724306106567383 -0.65945231914520264 4.0500001907348633
      vertex 0.33558884263038635 -0.6707310676574707 4.0500001907348633
    endloop
  endfacet
  facet normal 0.49057305323128919 -0.87140006853530305 0
    outer loop
      vertex 0.35724306106567383 -0.65945231914520264 2.5499999523162842
      vertex 0.37851867079734802 -0.64747476577758789 2.5499999523162842
      vertex 0.37851867079734802 -0.64747476577758789 4.0500001907348633
    endloop
  endfacet
  facet normal 0.49057305323128914 -0.87140006853530294 0
    outer loop
      vertex 0.35724306106567383 -0.65945231914520264 2.5499999523162842
      vertex 0.37851867079734802 -0.64747476577758789 4.0500001907348633
      vertex 0.35724306106567383 -0.65945231914520264 4.0500001907348633
    endloop
  endfacet
  facet normal 0.51867639502886731 -0.85497064115667643 0
    outer loop
      vertex 0.37851867079734802 -0.64747476577758789 2.5499999523162842
      vertex 0.39939317107200623 -0.63481104373931885 2.5499999523162842
      vertex 0.39939317107200623 -0.63481104373931885 4.0500001907348633
    endloop
  endfacet
  facet normal 0.51867639502886731 -0.85497064115667643 0
    outer loop
      vertex 0.37851867079734802 -0.64747476577758789 2.5499999523162842
      vertex 0.39939317107200623 -0.63481104373931885 4.0500001907348633
      vertex 0.37851867079734802 -0.64747476577758789 4.0500001907348633
    endloop
  endfacet
  facet normal 0.54622954041123084 -0.83763553481340292 0
    outer loop
      vertex 0.39939317107200623 -0.63481104373931885 2.5499999523162842
      vertex 0.41984438896179199 -0.62147462368011475 2.5499999523162842
      vertex 0.41984438896179199 -0.62147462368011475 4.0500001907348633
    endloop
  endfacet
  facet normal 0.54622954041123084 -0.83763553481340292 0
    outer loop
      vertex 0.39939317107200623 -0.63481104373931885 2.5499999523162842
      vertex 0.41984438896179199 -0.62147462368011475 4.0500001907348633
      vertex 0.39939317107200623 -0.63481104373931885 4.0500001907348633
    endloop
  endfacet
  facet normal 0.57320672086012558 -0.81941079756174917 0
    outer loop
      vertex 0.41984438896179199 -0.62147462368011475 2.5499999523162842
      vertex 0.43985068798065186 -0.6074795126914978 2.5499999523162842
      vertex 0.43985068798065186 -0.6074795126914978 4.0500001907348633
    endloop
  endfacet
  facet normal 0.57320672086012558 -0.81941079756174917 0
    outer loop
      vertex 0.41984438896179199 -0.62147462368011475 2.5499999523162842
      vertex 0.43985068798065186 -0.6074795126914978 4.0500001907348633
      vertex 0.41984438896179199 -0.62147462368011475 4.0500001907348633
    endloop
  endfacet
  facet normal 0.59957318085012523 -0.80031993652867528 0
    outer loop
      vertex 0.43985068798065186 -0.6074795126914978 2.5499999523162842
      vertex 0.45939084887504578 -0.59284067153930664 2.5499999523162842
      vertex 0.45939084887504578 -0.59284067153930664 4.0500001907348633
    endloop
  endfacet
  facet normal 0.59957318085012523 -0.80031993652867528 0
    outer loop
      vertex 0.43985068798065186 -0.6074795126914978 2.5499999523162842
      vertex 0.45939084887504578 -0.59284067153930664 4.0500001907348633
      vertex 0.43985068798065186 -0.6074795126914978 4.0500001907348633
    endloop
  endfacet
  facet normal 0.62530636384395155 -0.78037936373039474 0
    outer loop
      vertex 0.45939084887504578 -0.59284067153930664 2.5499999523162842
      vertex 0.47844415903091431 -0.57757353782653809 2.5499999523162842
      vertex 0.47844415903091431 -0.57757353782653809 4.0500001907348633
    endloop
  endfacet
  facet normal 0.62530636384395155 -0.78037936373039474 0
    outer loop
      vertex 0.45939084887504578 -0.59284067153930664 2.5499999523162842
      vertex 0.47844415903091431 -0.57757353782653809 4.0500001907348633
      vertex 0.45939084887504578 -0.59284067153930664 4.0500001907348633
    endloop
  endfacet
  facet normal 0.65037571475633082 -0.75961268397466342 0
    outer loop
      vertex 0.47844415903091431 -0.57757353782653809 2.5499999523162842
      vertex 0.49699044227600098 -0.56169432401657104 2.5499999523162842
      vertex 0.49699044227600098 -0.56169432401657104 4.0500001907348633
    endloop
  endfacet
  facet normal 0.65037571475633082 -0.75961268397466342 0
    outer loop
      vertex 0.47844415903091431 -0.57757353782653809 2.5499999523162842
      vertex 0.49699044227600098 -0.56169432401657104 4.0500001907348633
      vertex 0.47844415903091431 -0.57757353782653809 4.0500001907348633
    endloop
  endfacet
  facet normal 0.67475719392278177 -0.73803978839182738 0
    outer loop
      vertex 0.49699044227600098 -0.56169432401657104 2.5499999523162842
      vertex 0.51500999927520752 -0.54521983861923218 2.5499999523162842
      vertex 0.51500999927520752 -0.54521983861923218 4.0500001907348633
    endloop
  endfacet
  facet normal 0.67475719392278177 -0.73803978839182738 0
    outer loop
      vertex 0.49699044227600098 -0.56169432401657104 2.5499999523162842
      vertex 0.51500999927520752 -0.54521983861923218 4.0500001907348633
      vertex 0.49699044227600098 -0.56169432401657104 4.0500001907348633
    endloop
  endfacet
  facet normal 0.6984217714802885 -0.71568640417597384 0
    outer loop
      vertex 0.51500999927520752 -0.54521983861923218 2.5499999523162842
      vertex 0.53248381614685059 -0.52816754579544067 2.5499999523162842
      vertex 0.53248381614685059 -0.52816754579544067 4.0500001907348633
    endloop
  endfacet
  facet normal 0.6984217714802885 -0.71568640417597384 0
    outer loop
      vertex 0.51500999927520752 -0.54521983861923218 2.5499999523162842
      vertex 0.53248381614685059 -0.52816754579544067 4.0500001907348633
      vertex 0.51500999927520752 -0.54521983861923218 4.0500001907348633
    endloop
  endfacet
  facet normal 0.72134682843797149 -0.6925740055058951 -0
    outer loop
      vertex 0.53248381614685059 -0.52816754579544067 2.5499999523162842
      vertex 0.54939329624176025 -0.51055556535720825 2.5499999523162842
      vertex 0.54939329624176025 -0.51055556535720825 4.0500001907348633
    endloop
  endfacet
  facet normal 0.72134682843797149 -0.6925740055058951 0
    outer loop
      vertex 0.53248381614685059 -0.52816754579544067 2.5499999523162842
      vertex 0.54939329624176025 -0.51055556535720825 4.0500001907348633
      vertex 0.53248381614685059 -0.52816754579544067 4.0500001907348633
    endloop
  endfacet
  facet normal 0.74350678197961495 -0.66872839415589147 -0
    outer loop
      vertex 0.54939329624176025 -0.51055556535720825 2.5499999523162842
      vertex 0.56572061777114868 -0.49240249395370483 2.5499999523162842
      vertex 0.56572061777114868 -0.49240249395370483 4.0500001907348633
    endloop
  endfacet
  facet normal 0.74350678197961495 -0.66872839415589147 0
    outer loop
      vertex 0.54939329624176025 -0.51055556535720825 2.5499999523162842
      vertex 0.56572061777114868 -0.49240249395370483 4.0500001907348633
      vertex 0.54939329624176025 -0.51055556535720825 4.0500001907348633
    endloop
  endfacet
  facet normal 0.76488175963278526 -0.64417070236161333 -0
    outer loop
      vertex 0.56572061777114868 -0.49240249395370483 2.5499999523162842
      vertex 0.58144831657409668 -0.47372758388519287 2.5499999523162842
      vertex 0.58144831657409668 -0.47372758388519287 4.0500001907348633
    endloop
  endfacet
  facet normal 0.76488175963278526 -0.64417070236161333 0
    outer loop
      vertex 0.56572061777114868 -0.49240249395370483 2.5499999523162842
      vertex 0.58144831657409668 -0.47372758388519287 4.0500001907348633
      vertex 0.56572061777114868 -0.49240249395370483 4.0500001907348633
    endloop
  endfacet
  facet normal 0.78544250967035378 -0.61893462013587186 -0
    outer loop
      vertex 0.58144831657409668 -0.47372758388519287 2.5499999523162842
      vertex 0.59655988216400146 -0.45455065369606018 2.5499999523162842
      vertex 0.59655988216400146 -0.45455065369606018 4.0500001907348633
    endloop
  endfacet
  facet normal 0.78544250967035378 -0.61893462013587186 0
    outer loop
      vertex 0.58144831657409668 -0.47372758388519287 2.5499999523162842
      vertex 0.59655988216400146 -0.45455065369606018 4.0500001907348633
      vertex 0.58144831657409668 -0.47372758388519287 4.0500001907348633
    endloop
  endfacet
  facet normal 0.80517289734708308 -0.59304013808316858 -0
    outer loop
      vertex 0.59655988216400146 -0.45455065369606018 2.5499999523162842
      vertex 0.61103922128677368 -0.43489199876785278 2.5499999523162842
      vertex 0.61103922128677368 -0.43489199876785278 4.0500001907348633
    endloop
  endfacet
  facet normal 0.80517289734708319 -0.59304013808316869 0
    outer loop
      vertex 0.59655988216400146 -0.45455065369606018 2.5499999523162842
      vertex 0.61103922128677368 -0.43489199876785278 4.0500001907348633
      vertex 0.59655988216400146 -0.45455065369606018 4.0500001907348633
    endloop
  endfacet
  facet normal 0.82404947456816369 -0.56651784037568809 -0
    outer loop
      vertex 0.61103922128677368 -0.43489199876785278 2.5499999523162842
      vertex 0.62487101554870605 -0.41477245092391968 2.5499999523162842
      vertex 0.62487101554870605 -0.41477245092391968 4.0500001907348633
    endloop
  endfacet
  facet normal 0.82404947456816369 -0.56651784037568809 0
    outer loop
      vertex 0.61103922128677368 -0.43489199876785278 2.5499999523162842
      vertex 0.62487101554870605 -0.41477245092391968 4.0500001907348633
      vertex 0.61103922128677368 -0.43489199876785278 4.0500001907348633
    endloop
  endfacet
  facet normal 0.84205226531953103 -0.5393959422078054 0
    outer loop
      vertex 0.62487101554870605 -0.41477245092391968 2.5499999523162842
      vertex 0.63804060220718384 -0.39421337842941284 2.5499999523162842
      vertex 0.63804060220718384 -0.39421337842941284 4.0500001907348633
    endloop
  endfacet
  facet normal 0.84205226531953103 -0.5393959422078054 0
    outer loop
      vertex 0.62487101554870605 -0.41477245092391968 2.5499999523162842
      vertex 0.63804060220718384 -0.39421337842941284 4.0500001907348633
      vertex 0.62487101554870605 -0.41477245092391968 4.0500001907348633
    endloop
  endfacet
  facet normal 0.85916326995887504 -0.5117015492976088 -0
    outer loop
      vertex 0.63804060220718384 -0.39421337842941284 2.5499999523162842
      vertex 0.65053403377532959 -0.37323650717735291 2.5499999523162842
      vertex 0.65053403377532959 -0.37323650717735291 4.0500001907348633
    endloop
  endfacet
  facet normal 0.85916326995887504 -0.5117015492976088 0
    outer loop
      vertex 0.63804060220718384 -0.39421337842941284 2.5499999523162842
      vertex 0.65053403377532959 -0.37323650717735291 4.0500001907348633
      vertex 0.63804060220718384 -0.39421337842941284 4.0500001907348633
    endloop
  endfacet
  facet normal 0.87536431596879216 -0.48346387075818681 -0
    outer loop
      vertex 0.65053403377532959 -0.37323650717735291 2.5499999523162842
      vertex 0.6623380184173584 -0.35186409950256348 2.5499999523162842
      vertex 0.6623380184173584 -0.35186409950256348 4.0500001907348633
    endloop
  endfacet
  facet normal 0.87536431596879216 -0.48346387075818681 0
    outer loop
      vertex 0.65053403377532959 -0.37323650717735291 2.5499999523162842
      vertex 0.6623380184173584 -0.35186409950256348 4.0500001907348633
      vertex 0.65053403377532959 -0.37323650717735291 4.0500001907348633
    endloop
  endfacet
  facet normal 0.8906367774778936 -0.45471543915265628 0
    outer loop
      vertex 0.6623380184173584 -0.35186409950256348 2.5499999523162842
      vertex 0.67344009876251221 -0.3301188051700592 2.5499999523162842
      vertex 0.67344009876251221 -0.3301188051700592 4.0500001907348633
    endloop
  endfacet
  facet normal 0.8906367774778936 -0.45471543915265628 0
    outer loop
      vertex 0.6623380184173584 -0.35186409950256348 2.5499999523162842
      vertex 0.67344009876251221 -0.3301188051700592 4.0500001907348633
      vertex 0.6623380184173584 -0.35186409950256348 4.0500001907348633
    endloop
  endfacet
  facet normal 0.90496581600813819 -0.42548427921219872 0
    outer loop
      vertex 0.67344009876251221 -0.3301188051700592 2.5499999523162842
      vertex 0.68382847309112549 -0.30802369117736816 2.5499999523162842
      vertex 0.68382847309112549 -0.30802369117736816 4.0500001907348633
    endloop
  endfacet
  facet normal 0.90496581600813819 -0.42548427921219872 0
    outer loop
      vertex 0.67344009876251221 -0.3301188051700592 2.5499999523162842
      vertex 0.68382847309112549 -0.30802369117736816 4.0500001907348633
      vertex 0.67344009876251221 -0.3301188051700592 4.0500001907348633
    endloop
  endfacet
  facet normal 0.91833552273416719 -0.39580281414432117 -0
    outer loop
      vertex 0.68382847309112549 -0.30802369117736816 2.5499999523162842
      vertex 0.69349217414855957 -0.28560212254524231 2.5499999523162842
      vertex 0.69349217414855957 -0.28560212254524231 4.0500001907348633
    endloop
  endfacet
  facet normal 0.91833552273416719 -0.39580281414432117 0
    outer loop
      vertex 0.68382847309112549 -0.30802369117736816 2.5499999523162842
      vertex 0.69349217414855957 -0.28560212254524231 4.0500001907348633
      vertex 0.68382847309112549 -0.30802369117736816 4.0500001907348633
    endloop
  endfacet
  facet normal 0.93073204156015876 -0.36570188243056523 -0
    outer loop
      vertex 0.69349217414855957 -0.28560212254524231 2.5499999523162842
      vertex 0.70242094993591309 -0.26287788152694702 2.5499999523162842
      vertex 0.70242094993591309 -0.26287788152694702 4.0500001907348633
    endloop
  endfacet
  facet normal 0.93073204156015876 -0.36570188243056523 0
    outer loop
      vertex 0.69349217414855957 -0.28560212254524231 2.5499999523162842
      vertex 0.70242094993591309 -0.26287788152694702 4.0500001907348633
      vertex 0.69349217414855957 -0.28560212254524231 4.0500001907348633
    endloop
  endfacet
  facet normal 0.94214242141248106 -0.33521285442987842 -0
    outer loop
      vertex 0.70242094993591309 -0.26287788152694702 2.5499999523162842
      vertex 0.71060532331466675 -0.23987504839897156 2.5499999523162842
      vertex 0.71060532331466675 -0.23987504839897156 4.0500001907348633
    endloop
  endfacet
  facet normal 0.94214242141248106 -0.33521285442987842 0
    outer loop
      vertex 0.70242094993591309 -0.26287788152694702 2.5499999523162842
      vertex 0.71060532331466675 -0.23987504839897156 4.0500001907348633
      vertex 0.70242094993591309 -0.26287788152694702 4.0500001907348633
    endloop
  endfacet
  facet normal 0.95255391209551876 -0.30436991400518337 -0
    outer loop
      vertex 0.71060532331466675 -0.23987504839897156 2.5499999523162842
      vertex 0.71803665161132812 -0.21661801636219025 2.5499999523162842
      vertex 0.71803665161132812 -0.21661801636219025 4.0500001907348633
    endloop
  endfacet
  facet normal 0.95255391209551876 -0.30436991400518337 0
    outer loop
      vertex 0.71060532331466675 -0.23987504839897156 2.5499999523162842
      vertex 0.71803665161132812 -0.21661801636219025 4.0500001907348633
      vertex 0.71060532331466675 -0.23987504839897156 4.0500001907348633
    endloop
  endfacet
  facet normal 0.96195660336314126 -0.27320229363248033 -0
    outer loop
      vertex 0.71803665161132812 -0.21661801636219025 2.5499999523162842
      vertex 0.72470700740814209 -0.19313141703605652 2.5499999523162842
      vertex 0.72470700740814209 -0.19313141703605652 4.0500001907348633
    endloop
  endfacet
  facet normal 0.96195660336314126 -0.27320229363248033 0
    outer loop
      vertex 0.71803665161132812 -0.21661801636219025 2.5499999523162842
      vertex 0.72470700740814209 -0.19313141703605652 4.0500001907348633
      vertex 0.71803665161132812 -0.21661801636219025 4.0500001907348633
    endloop
  endfacet
  facet normal 0.97033941944835045 -0.2417465843908409 -0
    outer loop
      vertex 0.72470700740814209 -0.19313141703605652 2.5499999523162842
      vertex 0.73060935735702515 -0.16944015026092529 2.5499999523162842
      vertex 0.73060935735702515 -0.16944015026092529 4.0500001907348633
    endloop
  endfacet
  facet normal 0.97033941944835045 -0.2417465843908409 -8.4163528529137975e-19
    outer loop
      vertex 0.72470700740814209 -0.19313141703605652 2.5499999523162842
      vertex 0.73060935735702515 -0.16944015026092529 4.0500001907348633
      vertex 0.72470700740814209 -0.19313141703605652 4.0500001907348633
    endloop
  endfacet
  facet normal 0.97769398945557096 -0.21003443284959233 -0
    outer loop
      vertex 0.73060935735702515 -0.16944015026092529 2.5499999523162842
      vertex 0.73573744297027588 -0.14556930959224701 2.5499999523162842
      vertex 0.73573744297027588 -0.14556930959224701 4.0500001907348633
    endloop
  endfacet
  facet normal 0.97769398945557096 -0.21003443284959233 0
    outer loop
      vertex 0.73060935735702515 -0.16944015026092529 2.5499999523162842
      vertex 0.73573744297027588 -0.14556930959224701 4.0500001907348633
      vertex 0.73060935735702515 -0.16944015026092529 4.0500001907348633
    endloop
  endfacet
  facet normal 0.98401278020374339 -0.1780978618504431 -0
    outer loop
      vertex 0.73573744297027588 -0.14556930959224701 2.5499999523162842
      vertex 0.74008578062057495 -0.12154420465230942 2.5499999523162842
      vertex 0.74008578062057495 -0.12154420465230942 4.0500001907348633
    endloop
  endfacet
  facet normal 0.98401278020374339 -0.1780978618504431 0
    outer loop
      vertex 0.73573744297027588 -0.14556930959224701 2.5499999523162842
      vertex 0.74008578062057495 -0.12154420465230942 4.0500001907348633
      vertex 0.73573744297027588 -0.14556930959224701 4.0500001907348633
    endloop
  endfacet
  facet normal 0.9892878344317545 -0.14597801425327489 -0
    outer loop
      vertex 0.74008578062057495 -0.12154420465230942 2.5499999523162842
      vertex 0.74364989995956421 -0.097390294075012207 2.5499999523162842
      vertex 0.74364989995956421 -0.097390294075012207 4.0500001907348633
    endloop
  endfacet
  facet normal 0.9892878344317545 -0.14597801425327489 0
    outer loop
      vertex 0.74008578062057495 -0.12154420465230942 2.5499999523162842
      vertex 0.74364989995956421 -0.097390294075012207 4.0500001907348633
      vertex 0.74008578062057495 -0.12154420465230942 4.0500001907348633
    endloop
  endfacet
  facet normal 0.99351544842820338 -0.11369720196427956 -0
    outer loop
      vertex 0.74364989995956421 -0.097390294075012207 2.5499999523162842
      vertex 0.74642586708068848 -0.073133178055286407 2.5499999523162842
      vertex 0.74642586708068848 -0.073133178055286407 4.0500001907348633
    endloop
  endfacet
  facet normal 0.99351544842820338 -0.11369720196427956 0
    outer loop
      vertex 0.74364989995956421 -0.097390294075012207 2.5499999523162842
      vertex 0.74642586708068848 -0.073133178055286407 4.0500001907348633
      vertex 0.74364989995956421 -0.097390294075012207 4.0500001907348633
    endloop
  endfacet
  facet normal 0.99668994770497488 -0.081296667483080384 -0
    outer loop
      vertex 0.74642586708068848 -0.073133178055286407 2.5499999523162842
      vertex 0.74841076135635376 -0.048798549920320511 2.5499999523162842
      vertex 0.74841076135635376 -0.048798549920320511 4.0500001907348633
    endloop
  endfacet
  facet normal 0.99668994770497499 -0.081296667483080398 0
    outer loop
      vertex 0.74642586708068848 -0.073133178055286407 2.5499999523162842
      vertex 0.74841076135635376 -0.048798549920320511 4.0500001907348633
      vertex 0.74642586708068848 -0.073133178055286407 4.0500001907348633
    endloop
  endfacet
  facet normal 0.99880780835166816 -0.048815591522966495 0
    outer loop
      vertex 0.74841076135635376 -0.048798549920320511 2.5499999523162842
      vertex 0.74960261583328247 -0.024412211030721664 2.5499999523162842
      vertex 0.74960261583328247 -0.024412211030721664 4.0500001907348633
    endloop
  endfacet
  facet normal 0.99880780835166816 -0.048815591522966495 0
    outer loop
      vertex 0.74841076135635376 -0.048798549920320511 2.5499999523162842
      vertex 0.74960261583328247 -0.024412211030721664 4.0500001907348633
      vertex 0.74841076135635376 -0.048798549920320511 4.0500001907348633
    endloop
  endfacet
  facet normal 0.99986753821783725 -0.016275933712131953 -0
    outer loop
      vertex 0.74960261583328247 -0.024412211030721664 2.5499999523162842
      vertex 0.75 1.962615539765984e-17 2.5499999523162842
      vertex 0.75 1.962615539765984e-17 4.0500001907348633
    endloop
  endfacet
  facet normal 0.99986753821783725 -0.016275933712131953 0
    outer loop
      vertex 0.74960261583328247 -0.024412211030721664 2.5499999523162842
      vertex 0.75 1.962615539765984e-17 4.0500001907348633
      vertex 0.74960261583328247 -0.024412211030721664 4.0500001907348633
    endloop
  endfacet
  facet normal -0 -0 -1
    outer loop
      vertex -0.63153946399688721 -0.40454649925231934 2.5499999523162842
      vertex -0.64437270164489746 -0.38377577066421509 2.5499999523162842
      vertex -0.65652298927307129 -0.36259835958480835 2.5499999523162842
    endloop
  endfacet
  facet normal -0 -0 -1
    outer loop
      vertex -0.66797757148742676 -0.34103664755821228 2.5499999523162842
      vertex -0.70660674571990967 -0.25140976905822754 2.5499999523162842
      vertex -0.65652298927307129 -0.36259835958480835 2.5499999523162842
    endloop
  endfacet
  facet normal -0 -0 -1
    outer loop
      vertex -0.66797757148742676 -0.34103664755821228 2.5499999523162842
      vertex -0.67872422933578491 -0.31911352276802063 2.5499999523162842
      vertex -0.68875157833099365 -0.2968522310256958 2.5499999523162842
    endloop
  endfacet
  facet normal 0 0 -1
    outer loop
      vertex -0.68875157833099365 -0.2968522310256958 2.5499999523162842
      vertex -0.70660674571990967 -0.25140976905822754 2.5499999523162842
      vertex -0.66797757148742676 -0.34103664755821228 2.5499999523162842
    endloop
  endfacet
  facet normal -0 -0 -1
    outer loop
      vertex -0.61803698539733887 -0.42488852143287659 2.5499999523162842
      vertex -0.63153946399688721 -0.40454649925231934 2.5499999523162842
      vertex -0.65652298927307129 -0.36259835958480835 2.5499999523162842
    endloop
  endfacet
  facet normal 0 0 -1
    outer loop
      vertex -0.55763083696365356 -0.5015454888343811 2.5499999523162842
      vertex -0.57366049289703369 -0.48312902450561523 2.5499999523162842
      vertex -0.58908218145370483 -0.46420061588287354 2.5499999523162842
    endloop
  endfacet
  facet normal -0 -0 -1
    outer loop
      vertex -0.65652298927307129 -0.36259835958480835 2.5499999523162842
      vertex -0.70660674571990967 -0.25140976905822754 2.5499999523162842
      vertex -0.55763083696365356 -0.5015454888343811 2.5499999523162842
    endloop
  endfacet
  facet normal 0 0 -1
    outer loop
      vertex -0.58908218145370483 -0.46420061588287354 2.5499999523162842
      vertex -0.60387957096099854 -0.44478023052215576 2.5499999523162842
      vertex -0.61803698539733887 -0.42488852143287659 2.5499999523162842
    endloop
  endfacet
  facet normal -0 -0 -1
    outer loop
      vertex -0.55763083696365356 -0.5015454888343811 2.5499999523162842
      vertex -0.58908218145370483 -0.46420061588287354 2.5499999523162842
      vertex -0.61803698539733887 -0.42488852143287659 2.5499999523162842
    endloop
  endfacet
  facet normal -0 -0 -1
    outer loop
      vertex -0.55763083696365356 -0.5015454888343811 2.5499999523162842
      vertex -0.61803698539733887 -0.42488852143287659 2.5499999523162842
      vertex -0.65652298927307129 -0.36259835958480835 2.5499999523162842
    endloop
  endfacet
  facet normal 0 0 -1
    outer loop
      vertex -0.55763083696365356 -0.5015454888343811 2.5499999523162842
      vertex -0.7419661283493042 -0.10948175191879272 2.5499999523162842
      vertex -0.74751734733581543 0.060973938554525375 2.5499999523162842
    endloop
  endfacet
  facet normal -0 -0 -1
    outer loop
      vertex -0.7419661283493042 -0.10948175191879272 2.5499999523162842
      vertex -0.745136559009552 -0.085273034870624542 2.5499999523162842
      vertex -0.74910593032836914 -0.036610230803489685 2.5499999523162842
    endloop
  endfacet
  facet normal 0 0 -1
    outer loop
      vertex -0.7419661283493042 -0.10948175191879272 2.5499999523162842
      vertex -0.55763083696365356 -0.5015454888343811 2.5499999523162842
      vertex -0.70660674571990967 -0.25140976905822754 2.5499999523162842
    endloop
  endfacet
  facet normal -0 -0 -1
    outer loop
      vertex -0.745136559009552 -0.085273034870624542 2.5499999523162842
      vertex -0.74751734733581543 -0.060973938554525375 2.5499999523162842
      vertex -0.74910593032836914 -0.036610230803489685 2.5499999523162842
    endloop
  endfacet
  facet normal -0 -0 -1
    outer loop
      vertex -0.7419661283493042 -0.10948175191879272 2.5499999523162842
      vertex -0.74910593032836914 -0.036610230803489685 2.5499999523162842
      vertex -0.74751734733581543 0.060973938554525375 2.5499999523162842
    endloop
  endfacet
  facet normal -0 -0 -1
    outer loop
      vertex -0.73327052593231201 -0.15752559900283813 2.5499999523162842
      vertex -0.73800939321517944 -0.13357445597648621 2.5499999523162842
      vertex -0.7419661283493042 -0.10948175191879272 2.5499999523162842
    endloop
  endfacet
  facet normal -0 -0 -1
    outer loop
      vertex -0.7419661283493042 -0.10948175191879272 2.5499999523162842
      vertex -0.70660674571990967 -0.25140976905822754 2.5499999523162842
      vertex -0.71441566944122314 -0.22827677428722382 2.5499999523162842
    endloop
  endfacet
  facet normal 0 0 -1
    outer loop
      vertex -0.70660674571990967 -0.25140976905822754 2.5499999523162842
      vertex -0.68875157833099365 -0.2968522310256958 2.5499999523162842
      vertex -0.69804906845092773 -0.27427631616592407 2.5499999523162842
    endloop
  endfacet
  facet normal -0 -0 -1
    outer loop
      vertex -0.7419661283493042 -0.10948175191879272 2.5499999523162842
      vertex -0.72146743535995483 -0.20490185916423798 2.5499999523162842
      vertex -0.72775459289550781 -0.18130980432033539 2.5499999523162842
    endloop
  endfacet
  facet normal 0 0 -1
    outer loop
      vertex -0.72146743535995483 -0.20490185916423798 2.5499999523162842
      vertex -0.7419661283493042 -0.10948175191879272 2.5499999523162842
      vertex -0.71441566944122314 -0.22827677428722382 2.5499999523162842
    endloop
  endfacet
  facet normal -0 -0 -1
    outer loop
      vertex -0.73327052593231201 -0.15752559900283813 2.5499999523162842
      vertex -0.7419661283493042 -0.10948175191879272 2.5499999523162842
      vertex -0.72775459289550781 -0.18130980432033539 2.5499999523162842
    endloop
  endfacet
  facet normal 0 -0 -1
    outer loop
      vertex -0.74751734733581543 0.060973938554525375 2.5499999523162842
      vertex -0.74910593032836914 -0.036610230803489685 2.5499999523162842
      vertex -0.74990063905715942 -0.012207722291350365 2.5499999523162842
    endloop
  endfacet
  facet normal -0 -0 -1
    outer loop
      vertex -0.52381634712219238 -0.53676480054855347 2.5499999523162842
      vertex -0.54101026058197021 -0.51943039894104004 2.5499999523162842
      vertex -0.55763083696365356 -0.5015454888343811 2.5499999523162842
    endloop
  endfacet
  facet normal 0 0 -1
    outer loop
      vertex -0.187226802110672 -0.72625488042831421 2.5499999523162842
      vertex -0.21076691150665283 -0.71977585554122925 2.5499999523162842
      vertex -0.23408366739749908 -0.71253407001495361 2.5499999523162842
    endloop
  endfacet
  facet normal 0 0 -1
    outer loop
      vertex -0.30244797468185425 -0.68631279468536377 2.5499999523162842
      vertex -0.187226802110672 -0.72625488042831421 2.5499999523162842
      vertex -0.23408366739749908 -0.71253407001495361 2.5499999523162842
    endloop
  endfacet
  facet normal 0 -0 -1
    outer loop
      vertex -0.25715234875679016 -0.70453721284866333 2.5499999523162842
      vertex -0.27994850277900696 -0.69579368829727173 2.5499999523162842
      vertex -0.30244797468185425 -0.68631279468536377 2.5499999523162842
    endloop
  endfacet
  facet normal 0 0 -1
    outer loop
      vertex -0.30244797468185425 -0.68631279468536377 2.5499999523162842
      vertex -0.23408366739749908 -0.71253407001495361 2.5499999523162842
      vertex -0.25715234875679016 -0.70453721284866333 2.5499999523162842
    endloop
  endfacet
  facet normal 0 0 -1
    outer loop
      vertex -0.1395765095949173 -0.73689782619476318 2.5499999523162842
      vertex -0.16348828375339508 -0.73196417093276978 2.5499999523162842
      vertex -0.187226802110672 -0.72625488042831421 2.5499999523162842
    endloop
  endfacet
  facet normal 0 0 -1
    outer loop
      vertex -0.018310572952032089 -0.74977642297744751 2.5499999523162842
      vertex -0.042705804109573364 -0.7487831711769104 2.5499999523162842
      vertex -0.067055776715278625 -0.74699634313583374 2.5499999523162842
    endloop
  endfacet
  facet normal 0 0 -1
    outer loop
      vertex -0.187226802110672 -0.72625488042831421 2.5499999523162842
      vertex 0.0061040632426738739 -0.74997514486312866 2.5499999523162842
      vertex -0.067055776715278625 -0.74699634313583374 2.5499999523162842
    endloop
  endfacet
  facet normal 0 -0 -1
    outer loop
      vertex -0.067055776715278625 -0.74699634313583374 2.5499999523162842
      vertex -0.091334685683250427 -0.74441790580749512 2.5499999523162842
      vertex -0.11551680415868759 -0.74105054140090942 2.5499999523162842
    endloop
  endfacet
  facet normal 0 0 -1
    outer loop
      vertex -0.1395765095949173 -0.73689782619476318 2.5499999523162842
      vertex -0.067055776715278625 -0.74699634313583374 2.5499999523162842
      vertex -0.11551680415868759 -0.74105054140090942 2.5499999523162842
    endloop
  endfacet
  facet normal 0 -0 -1
    outer loop
      vertex -0.067055776715278625 -0.74699634313583374 2.5499999523162842
      vertex -0.1395765095949173 -0.73689782619476318 2.5499999523162842
      vertex -0.187226802110672 -0.72625488042831421 2.5499999523162842
    endloop
  endfacet
  facet normal 0 0 -1
    outer loop
      vertex -0.74751734733581543 0.060973938554525375 2.5499999523162842
      vertex -0.187226802110672 -0.72625488042831421 2.5499999523162842
      vertex -0.52381634712219238 -0.53676480054855347 2.5499999523162842
    endloop
  endfacet
  facet normal 0 -0 -1
    outer loop
      vertex -0.44968032836914062 -0.60023963451385498 2.5499999523162842
      vertex -0.46897962689399719 -0.58528465032577515 2.5499999523162842
      vertex -0.52381634712219238 -0.53676480054855347 2.5499999523162842
    endloop
  endfacet
  facet normal 0 -0 -1
    outer loop
      vertex -0.30244797468185425 -0.68631279468536377 2.5499999523162842
      vertex -0.44968032836914062 -0.60023963451385498 2.5499999523162842
      vertex -0.187226802110672 -0.72625488042831421 2.5499999523162842
    endloop
  endfacet
  facet normal 0 -0 -1
    outer loop
      vertex -0.48778191208839417 -0.5697094202041626 2.5499999523162842
      vertex -0.50606727600097656 -0.55353039503097534 2.5499999523162842
      vertex -0.52381634712219238 -0.53676480054855347 2.5499999523162842
    endloop
  endfacet
  facet normal 0 -0 -1
    outer loop
      vertex -0.46897962689399719 -0.58528465032577515 2.5499999523162842
      vertex -0.48778191208839417 -0.5697094202041626 2.5499999523162842
      vertex -0.52381634712219238 -0.53676480054855347 2.5499999523162842
    endloop
  endfacet
  facet normal 0 0 -1
    outer loop
      vertex -0.4096730649471283 -0.62822604179382324 2.5499999523162842
      vertex -0.42990449070930481 -0.61455845832824707 2.5499999523162842
      vertex -0.44968032836914062 -0.60023963451385498 2.5499999523162842
    endloop
  endfacet
  facet normal 0 -0 -1
    outer loop
      vertex -0.32462692260742188 -0.67610454559326172 2.5499999523162842
      vertex -0.34646186232566833 -0.6651797890663147 2.5499999523162842
      vertex -0.367929607629776 -0.65355014801025391 2.5499999523162842
    endloop
  endfacet
  facet normal 0 0 -1
    outer loop
      vertex -0.30244797468185425 -0.68631279468536377 2.5499999523162842
      vertex -0.32462692260742188 -0.67610454559326172 2.5499999523162842
      vertex -0.4096730649471283 -0.62822604179382324 2.5499999523162842
    endloop
  endfacet
  facet normal 0 -0 -1
    outer loop
      vertex -0.367929607629776 -0.65355014801025391 2.5499999523162842
      vertex -0.38900744915008545 -0.64122790098190308 2.5499999523162842
      vertex -0.4096730649471283 -0.62822604179382324 2.5499999523162842
    endloop
  endfacet
  facet normal 0 0 -1
    outer loop
      vertex -0.32462692260742188 -0.67610454559326172 2.5499999523162842
      vertex -0.367929607629776 -0.65355014801025391 2.5499999523162842
      vertex -0.4096730649471283 -0.62822604179382324 2.5499999523162842
    endloop
  endfacet
  facet normal 0 0 -1
    outer loop
      vertex -0.4096730649471283 -0.62822604179382324 2.5499999523162842
      vertex -0.44968032836914062 -0.60023963451385498 2.5499999523162842
      vertex -0.30244797468185425 -0.68631279468536377 2.5499999523162842
    endloop
  endfacet
  facet normal 0 -0 -1
    outer loop
      vertex -0.52381634712219238 -0.53676480054855347 2.5499999523162842
      vertex -0.187226802110672 -0.72625488042831421 2.5499999523162842
      vertex -0.44968032836914062 -0.60023963451385498 2.5499999523162842
    endloop
  endfacet
  facet normal -0 -0 -1
    outer loop
      vertex -0.55763083696365356 -0.5015454888343811 2.5499999523162842
      vertex -0.74751734733581543 0.060973938554525375 2.5499999523162842
      vertex -0.52381634712219238 -0.53676480054855347 2.5499999523162842
    endloop
  endfacet
  facet normal 0 0 -1
    outer loop
      vertex -0.187226802110672 -0.72625488042831421 2.5499999523162842
      vertex -0.74751734733581543 0.060973938554525375 2.5499999523162842
      vertex 0.26858600974082947 -0.70025819540023804 2.5499999523162842
    endloop
  endfacet
  facet normal 0 -0 -1
    outer loop
      vertex -0.74910593032836914 0.036610230803489685 2.5499999523162842
      vertex -0.74751734733581543 0.060973938554525375 2.5499999523162842
      vertex -0.74990063905715942 0.012207722291350365 2.5499999523162842
    endloop
  endfacet
  facet normal 0 -0 -1
    outer loop
      vertex -0.73327052593231201 0.15752559900283813 2.5499999523162842
      vertex -0.74751734733581543 0.060973938554525375 2.5499999523162842
      vertex -0.73800939321517944 0.13357445597648621 2.5499999523162842
    endloop
  endfacet
  facet normal -0 0 -1
    outer loop
      vertex -0.745136559009552 0.085273034870624542 2.5499999523162842
      vertex -0.7419661283493042 0.10948175191879272 2.5499999523162842
      vertex -0.74751734733581543 0.060973938554525375 2.5499999523162842
    endloop
  endfacet
  facet normal -0 0 -1
    outer loop
      vertex -0.73800939321517944 0.13357445597648621 2.5499999523162842
      vertex -0.74751734733581543 0.060973938554525375 2.5499999523162842
      vertex -0.7419661283493042 0.10948175191879272 2.5499999523162842
    endloop
  endfacet
  facet normal -0 0 -1
    outer loop
      vertex -0.70660674571990967 0.25140976905822754 2.5499999523162842
      vertex -0.63153946399688721 0.40454649925231934 2.5499999523162842
      vertex -0.52381634712219238 0.53676480054855347 2.5499999523162842
    endloop
  endfacet
  facet normal 0 -0 -1
    outer loop
      vertex -0.72146743535995483 0.20490185916423798 2.5499999523162842
      vertex -0.70660674571990967 0.25140976905822754 2.5499999523162842
      vertex -0.72775459289550781 0.18130980432033539 2.5499999523162842
    endloop
  endfacet
  facet normal -0 0 -1
    outer loop
      vertex -0.74751734733581543 0.060973938554525375 2.5499999523162842
      vertex -0.73327052593231201 0.15752559900283813 2.5499999523162842
      vertex -0.72775459289550781 0.18130980432033539 2.5499999523162842
    endloop
  endfacet
  facet normal 0 -0 -1
    outer loop
      vertex -0.71441566944122314 0.22827677428722382 2.5499999523162842
      vertex -0.70660674571990967 0.25140976905822754 2.5499999523162842
      vertex -0.72146743535995483 0.20490185916423798 2.5499999523162842
    endloop
  endfacet
  facet normal -0 0 -1
    outer loop
      vertex -0.72775459289550781 0.18130980432033539 2.5499999523162842
      vertex -0.70660674571990967 0.25140976905822754 2.5499999523162842
      vertex -0.74751734733581543 0.060973938554525375 2.5499999523162842
    endloop
  endfacet
  facet normal -0 0 -1
    outer loop
      vertex -0.69804906845092773 0.27427631616592407 2.5499999523162842
      vertex -0.68875157833099365 0.2968522310256958 2.5499999523162842
      vertex -0.70660674571990967 0.25140976905822754 2.5499999523162842
    endloop
  endfacet
  facet normal -0 0 -1
    outer loop
      vertex -0.70660674571990967 0.25140976905822754 2.5499999523162842
      vertex -0.23408366739749908 0.71253407001495361 2.5499999523162842
      vertex -0.74751734733581543 0.060973938554525375 2.5499999523162842
    endloop
  endfacet
  facet normal -0 0 -1
    outer loop
      vertex -0.66797757148742676 0.34103664755821228 2.5499999523162842
      vertex -0.65652298927307129 0.36259835958480835 2.5499999523162842
      vertex -0.67872422933578491 0.31911352276802063 2.5499999523162842
    endloop
  endfacet
  facet normal -0 0 -1
    outer loop
      vertex -0.68875157833099365 0.2968522310256958 2.5499999523162842
      vertex -0.67872422933578491 0.31911352276802063 2.5499999523162842
      vertex -0.65652298927307129 0.36259835958480835 2.5499999523162842
    endloop
  endfacet
  facet normal 0 -0 -1
    outer loop
      vertex -0.64437270164489746 0.38377577066421509 2.5499999523162842
      vertex -0.63153946399688721 0.40454649925231934 2.5499999523162842
      vertex -0.65652298927307129 0.36259835958480835 2.5499999523162842
    endloop
  endfacet
  facet normal 0 -0 -1
    outer loop
      vertex -0.68875157833099365 0.2968522310256958 2.5499999523162842
      vertex -0.65652298927307129 0.36259835958480835 2.5499999523162842
      vertex -0.63153946399688721 0.40454649925231934 2.5499999523162842
    endloop
  endfacet
  facet normal -0 0 -1
    outer loop
      vertex -0.68875157833099365 0.2968522310256958 2.5499999523162842
      vertex -0.63153946399688721 0.40454649925231934 2.5499999523162842
      vertex -0.70660674571990967 0.25140976905822754 2.5499999523162842
    endloop
  endfacet
  facet normal -0 0 -1
    outer loop
      vertex -0.60387957096099854 0.44478023052215576 2.5499999523162842
      vertex -0.58908218145370483 0.46420061588287354 2.5499999523162842
      vertex -0.61803698539733887 0.42488852143287659 2.5499999523162842
    endloop
  endfacet
  facet normal 0 -0 -1
    outer loop
      vertex -0.57366049289703369 0.48312902450561523 2.5499999523162842
      vertex -0.61803698539733887 0.42488852143287659 2.5499999523162842
      vertex -0.58908218145370483 0.46420061588287354 2.5499999523162842
    endloop
  endfacet
  facet normal -0 0 -1
    outer loop
      vertex -0.54101026058197021 0.51943039894104004 2.5499999523162842
      vertex -0.52381634712219238 0.53676480054855347 2.5499999523162842
      vertex -0.55763083696365356 0.5015454888343811 2.5499999523162842
    endloop
  endfacet
  facet normal -0 0 -1
    outer loop
      vertex -0.63153946399688721 0.40454649925231934 2.5499999523162842
      vertex -0.61803698539733887 0.42488852143287659 2.5499999523162842
      vertex -0.57366049289703369 0.48312902450561523 2.5499999523162842
    endloop
  endfacet
  facet normal -0 0 -1
    outer loop
      vertex -0.63153946399688721 0.40454649925231934 2.5499999523162842
      vertex -0.57366049289703369 0.48312902450561523 2.5499999523162842
      vertex -0.52381634712219238 0.53676480054855347 2.5499999523162842
    endloop
  endfacet
  facet normal 0 -0 -1
    outer loop
      vertex -0.52381634712219238 0.53676480054855347 2.5499999523162842
      vertex -0.57366049289703369 0.48312902450561523 2.5499999523162842
      vertex -0.55763083696365356 0.5015454888343811 2.5499999523162842
    endloop
  endfacet
  facet normal 0 -0 -1
    outer loop
      vertex -0.74990063905715942 -0.012207722291350365 2.5499999523162842
      vertex -0.74990063905715942 0.012207722291350365 2.5499999523162842
      vertex -0.74751734733581543 0.060973938554525375 2.5499999523162842
    endloop
  endfacet
  facet normal -0 0 -1
    outer loop
      vertex -0.48778191208839417 0.5697094202041626 2.5499999523162842
      vertex -0.4096730649471283 0.62822604179382324 2.5499999523162842
      vertex -0.50606727600097656 0.55353039503097534 2.5499999523162842
    endloop
  endfacet
  facet normal 0 -0 -1
    outer loop
      vertex -0.4096730649471283 0.62822604179382324 2.5499999523162842
      vertex -0.48778191208839417 0.5697094202041626 2.5499999523162842
      vertex -0.42990449070930481 0.61455845832824707 2.5499999523162842
    endloop
  endfacet
  facet normal -0 0 -1
    outer loop
      vertex -0.44968032836914062 0.60023963451385498 2.5499999523162842
      vertex -0.42990449070930481 0.61455845832824707 2.5499999523162842
      vertex -0.46897962689399719 0.58528465032577515 2.5499999523162842
    endloop
  endfacet
  facet normal 0 -0 -1
    outer loop
      vertex -0.48778191208839417 0.5697094202041626 2.5499999523162842
      vertex -0.46897962689399719 0.58528465032577515 2.5499999523162842
      vertex -0.42990449070930481 0.61455845832824707 2.5499999523162842
    endloop
  endfacet
  facet normal 0 -0 -1
    outer loop
      vertex -0.52381634712219238 0.53676480054855347 2.5499999523162842
      vertex -0.50606727600097656 0.55353039503097534 2.5499999523162842
      vertex -0.4096730649471283 0.62822604179382324 2.5499999523162842
    endloop
  endfacet
  facet normal -0 0 -1
    outer loop
      vertex -0.367929607629776 0.65355014801025391 2.5499999523162842
      vertex -0.34646186232566833 0.6651797890663147 2.5499999523162842
      vertex -0.38900744915008545 0.64122790098190308 2.5499999523162842
    endloop
  endfacet
  facet normal -0 0 -1
    outer loop
      vertex -0.32462692260742188 0.67610454559326172 2.5499999523162842
      vertex -0.23408366739749908 0.71253407001495361 2.5499999523162842
      vertex -0.38900744915008545 0.64122790098190308 2.5499999523162842
    endloop
  endfacet
  facet normal -0 0 -1
    outer loop
      vertex -0.34646186232566833 0.6651797890663147 2.5499999523162842
      vertex -0.32462692260742188 0.67610454559326172 2.5499999523162842
      vertex -0.38900744915008545 0.64122790098190308 2.5499999523162842
    endloop
  endfacet
  facet normal 0 -0 -1
    outer loop
      vertex -0.23408366739749908 0.71253407001495361 2.5499999523162842
      vertex -0.32462692260742188 0.67610454559326172 2.5499999523162842
      vertex -0.30244797468185425 0.68631279468536377 2.5499999523162842
    endloop
  endfacet
  facet normal 0 -0 -1
    outer loop
      vertex -0.4096730649471283 0.62822604179382324 2.5499999523162842
      vertex -0.38900744915008545 0.64122790098190308 2.5499999523162842
      vertex -0.23408366739749908 0.71253407001495361 2.5499999523162842
    endloop
  endfacet
  facet normal 0 -0 -1
    outer loop
      vertex -0.23408366739749908 0.71253407001495361 2.5499999523162842
      vertex -0.52381634712219238 0.53676480054855347 2.5499999523162842
      vertex -0.4096730649471283 0.62822604179382324 2.5499999523162842
    endloop
  endfacet
  facet normal -0 0 -1
    outer loop
      vertex -0.27994850277900696 0.69579368829727173 2.5499999523162842
      vertex -0.25715234875679016 0.70453721284866333 2.5499999523162842
      vertex -0.30244797468185425 0.68631279468536377 2.5499999523162842
    endloop
  endfacet
  facet normal -0 0 -1
    outer loop
      vertex -0.1395765095949173 0.73689782619476318 2.5499999523162842
      vertex -0.23408366739749908 0.71253407001495361 2.5499999523162842
      vertex -0.16348828375339508 0.73196417093276978 2.5499999523162842
    endloop
  endfacet
  facet normal -0 0 -1
    outer loop
      vertex -0.21076691150665283 0.71977585554122925 2.5499999523162842
      vertex -0.187226802110672 0.72625488042831421 2.5499999523162842
      vertex -0.23408366739749908 0.71253407001495361 2.5499999523162842
    endloop
  endfacet
  facet normal 0 -0 -1
    outer loop
      vertex -0.16348828375339508 0.73196417093276978 2.5499999523162842
      vertex -0.23408366739749908 0.71253407001495361 2.5499999523162842
      vertex -0.187226802110672 0.72625488042831421 2.5499999523162842
    endloop
  endfacet
  facet normal -0 0 -1
    outer loop
      vertex -0.25715234875679016 0.70453721284866333 2.5499999523162842
      vertex -0.23408366739749908 0.71253407001495361 2.5499999523162842
      vertex -0.30244797468185425 0.68631279468536377 2.5499999523162842
    endloop
  endfacet
  facet normal -0 0 -1
    outer loop
      vertex -0.091334685683250427 0.74441790580749512 2.5499999523162842
      vertex -0.067055776715278625 0.74699634313583374 2.5499999523162842
      vertex -0.11551680415868759 0.74105054140090942 2.5499999523162842
    endloop
  endfacet
  facet normal -0 0 -1
    outer loop
      vertex -0.1395765095949173 0.73689782619476318 2.5499999523162842
      vertex -0.11551680415868759 0.74105054140090942 2.5499999523162842
      vertex -0.067055776715278625 0.74699634313583374 2.5499999523162842
    endloop
  endfacet
  facet normal -0 0 -1
    outer loop
      vertex -0.042705804109573364 0.7487831711769104 2.5499999523162842
      vertex -0.018310572952032089 0.74977642297744751 2.5499999523162842
      vertex -0.067055776715278625 0.74699634313583374 2.5499999523162842
    endloop
  endfacet
  facet normal -0 0 -1
    outer loop
      vertex -0.067055776715278625 0.74699634313583374 2.5499999523162842
      vertex -0.018310572952032089 0.74977642297744751 2.5499999523162842
      vertex 0.0061040632426738739 0.74997514486312866 2.5499999523162842
    endloop
  endfacet
  facet normal -0 0 -1
    outer loop
      vertex -0.1395765095949173 0.73689782619476318 2.5499999523162842
      vertex -0.067055776715278625 0.74699634313583374 2.5499999523162842
      vertex 0.0061040632426738739 0.74997514486312866 2.5499999523162842
    endloop
  endfacet
  facet normal -0 0 -1
    outer loop
      vertex -0.52381634712219238 0.53676480054855347 2.5499999523162842
      vertex -0.23408366739749908 0.71253407001495361 2.5499999523162842
      vertex -0.70660674571990967 0.25140976905822754 2.5499999523162842
    endloop
  endfacet
  facet normal 0 0 -1
    outer loop
      vertex -0.23408366739749908 0.71253407001495361 2.5499999523162842
      vertex 0.26858600974082947 -0.70025819540023804 2.5499999523162842
      vertex -0.74751734733581543 0.060973938554525375 2.5499999523162842
    endloop
  endfacet
  facet normal 0 -0 -1
    outer loop
      vertex -0.1395765095949173 0.73689782619476318 2.5499999523162842
      vertex 0.0061040632426738739 0.74997514486312866 2.5499999523162842
      vertex -0.23408366739749908 0.71253407001495361 2.5499999523162842
    endloop
  endfacet
  facet normal 0 0 -1
    outer loop
      vertex -0.018310572952032089 -0.74977642297744751 2.5499999523162842
      vertex -0.067055776715278625 -0.74699634313583374 2.5499999523162842
      vertex 0.0061040632426738739 -0.74997514486312866 2.5499999523162842
    endloop
  endfacet
  facet normal 0 -0 -1
    outer loop
      vertex 0.030512230470776558 -0.74937909841537476 2.5499999523162842
      vertex 0.0061040632426738739 -0.74997514486312866 2.5499999523162842
      vertex 0.079205729067325592 -0.74580591917037964 2.5499999523162842
    endloop
  endfacet
  facet normal 0 -0 -1
    outer loop
      vertex 0.054888062179088593 -0.74798882007598877 2.5499999523162842
      vertex 0.030512230470776558 -0.74937909841537476 2.5499999523162842
      vertex 0.079205729067325592 -0.74580591917037964 2.5499999523162842
    endloop
  endfacet
  facet normal 0 -0 -1
    outer loop
      vertex 0.10343945026397705 -0.74283260107040405 2.5499999523162842
      vertex 0.079205729067325592 -0.74580591917037964 2.5499999523162842
      vertex 0.1515524685382843 -0.7345283031463623 2.5499999523162842
    endloop
  endfacet
  facet normal 0 0 -1
    outer loop
      vertex 0.26858600974082947 -0.70025819540023804 2.5499999523162842
      vertex 0.079205729067325592 -0.74580591917037964 2.5499999523162842
      vertex 0.0061040632426738739 -0.74997514486312866 2.5499999523162842
    endloop
  endfacet
  facet normal 0 0 -1
    outer loop
      vertex 0.10343945026397705 -0.74283260107040405 2.5499999523162842
      vertex 0.1515524685382843 -0.7345283031463623 2.5499999523162842
      vertex 0.12756355106830597 -0.73907208442687988 2.5499999523162842
    endloop
  endfacet
  facet normal 0 -0 -1
    outer loop
      vertex 0.17538078129291534 -0.7292061448097229 2.5499999523162842
      vertex 0.1515524685382843 -0.7345283031463623 2.5499999523162842
      vertex 0.26858600974082947 -0.70025819540023804 2.5499999523162842
    endloop
  endfacet
  facet normal 0 -0 -1
    outer loop
      vertex 0.19902323186397552 -0.72311115264892578 2.5499999523162842
      vertex 0.17538078129291534 -0.7292061448097229 2.5499999523162842
      vertex 0.26858600974082947 -0.70025819540023804 2.5499999523162842
    endloop
  endfacet
  facet normal 0 -0 -1
    outer loop
      vertex 0.19902323186397552 -0.72311115264892578 2.5499999523162842
      vertex 0.26858600974082947 -0.70025819540023804 2.5499999523162842
      vertex 0.24565054476261139 -0.7086295485496521 2.5499999523162842
    endloop
  endfacet
  facet normal 0 -0 -1
    outer loop
      vertex 0.22245475649833679 -0.71624988317489624 2.5499999523162842
      vertex 0.19902323186397552 -0.72311115264892578 2.5499999523162842
      vertex 0.24565054476261139 -0.7086295485496521 2.5499999523162842
    endloop
  endfacet
  facet normal 0 0 -1
    outer loop
      vertex 0.079205729067325592 -0.74580591917037964 2.5499999523162842
      vertex 0.26858600974082947 -0.70025819540023804 2.5499999523162842
      vertex 0.1515524685382843 -0.7345283031463623 2.5499999523162842
    endloop
  endfacet
  facet normal 0 0 -1
    outer loop
      vertex -0.23408366739749908 0.71253407001495361 2.5499999523162842
      vertex 0.69349217414855957 0.28560212254524231 2.5499999523162842
      vertex 0.26858600974082947 -0.70025819540023804 2.5499999523162842
    endloop
  endfacet
  facet normal 0 -0 -1
    outer loop
      vertex 0.31357899308204651 -0.68129891157150269 2.5499999523162842
      vertex 0.26858600974082947 -0.70025819540023804 2.5499999523162842
      vertex 0.51500999927520752 -0.54521983861923218 2.5499999523162842
    endloop
  endfacet
  facet normal 0 -0 -1
    outer loop
      vertex 0.33558884263038635 -0.6707310676574707 2.5499999523162842
      vertex 0.31357899308204651 -0.68129891157150269 2.5499999523162842
      vertex 0.39939317107200623 -0.63481104373931885 2.5499999523162842
    endloop
  endfacet
  facet normal 0 0 -1
    outer loop
      vertex 0.33558884263038635 -0.6707310676574707 2.5499999523162842
      vertex 0.39939317107200623 -0.63481104373931885 2.5499999523162842
      vertex 0.37851867079734802 -0.64747476577758789 2.5499999523162842
    endloop
  endfacet
  facet normal 0 0 -1
    outer loop
      vertex 0.35724306106567383 -0.65945231914520264 2.5499999523162842
      vertex 0.33558884263038635 -0.6707310676574707 2.5499999523162842
      vertex 0.37851867079734802 -0.64747476577758789 2.5499999523162842
    endloop
  endfacet
  facet normal 0 0 -1
    outer loop
      vertex 0.39939317107200623 -0.63481104373931885 2.5499999523162842
      vertex 0.31357899308204651 -0.68129891157150269 2.5499999523162842
      vertex 0.51500999927520752 -0.54521983861923218 2.5499999523162842
    endloop
  endfacet
  facet normal 0 0 -1
    outer loop
      vertex 0.51500999927520752 -0.54521983861923218 2.5499999523162842
      vertex 0.43985068798065186 -0.6074795126914978 2.5499999523162842
      vertex 0.39939317107200623 -0.63481104373931885 2.5499999523162842
    endloop
  endfacet
  facet normal 0 -0 -1
    outer loop
      vertex 0.45939084887504578 -0.59284067153930664 2.5499999523162842
      vertex 0.43985068798065186 -0.6074795126914978 2.5499999523162842
      vertex 0.47844415903091431 -0.57757353782653809 2.5499999523162842
    endloop
  endfacet
  facet normal 0 -0 -1
    outer loop
      vertex 0.51500999927520752 -0.54521983861923218 2.5499999523162842
      vertex 0.49699044227600098 -0.56169432401657104 2.5499999523162842
      vertex 0.47844415903091431 -0.57757353782653809 2.5499999523162842
    endloop
  endfacet
  facet normal 0 0 -1
    outer loop
      vertex 0.43985068798065186 -0.6074795126914978 2.5499999523162842
      vertex 0.51500999927520752 -0.54521983861923218 2.5499999523162842
      vertex 0.47844415903091431 -0.57757353782653809 2.5499999523162842
    endloop
  endfacet
  facet normal 0 -0 -1
    outer loop
      vertex 0.41984438896179199 -0.62147462368011475 2.5499999523162842
      vertex 0.39939317107200623 -0.63481104373931885 2.5499999523162842
      vertex 0.43985068798065186 -0.6074795126914978 2.5499999523162842
    endloop
  endfacet
  facet normal 0 -0 -1
    outer loop
      vertex 0.29123681783676147 -0.69114476442337036 2.5499999523162842
      vertex 0.26858600974082947 -0.70025819540023804 2.5499999523162842
      vertex 0.31357899308204651 -0.68129891157150269 2.5499999523162842
    endloop
  endfacet
  facet normal 0 -0 -1
    outer loop
      vertex 0.51500999927520752 -0.54521983861923218 2.5499999523162842
      vertex 0.26858600974082947 -0.70025819540023804 2.5499999523162842
      vertex 0.6623380184173584 -0.35186409950256348 2.5499999523162842
    endloop
  endfacet
  facet normal 0 0 -1
    outer loop
      vertex 0.54939329624176025 -0.51055556535720825 2.5499999523162842
      vertex 0.51500999927520752 -0.54521983861923218 2.5499999523162842
      vertex 0.6623380184173584 -0.35186409950256348 2.5499999523162842
    endloop
  endfacet
  facet normal 0 0 -1
    outer loop
      vertex 0.56572061777114868 -0.49240249395370483 2.5499999523162842
      vertex 0.54939329624176025 -0.51055556535720825 2.5499999523162842
      vertex 0.61103922128677368 -0.43489199876785278 2.5499999523162842
    endloop
  endfacet
  facet normal 0 0 -1
    outer loop
      vertex 0.56572061777114868 -0.49240249395370483 2.5499999523162842
      vertex 0.61103922128677368 -0.43489199876785278 2.5499999523162842
      vertex 0.59655988216400146 -0.45455065369606018 2.5499999523162842
    endloop
  endfacet
  facet normal 0 0 -1
    outer loop
      vertex 0.58144831657409668 -0.47372758388519287 2.5499999523162842
      vertex 0.56572061777114868 -0.49240249395370483 2.5499999523162842
      vertex 0.59655988216400146 -0.45455065369606018 2.5499999523162842
    endloop
  endfacet
  facet normal 0 0 -1
    outer loop
      vertex 0.61103922128677368 -0.43489199876785278 2.5499999523162842
      vertex 0.54939329624176025 -0.51055556535720825 2.5499999523162842
      vertex 0.63804060220718384 -0.39421337842941284 2.5499999523162842
    endloop
  endfacet
  facet normal -0 0 -1
    outer loop
      vertex 0.6623380184173584 -0.35186409950256348 2.5499999523162842
      vertex 0.63804060220718384 -0.39421337842941284 2.5499999523162842
      vertex 0.54939329624176025 -0.51055556535720825 2.5499999523162842
    endloop
  endfacet
  facet normal -0 0 -1
    outer loop
      vertex 0.65053403377532959 -0.37323650717735291 2.5499999523162842
      vertex 0.63804060220718384 -0.39421337842941284 2.5499999523162842
      vertex 0.6623380184173584 -0.35186409950256348 2.5499999523162842
    endloop
  endfacet
  facet normal 0 0 -1
    outer loop
      vertex 0.72470700740814209 -0.19313141703605652 2.5499999523162842
      vertex 0.67344009876251221 -0.3301188051700592 2.5499999523162842
      vertex 0.6623380184173584 -0.35186409950256348 2.5499999523162842
    endloop
  endfacet
  facet normal 0 0 -1
    outer loop
      vertex 0.69349217414855957 0.28560212254524231 2.5499999523162842
      vertex 0.6623380184173584 -0.35186409950256348 2.5499999523162842
      vertex 0.26858600974082947 -0.70025819540023804 2.5499999523162842
    endloop
  endfacet
  facet normal 0 0 -1
    outer loop
      vertex 0.61103922128677368 -0.43489199876785278 2.5499999523162842
      vertex 0.63804060220718384 -0.39421337842941284 2.5499999523162842
      vertex 0.62487101554870605 -0.41477245092391968 2.5499999523162842
    endloop
  endfacet
  facet normal -0 0 -1
    outer loop
      vertex 0.67344009876251221 -0.3301188051700592 2.5499999523162842
      vertex 0.69349217414855957 -0.28560212254524231 2.5499999523162842
      vertex 0.68382847309112549 -0.30802369117736816 2.5499999523162842
    endloop
  endfacet
  facet normal 0 0 -1
    outer loop
      vertex 0.70242094993591309 -0.26287788152694702 2.5499999523162842
      vertex 0.69349217414855957 -0.28560212254524231 2.5499999523162842
      vertex 0.71803665161132812 -0.21661801636219025 2.5499999523162842
    endloop
  endfacet
  facet normal 0 0 -1
    outer loop
      vertex 0.71060532331466675 -0.23987504839897156 2.5499999523162842
      vertex 0.70242094993591309 -0.26287788152694702 2.5499999523162842
      vertex 0.71803665161132812 -0.21661801636219025 2.5499999523162842
    endloop
  endfacet
  facet normal 0 0 -1
    outer loop
      vertex 0.6623380184173584 -0.35186409950256348 2.5499999523162842
      vertex 0.74008578062057495 0.12154420465230942 2.5499999523162842
      vertex 0.72470700740814209 -0.19313141703605652 2.5499999523162842
    endloop
  endfacet
  facet normal 0 0 -1
    outer loop
      vertex 0.71803665161132812 -0.21661801636219025 2.5499999523162842
      vertex 0.69349217414855957 -0.28560212254524231 2.5499999523162842
      vertex 0.72470700740814209 -0.19313141703605652 2.5499999523162842
    endloop
  endfacet
  facet normal 0 0 -1
    outer loop
      vertex 0.73060935735702515 -0.16944015026092529 2.5499999523162842
      vertex 0.72470700740814209 -0.19313141703605652 2.5499999523162842
      vertex 0.73573744297027588 -0.14556930959224701 2.5499999523162842
    endloop
  endfacet
  facet normal 0 0 -1
    outer loop
      vertex 0.74364989995956421 -0.097390294075012207 2.5499999523162842
      vertex 0.74008578062057495 -0.12154420465230942 2.5499999523162842
      vertex 0.73573744297027588 -0.14556930959224701 2.5499999523162842
    endloop
  endfacet
  facet normal 0 0 -1
    outer loop
      vertex 0.74364989995956421 -0.097390294075012207 2.5499999523162842
      vertex 0.72470700740814209 -0.19313141703605652 2.5499999523162842
      vertex 0.74642586708068848 0.073133178055286407 2.5499999523162842
    endloop
  endfacet
  facet normal 0 0 -1
    outer loop
      vertex 0.74960261583328247 -0.024412211030721664 2.5499999523162842
      vertex 0.74841076135635376 -0.048798549920320511 2.5499999523162842
      vertex 0.74642586708068848 -0.073133178055286407 2.5499999523162842
    endloop
  endfacet
  facet normal 0 0 -1
    outer loop
      vertex 0.74960261583328247 0.024412211030721664 2.5499999523162842
      vertex 0.74642586708068848 -0.073133178055286407 2.5499999523162842
      vertex 0.74364989995956421 -0.097390294075012207 2.5499999523162842
    endloop
  endfacet
  facet normal 0 0 -1
    outer loop
      vertex 0.73573744297027588 -0.14556930959224701 2.5499999523162842
      vertex 0.72470700740814209 -0.19313141703605652 2.5499999523162842
      vertex 0.74364989995956421 -0.097390294075012207 2.5499999523162842
    endloop
  endfacet
  facet normal 0 0 -1
    outer loop
      vertex 0.69349217414855957 -0.28560212254524231 2.5499999523162842
      vertex 0.67344009876251221 -0.3301188051700592 2.5499999523162842
      vertex 0.72470700740814209 -0.19313141703605652 2.5499999523162842
    endloop
  endfacet
  facet normal -0 0 -1
    outer loop
      vertex 0.53248381614685059 -0.52816754579544067 2.5499999523162842
      vertex 0.51500999927520752 -0.54521983861923218 2.5499999523162842
      vertex 0.54939329624176025 -0.51055556535720825 2.5499999523162842
    endloop
  endfacet
  facet normal -0 0 -1
    outer loop
      vertex 0.74642586708068848 -0.073133178055286407 2.5499999523162842
      vertex 0.74960261583328247 0.024412211030721664 2.5499999523162842
      vertex 0.74960261583328247 -0.024412211030721664 2.5499999523162842
    endloop
  endfacet
  facet normal 0 0 -1
    outer loop
      vertex 0.37851867079734802 0.64747476577758789 2.5499999523162842
      vertex 0.39939317107200623 0.63481104373931885 2.5499999523162842
      vertex 0.35724306106567383 0.65945231914520264 2.5499999523162842
    endloop
  endfacet
  facet normal 0 0 -1
    outer loop
      vertex 0.33558884263038635 0.6707310676574707 2.5499999523162842
      vertex 0.35724306106567383 0.65945231914520264 2.5499999523162842
      vertex 0.39939317107200623 0.63481104373931885 2.5499999523162842
    endloop
  endfacet
  facet normal 0 0 -1
    outer loop
      vertex 0.31357899308204651 0.68129891157150269 2.5499999523162842
      vertex 0.33558884263038635 0.6707310676574707 2.5499999523162842
      vertex 0.29123681783676147 0.69114476442337036 2.5499999523162842
    endloop
  endfacet
  facet normal 0 0 -1
    outer loop
      vertex -0.23408366739749908 0.71253407001495361 2.5499999523162842
      vertex 0.0061040632426738739 0.74997514486312866 2.5499999523162842
      vertex 0.33558884263038635 0.6707310676574707 2.5499999523162842
    endloop
  endfacet
  facet normal 0 0 -1
    outer loop
      vertex 0.43985068798065186 0.6074795126914978 2.5499999523162842
      vertex 0.53248381614685059 0.52816754579544067 2.5499999523162842
      vertex 0.39939317107200623 0.63481104373931885 2.5499999523162842
    endloop
  endfacet
  facet normal 0 0 -1
    outer loop
      vertex 0.51500999927520752 0.54521983861923218 2.5499999523162842
      vertex 0.43985068798065186 0.6074795126914978 2.5499999523162842
      vertex 0.49699044227600098 0.56169432401657104 2.5499999523162842
    endloop
  endfacet
  facet normal 0 0 -1
    outer loop
      vertex 0.47844415903091431 0.57757353782653809 2.5499999523162842
      vertex 0.49699044227600098 0.56169432401657104 2.5499999523162842
      vertex 0.45939084887504578 0.59284067153930664 2.5499999523162842
    endloop
  endfacet
  facet normal 0 0 -1
    outer loop
      vertex 0.39939317107200623 0.63481104373931885 2.5499999523162842
      vertex 0.41984438896179199 0.62147462368011475 2.5499999523162842
      vertex 0.43985068798065186 0.6074795126914978 2.5499999523162842
    endloop
  endfacet
  facet normal 0 0 -1
    outer loop
      vertex 0.45939084887504578 0.59284067153930664 2.5499999523162842
      vertex 0.49699044227600098 0.56169432401657104 2.5499999523162842
      vertex 0.43985068798065186 0.6074795126914978 2.5499999523162842
    endloop
  endfacet
  facet normal -0 -0 -1
    outer loop
      vertex 0.53248381614685059 0.52816754579544067 2.5499999523162842
      vertex 0.43985068798065186 0.6074795126914978 2.5499999523162842
      vertex 0.51500999927520752 0.54521983861923218 2.5499999523162842
    endloop
  endfacet
  facet normal 0 0 -1
    outer loop
      vertex 0.29123681783676147 0.69114476442337036 2.5499999523162842
      vertex 0.33558884263038635 0.6707310676574707 2.5499999523162842
      vertex 0.22245475649833679 0.71624988317489624 2.5499999523162842
    endloop
  endfacet
  facet normal 0 0 -1
    outer loop
      vertex 0.10343945026397705 0.74283260107040405 2.5499999523162842
      vertex 0.12756355106830597 0.73907208442687988 2.5499999523162842
      vertex 0.079205729067325592 0.74580591917037964 2.5499999523162842
    endloop
  endfacet
  facet normal 0 0 -1
    outer loop
      vertex 0.030512230470776558 0.74937909841537476 2.5499999523162842
      vertex 0.079205729067325592 0.74580591917037964 2.5499999523162842
      vertex 0.12756355106830597 0.73907208442687988 2.5499999523162842
    endloop
  endfacet
  facet normal 0 0 -1
    outer loop
      vertex 0.0061040632426738739 0.74997514486312866 2.5499999523162842
      vertex 0.030512230470776558 0.74937909841537476 2.5499999523162842
      vertex 0.12756355106830597 0.73907208442687988 2.5499999523162842
    endloop
  endfacet
  facet normal 0 0 -1
    outer loop
      vertex 0.054888062179088593 0.74798882007598877 2.5499999523162842
      vertex 0.079205729067325592 0.74580591917037964 2.5499999523162842
      vertex 0.030512230470776558 0.74937909841537476 2.5499999523162842
    endloop
  endfacet
  facet normal -0 -0 -1
    outer loop
      vertex 0.22245475649833679 0.71624988317489624 2.5499999523162842
      vertex 0.0061040632426738739 0.74997514486312866 2.5499999523162842
      vertex 0.12756355106830597 0.73907208442687988 2.5499999523162842
    endloop
  endfacet
  facet normal -0 -0 -1
    outer loop
      vertex 0.24565054476261139 0.7086295485496521 2.5499999523162842
      vertex 0.26858600974082947 0.70025819540023804 2.5499999523162842
      vertex 0.22245475649833679 0.71624988317489624 2.5499999523162842
    endloop
  endfacet
  facet normal -0 -0 -1
    outer loop
      vertex 0.22245475649833679 0.71624988317489624 2.5499999523162842
      vertex 0.12756355106830597 0.73907208442687988 2.5499999523162842
      vertex 0.17538078129291534 0.7292061448097229 2.5499999523162842
    endloop
  endfacet
  facet normal 0 0 -1
    outer loop
      vertex 0.12756355106830597 0.73907208442687988 2.5499999523162842
      vertex 0.1515524685382843 0.7345283031463623 2.5499999523162842
      vertex 0.17538078129291534 0.7292061448097229 2.5499999523162842
    endloop
  endfacet
  facet normal 0 0 -1
    outer loop
      vertex 0.19902323186397552 0.72311115264892578 2.5499999523162842
      vertex 0.22245475649833679 0.71624988317489624 2.5499999523162842
      vertex 0.17538078129291534 0.7292061448097229 2.5499999523162842
    endloop
  endfacet
  facet normal 0 0 -1
    outer loop
      vertex 0.22245475649833679 0.71624988317489624 2.5499999523162842
      vertex 0.33558884263038635 0.6707310676574707 2.5499999523162842
      vertex 0.0061040632426738739 0.74997514486312866 2.5499999523162842
    endloop
  endfacet
  facet normal 0 0 -1
    outer loop
      vertex 0.22245475649833679 0.71624988317489624 2.5499999523162842
      vertex 0.26858600974082947 0.70025819540023804 2.5499999523162842
      vertex 0.29123681783676147 0.69114476442337036 2.5499999523162842
    endloop
  endfacet
  facet normal 0 0 -1
    outer loop
      vertex 0.33558884263038635 0.6707310676574707 2.5499999523162842
      vertex 0.39939317107200623 0.63481104373931885 2.5499999523162842
      vertex -0.23408366739749908 0.71253407001495361 2.5499999523162842
    endloop
  endfacet
  facet normal -0 0 -1
    outer loop
      vertex 0.73060935735702515 0.16944015026092529 2.5499999523162842
      vertex 0.73573744297027588 0.14556930959224701 2.5499999523162842
      vertex 0.72470700740814209 0.19313141703605652 2.5499999523162842
    endloop
  endfacet
  facet normal -0 0 -1
    outer loop
      vertex 0.71060532331466675 0.23987504839897156 2.5499999523162842
      vertex 0.72470700740814209 0.19313141703605652 2.5499999523162842
      vertex 0.73573744297027588 0.14556930959224701 2.5499999523162842
    endloop
  endfacet
  facet normal 0 0 -1
    outer loop
      vertex 0.71060532331466675 0.23987504839897156 2.5499999523162842
      vertex 0.73573744297027588 0.14556930959224701 2.5499999523162842
      vertex 0.74008578062057495 0.12154420465230942 2.5499999523162842
    endloop
  endfacet
  facet normal 0 0 -1
    outer loop
      vertex 0.71803665161132812 0.21661801636219025 2.5499999523162842
      vertex 0.72470700740814209 0.19313141703605652 2.5499999523162842
      vertex 0.71060532331466675 0.23987504839897156 2.5499999523162842
    endloop
  endfacet
  facet normal -0 0 -1
    outer loop
      vertex 0.71060532331466675 0.23987504839897156 2.5499999523162842
      vertex 0.74008578062057495 0.12154420465230942 2.5499999523162842
      vertex 0.69349217414855957 0.28560212254524231 2.5499999523162842
    endloop
  endfacet
  facet normal 0 0 -1
    outer loop
      vertex 0.74008578062057495 0.12154420465230942 2.5499999523162842
      vertex 0.6623380184173584 -0.35186409950256348 2.5499999523162842
      vertex 0.69349217414855957 0.28560212254524231 2.5499999523162842
    endloop
  endfacet
  facet normal -0 0 -1
    outer loop
      vertex 0.74841076135635376 0.048798549920320511 2.5499999523162842
      vertex 0.74960261583328247 0.024412211030721664 2.5499999523162842
      vertex 0.74642586708068848 0.073133178055286407 2.5499999523162842
    endloop
  endfacet
  facet normal 0 0 -1
    outer loop
      vertex 0.74364989995956421 0.097390294075012207 2.5499999523162842
      vertex 0.74642586708068848 0.073133178055286407 2.5499999523162842
      vertex 0.74008578062057495 0.12154420465230942 2.5499999523162842
    endloop
  endfacet
  facet normal 0 0 -1
    outer loop
      vertex 0.39939317107200623 0.63481104373931885 2.5499999523162842
      vertex 0.69349217414855957 0.28560212254524231 2.5499999523162842
      vertex -0.23408366739749908 0.71253407001495361 2.5499999523162842
    endloop
  endfacet
  facet normal -0 0 -1
    outer loop
      vertex 0.72470700740814209 -0.19313141703605652 2.5499999523162842
      vertex 0.74008578062057495 0.12154420465230942 2.5499999523162842
      vertex 0.74642586708068848 0.073133178055286407 2.5499999523162842
    endloop
  endfacet
  facet normal -0 0 -1
    outer loop
      vertex 0.69349217414855957 0.28560212254524231 2.5499999523162842
      vertex 0.70242094993591309 0.26287788152694702 2.5499999523162842
      vertex 0.71060532331466675 0.23987504839897156 2.5499999523162842
    endloop
  endfacet
  facet normal -0 0 -1
    outer loop
      vertex 0.63804060220718384 0.39421337842941284 2.5499999523162842
      vertex 0.59655988216400146 0.45455065369606018 2.5499999523162842
      vertex 0.61103922128677368 0.43489199876785278 2.5499999523162842
    endloop
  endfacet
  facet normal -0 0 -1
    outer loop
      vertex 0.58144831657409668 0.47372758388519287 2.5499999523162842
      vertex 0.59655988216400146 0.45455065369606018 2.5499999523162842
      vertex 0.56572061777114868 0.49240249395370483 2.5499999523162842
    endloop
  endfacet
  facet normal 0 0 -1
    outer loop
      vertex 0.59655988216400146 0.45455065369606018 2.5499999523162842
      vertex 0.63804060220718384 0.39421337842941284 2.5499999523162842
      vertex 0.54939329624176025 0.51055556535720825 2.5499999523162842
    endloop
  endfacet
  facet normal -0 0 -1
    outer loop
      vertex 0.56572061777114868 0.49240249395370483 2.5499999523162842
      vertex 0.59655988216400146 0.45455065369606018 2.5499999523162842
      vertex 0.54939329624176025 0.51055556535720825 2.5499999523162842
    endloop
  endfacet
  facet normal 0 0 -1
    outer loop
      vertex 0.54939329624176025 0.51055556535720825 2.5499999523162842
      vertex 0.39939317107200623 0.63481104373931885 2.5499999523162842
      vertex 0.53248381614685059 0.52816754579544067 2.5499999523162842
    endloop
  endfacet
  facet normal -0 0 -1
    outer loop
      vertex 0.69349217414855957 0.28560212254524231 2.5499999523162842
      vertex 0.6623380184173584 0.35186409950256348 2.5499999523162842
      vertex 0.68382847309112549 0.30802369117736816 2.5499999523162842
    endloop
  endfacet
  facet normal 0 0 -1
    outer loop
      vertex 0.67344009876251221 0.3301188051700592 2.5499999523162842
      vertex 0.68382847309112549 0.30802369117736816 2.5499999523162842
      vertex 0.6623380184173584 0.35186409950256348 2.5499999523162842
    endloop
  endfacet
  facet normal -0 0 -1
    outer loop
      vertex 0.62487101554870605 0.41477245092391968 2.5499999523162842
      vertex 0.63804060220718384 0.39421337842941284 2.5499999523162842
      vertex 0.61103922128677368 0.43489199876785278 2.5499999523162842
    endloop
  endfacet
  facet normal 0 0 -1
    outer loop
      vertex 0.63804060220718384 0.39421337842941284 2.5499999523162842
      vertex 0.65053403377532959 0.37323650717735291 2.5499999523162842
      vertex 0.6623380184173584 0.35186409950256348 2.5499999523162842
    endloop
  endfacet
  facet normal 0 0 -1
    outer loop
      vertex 0.63804060220718384 0.39421337842941284 2.5499999523162842
      vertex 0.6623380184173584 0.35186409950256348 2.5499999523162842
      vertex 0.69349217414855957 0.28560212254524231 2.5499999523162842
    endloop
  endfacet
  facet normal -0 0 -1
    outer loop
      vertex 0.69349217414855957 0.28560212254524231 2.5499999523162842
      vertex 0.54939329624176025 0.51055556535720825 2.5499999523162842
      vertex 0.63804060220718384 0.39421337842941284 2.5499999523162842
    endloop
  endfacet
  facet normal 0 0 -1
    outer loop
      vertex 0.39939317107200623 0.63481104373931885 2.5499999523162842
      vertex 0.54939329624176025 0.51055556535720825 2.5499999523162842
      vertex 0.69349217414855957 0.28560212254524231 2.5499999523162842
    endloop
  endfacet
  facet normal 0 0 -1
    outer loop
      vertex 0.74642586708068848 0.073133178055286407 2.5499999523162842
      vertex 0.74960261583328247 0.024412211030721664 2.5499999523162842
      vertex 0.74364989995956421 -0.097390294075012207 2.5499999523162842
    endloop
  endfacet
  facet normal 0 0 -1
    outer loop
      vertex 0.74960261583328247 0.024412211030721664 2.5499999523162842
      vertex 0.75 1.962615539765984e-17 2.5499999523162842
      vertex 0.74960261583328247 -0.024412211030721664 2.5499999523162842
    endloop
  endfacet
  facet normal 0 -0 -1
    outer loop
      vertex 0.0061040632426738739 -0.74997514486312866 2.5499999523162842
      vertex -0.187226802110672 -0.72625488042831421 2.5499999523162842
      vertex 0.26858600974082947 -0.70025819540023804 2.5499999523162842
    endloop
  endfacet
  facet normal -0 -0 1
    outer loop
      vertex -0.63153946399688721 -0.40454649925231934 4.0500001907348633
      vertex -0.65652298927307129 -0.36259835958480835 4.0500001907348633
      vertex -0.64437270164489746 -0.38377577066421509 4.0500001907348633
    endloop
  endfacet
  facet normal 0 0 1
    outer loop
      vertex -0.66797757148742676 -0.34103664755821228 4.0500001907348633
      vertex -0.65652298927307129 -0.36259835958480835 4.0500001907348633
      vertex -0.70660674571990967 -0.25140976905822754 4.0500001907348633
    endloop
  endfacet
  facet normal -0 -0 1
    outer loop
      vertex -0.66797757148742676 -0.34103664755821228 4.0500001907348633
      vertex -0.68875157833099365 -0.2968522310256958 4.0500001907348633
      vertex -0.67872422933578491 -0.31911352276802063 4.0500001907348633
    endloop
  endfacet
  facet normal 0 0 1
    outer loop
      vertex -0.68875157833099365 -0.2968522310256958 4.0500001907348633
      vertex -0.66797757148742676 -0.34103664755821228 4.0500001907348633
      vertex -0.70660674571990967 -0.25140976905822754 4.0500001907348633
    endloop
  endfacet
  facet normal -0 -0 1
    outer loop
      vertex -0.61803698539733887 -0.42488852143287659 4.0500001907348633
      vertex -0.65652298927307129 -0.36259835958480835 4.0500001907348633
      vertex -0.63153946399688721 -0.40454649925231934 4.0500001907348633
    endloop
  endfacet
  facet normal 0 0 1
    outer loop
      vertex -0.55763083696365356 -0.5015454888343811 4.0500001907348633
      vertex -0.58908218145370483 -0.46420061588287354 4.0500001907348633
      vertex -0.57366049289703369 -0.48312902450561523 4.0500001907348633
    endloop
  endfacet
  facet normal -0 -0 1
    outer loop
      vertex -0.65652298927307129 -0.36259835958480835 4.0500001907348633
      vertex -0.55763083696365356 -0.5015454888343811 4.0500001907348633
      vertex -0.70660674571990967 -0.25140976905822754 4.0500001907348633
    endloop
  endfacet
  facet normal 0 0 1
    outer loop
      vertex -0.58908218145370483 -0.46420061588287354 4.0500001907348633
      vertex -0.61803698539733887 -0.42488852143287659 4.0500001907348633
      vertex -0.60387957096099854 -0.44478023052215576 4.0500001907348633
    endloop
  endfacet
  facet normal -0 -0 1
    outer loop
      vertex -0.55763083696365356 -0.5015454888343811 4.0500001907348633
      vertex -0.61803698539733887 -0.42488852143287659 4.0500001907348633
      vertex -0.58908218145370483 -0.46420061588287354 4.0500001907348633
    endloop
  endfacet
  facet normal -0 -0 1
    outer loop
      vertex -0.55763083696365356 -0.5015454888343811 4.0500001907348633
      vertex -0.65652298927307129 -0.36259835958480835 4.0500001907348633
      vertex -0.61803698539733887 -0.42488852143287659 4.0500001907348633
    endloop
  endfacet
  facet normal 0 0 1
    outer loop
      vertex -0.55763083696365356 -0.5015454888343811 4.0500001907348633
      vertex -0.74751734733581543 0.060973938554525375 4.0500001907348633
      vertex -0.7419661283493042 -0.10948175191879272 4.0500001907348633
    endloop
  endfacet
  facet normal -0 -0 1
    outer loop
      vertex -0.7419661283493042 -0.10948175191879272 4.0500001907348633
      vertex -0.74910593032836914 -0.036610230803489685 4.0500001907348633
      vertex -0.745136559009552 -0.085273034870624542 4.0500001907348633
    endloop
  endfacet
  facet normal 0 0 1
    outer loop
      vertex -0.7419661283493042 -0.10948175191879272 4.0500001907348633
      vertex -0.70660674571990967 -0.25140976905822754 4.0500001907348633
      vertex -0.55763083696365356 -0.5015454888343811 4.0500001907348633
    endloop
  endfacet
  facet normal -0 -0 1
    outer loop
      vertex -0.745136559009552 -0.085273034870624542 4.0500001907348633
      vertex -0.74910593032836914 -0.036610230803489685 4.0500001907348633
      vertex -0.74751734733581543 -0.060973938554525375 4.0500001907348633
    endloop
  endfacet
  facet normal -0 -0 1
    outer loop
      vertex -0.7419661283493042 -0.10948175191879272 4.0500001907348633
      vertex -0.74751734733581543 0.060973938554525375 4.0500001907348633
      vertex -0.74910593032836914 -0.036610230803489685 4.0500001907348633
    endloop
  endfacet
  facet normal -0 -0 1
    outer loop
      vertex -0.73327052593231201 -0.15752559900283813 4.0500001907348633
      vertex -0.7419661283493042 -0.10948175191879272 4.0500001907348633
      vertex -0.73800939321517944 -0.13357445597648621 4.0500001907348633
    endloop
  endfacet
  facet normal -0 -0 1
    outer loop
      vertex -0.7419661283493042 -0.10948175191879272 4.0500001907348633
      vertex -0.71441566944122314 -0.22827677428722382 4.0500001907348633
      vertex -0.70660674571990967 -0.25140976905822754 4.0500001907348633
    endloop
  endfacet
  facet normal 0 0 1
    outer loop
      vertex -0.70660674571990967 -0.25140976905822754 4.0500001907348633
      vertex -0.69804906845092773 -0.27427631616592407 4.0500001907348633
      vertex -0.68875157833099365 -0.2968522310256958 4.0500001907348633
    endloop
  endfacet
  facet normal -0 -0 1
    outer loop
      vertex -0.7419661283493042 -0.10948175191879272 4.0500001907348633
      vertex -0.72775459289550781 -0.18130980432033539 4.0500001907348633
      vertex -0.72146743535995483 -0.20490185916423798 4.0500001907348633
    endloop
  endfacet
  facet normal 0 0 1
    outer loop
      vertex -0.72146743535995483 -0.20490185916423798 4.0500001907348633
      vertex -0.71441566944122314 -0.22827677428722382 4.0500001907348633
      vertex -0.7419661283493042 -0.10948175191879272 4.0500001907348633
    endloop
  endfacet
  facet normal 0 0 1
    outer loop
      vertex -0.73327052593231201 -0.15752559900283813 4.0500001907348633
      vertex -0.72775459289550781 -0.18130980432033539 4.0500001907348633
      vertex -0.7419661283493042 -0.10948175191879272 4.0500001907348633
    endloop
  endfacet
  facet normal 0 -0 1
    outer loop
      vertex -0.74751734733581543 0.060973938554525375 4.0500001907348633
      vertex -0.74990063905715942 -0.012207722291350365 4.0500001907348633
      vertex -0.74910593032836914 -0.036610230803489685 4.0500001907348633
    endloop
  endfacet
  facet normal -0 -0 1
    outer loop
      vertex -0.52381634712219238 -0.53676480054855347 4.0500001907348633
      vertex -0.55763083696365356 -0.5015454888343811 4.0500001907348633
      vertex -0.54101026058197021 -0.51943039894104004 4.0500001907348633
    endloop
  endfacet
  facet normal 0 0 1
    outer loop
      vertex -0.187226802110672 -0.72625488042831421 4.0500001907348633
      vertex -0.23408366739749908 -0.71253407001495361 4.0500001907348633
      vertex -0.21076691150665283 -0.71977585554122925 4.0500001907348633
    endloop
  endfacet
  facet normal 0 0 1
    outer loop
      vertex -0.30244797468185425 -0.68631279468536377 4.0500001907348633
      vertex -0.23408366739749908 -0.71253407001495361 4.0500001907348633
      vertex -0.187226802110672 -0.72625488042831421 4.0500001907348633
    endloop
  endfacet
  facet normal 0 -0 1
    outer loop
      vertex -0.25715234875679016 -0.70453721284866333 4.0500001907348633
      vertex -0.30244797468185425 -0.68631279468536377 4.0500001907348633
      vertex -0.27994850277900696 -0.69579368829727173 4.0500001907348633
    endloop
  endfacet
  facet normal 0 0 1
    outer loop
      vertex -0.30244797468185425 -0.68631279468536377 4.0500001907348633
      vertex -0.25715234875679016 -0.70453721284866333 4.0500001907348633
      vertex -0.23408366739749908 -0.71253407001495361 4.0500001907348633
    endloop
  endfacet
  facet normal 0 0 1
    outer loop
      vertex -0.1395765095949173 -0.73689782619476318 4.0500001907348633
      vertex -0.187226802110672 -0.72625488042831421 4.0500001907348633
      vertex -0.16348828375339508 -0.73196417093276978 4.0500001907348633
    endloop
  endfacet
  facet normal 0 0 1
    outer loop
      vertex -0.018310572952032089 -0.74977642297744751 4.0500001907348633
      vertex -0.067055776715278625 -0.74699634313583374 4.0500001907348633
      vertex -0.042705804109573364 -0.7487831711769104 4.0500001907348633
    endloop
  endfacet
  facet normal 0 0 1
    outer loop
      vertex -0.187226802110672 -0.72625488042831421 4.0500001907348633
      vertex -0.067055776715278625 -0.74699634313583374 4.0500001907348633
      vertex 0.0061040632426738739 -0.74997514486312866 4.0500001907348633
    endloop
  endfacet
  facet normal 0 -0 1
    outer loop
      vertex -0.067055776715278625 -0.74699634313583374 4.0500001907348633
      vertex -0.11551680415868759 -0.74105054140090942 4.0500001907348633
      vertex -0.091334685683250427 -0.74441790580749512 4.0500001907348633
    endloop
  endfacet
  facet normal 0 0 1
    outer loop
      vertex -0.1395765095949173 -0.73689782619476318 4.0500001907348633
      vertex -0.11551680415868759 -0.74105054140090942 4.0500001907348633
      vertex -0.067055776715278625 -0.74699634313583374 4.0500001907348633
    endloop
  endfacet
  facet normal 0 -0 1
    outer loop
      vertex -0.067055776715278625 -0.74699634313583374 4.0500001907348633
      vertex -0.187226802110672 -0.72625488042831421 4.0500001907348633
      vertex -0.1395765095949173 -0.73689782619476318 4.0500001907348633
    endloop
  endfacet
  facet normal 0 0 1
    outer loop
      vertex -0.74751734733581543 0.060973938554525375 4.0500001907348633
      vertex -0.52381634712219238 -0.53676480054855347 4.0500001907348633
      vertex -0.187226802110672 -0.72625488042831421 4.0500001907348633
    endloop
  endfacet
  facet normal 0 -0 1
    outer loop
      vertex -0.44968032836914062 -0.60023963451385498 4.0500001907348633
      vertex -0.52381634712219238 -0.53676480054855347 4.0500001907348633
      vertex -0.46897962689399719 -0.58528465032577515 4.0500001907348633
    endloop
  endfacet
  facet normal 0 0 1
    outer loop
      vertex -0.30244797468185425 -0.68631279468536377 4.0500001907348633
      vertex -0.187226802110672 -0.72625488042831421 4.0500001907348633
      vertex -0.44968032836914062 -0.60023963451385498 4.0500001907348633
    endloop
  endfacet
  facet normal 0 -0 1
    outer loop
      vertex -0.48778191208839417 -0.5697094202041626 4.0500001907348633
      vertex -0.52381634712219238 -0.53676480054855347 4.0500001907348633
      vertex -0.50606727600097656 -0.55353039503097534 4.0500001907348633
    endloop
  endfacet
  facet normal 0 -0 1
    outer loop
      vertex -0.46897962689399719 -0.58528465032577515 4.0500001907348633
      vertex -0.52381634712219238 -0.53676480054855347 4.0500001907348633
      vertex -0.48778191208839417 -0.5697094202041626 4.0500001907348633
    endloop
  endfacet
  facet normal 0 0 1
    outer loop
      vertex -0.4096730649471283 -0.62822604179382324 4.0500001907348633
      vertex -0.44968032836914062 -0.60023963451385498 4.0500001907348633
      vertex -0.42990449070930481 -0.61455845832824707 4.0500001907348633
    endloop
  endfacet
  facet normal 0 -0 1
    outer loop
      vertex -0.32462692260742188 -0.67610454559326172 4.0500001907348633
      vertex -0.367929607629776 -0.65355014801025391 4.0500001907348633
      vertex -0.34646186232566833 -0.6651797890663147 4.0500001907348633
    endloop
  endfacet
  facet normal 0 0 1
    outer loop
      vertex -0.30244797468185425 -0.68631279468536377 4.0500001907348633
      vertex -0.4096730649471283 -0.62822604179382324 4.0500001907348633
      vertex -0.32462692260742188 -0.67610454559326172 4.0500001907348633
    endloop
  endfacet
  facet normal 0 -0 1
    outer loop
      vertex -0.367929607629776 -0.65355014801025391 4.0500001907348633
      vertex -0.4096730649471283 -0.62822604179382324 4.0500001907348633
      vertex -0.38900744915008545 -0.64122790098190308 4.0500001907348633
    endloop
  endfacet
  facet normal 0 0 1
    outer loop
      vertex -0.32462692260742188 -0.67610454559326172 4.0500001907348633
      vertex -0.4096730649471283 -0.62822604179382324 4.0500001907348633
      vertex -0.367929607629776 -0.65355014801025391 4.0500001907348633
    endloop
  endfacet
  facet normal 0 0 1
    outer loop
      vertex -0.4096730649471283 -0.62822604179382324 4.0500001907348633
      vertex -0.30244797468185425 -0.68631279468536377 4.0500001907348633
      vertex -0.44968032836914062 -0.60023963451385498 4.0500001907348633
    endloop
  endfacet
  facet normal 0 -0 1
    outer loop
      vertex -0.52381634712219238 -0.53676480054855347 4.0500001907348633
      vertex -0.44968032836914062 -0.60023963451385498 4.0500001907348633
      vertex -0.187226802110672 -0.72625488042831421 4.0500001907348633
    endloop
  endfacet
  facet normal -0 -0 1
    outer loop
      vertex -0.55763083696365356 -0.5015454888343811 4.0500001907348633
      vertex -0.52381634712219238 -0.53676480054855347 4.0500001907348633
      vertex -0.74751734733581543 0.060973938554525375 4.0500001907348633
    endloop
  endfacet
  facet normal 0 0 1
    outer loop
      vertex -0.187226802110672 -0.72625488042831421 4.0500001907348633
      vertex 0.26858600974082947 -0.70025819540023804 4.0500001907348633
      vertex -0.74751734733581543 0.060973938554525375 4.0500001907348633
    endloop
  endfacet
  facet normal 0 -0 1
    outer loop
      vertex -0.74910593032836914 0.036610230803489685 4.0500001907348633
      vertex -0.74990063905715942 0.012207722291350365 4.0500001907348633
      vertex -0.74751734733581543 0.060973938554525375 4.0500001907348633
    endloop
  endfacet
  facet normal 0 -0 1
    outer loop
      vertex -0.73327052593231201 0.15752559900283813 4.0500001907348633
      vertex -0.73800939321517944 0.13357445597648621 4.0500001907348633
      vertex -0.74751734733581543 0.060973938554525375 4.0500001907348633
    endloop
  endfacet
  facet normal -0 0 1
    outer loop
      vertex -0.745136559009552 0.085273034870624542 4.0500001907348633
      vertex -0.74751734733581543 0.060973938554525375 4.0500001907348633
      vertex -0.7419661283493042 0.10948175191879272 4.0500001907348633
    endloop
  endfacet
  facet normal -0 0 1
    outer loop
      vertex -0.73800939321517944 0.13357445597648621 4.0500001907348633
      vertex -0.7419661283493042 0.10948175191879272 4.0500001907348633
      vertex -0.74751734733581543 0.060973938554525375 4.0500001907348633
    endloop
  endfacet
  facet normal -0 0 1
    outer loop
      vertex -0.70660674571990967 0.25140976905822754 4.0500001907348633
      vertex -0.52381634712219238 0.53676480054855347 4.0500001907348633
      vertex -0.63153946399688721 0.40454649925231934 4.0500001907348633
    endloop
  endfacet
  facet normal 0 -0 1
    outer loop
      vertex -0.72146743535995483 0.20490185916423798 4.0500001907348633
      vertex -0.72775459289550781 0.18130980432033539 4.0500001907348633
      vertex -0.70660674571990967 0.25140976905822754 4.0500001907348633
    endloop
  endfacet
  facet normal -0 0 1
    outer loop
      vertex -0.74751734733581543 0.060973938554525375 4.0500001907348633
      vertex -0.72775459289550781 0.18130980432033539 4.0500001907348633
      vertex -0.73327052593231201 0.15752559900283813 4.0500001907348633
    endloop
  endfacet
  facet normal 0 -0 1
    outer loop
      vertex -0.71441566944122314 0.22827677428722382 4.0500001907348633
      vertex -0.72146743535995483 0.20490185916423798 4.0500001907348633
      vertex -0.70660674571990967 0.25140976905822754 4.0500001907348633
    endloop
  endfacet
  facet normal 0 -0 1
    outer loop
      vertex -0.72775459289550781 0.18130980432033539 4.0500001907348633
      vertex -0.74751734733581543 0.060973938554525375 4.0500001907348633
      vertex -0.70660674571990967 0.25140976905822754 4.0500001907348633
    endloop
  endfacet
  facet normal 0 -0 1
    outer loop
      vertex -0.69804906845092773 0.27427631616592407 4.0500001907348633
      vertex -0.70660674571990967 0.25140976905822754 4.0500001907348633
      vertex -0.68875157833099365 0.2968522310256958 4.0500001907348633
    endloop
  endfacet
  facet normal -0 0 1
    outer loop
      vertex -0.70660674571990967 0.25140976905822754 4.0500001907348633
      vertex -0.74751734733581543 0.060973938554525375 4.0500001907348633
      vertex -0.23408366739749908 0.71253407001495361 4.0500001907348633
    endloop
  endfacet
  facet normal 0 -0 1
    outer loop
      vertex -0.66797757148742676 0.34103664755821228 4.0500001907348633
      vertex -0.67872422933578491 0.31911352276802063 4.0500001907348633
      vertex -0.65652298927307129 0.36259835958480835 4.0500001907348633
    endloop
  endfacet
  facet normal -0 0 1
    outer loop
      vertex -0.68875157833099365 0.2968522310256958 4.0500001907348633
      vertex -0.65652298927307129 0.36259835958480835 4.0500001907348633
      vertex -0.67872422933578491 0.31911352276802063 4.0500001907348633
    endloop
  endfacet
  facet normal 0 -0 1
    outer loop
      vertex -0.64437270164489746 0.38377577066421509 4.0500001907348633
      vertex -0.65652298927307129 0.36259835958480835 4.0500001907348633
      vertex -0.63153946399688721 0.40454649925231934 4.0500001907348633
    endloop
  endfacet
  facet normal 0 -0 1
    outer loop
      vertex -0.68875157833099365 0.2968522310256958 4.0500001907348633
      vertex -0.63153946399688721 0.40454649925231934 4.0500001907348633
      vertex -0.65652298927307129 0.36259835958480835 4.0500001907348633
    endloop
  endfacet
  facet normal -0 0 1
    outer loop
      vertex -0.68875157833099365 0.2968522310256958 4.0500001907348633
      vertex -0.70660674571990967 0.25140976905822754 4.0500001907348633
      vertex -0.63153946399688721 0.40454649925231934 4.0500001907348633
    endloop
  endfacet
  facet normal -0 0 1
    outer loop
      vertex -0.60387957096099854 0.44478023052215576 4.0500001907348633
      vertex -0.61803698539733887 0.42488852143287659 4.0500001907348633
      vertex -0.58908218145370483 0.46420061588287354 4.0500001907348633
    endloop
  endfacet
  facet normal 0 -0 1
    outer loop
      vertex -0.57366049289703369 0.48312902450561523 4.0500001907348633
      vertex -0.58908218145370483 0.46420061588287354 4.0500001907348633
      vertex -0.61803698539733887 0.42488852143287659 4.0500001907348633
    endloop
  endfacet
  facet normal 0 -0 1
    outer loop
      vertex -0.54101026058197021 0.51943039894104004 4.0500001907348633
      vertex -0.55763083696365356 0.5015454888343811 4.0500001907348633
      vertex -0.52381634712219238 0.53676480054855347 4.0500001907348633
    endloop
  endfacet
  facet normal -0 0 1
    outer loop
      vertex -0.63153946399688721 0.40454649925231934 4.0500001907348633
      vertex -0.57366049289703369 0.48312902450561523 4.0500001907348633
      vertex -0.61803698539733887 0.42488852143287659 4.0500001907348633
    endloop
  endfacet
  facet normal -0 0 1
    outer loop
      vertex -0.63153946399688721 0.40454649925231934 4.0500001907348633
      vertex -0.52381634712219238 0.53676480054855347 4.0500001907348633
      vertex -0.57366049289703369 0.48312902450561523 4.0500001907348633
    endloop
  endfacet
  facet normal 0 -0 1
    outer loop
      vertex -0.52381634712219238 0.53676480054855347 4.0500001907348633
      vertex -0.55763083696365356 0.5015454888343811 4.0500001907348633
      vertex -0.57366049289703369 0.48312902450561523 4.0500001907348633
    endloop
  endfacet
  facet normal 0 -0 1
    outer loop
      vertex -0.74990063905715942 -0.012207722291350365 4.0500001907348633
      vertex -0.74751734733581543 0.060973938554525375 4.0500001907348633
      vertex -0.74990063905715942 0.012207722291350365 4.0500001907348633
    endloop
  endfacet
  facet normal 0 -0 1
    outer loop
      vertex -0.48778191208839417 0.5697094202041626 4.0500001907348633
      vertex -0.50606727600097656 0.55353039503097534 4.0500001907348633
      vertex -0.4096730649471283 0.62822604179382324 4.0500001907348633
    endloop
  endfacet
  facet normal 0 -0 1
    outer loop
      vertex -0.4096730649471283 0.62822604179382324 4.0500001907348633
      vertex -0.42990449070930481 0.61455845832824707 4.0500001907348633
      vertex -0.48778191208839417 0.5697094202041626 4.0500001907348633
    endloop
  endfacet
  facet normal 0 -0 1
    outer loop
      vertex -0.44968032836914062 0.60023963451385498 4.0500001907348633
      vertex -0.46897962689399719 0.58528465032577515 4.0500001907348633
      vertex -0.42990449070930481 0.61455845832824707 4.0500001907348633
    endloop
  endfacet
  facet normal 0 -0 1
    outer loop
      vertex -0.48778191208839417 0.5697094202041626 4.0500001907348633
      vertex -0.42990449070930481 0.61455845832824707 4.0500001907348633
      vertex -0.46897962689399719 0.58528465032577515 4.0500001907348633
    endloop
  endfacet
  facet normal 0 -0 1
    outer loop
      vertex -0.52381634712219238 0.53676480054855347 4.0500001907348633
      vertex -0.4096730649471283 0.62822604179382324 4.0500001907348633
      vertex -0.50606727600097656 0.55353039503097534 4.0500001907348633
    endloop
  endfacet
  facet normal 0 -0 1
    outer loop
      vertex -0.367929607629776 0.65355014801025391 4.0500001907348633
      vertex -0.38900744915008545 0.64122790098190308 4.0500001907348633
      vertex -0.34646186232566833 0.6651797890663147 4.0500001907348633
    endloop
  endfacet
  facet normal -0 0 1
    outer loop
      vertex -0.32462692260742188 0.67610454559326172 4.0500001907348633
      vertex -0.38900744915008545 0.64122790098190308 4.0500001907348633
      vertex -0.23408366739749908 0.71253407001495361 4.0500001907348633
    endloop
  endfacet
  facet normal 0 -0 1
    outer loop
      vertex -0.34646186232566833 0.6651797890663147 4.0500001907348633
      vertex -0.38900744915008545 0.64122790098190308 4.0500001907348633
      vertex -0.32462692260742188 0.67610454559326172 4.0500001907348633
    endloop
  endfacet
  facet normal 0 -0 1
    outer loop
      vertex -0.23408366739749908 0.71253407001495361 4.0500001907348633
      vertex -0.30244797468185425 0.68631279468536377 4.0500001907348633
      vertex -0.32462692260742188 0.67610454559326172 4.0500001907348633
    endloop
  endfacet
  facet normal 0 -0 1
    outer loop
      vertex -0.4096730649471283 0.62822604179382324 4.0500001907348633
      vertex -0.23408366739749908 0.71253407001495361 4.0500001907348633
      vertex -0.38900744915008545 0.64122790098190308 4.0500001907348633
    endloop
  endfacet
  facet normal 0 -0 1
    outer loop
      vertex -0.23408366739749908 0.71253407001495361 4.0500001907348633
      vertex -0.4096730649471283 0.62822604179382324 4.0500001907348633
      vertex -0.52381634712219238 0.53676480054855347 4.0500001907348633
    endloop
  endfacet
  facet normal 0 -0 1
    outer loop
      vertex -0.27994850277900696 0.69579368829727173 4.0500001907348633
      vertex -0.30244797468185425 0.68631279468536377 4.0500001907348633
      vertex -0.25715234875679016 0.70453721284866333 4.0500001907348633
    endloop
  endfacet
  facet normal -0 0 1
    outer loop
      vertex -0.1395765095949173 0.73689782619476318 4.0500001907348633
      vertex -0.16348828375339508 0.73196417093276978 4.0500001907348633
      vertex -0.23408366739749908 0.71253407001495361 4.0500001907348633
    endloop
  endfacet
  facet normal -0 0 1
    outer loop
      vertex -0.21076691150665283 0.71977585554122925 4.0500001907348633
      vertex -0.23408366739749908 0.71253407001495361 4.0500001907348633
      vertex -0.187226802110672 0.72625488042831421 4.0500001907348633
    endloop
  endfacet
  facet normal 0 -0 1
    outer loop
      vertex -0.16348828375339508 0.73196417093276978 4.0500001907348633
      vertex -0.187226802110672 0.72625488042831421 4.0500001907348633
      vertex -0.23408366739749908 0.71253407001495361 4.0500001907348633
    endloop
  endfacet
  facet normal -0 0 1
    outer loop
      vertex -0.25715234875679016 0.70453721284866333 4.0500001907348633
      vertex -0.30244797468185425 0.68631279468536377 4.0500001907348633
      vertex -0.23408366739749908 0.71253407001495361 4.0500001907348633
    endloop
  endfacet
  facet normal 0 -0 1
    outer loop
      vertex -0.091334685683250427 0.74441790580749512 4.0500001907348633
      vertex -0.11551680415868759 0.74105054140090942 4.0500001907348633
      vertex -0.067055776715278625 0.74699634313583374 4.0500001907348633
    endloop
  endfacet
  facet normal -0 0 1
    outer loop
      vertex -0.1395765095949173 0.73689782619476318 4.0500001907348633
      vertex -0.067055776715278625 0.74699634313583374 4.0500001907348633
      vertex -0.11551680415868759 0.74105054140090942 4.0500001907348633
    endloop
  endfacet
  facet normal -0 0 1
    outer loop
      vertex -0.042705804109573364 0.7487831711769104 4.0500001907348633
      vertex -0.067055776715278625 0.74699634313583374 4.0500001907348633
      vertex -0.018310572952032089 0.74977642297744751 4.0500001907348633
    endloop
  endfacet
  facet normal -0 0 1
    outer loop
      vertex -0.067055776715278625 0.74699634313583374 4.0500001907348633
      vertex 0.0061040632426738739 0.74997514486312866 4.0500001907348633
      vertex -0.018310572952032089 0.74977642297744751 4.0500001907348633
    endloop
  endfacet
  facet normal -0 0 1
    outer loop
      vertex -0.1395765095949173 0.73689782619476318 4.0500001907348633
      vertex 0.0061040632426738739 0.74997514486312866 4.0500001907348633
      vertex -0.067055776715278625 0.74699634313583374 4.0500001907348633
    endloop
  endfacet
  facet normal 0 -0 1
    outer loop
      vertex -0.52381634712219238 0.53676480054855347 4.0500001907348633
      vertex -0.70660674571990967 0.25140976905822754 4.0500001907348633
      vertex -0.23408366739749908 0.71253407001495361 4.0500001907348633
    endloop
  endfacet
  facet normal 0 0 1
    outer loop
      vertex -0.23408366739749908 0.71253407001495361 4.0500001907348633
      vertex -0.74751734733581543 0.060973938554525375 4.0500001907348633
      vertex 0.26858600974082947 -0.70025819540023804 4.0500001907348633
    endloop
  endfacet
  facet normal 0 -0 1
    outer loop
      vertex -0.1395765095949173 0.73689782619476318 4.0500001907348633
      vertex -0.23408366739749908 0.71253407001495361 4.0500001907348633
      vertex 0.0061040632426738739 0.74997514486312866 4.0500001907348633
    endloop
  endfacet
  facet normal 0 0 1
    outer loop
      vertex -0.018310572952032089 -0.74977642297744751 4.0500001907348633
      vertex 0.0061040632426738739 -0.74997514486312866 4.0500001907348633
      vertex -0.067055776715278625 -0.74699634313583374 4.0500001907348633
    endloop
  endfacet
  facet normal 0 -0 1
    outer loop
      vertex 0.030512230470776558 -0.74937909841537476 4.0500001907348633
      vertex 0.079205729067325592 -0.74580591917037964 4.0500001907348633
      vertex 0.0061040632426738739 -0.74997514486312866 4.0500001907348633
    endloop
  endfacet
  facet normal 0 0 1
    outer loop
      vertex 0.054888062179088593 -0.74798882007598877 4.0500001907348633
      vertex 0.079205729067325592 -0.74580591917037964 4.0500001907348633
      vertex 0.030512230470776558 -0.74937909841537476 4.0500001907348633
    endloop
  endfacet
  facet normal 0 -0 1
    outer loop
      vertex 0.10343945026397705 -0.74283260107040405 4.0500001907348633
      vertex 0.1515524685382843 -0.7345283031463623 4.0500001907348633
      vertex 0.079205729067325592 -0.74580591917037964 4.0500001907348633
    endloop
  endfacet
  facet normal 0 0 1
    outer loop
      vertex 0.26858600974082947 -0.70025819540023804 4.0500001907348633
      vertex 0.0061040632426738739 -0.74997514486312866 4.0500001907348633
      vertex 0.079205729067325592 -0.74580591917037964 4.0500001907348633
    endloop
  endfacet
  facet normal 0 0 1
    outer loop
      vertex 0.10343945026397705 -0.74283260107040405 4.0500001907348633
      vertex 0.12756355106830597 -0.73907208442687988 4.0500001907348633
      vertex 0.1515524685382843 -0.7345283031463623 4.0500001907348633
    endloop
  endfacet
  facet normal 0 -0 1
    outer loop
      vertex 0.17538078129291534 -0.7292061448097229 4.0500001907348633
      vertex 0.26858600974082947 -0.70025819540023804 4.0500001907348633
      vertex 0.1515524685382843 -0.7345283031463623 4.0500001907348633
    endloop
  endfacet
  facet normal 0 -0 1
    outer loop
      vertex 0.19902323186397552 -0.72311115264892578 4.0500001907348633
      vertex 0.26858600974082947 -0.70025819540023804 4.0500001907348633
      vertex 0.17538078129291534 -0.7292061448097229 4.0500001907348633
    endloop
  endfacet
  facet normal 0 -0 1
    outer loop
      vertex 0.19902323186397552 -0.72311115264892578 4.0500001907348633
      vertex 0.24565054476261139 -0.7086295485496521 4.0500001907348633
      vertex 0.26858600974082947 -0.70025819540023804 4.0500001907348633
    endloop
  endfacet
  facet normal 0 0 1
    outer loop
      vertex 0.22245475649833679 -0.71624988317489624 4.0500001907348633
      vertex 0.24565054476261139 -0.7086295485496521 4.0500001907348633
      vertex 0.19902323186397552 -0.72311115264892578 4.0500001907348633
    endloop
  endfacet
  facet normal 0 0 1
    outer loop
      vertex 0.079205729067325592 -0.74580591917037964 4.0500001907348633
      vertex 0.1515524685382843 -0.7345283031463623 4.0500001907348633
      vertex 0.26858600974082947 -0.70025819540023804 4.0500001907348633
    endloop
  endfacet
  facet normal 0 0 1
    outer loop
      vertex -0.23408366739749908 0.71253407001495361 4.0500001907348633
      vertex 0.26858600974082947 -0.70025819540023804 4.0500001907348633
      vertex 0.69349217414855957 0.28560212254524231 4.0500001907348633
    endloop
  endfacet
  facet normal 0 0 1
    outer loop
      vertex 0.31357899308204651 -0.68129891157150269 4.0500001907348633
      vertex 0.51500999927520752 -0.54521983861923218 4.0500001907348633
      vertex 0.26858600974082947 -0.70025819540023804 4.0500001907348633
    endloop
  endfacet
  facet normal 0 -0 1
    outer loop
      vertex 0.33558884263038635 -0.6707310676574707 4.0500001907348633
      vertex 0.39939317107200623 -0.63481104373931885 4.0500001907348633
      vertex 0.31357899308204651 -0.68129891157150269 4.0500001907348633
    endloop
  endfacet
  facet normal 0 0 1
    outer loop
      vertex 0.33558884263038635 -0.6707310676574707 4.0500001907348633
      vertex 0.37851867079734802 -0.64747476577758789 4.0500001907348633
      vertex 0.39939317107200623 -0.63481104373931885 4.0500001907348633
    endloop
  endfacet
  facet normal 0 0 1
    outer loop
      vertex 0.35724306106567383 -0.65945231914520264 4.0500001907348633
      vertex 0.37851867079734802 -0.64747476577758789 4.0500001907348633
      vertex 0.33558884263038635 -0.6707310676574707 4.0500001907348633
    endloop
  endfacet
  facet normal 0 0 1
    outer loop
      vertex 0.39939317107200623 -0.63481104373931885 4.0500001907348633
      vertex 0.51500999927520752 -0.54521983861923218 4.0500001907348633
      vertex 0.31357899308204651 -0.68129891157150269 4.0500001907348633
    endloop
  endfacet
  facet normal 0 0 1
    outer loop
      vertex 0.51500999927520752 -0.54521983861923218 4.0500001907348633
      vertex 0.39939317107200623 -0.63481104373931885 4.0500001907348633
      vertex 0.43985068798065186 -0.6074795126914978 4.0500001907348633
    endloop
  endfacet
  facet normal 0 -0 1
    outer loop
      vertex 0.45939084887504578 -0.59284067153930664 4.0500001907348633
      vertex 0.47844415903091431 -0.57757353782653809 4.0500001907348633
      vertex 0.43985068798065186 -0.6074795126914978 4.0500001907348633
    endloop
  endfacet
  facet normal 0 -0 1
    outer loop
      vertex 0.51500999927520752 -0.54521983861923218 4.0500001907348633
      vertex 0.47844415903091431 -0.57757353782653809 4.0500001907348633
      vertex 0.49699044227600098 -0.56169432401657104 4.0500001907348633
    endloop
  endfacet
  facet normal 0 0 1
    outer loop
      vertex 0.43985068798065186 -0.6074795126914978 4.0500001907348633
      vertex 0.47844415903091431 -0.57757353782653809 4.0500001907348633
      vertex 0.51500999927520752 -0.54521983861923218 4.0500001907348633
    endloop
  endfacet
  facet normal 0 0 1
    outer loop
      vertex 0.41984438896179199 -0.62147462368011475 4.0500001907348633
      vertex 0.43985068798065186 -0.6074795126914978 4.0500001907348633
      vertex 0.39939317107200623 -0.63481104373931885 4.0500001907348633
    endloop
  endfacet
  facet normal 0 0 1
    outer loop
      vertex 0.29123681783676147 -0.69114476442337036 4.0500001907348633
      vertex 0.31357899308204651 -0.68129891157150269 4.0500001907348633
      vertex 0.26858600974082947 -0.70025819540023804 4.0500001907348633
    endloop
  endfacet
  facet normal 0 0 1
    outer loop
      vertex 0.51500999927520752 -0.54521983861923218 4.0500001907348633
      vertex 0.6623380184173584 -0.35186409950256348 4.0500001907348633
      vertex 0.26858600974082947 -0.70025819540023804 4.0500001907348633
    endloop
  endfacet
  facet normal -0 0 1
    outer loop
      vertex 0.54939329624176025 -0.51055556535720825 4.0500001907348633
      vertex 0.6623380184173584 -0.35186409950256348 4.0500001907348633
      vertex 0.51500999927520752 -0.54521983861923218 4.0500001907348633
    endloop
  endfacet
  facet normal 0 0 1
    outer loop
      vertex 0.56572061777114868 -0.49240249395370483 4.0500001907348633
      vertex 0.61103922128677368 -0.43489199876785278 4.0500001907348633
      vertex 0.54939329624176025 -0.51055556535720825 4.0500001907348633
    endloop
  endfacet
  facet normal 0 0 1
    outer loop
      vertex 0.56572061777114868 -0.49240249395370483 4.0500001907348633
      vertex 0.59655988216400146 -0.45455065369606018 4.0500001907348633
      vertex 0.61103922128677368 -0.43489199876785278 4.0500001907348633
    endloop
  endfacet
  facet normal 0 0 1
    outer loop
      vertex 0.58144831657409668 -0.47372758388519287 4.0500001907348633
      vertex 0.59655988216400146 -0.45455065369606018 4.0500001907348633
      vertex 0.56572061777114868 -0.49240249395370483 4.0500001907348633
    endloop
  endfacet
  facet normal -0 0 1
    outer loop
      vertex 0.61103922128677368 -0.43489199876785278 4.0500001907348633
      vertex 0.63804060220718384 -0.39421337842941284 4.0500001907348633
      vertex 0.54939329624176025 -0.51055556535720825 4.0500001907348633
    endloop
  endfacet
  facet normal -0 0 1
    outer loop
      vertex 0.6623380184173584 -0.35186409950256348 4.0500001907348633
      vertex 0.54939329624176025 -0.51055556535720825 4.0500001907348633
      vertex 0.63804060220718384 -0.39421337842941284 4.0500001907348633
    endloop
  endfacet
  facet normal -0 0 1
    outer loop
      vertex 0.65053403377532959 -0.37323650717735291 4.0500001907348633
      vertex 0.6623380184173584 -0.35186409950256348 4.0500001907348633
      vertex 0.63804060220718384 -0.39421337842941284 4.0500001907348633
    endloop
  endfacet
  facet normal 0 0 1
    outer loop
      vertex 0.72470700740814209 -0.19313141703605652 4.0500001907348633
      vertex 0.6623380184173584 -0.35186409950256348 4.0500001907348633
      vertex 0.67344009876251221 -0.3301188051700592 4.0500001907348633
    endloop
  endfacet
  facet normal 0 0 1
    outer loop
      vertex 0.69349217414855957 0.28560212254524231 4.0500001907348633
      vertex 0.26858600974082947 -0.70025819540023804 4.0500001907348633
      vertex 0.6623380184173584 -0.35186409950256348 4.0500001907348633
    endloop
  endfacet
  facet normal 0 0 1
    outer loop
      vertex 0.61103922128677368 -0.43489199876785278 4.0500001907348633
      vertex 0.62487101554870605 -0.41477245092391968 4.0500001907348633
      vertex 0.63804060220718384 -0.39421337842941284 4.0500001907348633
    endloop
  endfacet
  facet normal -0 0 1
    outer loop
      vertex 0.67344009876251221 -0.3301188051700592 4.0500001907348633
      vertex 0.68382847309112549 -0.30802369117736816 4.0500001907348633
      vertex 0.69349217414855957 -0.28560212254524231 4.0500001907348633
    endloop
  endfacet
  facet normal -0 0 1
    outer loop
      vertex 0.70242094993591309 -0.26287788152694702 4.0500001907348633
      vertex 0.71803665161132812 -0.21661801636219025 4.0500001907348633
      vertex 0.69349217414855957 -0.28560212254524231 4.0500001907348633
    endloop
  endfacet
  facet normal -0 0 1
    outer loop
      vertex 0.71060532331466675 -0.23987504839897156 4.0500001907348633
      vertex 0.71803665161132812 -0.21661801636219025 4.0500001907348633
      vertex 0.70242094993591309 -0.26287788152694702 4.0500001907348633
    endloop
  endfacet
  facet normal 0 0 1
    outer loop
      vertex 0.6623380184173584 -0.35186409950256348 4.0500001907348633
      vertex 0.72470700740814209 -0.19313141703605652 4.0500001907348633
      vertex 0.74008578062057495 0.12154420465230942 4.0500001907348633
    endloop
  endfacet
  facet normal -0 0 1
    outer loop
      vertex 0.71803665161132812 -0.21661801636219025 4.0500001907348633
      vertex 0.72470700740814209 -0.19313141703605652 4.0500001907348633
      vertex 0.69349217414855957 -0.28560212254524231 4.0500001907348633
    endloop
  endfacet
  facet normal 0 0 1
    outer loop
      vertex 0.73060935735702515 -0.16944015026092529 4.0500001907348633
      vertex 0.73573744297027588 -0.14556930959224701 4.0500001907348633
      vertex 0.72470700740814209 -0.19313141703605652 4.0500001907348633
    endloop
  endfacet
  facet normal 0 0 1
    outer loop
      vertex 0.74364989995956421 -0.097390294075012207 4.0500001907348633
      vertex 0.73573744297027588 -0.14556930959224701 4.0500001907348633
      vertex 0.74008578062057495 -0.12154420465230942 4.0500001907348633
    endloop
  endfacet
  facet normal 0 0 1
    outer loop
      vertex 0.74364989995956421 -0.097390294075012207 4.0500001907348633
      vertex 0.74642586708068848 0.073133178055286407 4.0500001907348633
      vertex 0.72470700740814209 -0.19313141703605652 4.0500001907348633
    endloop
  endfacet
  facet normal 0 0 1
    outer loop
      vertex 0.74960261583328247 -0.024412211030721664 4.0500001907348633
      vertex 0.74642586708068848 -0.073133178055286407 4.0500001907348633
      vertex 0.74841076135635376 -0.048798549920320511 4.0500001907348633
    endloop
  endfacet
  facet normal 0 0 1
    outer loop
      vertex 0.74960261583328247 0.024412211030721664 4.0500001907348633
      vertex 0.74364989995956421 -0.097390294075012207 4.0500001907348633
      vertex 0.74642586708068848 -0.073133178055286407 4.0500001907348633
    endloop
  endfacet
  facet normal -0 0 1
    outer loop
      vertex 0.73573744297027588 -0.14556930959224701 4.0500001907348633
      vertex 0.74364989995956421 -0.097390294075012207 4.0500001907348633
      vertex 0.72470700740814209 -0.19313141703605652 4.0500001907348633
    endloop
  endfacet
  facet normal -0 0 1
    outer loop
      vertex 0.69349217414855957 -0.28560212254524231 4.0500001907348633
      vertex 0.72470700740814209 -0.19313141703605652 4.0500001907348633
      vertex 0.67344009876251221 -0.3301188051700592 4.0500001907348633
    endloop
  endfacet
  facet normal -0 0 1
    outer loop
      vertex 0.53248381614685059 -0.52816754579544067 4.0500001907348633
      vertex 0.54939329624176025 -0.51055556535720825 4.0500001907348633
      vertex 0.51500999927520752 -0.54521983861923218 4.0500001907348633
    endloop
  endfacet
  facet normal -0 0 1
    outer loop
      vertex 0.74642586708068848 -0.073133178055286407 4.0500001907348633
      vertex 0.74960261583328247 -0.024412211030721664 4.0500001907348633
      vertex 0.74960261583328247 0.024412211030721664 4.0500001907348633
    endloop
  endfacet
  facet normal 0 0 1
    outer loop
      vertex 0.37851867079734802 0.64747476577758789 4.0500001907348633
      vertex 0.35724306106567383 0.65945231914520264 4.0500001907348633
      vertex 0.39939317107200623 0.63481104373931885 4.0500001907348633
    endloop
  endfacet
  facet normal 0 0 1
    outer loop
      vertex 0.33558884263038635 0.6707310676574707 4.0500001907348633
      vertex 0.39939317107200623 0.63481104373931885 4.0500001907348633
      vertex 0.35724306106567383 0.65945231914520264 4.0500001907348633
    endloop
  endfacet
  facet normal 0 0 1
    outer loop
      vertex 0.31357899308204651 0.68129891157150269 4.0500001907348633
      vertex 0.29123681783676147 0.69114476442337036 4.0500001907348633
      vertex 0.33558884263038635 0.6707310676574707 4.0500001907348633
    endloop
  endfacet
  facet normal 0 0 1
    outer loop
      vertex -0.23408366739749908 0.71253407001495361 4.0500001907348633
      vertex 0.33558884263038635 0.6707310676574707 4.0500001907348633
      vertex 0.0061040632426738739 0.74997514486312866 4.0500001907348633
    endloop
  endfacet
  facet normal 0 0 1
    outer loop
      vertex 0.43985068798065186 0.6074795126914978 4.0500001907348633
      vertex 0.39939317107200623 0.63481104373931885 4.0500001907348633
      vertex 0.53248381614685059 0.52816754579544067 4.0500001907348633
    endloop
  endfacet
  facet normal 0 0 1
    outer loop
      vertex 0.51500999927520752 0.54521983861923218 4.0500001907348633
      vertex 0.49699044227600098 0.56169432401657104 4.0500001907348633
      vertex 0.43985068798065186 0.6074795126914978 4.0500001907348633
    endloop
  endfacet
  facet normal -0 -0 1
    outer loop
      vertex 0.47844415903091431 0.57757353782653809 4.0500001907348633
      vertex 0.45939084887504578 0.59284067153930664 4.0500001907348633
      vertex 0.49699044227600098 0.56169432401657104 4.0500001907348633
    endloop
  endfacet
  facet normal 0 0 1
    outer loop
      vertex 0.39939317107200623 0.63481104373931885 4.0500001907348633
      vertex 0.43985068798065186 0.6074795126914978 4.0500001907348633
      vertex 0.41984438896179199 0.62147462368011475 4.0500001907348633
    endloop
  endfacet
  facet normal -0 -0 1
    outer loop
      vertex 0.45939084887504578 0.59284067153930664 4.0500001907348633
      vertex 0.43985068798065186 0.6074795126914978 4.0500001907348633
      vertex 0.49699044227600098 0.56169432401657104 4.0500001907348633
    endloop
  endfacet
  facet normal -0 -0 1
    outer loop
      vertex 0.53248381614685059 0.52816754579544067 4.0500001907348633
      vertex 0.51500999927520752 0.54521983861923218 4.0500001907348633
      vertex 0.43985068798065186 0.6074795126914978 4.0500001907348633
    endloop
  endfacet
  facet normal -0 -0 1
    outer loop
      vertex 0.29123681783676147 0.69114476442337036 4.0500001907348633
      vertex 0.22245475649833679 0.71624988317489624 4.0500001907348633
      vertex 0.33558884263038635 0.6707310676574707 4.0500001907348633
    endloop
  endfacet
  facet normal 0 0 1
    outer loop
      vertex 0.10343945026397705 0.74283260107040405 4.0500001907348633
      vertex 0.079205729067325592 0.74580591917037964 4.0500001907348633
      vertex 0.12756355106830597 0.73907208442687988 4.0500001907348633
    endloop
  endfacet
  facet normal 0 0 1
    outer loop
      vertex 0.030512230470776558 0.74937909841537476 4.0500001907348633
      vertex 0.12756355106830597 0.73907208442687988 4.0500001907348633
      vertex 0.079205729067325592 0.74580591917037964 4.0500001907348633
    endloop
  endfacet
  facet normal 0 0 1
    outer loop
      vertex 0.0061040632426738739 0.74997514486312866 4.0500001907348633
      vertex 0.12756355106830597 0.73907208442687988 4.0500001907348633
      vertex 0.030512230470776558 0.74937909841537476 4.0500001907348633
    endloop
  endfacet
  facet normal -0 -0 1
    outer loop
      vertex 0.054888062179088593 0.74798882007598877 4.0500001907348633
      vertex 0.030512230470776558 0.74937909841537476 4.0500001907348633
      vertex 0.079205729067325592 0.74580591917037964 4.0500001907348633
    endloop
  endfacet
  facet normal -0 -0 1
    outer loop
      vertex 0.22245475649833679 0.71624988317489624 4.0500001907348633
      vertex 0.12756355106830597 0.73907208442687988 4.0500001907348633
      vertex 0.0061040632426738739 0.74997514486312866 4.0500001907348633
    endloop
  endfacet
  facet normal -0 -0 1
    outer loop
      vertex 0.24565054476261139 0.7086295485496521 4.0500001907348633
      vertex 0.22245475649833679 0.71624988317489624 4.0500001907348633
      vertex 0.26858600974082947 0.70025819540023804 4.0500001907348633
    endloop
  endfacet
  facet normal -0 -0 1
    outer loop
      vertex 0.22245475649833679 0.71624988317489624 4.0500001907348633
      vertex 0.17538078129291534 0.7292061448097229 4.0500001907348633
      vertex 0.12756355106830597 0.73907208442687988 4.0500001907348633
    endloop
  endfacet
  facet normal 0 0 1
    outer loop
      vertex 0.12756355106830597 0.73907208442687988 4.0500001907348633
      vertex 0.17538078129291534 0.7292061448097229 4.0500001907348633
      vertex 0.1515524685382843 0.7345283031463623 4.0500001907348633
    endloop
  endfacet
  facet normal 0 0 1
    outer loop
      vertex 0.19902323186397552 0.72311115264892578 4.0500001907348633
      vertex 0.17538078129291534 0.7292061448097229 4.0500001907348633
      vertex 0.22245475649833679 0.71624988317489624 4.0500001907348633
    endloop
  endfacet
  facet normal -0 -0 1
    outer loop
      vertex 0.22245475649833679 0.71624988317489624 4.0500001907348633
      vertex 0.0061040632426738739 0.74997514486312866 4.0500001907348633
      vertex 0.33558884263038635 0.6707310676574707 4.0500001907348633
    endloop
  endfacet
  facet normal 0 0 1
    outer loop
      vertex 0.22245475649833679 0.71624988317489624 4.0500001907348633
      vertex 0.29123681783676147 0.69114476442337036 4.0500001907348633
      vertex 0.26858600974082947 0.70025819540023804 4.0500001907348633
    endloop
  endfacet
  facet normal 0 0 1
    outer loop
      vertex 0.33558884263038635 0.6707310676574707 4.0500001907348633
      vertex -0.23408366739749908 0.71253407001495361 4.0500001907348633
      vertex 0.39939317107200623 0.63481104373931885 4.0500001907348633
    endloop
  endfacet
  facet normal -0 0 1
    outer loop
      vertex 0.73060935735702515 0.16944015026092529 4.0500001907348633
      vertex 0.72470700740814209 0.19313141703605652 4.0500001907348633
      vertex 0.73573744297027588 0.14556930959224701 4.0500001907348633
    endloop
  endfacet
  facet normal -0 0 1
    outer loop
      vertex 0.71060532331466675 0.23987504839897156 4.0500001907348633
      vertex 0.73573744297027588 0.14556930959224701 4.0500001907348633
      vertex 0.72470700740814209 0.19313141703605652 4.0500001907348633
    endloop
  endfacet
  facet normal 0 0 1
    outer loop
      vertex 0.71060532331466675 0.23987504839897156 4.0500001907348633
      vertex 0.74008578062057495 0.12154420465230942 4.0500001907348633
      vertex 0.73573744297027588 0.14556930959224701 4.0500001907348633
    endloop
  endfacet
  facet normal -0 0 1
    outer loop
      vertex 0.71803665161132812 0.21661801636219025 4.0500001907348633
      vertex 0.71060532331466675 0.23987504839897156 4.0500001907348633
      vertex 0.72470700740814209 0.19313141703605652 4.0500001907348633
    endloop
  endfacet
  facet normal -0 0 1
    outer loop
      vertex 0.71060532331466675 0.23987504839897156 4.0500001907348633
      vertex 0.69349217414855957 0.28560212254524231 4.0500001907348633
      vertex 0.74008578062057495 0.12154420465230942 4.0500001907348633
    endloop
  endfacet
  facet normal -0 0 1
    outer loop
      vertex 0.74008578062057495 0.12154420465230942 4.0500001907348633
      vertex 0.69349217414855957 0.28560212254524231 4.0500001907348633
      vertex 0.6623380184173584 -0.35186409950256348 4.0500001907348633
    endloop
  endfacet
  facet normal -0 0 1
    outer loop
      vertex 0.74841076135635376 0.048798549920320511 4.0500001907348633
      vertex 0.74642586708068848 0.073133178055286407 4.0500001907348633
      vertex 0.74960261583328247 0.024412211030721664 4.0500001907348633
    endloop
  endfacet
  facet normal -0 0 1
    outer loop
      vertex 0.74364989995956421 0.097390294075012207 4.0500001907348633
      vertex 0.74008578062057495 0.12154420465230942 4.0500001907348633
      vertex 0.74642586708068848 0.073133178055286407 4.0500001907348633
    endloop
  endfacet
  facet normal -0 -0 1
    outer loop
      vertex 0.39939317107200623 0.63481104373931885 4.0500001907348633
      vertex -0.23408366739749908 0.71253407001495361 4.0500001907348633
      vertex 0.69349217414855957 0.28560212254524231 4.0500001907348633
    endloop
  endfacet
  facet normal -0 0 1
    outer loop
      vertex 0.72470700740814209 -0.19313141703605652 4.0500001907348633
      vertex 0.74642586708068848 0.073133178055286407 4.0500001907348633
      vertex 0.74008578062057495 0.12154420465230942 4.0500001907348633
    endloop
  endfacet
  facet normal -0 0 1
    outer loop
      vertex 0.69349217414855957 0.28560212254524231 4.0500001907348633
      vertex 0.71060532331466675 0.23987504839897156 4.0500001907348633
      vertex 0.70242094993591309 0.26287788152694702 4.0500001907348633
    endloop
  endfacet
  facet normal -0 0 1
    outer loop
      vertex 0.63804060220718384 0.39421337842941284 4.0500001907348633
      vertex 0.61103922128677368 0.43489199876785278 4.0500001907348633
      vertex 0.59655988216400146 0.45455065369606018 4.0500001907348633
    endloop
  endfacet
  facet normal -0 0 1
    outer loop
      vertex 0.58144831657409668 0.47372758388519287 4.0500001907348633
      vertex 0.56572061777114868 0.49240249395370483 4.0500001907348633
      vertex 0.59655988216400146 0.45455065369606018 4.0500001907348633
    endloop
  endfacet
  facet normal -0 0 1
    outer loop
      vertex 0.59655988216400146 0.45455065369606018 4.0500001907348633
      vertex 0.54939329624176025 0.51055556535720825 4.0500001907348633
      vertex 0.63804060220718384 0.39421337842941284 4.0500001907348633
    endloop
  endfacet
  facet normal -0 0 1
    outer loop
      vertex 0.56572061777114868 0.49240249395370483 4.0500001907348633
      vertex 0.54939329624176025 0.51055556535720825 4.0500001907348633
      vertex 0.59655988216400146 0.45455065369606018 4.0500001907348633
    endloop
  endfacet
  facet normal 0 0 1
    outer loop
      vertex 0.54939329624176025 0.51055556535720825 4.0500001907348633
      vertex 0.53248381614685059 0.52816754579544067 4.0500001907348633
      vertex 0.39939317107200623 0.63481104373931885 4.0500001907348633
    endloop
  endfacet
  facet normal -0 0 1
    outer loop
      vertex 0.69349217414855957 0.28560212254524231 4.0500001907348633
      vertex 0.68382847309112549 0.30802369117736816 4.0500001907348633
      vertex 0.6623380184173584 0.35186409950256348 4.0500001907348633
    endloop
  endfacet
  facet normal -0 0 1
    outer loop
      vertex 0.67344009876251221 0.3301188051700592 4.0500001907348633
      vertex 0.6623380184173584 0.35186409950256348 4.0500001907348633
      vertex 0.68382847309112549 0.30802369117736816 4.0500001907348633
    endloop
  endfacet
  facet normal -0 0 1
    outer loop
      vertex 0.62487101554870605 0.41477245092391968 4.0500001907348633
      vertex 0.61103922128677368 0.43489199876785278 4.0500001907348633
      vertex 0.63804060220718384 0.39421337842941284 4.0500001907348633
    endloop
  endfacet
  facet normal 0 0 1
    outer loop
      vertex 0.63804060220718384 0.39421337842941284 4.0500001907348633
      vertex 0.6623380184173584 0.35186409950256348 4.0500001907348633
      vertex 0.65053403377532959 0.37323650717735291 4.0500001907348633
    endloop
  endfacet
  facet normal 0 0 1
    outer loop
      vertex 0.63804060220718384 0.39421337842941284 4.0500001907348633
      vertex 0.69349217414855957 0.28560212254524231 4.0500001907348633
      vertex 0.6623380184173584 0.35186409950256348 4.0500001907348633
    endloop
  endfacet
  facet normal -0 0 1
    outer loop
      vertex 0.69349217414855957 0.28560212254524231 4.0500001907348633
      vertex 0.63804060220718384 0.39421337842941284 4.0500001907348633
      vertex 0.54939329624176025 0.51055556535720825 4.0500001907348633
    endloop
  endfacet
  facet normal 0 0 1
    outer loop
      vertex 0.39939317107200623 0.63481104373931885 4.0500001907348633
      vertex 0.69349217414855957 0.28560212254524231 4.0500001907348633
      vertex 0.54939329624176025 0.51055556535720825 4.0500001907348633
    endloop
  endfacet
  facet normal 0 0 1
    outer loop
      vertex 0.74642586708068848 0.073133178055286407 4.0500001907348633
      vertex 0.74364989995956421 -0.097390294075012207 4.0500001907348633
      vertex 0.74960261583328247 0.024412211030721664 4.0500001907348633
    endloop
  endfacet
  facet normal 0 0 1
    outer loop
      vertex 0.74960261583328247 0.024412211030721664 4.0500001907348633
      vertex 0.74960261583328247 -0.024412211030721664 4.0500001907348633
      vertex 0.75 1.962615539765984e-17 4.0500001907348633
    endloop
  endfacet
  facet normal 0 0 1
    outer loop
      vertex 0.0061040632426738739 -0.74997514486312866 4.0500001907348633
      vertex 0.26858600974082947 -0.70025819540023804 4.0500001907348633
      vertex -0.187226802110672 -0.72625488042831421 4.0500001907348633
    endloop
  endfacet
  facet normal 0.99960661637714265 0.028046612897821781 -0
    outer loop
      vertex 0.25 1.962615539765984e-17 2.5
      vertex 0.24960669875144958 0.014017611742019653 2.5
      vertex 0.24960669875144958 0.014017611742019653 2.5499999523162842
    endloop
  endfacet
  facet normal 0.99960661637714265 0.028046612897821781 1.7340410641711716e-18
    outer loop
      vertex 0.25 1.962615539765984e-17 2.5
      vertex 0.24960669875144958 0.014017611742019653 2.5499999523162842
      vertex 0.25 1.962615539765984e-17 2.5499999523162842
    endloop
  endfacet
  facet normal 0.9964614899468005 0.084050574376396625 -0
    outer loop
      vertex 0.24960669875144958 0.014017611742019653 2.5
      vertex 0.24842804670333862 0.027991119772195816 2.5
      vertex 0.24842804670333862 0.027991119772195816 2.5499999523162842
    endloop
  endfacet
  facet normal 0.9964614899468005 0.084050574376396625 0
    outer loop
      vertex 0.24960669875144958 0.014017611742019653 2.5
      vertex 0.24842804670333862 0.027991119772195816 2.5499999523162842
      vertex 0.24960669875144958 0.014017611742019653 2.5499999523162842
    endloop
  endfacet
  facet normal 0.99018117558887053 0.13978998358052122 -0
    outer loop
      vertex 0.24842804670333862 0.027991119772195816 2.5
      vertex 0.24646775424480438 0.041876554489135742 2.5
      vertex 0.24646775424480438 0.041876554489135742 2.5499999523162842
    endloop
  endfacet
  facet normal 0.99018117558887053 0.13978998358052122 0
    outer loop
      vertex 0.24842804670333862 0.027991119772195816 2.5
      vertex 0.24646775424480438 0.041876554489135742 2.5499999523162842
      vertex 0.24842804670333862 0.027991119772195816 2.5499999523162842
    endloop
  endfacet
  facet normal 0.9807852543554354 0.19509045296719091 -0
    outer loop
      vertex 0.24646775424480438 0.041876554489135742 2.5
      vertex 0.24373197555541992 0.055630233138799667 2.5
      vertex 0.24373197555541992 0.055630233138799667 2.5499999523162842
    endloop
  endfacet
  facet normal 0.9807852543554354 0.19509045296719091 0
    outer loop
      vertex 0.24646775424480438 0.041876554489135742 2.5
      vertex 0.24373197555541992 0.055630233138799667 2.5499999523162842
      vertex 0.24646775424480438 0.041876554489135742 2.5499999523162842
    endloop
  endfacet
  facet normal 0.96830343486358073 0.24977681644098065 -0
    outer loop
      vertex 0.24373197555541992 0.055630233138799667 2.5
      vertex 0.24022932350635529 0.069208875298500061 2.5
      vertex 0.24022932350635529 0.069208875298500061 2.5499999523162842
    endloop
  endfacet
  facet normal 0.96830343486358073 0.24977681644098065 0
    outer loop
      vertex 0.24373197555541992 0.055630233138799667 2.5
      vertex 0.24022932350635529 0.069208875298500061 2.5499999523162842
      vertex 0.24373197555541992 0.055630233138799667 2.5499999523162842
    endloop
  endfacet
  facet normal 0.95277541784036179 0.30367581918737663 -0
    outer loop
      vertex 0.24022932350635529 0.069208875298500061 2.5
      vertex 0.23597083985805511 0.08256976306438446 2.5
      vertex 0.23597083985805511 0.08256976306438446 2.5499999523162842
    endloop
  endfacet
  facet normal 0.95277541784036179 0.30367581918737663 0
    outer loop
      vertex 0.24022932350635529 0.069208875298500061 2.5
      vertex 0.23597083985805511 0.08256976306438446 2.5499999523162842
      vertex 0.24022932350635529 0.069208875298500061 2.5499999523162842
    endloop
  endfacet
  facet normal 0.93424860704603097 0.3566224056793838 -0
    outer loop
      vertex 0.23597083985805511 0.08256976306438446 2.5
      vertex 0.2309698760509491 0.095670856535434723 2.5
      vertex 0.2309698760509491 0.095670856535434723 2.5499999523162842
    endloop
  endfacet
  facet normal 0.93424860704603097 0.3566224056793838 0
    outer loop
      vertex 0.23597083985805511 0.08256976306438446 2.5
      vertex 0.2309698760509491 0.095670856535434723 2.5499999523162842
      vertex 0.23597083985805511 0.08256976306438446 2.5499999523162842
    endloop
  endfacet
  facet normal 0.91278331322309536 0.40844414930497985 -0
    outer loop
      vertex 0.2309698760509491 0.095670856535434723 2.5
      vertex 0.22524221241474152 0.10847093164920807 2.5
      vertex 0.22524221241474152 0.10847093164920807 2.5499999523162842
    endloop
  endfacet
  facet normal 0.91278331322309536 0.40844414930497985 0
    outer loop
      vertex 0.2309698760509491 0.095670856535434723 2.5
      vertex 0.22524221241474152 0.10847093164920807 2.5499999523162842
      vertex 0.2309698760509491 0.095670856535434723 2.5499999523162842
    endloop
  endfacet
  facet normal 0.88844569879481083 0.45898174287546606 -0
    outer loop
      vertex 0.22524221241474152 0.10847093164920807 2.5
      vertex 0.21880584955215454 0.12092972546815872 2.5
      vertex 0.21880584955215454 0.12092972546815872 2.5499999523162842
    endloop
  endfacet
  facet normal 0.88844569879481083 0.45898174287546606 0
    outer loop
      vertex 0.22524221241474152 0.10847093164920807 2.5
      vertex 0.21880584955215454 0.12092972546815872 2.5499999523162842
      vertex 0.22524221241474152 0.10847093164920807 2.5499999523162842
    endloop
  endfacet
  facet normal 0.86131282785888741 0.50807500683041529 -0
    outer loop
      vertex 0.21880584955215454 0.12092972546815872 2.5
      vertex 0.2116810530424118 0.13300801813602448 2.5
      vertex 0.2116810530424118 0.13300801813602448 2.5499999523162842
    endloop
  endfacet
  facet normal 0.86131282785888741 0.50807500683041529 0
    outer loop
      vertex 0.21880584955215454 0.12092972546815872 2.5
      vertex 0.2116810530424118 0.13300801813602448 2.5499999523162842
      vertex 0.21880584955215454 0.12092972546815872 2.5499999523162842
    endloop
  endfacet
  facet normal 0.83146948854827618 0.55557041823090991 -0
    outer loop
      vertex 0.2116810530424118 0.13300801813602448 2.5
      vertex 0.20389021933078766 0.14466781914234161 2.5
      vertex 0.20389021933078766 0.14466781914234161 2.5499999523162842
    endloop
  endfacet
  facet normal 0.83146948854827618 0.55557041823090991 0
    outer loop
      vertex 0.2116810530424118 0.13300801813602448 2.5
      vertex 0.20389021933078766 0.14466781914234161 2.5499999523162842
      vertex 0.2116810530424118 0.13300801813602448 2.5499999523162842
    endloop
  endfacet
  facet normal 0.79901068468604908 0.60131682643805262 -0
    outer loop
      vertex 0.20389021933078766 0.14466781914234161 2.5
      vertex 0.19545787572860718 0.15587244927883148 2.5
      vertex 0.19545787572860718 0.15587244927883148 2.5499999523162842
    endloop
  endfacet
  facet normal 0.79901068468604908 0.60131682643805262 0
    outer loop
      vertex 0.20389021933078766 0.14466781914234161 2.5
      vertex 0.19545787572860718 0.15587244927883148 2.5499999523162842
      vertex 0.20389021933078766 0.14466781914234161 2.5499999523162842
    endloop
  endfacet
  facet normal 0.76403720246608375 0.6451721888362828 -0
    outer loop
      vertex 0.19545787572860718 0.15587244927883148 2.5
      vertex 0.18641054630279541 0.16658663749694824 2.5
      vertex 0.18641054630279541 0.16658663749694824 2.5499999523162842
    endloop
  endfacet
  facet normal 0.76403720246608375 0.6451721888362828 0
    outer loop
      vertex 0.19545787572860718 0.15587244927883148 2.5
      vertex 0.18641054630279541 0.16658663749694824 2.5499999523162842
      vertex 0.19545787572860718 0.15587244927883148 2.5499999523162842
    endloop
  endfacet
  facet normal 0.72666016688465884 0.68699709014169774 -0
    outer loop
      vertex 0.18641054630279541 0.16658663749694824 2.5
      vertex 0.1767766922712326 0.1767766922712326 2.5
      vertex 0.1767766922712326 0.1767766922712326 2.5499999523162842
    endloop
  endfacet
  facet normal 0.72666016688465884 0.68699709014169774 0
    outer loop
      vertex 0.18641054630279541 0.16658663749694824 2.5
      vertex 0.1767766922712326 0.1767766922712326 2.5499999523162842
      vertex 0.18641054630279541 0.16658663749694824 2.5499999523162842
    endloop
  endfacet
  facet normal 0.68699709014169774 0.72666016688465884 -0
    outer loop
      vertex 0.1767766922712326 0.1767766922712326 2.5
      vertex 0.16658663749694824 0.18641054630279541 2.5
      vertex 0.16658663749694824 0.18641054630279541 2.5499999523162842
    endloop
  endfacet
  facet normal 0.68699709014169774 0.72666016688465884 0
    outer loop
      vertex 0.1767766922712326 0.1767766922712326 2.5
      vertex 0.16658663749694824 0.18641054630279541 2.5499999523162842
      vertex 0.1767766922712326 0.1767766922712326 2.5499999523162842
    endloop
  endfacet
  facet normal 0.6451721888362828 0.76403720246608375 -0
    outer loop
      vertex 0.16658663749694824 0.18641054630279541 2.5
      vertex 0.15587244927883148 0.19545787572860718 2.5
      vertex 0.15587244927883148 0.19545787572860718 2.5499999523162842
    endloop
  endfacet
  facet normal 0.6451721888362828 0.76403720246608375 0
    outer loop
      vertex 0.16658663749694824 0.18641054630279541 2.5
      vertex 0.15587244927883148 0.19545787572860718 2.5499999523162842
      vertex 0.16658663749694824 0.18641054630279541 2.5499999523162842
    endloop
  endfacet
  facet normal 0.60131682643805262 0.79901068468604908 -0
    outer loop
      vertex 0.15587244927883148 0.19545787572860718 2.5
      vertex 0.14466781914234161 0.20389021933078766 2.5
      vertex 0.14466781914234161 0.20389021933078766 2.5499999523162842
    endloop
  endfacet
  facet normal 0.60131682643805262 0.79901068468604908 0
    outer loop
      vertex 0.15587244927883148 0.19545787572860718 2.5
      vertex 0.14466781914234161 0.20389021933078766 2.5499999523162842
      vertex 0.15587244927883148 0.19545787572860718 2.5499999523162842
    endloop
  endfacet
  facet normal 0.55557041823090991 0.83146948854827618 -0
    outer loop
      vertex 0.14466781914234161 0.20389021933078766 2.5
      vertex 0.13300801813602448 0.2116810530424118 2.5
      vertex 0.13300801813602448 0.2116810530424118 2.5499999523162842
    endloop
  endfacet
  facet normal 0.55557041823090991 0.83146948854827618 0
    outer loop
      vertex 0.14466781914234161 0.20389021933078766 2.5
      vertex 0.13300801813602448 0.2116810530424118 2.5499999523162842
      vertex 0.14466781914234161 0.20389021933078766 2.5499999523162842
    endloop
  endfacet
  facet normal 0.50807500683041529 0.86131282785888741 -0
    outer loop
      vertex 0.13300801813602448 0.2116810530424118 2.5
      vertex 0.12092972546815872 0.21880584955215454 2.5
      vertex 0.12092972546815872 0.21880584955215454 2.5499999523162842
    endloop
  endfacet
  facet normal 0.50807500683041529 0.86131282785888741 0
    outer loop
      vertex 0.13300801813602448 0.2116810530424118 2.5
      vertex 0.12092972546815872 0.21880584955215454 2.5499999523162842
      vertex 0.13300801813602448 0.2116810530424118 2.5499999523162842
    endloop
  endfacet
  facet normal 0.45898174287546606 0.88844569879481083 -0
    outer loop
      vertex 0.12092972546815872 0.21880584955215454 2.5
      vertex 0.10847093164920807 0.22524221241474152 2.5
      vertex 0.10847093164920807 0.22524221241474152 2.5499999523162842
    endloop
  endfacet
  facet normal 0.45898174287546606 0.88844569879481083 0
    outer loop
      vertex 0.12092972546815872 0.21880584955215454 2.5
      vertex 0.10847093164920807 0.22524221241474152 2.5499999523162842
      vertex 0.12092972546815872 0.21880584955215454 2.5499999523162842
    endloop
  endfacet
  facet normal 0.40844414930497985 0.91278331322309536 -0
    outer loop
      vertex 0.10847093164920807 0.22524221241474152 2.5
      vertex 0.095670856535434723 0.2309698760509491 2.5
      vertex 0.095670856535434723 0.2309698760509491 2.5499999523162842
    endloop
  endfacet
  facet normal 0.40844414930497985 0.91278331322309536 0
    outer loop
      vertex 0.10847093164920807 0.22524221241474152 2.5
      vertex 0.095670856535434723 0.2309698760509491 2.5499999523162842
      vertex 0.10847093164920807 0.22524221241474152 2.5499999523162842
    endloop
  endfacet
  facet normal 0.3566224056793838 0.93424860704603097 -0
    outer loop
      vertex 0.095670856535434723 0.2309698760509491 2.5
      vertex 0.08256976306438446 0.23597083985805511 2.5
      vertex 0.08256976306438446 0.23597083985805511 2.5499999523162842
    endloop
  endfacet
  facet normal 0.3566224056793838 0.93424860704603097 0
    outer loop
      vertex 0.095670856535434723 0.2309698760509491 2.5
      vertex 0.08256976306438446 0.23597083985805511 2.5499999523162842
      vertex 0.095670856535434723 0.2309698760509491 2.5499999523162842
    endloop
  endfacet
  facet normal 0.30367581918737663 0.95277541784036179 -0
    outer loop
      vertex 0.08256976306438446 0.23597083985805511 2.5
      vertex 0.069208875298500061 0.24022932350635529 2.5
      vertex 0.069208875298500061 0.24022932350635529 2.5499999523162842
    endloop
  endfacet
  facet normal 0.30367581918737663 0.95277541784036179 0
    outer loop
      vertex 0.08256976306438446 0.23597083985805511 2.5
      vertex 0.069208875298500061 0.24022932350635529 2.5499999523162842
      vertex 0.08256976306438446 0.23597083985805511 2.5499999523162842
    endloop
  endfacet
  facet normal 0.24977681644098065 0.96830343486358073 -0
    outer loop
      vertex 0.069208875298500061 0.24022932350635529 2.5
      vertex 0.055630233138799667 0.24373197555541992 2.5
      vertex 0.055630233138799667 0.24373197555541992 2.5499999523162842
    endloop
  endfacet
  facet normal 0.24977681644098065 0.96830343486358073 0
    outer loop
      vertex 0.069208875298500061 0.24022932350635529 2.5
      vertex 0.055630233138799667 0.24373197555541992 2.5499999523162842
      vertex 0.069208875298500061 0.24022932350635529 2.5499999523162842
    endloop
  endfacet
  facet normal 0.19509045296719091 0.9807852543554354 -0
    outer loop
      vertex 0.055630233138799667 0.24373197555541992 2.5
      vertex 0.041876554489135742 0.24646775424480438 2.5
      vertex 0.041876554489135742 0.24646775424480438 2.5499999523162842
    endloop
  endfacet
  facet normal 0.19509045296719091 0.9807852543554354 0
    outer loop
      vertex 0.055630233138799667 0.24373197555541992 2.5
      vertex 0.041876554489135742 0.24646775424480438 2.5499999523162842
      vertex 0.055630233138799667 0.24373197555541992 2.5499999523162842
    endloop
  endfacet
  facet normal 0.13978998358052122 0.99018117558887053 -0
    outer loop
      vertex 0.041876554489135742 0.24646775424480438 2.5
      vertex 0.027991119772195816 0.24842804670333862 2.5
      vertex 0.027991119772195816 0.24842804670333862 2.5499999523162842
    endloop
  endfacet
  facet normal 0.13978998358052122 0.99018117558887053 0
    outer loop
      vertex 0.041876554489135742 0.24646775424480438 2.5
      vertex 0.027991119772195816 0.24842804670333862 2.5499999523162842
      vertex 0.041876554489135742 0.24646775424480438 2.5499999523162842
    endloop
  endfacet
  facet normal 0.084050574376396625 0.9964614899468005 -0
    outer loop
      vertex 0.027991119772195816 0.24842804670333862 2.5
      vertex 0.014017611742019653 0.24960669875144958 2.5
      vertex 0.014017611742019653 0.24960669875144958 2.5499999523162842
    endloop
  endfacet
  facet normal 0.084050574376396625 0.9964614899468005 0
    outer loop
      vertex 0.027991119772195816 0.24842804670333862 2.5
      vertex 0.014017611742019653 0.24960669875144958 2.5499999523162842
      vertex 0.027991119772195816 0.24842804670333862 2.5499999523162842
    endloop
  endfacet
  facet normal 0.028046612897821743 0.99960661637714265 -0
    outer loop
      vertex 0.014017611742019653 0.24960669875144958 2.5
      vertex 2.1789409607353249e-33 0.25 2.5
      vertex 2.1789409607353249e-33 0.25 2.5499999523162842
    endloop
  endfacet
  facet normal 0.028046612897821743 0.99960661637714265 0
    outer loop
      vertex 0.014017611742019653 0.24960669875144958 2.5
      vertex 2.1789409607353249e-33 0.25 2.5499999523162842
      vertex 0.014017611742019653 0.24960669875144958 2.5499999523162842
    endloop
  endfacet
  facet normal -0.028046612897821743 0.99960661637714265 -0
    outer loop
      vertex 2.1789409607353249e-33 0.25 2.5
      vertex -0.014017611742019653 0.24960669875144958 2.5
      vertex -0.014017611742019653 0.24960669875144958 2.5499999523162842
    endloop
  endfacet
  facet normal -0.028046612897821743 0.99960661637714265 0
    outer loop
      vertex 2.1789409607353249e-33 0.25 2.5
      vertex -0.014017611742019653 0.24960669875144958 2.5499999523162842
      vertex 2.1789409607353249e-33 0.25 2.5499999523162842
    endloop
  endfacet
  facet normal -0.084050574376396625 0.9964614899468005 -0
    outer loop
      vertex -0.014017611742019653 0.24960669875144958 2.5
      vertex -0.027991119772195816 0.24842804670333862 2.5
      vertex -0.027991119772195816 0.24842804670333862 2.5499999523162842
    endloop
  endfacet
  facet normal -0.084050574376396625 0.9964614899468005 0
    outer loop
      vertex -0.014017611742019653 0.24960669875144958 2.5
      vertex -0.027991119772195816 0.24842804670333862 2.5499999523162842
      vertex -0.014017611742019653 0.24960669875144958 2.5499999523162842
    endloop
  endfacet
  facet normal -0.13978998358052122 0.99018117558887053 -0
    outer loop
      vertex -0.027991119772195816 0.24842804670333862 2.5
      vertex -0.041876554489135742 0.24646775424480438 2.5
      vertex -0.041876554489135742 0.24646775424480438 2.5499999523162842
    endloop
  endfacet
  facet normal -0.13978998358052122 0.99018117558887053 0
    outer loop
      vertex -0.027991119772195816 0.24842804670333862 2.5
      vertex -0.041876554489135742 0.24646775424480438 2.5499999523162842
      vertex -0.027991119772195816 0.24842804670333862 2.5499999523162842
    endloop
  endfacet
  facet normal -0.19509045296719091 0.9807852543554354 -0
    outer loop
      vertex -0.041876554489135742 0.24646775424480438 2.5
      vertex -0.055630233138799667 0.24373197555541992 2.5
      vertex -0.055630233138799667 0.24373197555541992 2.5499999523162842
    endloop
  endfacet
  facet normal -0.19509045296719091 0.9807852543554354 0
    outer loop
      vertex -0.041876554489135742 0.24646775424480438 2.5
      vertex -0.055630233138799667 0.24373197555541992 2.5499999523162842
      vertex -0.041876554489135742 0.24646775424480438 2.5499999523162842
    endloop
  endfacet
  facet normal -0.24977681644098065 0.96830343486358073 -0
    outer loop
      vertex -0.055630233138799667 0.24373197555541992 2.5
      vertex -0.069208875298500061 0.24022932350635529 2.5
      vertex -0.069208875298500061 0.24022932350635529 2.5499999523162842
    endloop
  endfacet
  facet normal -0.24977681644098065 0.96830343486358073 0
    outer loop
      vertex -0.055630233138799667 0.24373197555541992 2.5
      vertex -0.069208875298500061 0.24022932350635529 2.5499999523162842
      vertex -0.055630233138799667 0.24373197555541992 2.5499999523162842
    endloop
  endfacet
  facet normal -0.30367581918737663 0.95277541784036179 0
    outer loop
      vertex -0.069208875298500061 0.24022932350635529 2.5
      vertex -0.08256976306438446 0.23597083985805511 2.5
      vertex -0.08256976306438446 0.23597083985805511 2.5499999523162842
    endloop
  endfacet
  facet normal -0.30367581918737663 0.95277541784036179 0
    outer loop
      vertex -0.069208875298500061 0.24022932350635529 2.5
      vertex -0.08256976306438446 0.23597083985805511 2.5499999523162842
      vertex -0.069208875298500061 0.24022932350635529 2.5499999523162842
    endloop
  endfacet
  facet normal -0.3566224056793838 0.93424860704603097 -0
    outer loop
      vertex -0.08256976306438446 0.23597083985805511 2.5
      vertex -0.095670856535434723 0.2309698760509491 2.5
      vertex -0.095670856535434723 0.2309698760509491 2.5499999523162842
    endloop
  endfacet
  facet normal -0.3566224056793838 0.93424860704603097 0
    outer loop
      vertex -0.08256976306438446 0.23597083985805511 2.5
      vertex -0.095670856535434723 0.2309698760509491 2.5499999523162842
      vertex -0.08256976306438446 0.23597083985805511 2.5499999523162842
    endloop
  endfacet
  facet normal -0.40844414930497985 0.91278331322309536 -0
    outer loop
      vertex -0.095670856535434723 0.2309698760509491 2.5
      vertex -0.10847093164920807 0.22524221241474152 2.5
      vertex -0.10847093164920807 0.22524221241474152 2.5499999523162842
    endloop
  endfacet
  facet normal -0.40844414930497985 0.91278331322309536 0
    outer loop
      vertex -0.095670856535434723 0.2309698760509491 2.5
      vertex -0.10847093164920807 0.22524221241474152 2.5499999523162842
      vertex -0.095670856535434723 0.2309698760509491 2.5499999523162842
    endloop
  endfacet
  facet normal -0.45898174287546606 0.88844569879481083 -0
    outer loop
      vertex -0.10847093164920807 0.22524221241474152 2.5
      vertex -0.12092972546815872 0.21880584955215454 2.5
      vertex -0.12092972546815872 0.21880584955215454 2.5499999523162842
    endloop
  endfacet
  facet normal -0.45898174287546606 0.88844569879481083 0
    outer loop
      vertex -0.10847093164920807 0.22524221241474152 2.5
      vertex -0.12092972546815872 0.21880584955215454 2.5499999523162842
      vertex -0.10847093164920807 0.22524221241474152 2.5499999523162842
    endloop
  endfacet
  facet normal -0.50807500683041529 0.86131282785888741 -0
    outer loop
      vertex -0.12092972546815872 0.21880584955215454 2.5
      vertex -0.13300801813602448 0.2116810530424118 2.5
      vertex -0.13300801813602448 0.2116810530424118 2.5499999523162842
    endloop
  endfacet
  facet normal -0.50807500683041529 0.86131282785888741 0
    outer loop
      vertex -0.12092972546815872 0.21880584955215454 2.5
      vertex -0.13300801813602448 0.2116810530424118 2.5499999523162842
      vertex -0.12092972546815872 0.21880584955215454 2.5499999523162842
    endloop
  endfacet
  facet normal -0.55557041823090991 0.83146948854827618 -0
    outer loop
      vertex -0.13300801813602448 0.2116810530424118 2.5
      vertex -0.14466781914234161 0.20389021933078766 2.5
      vertex -0.14466781914234161 0.20389021933078766 2.5499999523162842
    endloop
  endfacet
  facet normal -0.55557041823090991 0.83146948854827618 0
    outer loop
      vertex -0.13300801813602448 0.2116810530424118 2.5
      vertex -0.14466781914234161 0.20389021933078766 2.5499999523162842
      vertex -0.13300801813602448 0.2116810530424118 2.5499999523162842
    endloop
  endfacet
  facet normal -0.60131682643805262 0.79901068468604908 0
    outer loop
      vertex -0.14466781914234161 0.20389021933078766 2.5
      vertex -0.15587244927883148 0.19545787572860718 2.5
      vertex -0.15587244927883148 0.19545787572860718 2.5499999523162842
    endloop
  endfacet
  facet normal -0.60131682643805262 0.79901068468604908 0
    outer loop
      vertex -0.14466781914234161 0.20389021933078766 2.5
      vertex -0.15587244927883148 0.19545787572860718 2.5499999523162842
      vertex -0.14466781914234161 0.20389021933078766 2.5499999523162842
    endloop
  endfacet
  facet normal -0.6451721888362828 0.76403720246608375 0
    outer loop
      vertex -0.15587244927883148 0.19545787572860718 2.5
      vertex -0.16658663749694824 0.18641054630279541 2.5
      vertex -0.16658663749694824 0.18641054630279541 2.5499999523162842
    endloop
  endfacet
  facet normal -0.6451721888362828 0.76403720246608375 0
    outer loop
      vertex -0.15587244927883148 0.19545787572860718 2.5
      vertex -0.16658663749694824 0.18641054630279541 2.5499999523162842
      vertex -0.15587244927883148 0.19545787572860718 2.5499999523162842
    endloop
  endfacet
  facet normal -0.68699709014169774 0.72666016688465884 0
    outer loop
      vertex -0.16658663749694824 0.18641054630279541 2.5
      vertex -0.1767766922712326 0.1767766922712326 2.5
      vertex -0.1767766922712326 0.1767766922712326 2.5499999523162842
    endloop
  endfacet
  facet normal -0.68699709014169774 0.72666016688465884 0
    outer loop
      vertex -0.16658663749694824 0.18641054630279541 2.5
      vertex -0.1767766922712326 0.1767766922712326 2.5499999523162842
      vertex -0.16658663749694824 0.18641054630279541 2.5499999523162842
    endloop
  endfacet
  facet normal -0.72666016688465884 0.68699709014169774 0
    outer loop
      vertex -0.1767766922712326 0.1767766922712326 2.5
      vertex -0.18641054630279541 0.16658663749694824 2.5
      vertex -0.18641054630279541 0.16658663749694824 2.5499999523162842
    endloop
  endfacet
  facet normal -0.72666016688465884 0.68699709014169774 0
    outer loop
      vertex -0.1767766922712326 0.1767766922712326 2.5
      vertex -0.18641054630279541 0.16658663749694824 2.5499999523162842
      vertex -0.1767766922712326 0.1767766922712326 2.5499999523162842
    endloop
  endfacet
  facet normal -0.76403720246608375 0.6451721888362828 0
    outer loop
      vertex -0.18641054630279541 0.16658663749694824 2.5
      vertex -0.19545787572860718 0.15587244927883148 2.5
      vertex -0.19545787572860718 0.15587244927883148 2.5499999523162842
    endloop
  endfacet
  facet normal -0.76403720246608375 0.6451721888362828 0
    outer loop
      vertex -0.18641054630279541 0.16658663749694824 2.5
      vertex -0.19545787572860718 0.15587244927883148 2.5499999523162842
      vertex -0.18641054630279541 0.16658663749694824 2.5499999523162842
    endloop
  endfacet
  facet normal -0.79901068468604908 0.60131682643805262 0
    outer loop
      vertex -0.19545787572860718 0.15587244927883148 2.5
      vertex -0.20389021933078766 0.14466781914234161 2.5
      vertex -0.20389021933078766 0.14466781914234161 2.5499999523162842
    endloop
  endfacet
  facet normal -0.79901068468604908 0.60131682643805262 0
    outer loop
      vertex -0.19545787572860718 0.15587244927883148 2.5
      vertex -0.20389021933078766 0.14466781914234161 2.5499999523162842
      vertex -0.19545787572860718 0.15587244927883148 2.5499999523162842
    endloop
  endfacet
  facet normal -0.83146948854827618 0.55557041823090991 0
    outer loop
      vertex -0.20389021933078766 0.14466781914234161 2.5
      vertex -0.2116810530424118 0.13300801813602448 2.5
      vertex -0.2116810530424118 0.13300801813602448 2.5499999523162842
    endloop
  endfacet
  facet normal -0.83146948854827618 0.55557041823090991 0
    outer loop
      vertex -0.20389021933078766 0.14466781914234161 2.5
      vertex -0.2116810530424118 0.13300801813602448 2.5499999523162842
      vertex -0.20389021933078766 0.14466781914234161 2.5499999523162842
    endloop
  endfacet
  facet normal -0.86131282785888741 0.50807500683041529 0
    outer loop
      vertex -0.2116810530424118 0.13300801813602448 2.5
      vertex -0.21880584955215454 0.12092972546815872 2.5
      vertex -0.21880584955215454 0.12092972546815872 2.5499999523162842
    endloop
  endfacet
  facet normal -0.86131282785888741 0.50807500683041529 0
    outer loop
      vertex -0.2116810530424118 0.13300801813602448 2.5
      vertex -0.21880584955215454 0.12092972546815872 2.5499999523162842
      vertex -0.2116810530424118 0.13300801813602448 2.5499999523162842
    endloop
  endfacet
  facet normal -0.88844569879481083 0.45898174287546606 0
    outer loop
      vertex -0.21880584955215454 0.12092972546815872 2.5
      vertex -0.22524221241474152 0.10847093164920807 2.5
      vertex -0.22524221241474152 0.10847093164920807 2.5499999523162842
    endloop
  endfacet
  facet normal -0.88844569879481083 0.45898174287546606 0
    outer loop
      vertex -0.21880584955215454 0.12092972546815872 2.5
      vertex -0.22524221241474152 0.10847093164920807 2.5499999523162842
      vertex -0.21880584955215454 0.12092972546815872 2.5499999523162842
    endloop
  endfacet
  facet normal -0.91278331322309536 0.40844414930497985 0
    outer loop
      vertex -0.22524221241474152 0.10847093164920807 2.5
      vertex -0.2309698760509491 0.095670856535434723 2.5
      vertex -0.2309698760509491 0.095670856535434723 2.5499999523162842
    endloop
  endfacet
  facet normal -0.91278331322309536 0.40844414930497985 0
    outer loop
      vertex -0.22524221241474152 0.10847093164920807 2.5
      vertex -0.2309698760509491 0.095670856535434723 2.5499999523162842
      vertex -0.22524221241474152 0.10847093164920807 2.5499999523162842
    endloop
  endfacet
  facet normal -0.93424860704603097 0.3566224056793838 0
    outer loop
      vertex -0.2309698760509491 0.095670856535434723 2.5
      vertex -0.23597083985805511 0.08256976306438446 2.5
      vertex -0.23597083985805511 0.08256976306438446 2.5499999523162842
    endloop
  endfacet
  facet normal -0.93424860704603097 0.3566224056793838 0
    outer loop
      vertex -0.2309698760509491 0.095670856535434723 2.5
      vertex -0.23597083985805511 0.08256976306438446 2.5499999523162842
      vertex -0.2309698760509491 0.095670856535434723 2.5499999523162842
    endloop
  endfacet
  facet normal -0.95277541784036179 0.30367581918737663 0
    outer loop
      vertex -0.23597083985805511 0.08256976306438446 2.5
      vertex -0.24022932350635529 0.069208875298500061 2.5
      vertex -0.24022932350635529 0.069208875298500061 2.5499999523162842
    endloop
  endfacet
  facet normal -0.95277541784036179 0.30367581918737663 0
    outer loop
      vertex -0.23597083985805511 0.08256976306438446 2.5
      vertex -0.24022932350635529 0.069208875298500061 2.5499999523162842
      vertex -0.23597083985805511 0.08256976306438446 2.5499999523162842
    endloop
  endfacet
  facet normal -0.96830343486358073 0.24977681644098065 0
    outer loop
      vertex -0.24022932350635529 0.069208875298500061 2.5
      vertex -0.24373197555541992 0.055630233138799667 2.5
      vertex -0.24373197555541992 0.055630233138799667 2.5499999523162842
    endloop
  endfacet
  facet normal -0.96830343486358073 0.24977681644098065 0
    outer loop
      vertex -0.24022932350635529 0.069208875298500061 2.5
      vertex -0.24373197555541992 0.055630233138799667 2.5499999523162842
      vertex -0.24022932350635529 0.069208875298500061 2.5499999523162842
    endloop
  endfacet
  facet normal -0.9807852543554354 0.19509045296719091 0
    outer loop
      vertex -0.24373197555541992 0.055630233138799667 2.5
      vertex -0.24646775424480438 0.041876554489135742 2.5
      vertex -0.24646775424480438 0.041876554489135742 2.5499999523162842
    endloop
  endfacet
  facet normal -0.9807852543554354 0.19509045296719091 0
    outer loop
      vertex -0.24373197555541992 0.055630233138799667 2.5
      vertex -0.24646775424480438 0.041876554489135742 2.5499999523162842
      vertex -0.24373197555541992 0.055630233138799667 2.5499999523162842
    endloop
  endfacet
  facet normal -0.99018117558887053 0.13978998358052122 0
    outer loop
      vertex -0.24646775424480438 0.041876554489135742 2.5
      vertex -0.24842804670333862 0.027991119772195816 2.5
      vertex -0.24842804670333862 0.027991119772195816 2.5499999523162842
    endloop
  endfacet
  facet normal -0.99018117558887053 0.13978998358052122 0
    outer loop
      vertex -0.24646775424480438 0.041876554489135742 2.5
      vertex -0.24842804670333862 0.027991119772195816 2.5499999523162842
      vertex -0.24646775424480438 0.041876554489135742 2.5499999523162842
    endloop
  endfacet
  facet normal -0.9964614899468005 0.084050574376396625 0
    outer loop
      vertex -0.24842804670333862 0.027991119772195816 2.5
      vertex -0.24960669875144958 0.014017611742019653 2.5
      vertex -0.24960669875144958 0.014017611742019653 2.5499999523162842
    endloop
  endfacet
  facet normal -0.9964614899468005 0.084050574376396625 0
    outer loop
      vertex -0.24842804670333862 0.027991119772195816 2.5
      vertex -0.24960669875144958 0.014017611742019653 2.5499999523162842
      vertex -0.24842804670333862 0.027991119772195816 2.5499999523162842
    endloop
  endfacet
  facet normal -0.99960661637714265 0.028046612897821781 0
    outer loop
      vertex -0.24960669875144958 0.014017611742019653 2.5
      vertex -0.25 1.962615539765984e-17 2.5
      vertex -0.25 1.962615539765984e-17 2.5499999523162842
    endloop
  endfacet
  facet normal -0.99960661637714265 0.028046612897821781 -1.7340410641711716e-18
    outer loop
      vertex -0.24960669875144958 0.014017611742019653 2.5
      vertex -0.25 1.962615539765984e-17 2.5499999523162842
      vertex -0.24960669875144958 0.014017611742019653 2.5499999523162842
    endloop
  endfacet
  facet normal -0.99960661637714265 -0.028046612897821704 0
    outer loop
      vertex -0.25 1.962615539765984e-17 2.5
      vertex -0.24960669875144958 -0.014017611742019653 2.5
      vertex -0.24960669875144958 -0.014017611742019653 2.5499999523162842
    endloop
  endfacet
  facet normal -0.99960661637714265 -0.028046612897821704 0
    outer loop
      vertex -0.25 1.962615539765984e-17 2.5
      vertex -0.24960669875144958 -0.014017611742019653 2.5499999523162842
      vertex -0.25 1.962615539765984e-17 2.5499999523162842
    endloop
  endfacet
  facet normal -0.9964614899468005 -0.084050574376396625 0
    outer loop
      vertex -0.24960669875144958 -0.014017611742019653 2.5
      vertex -0.24842804670333862 -0.027991119772195816 2.5
      vertex -0.24842804670333862 -0.027991119772195816 2.5499999523162842
    endloop
  endfacet
  facet normal -0.9964614899468005 -0.084050574376396625 0
    outer loop
      vertex -0.24960669875144958 -0.014017611742019653 2.5
      vertex -0.24842804670333862 -0.027991119772195816 2.5499999523162842
      vertex -0.24960669875144958 -0.014017611742019653 2.5499999523162842
    endloop
  endfacet
  facet normal -0.99018117558887053 -0.13978998358052122 0
    outer loop
      vertex -0.24842804670333862 -0.027991119772195816 2.5
      vertex -0.24646775424480438 -0.041876554489135742 2.5
      vertex -0.24646775424480438 -0.041876554489135742 2.5499999523162842
    endloop
  endfacet
  facet normal -0.99018117558887053 -0.13978998358052122 0
    outer loop
      vertex -0.24842804670333862 -0.027991119772195816 2.5
      vertex -0.24646775424480438 -0.041876554489135742 2.5499999523162842
      vertex -0.24842804670333862 -0.027991119772195816 2.5499999523162842
    endloop
  endfacet
  facet normal -0.9807852543554354 -0.19509045296719091 0
    outer loop
      vertex -0.24646775424480438 -0.041876554489135742 2.5
      vertex -0.24373197555541992 -0.055630233138799667 2.5
      vertex -0.24373197555541992 -0.055630233138799667 2.5499999523162842
    endloop
  endfacet
  facet normal -0.9807852543554354 -0.19509045296719091 0
    outer loop
      vertex -0.24646775424480438 -0.041876554489135742 2.5
      vertex -0.24373197555541992 -0.055630233138799667 2.5499999523162842
      vertex -0.24646775424480438 -0.041876554489135742 2.5499999523162842
    endloop
  endfacet
  facet normal -0.96830343486358073 -0.24977681644098065 0
    outer loop
      vertex -0.24373197555541992 -0.055630233138799667 2.5
      vertex -0.24022932350635529 -0.069208875298500061 2.5
      vertex -0.24022932350635529 -0.069208875298500061 2.5499999523162842
    endloop
  endfacet
  facet normal -0.96830343486358073 -0.24977681644098065 -0
    outer loop
      vertex -0.24373197555541992 -0.055630233138799667 2.5
      vertex -0.24022932350635529 -0.069208875298500061 2.5499999523162842
      vertex -0.24373197555541992 -0.055630233138799667 2.5499999523162842
    endloop
  endfacet
  facet normal -0.95277541784036179 -0.30367581918737663 0
    outer loop
      vertex -0.24022932350635529 -0.069208875298500061 2.5
      vertex -0.23597083985805511 -0.08256976306438446 2.5
      vertex -0.23597083985805511 -0.08256976306438446 2.5499999523162842
    endloop
  endfacet
  facet normal -0.95277541784036179 -0.30367581918737663 -0
    outer loop
      vertex -0.24022932350635529 -0.069208875298500061 2.5
      vertex -0.23597083985805511 -0.08256976306438446 2.5499999523162842
      vertex -0.24022932350635529 -0.069208875298500061 2.5499999523162842
    endloop
  endfacet
  facet normal -0.93424860704603097 -0.3566224056793838 0
    outer loop
      vertex -0.23597083985805511 -0.08256976306438446 2.5
      vertex -0.2309698760509491 -0.095670856535434723 2.5
      vertex -0.2309698760509491 -0.095670856535434723 2.5499999523162842
    endloop
  endfacet
  facet normal -0.93424860704603097 -0.3566224056793838 0
    outer loop
      vertex -0.23597083985805511 -0.08256976306438446 2.5
      vertex -0.2309698760509491 -0.095670856535434723 2.5499999523162842
      vertex -0.23597083985805511 -0.08256976306438446 2.5499999523162842
    endloop
  endfacet
  facet normal -0.91278331322309536 -0.40844414930497985 0
    outer loop
      vertex -0.2309698760509491 -0.095670856535434723 2.5
      vertex -0.22524221241474152 -0.10847093164920807 2.5
      vertex -0.22524221241474152 -0.10847093164920807 2.5499999523162842
    endloop
  endfacet
  facet normal -0.91278331322309536 -0.40844414930497985 0
    outer loop
      vertex -0.2309698760509491 -0.095670856535434723 2.5
      vertex -0.22524221241474152 -0.10847093164920807 2.5499999523162842
      vertex -0.2309698760509491 -0.095670856535434723 2.5499999523162842
    endloop
  endfacet
  facet normal -0.88844569879481083 -0.45898174287546606 0
    outer loop
      vertex -0.22524221241474152 -0.10847093164920807 2.5
      vertex -0.21880584955215454 -0.12092972546815872 2.5
      vertex -0.21880584955215454 -0.12092972546815872 2.5499999523162842
    endloop
  endfacet
  facet normal -0.88844569879481083 -0.45898174287546606 0
    outer loop
      vertex -0.22524221241474152 -0.10847093164920807 2.5
      vertex -0.21880584955215454 -0.12092972546815872 2.5499999523162842
      vertex -0.22524221241474152 -0.10847093164920807 2.5499999523162842
    endloop
  endfacet
  facet normal -0.86131282785888741 -0.50807500683041529 0
    outer loop
      vertex -0.21880584955215454 -0.12092972546815872 2.5
      vertex -0.2116810530424118 -0.13300801813602448 2.5
      vertex -0.2116810530424118 -0.13300801813602448 2.5499999523162842
    endloop
  endfacet
  facet normal -0.86131282785888741 -0.50807500683041529 -0
    outer loop
      vertex -0.21880584955215454 -0.12092972546815872 2.5
      vertex -0.2116810530424118 -0.13300801813602448 2.5499999523162842
      vertex -0.21880584955215454 -0.12092972546815872 2.5499999523162842
    endloop
  endfacet
  facet normal -0.83146948854827618 -0.55557041823090991 0
    outer loop
      vertex -0.2116810530424118 -0.13300801813602448 2.5
      vertex -0.20389021933078766 -0.14466781914234161 2.5
      vertex -0.20389021933078766 -0.14466781914234161 2.5499999523162842
    endloop
  endfacet
  facet normal -0.83146948854827618 -0.55557041823090991 0
    outer loop
      vertex -0.2116810530424118 -0.13300801813602448 2.5
      vertex -0.20389021933078766 -0.14466781914234161 2.5499999523162842
      vertex -0.2116810530424118 -0.13300801813602448 2.5499999523162842
    endloop
  endfacet
  facet normal -0.79901068468604908 -0.60131682643805262 0
    outer loop
      vertex -0.20389021933078766 -0.14466781914234161 2.5
      vertex -0.19545787572860718 -0.15587244927883148 2.5
      vertex -0.19545787572860718 -0.15587244927883148 2.5499999523162842
    endloop
  endfacet
  facet normal -0.79901068468604908 -0.60131682643805262 -0
    outer loop
      vertex -0.20389021933078766 -0.14466781914234161 2.5
      vertex -0.19545787572860718 -0.15587244927883148 2.5499999523162842
      vertex -0.20389021933078766 -0.14466781914234161 2.5499999523162842
    endloop
  endfacet
  facet normal -0.76403720246608375 -0.6451721888362828 0
    outer loop
      vertex -0.19545787572860718 -0.15587244927883148 2.5
      vertex -0.18641054630279541 -0.16658663749694824 2.5
      vertex -0.18641054630279541 -0.16658663749694824 2.5499999523162842
    endloop
  endfacet
  facet normal -0.76403720246608375 -0.6451721888362828 -0
    outer loop
      vertex -0.19545787572860718 -0.15587244927883148 2.5
      vertex -0.18641054630279541 -0.16658663749694824 2.5499999523162842
      vertex -0.19545787572860718 -0.15587244927883148 2.5499999523162842
    endloop
  endfacet
  facet normal -0.72666016688465884 -0.68699709014169774 0
    outer loop
      vertex -0.18641054630279541 -0.16658663749694824 2.5
      vertex -0.1767766922712326 -0.1767766922712326 2.5
      vertex -0.1767766922712326 -0.1767766922712326 2.5499999523162842
    endloop
  endfacet
  facet normal -0.72666016688465884 -0.68699709014169774 -0
    outer loop
      vertex -0.18641054630279541 -0.16658663749694824 2.5
      vertex -0.1767766922712326 -0.1767766922712326 2.5499999523162842
      vertex -0.18641054630279541 -0.16658663749694824 2.5499999523162842
    endloop
  endfacet
  facet normal -0.68699709014169774 -0.72666016688465884 0
    outer loop
      vertex -0.1767766922712326 -0.1767766922712326 2.5
      vertex -0.16658663749694824 -0.18641054630279541 2.5
      vertex -0.16658663749694824 -0.18641054630279541 2.5499999523162842
    endloop
  endfacet
  facet normal -0.68699709014169774 -0.72666016688465884 -0
    outer loop
      vertex -0.1767766922712326 -0.1767766922712326 2.5
      vertex -0.16658663749694824 -0.18641054630279541 2.5499999523162842
      vertex -0.1767766922712326 -0.1767766922712326 2.5499999523162842
    endloop
  endfacet
  facet normal -0.6451721888362828 -0.76403720246608375 0
    outer loop
      vertex -0.16658663749694824 -0.18641054630279541 2.5
      vertex -0.15587244927883148 -0.19545787572860718 2.5
      vertex -0.15587244927883148 -0.19545787572860718 2.5499999523162842
    endloop
  endfacet
  facet normal -0.6451721888362828 -0.76403720246608375 -0
    outer loop
      vertex -0.16658663749694824 -0.18641054630279541 2.5
      vertex -0.15587244927883148 -0.19545787572860718 2.5499999523162842
      vertex -0.16658663749694824 -0.18641054630279541 2.5499999523162842
    endloop
  endfacet
  facet normal -0.60131682643805262 -0.79901068468604908 0
    outer loop
      vertex -0.15587244927883148 -0.19545787572860718 2.5
      vertex -0.14466781914234161 -0.20389021933078766 2.5
      vertex -0.14466781914234161 -0.20389021933078766 2.5499999523162842
    endloop
  endfacet
  facet normal -0.60131682643805262 -0.79901068468604908 -0
    outer loop
      vertex -0.15587244927883148 -0.19545787572860718 2.5
      vertex -0.14466781914234161 -0.20389021933078766 2.5499999523162842
      vertex -0.15587244927883148 -0.19545787572860718 2.5499999523162842
    endloop
  endfacet
  facet normal -0.55557041823090991 -0.83146948854827618 0
    outer loop
      vertex -0.14466781914234161 -0.20389021933078766 2.5
      vertex -0.13300801813602448 -0.2116810530424118 2.5
      vertex -0.13300801813602448 -0.2116810530424118 2.5499999523162842
    endloop
  endfacet
  facet normal -0.55557041823090991 -0.83146948854827618 0
    outer loop
      vertex -0.14466781914234161 -0.20389021933078766 2.5
      vertex -0.13300801813602448 -0.2116810530424118 2.5499999523162842
      vertex -0.14466781914234161 -0.20389021933078766 2.5499999523162842
    endloop
  endfacet
  facet normal -0.50807500683041529 -0.86131282785888741 0
    outer loop
      vertex -0.13300801813602448 -0.2116810530424118 2.5
      vertex -0.12092972546815872 -0.21880584955215454 2.5
      vertex -0.12092972546815872 -0.21880584955215454 2.5499999523162842
    endloop
  endfacet
  facet normal -0.50807500683041529 -0.86131282785888741 -0
    outer loop
      vertex -0.13300801813602448 -0.2116810530424118 2.5
      vertex -0.12092972546815872 -0.21880584955215454 2.5499999523162842
      vertex -0.13300801813602448 -0.2116810530424118 2.5499999523162842
    endloop
  endfacet
  facet normal -0.45898174287546606 -0.88844569879481083 0
    outer loop
      vertex -0.12092972546815872 -0.21880584955215454 2.5
      vertex -0.10847093164920807 -0.22524221241474152 2.5
      vertex -0.10847093164920807 -0.22524221241474152 2.5499999523162842
    endloop
  endfacet
  facet normal -0.45898174287546606 -0.88844569879481083 0
    outer loop
      vertex -0.12092972546815872 -0.21880584955215454 2.5
      vertex -0.10847093164920807 -0.22524221241474152 2.5499999523162842
      vertex -0.12092972546815872 -0.21880584955215454 2.5499999523162842
    endloop
  endfacet
  facet normal -0.40844414930497985 -0.91278331322309536 0
    outer loop
      vertex -0.10847093164920807 -0.22524221241474152 2.5
      vertex -0.095670856535434723 -0.2309698760509491 2.5
      vertex -0.095670856535434723 -0.2309698760509491 2.5499999523162842
    endloop
  endfacet
  facet normal -0.40844414930497985 -0.91278331322309536 0
    outer loop
      vertex -0.10847093164920807 -0.22524221241474152 2.5
      vertex -0.095670856535434723 -0.2309698760509491 2.5499999523162842
      vertex -0.10847093164920807 -0.22524221241474152 2.5499999523162842
    endloop
  endfacet
  facet normal -0.3566224056793838 -0.93424860704603097 0
    outer loop
      vertex -0.095670856535434723 -0.2309698760509491 2.5
      vertex -0.08256976306438446 -0.23597083985805511 2.5
      vertex -0.08256976306438446 -0.23597083985805511 2.5499999523162842
    endloop
  endfacet
  facet normal -0.3566224056793838 -0.93424860704603097 0
    outer loop
      vertex -0.095670856535434723 -0.2309698760509491 2.5
      vertex -0.08256976306438446 -0.23597083985805511 2.5499999523162842
      vertex -0.095670856535434723 -0.2309698760509491 2.5499999523162842
    endloop
  endfacet
  facet normal -0.30367581918737663 -0.95277541784036179 0
    outer loop
      vertex -0.08256976306438446 -0.23597083985805511 2.5
      vertex -0.069208875298500061 -0.24022932350635529 2.5
      vertex -0.069208875298500061 -0.24022932350635529 2.5499999523162842
    endloop
  endfacet
  facet normal -0.30367581918737663 -0.95277541784036179 -0
    outer loop
      vertex -0.08256976306438446 -0.23597083985805511 2.5
      vertex -0.069208875298500061 -0.24022932350635529 2.5499999523162842
      vertex -0.08256976306438446 -0.23597083985805511 2.5499999523162842
    endloop
  endfacet
  facet normal -0.24977681644098065 -0.96830343486358073 0
    outer loop
      vertex -0.069208875298500061 -0.24022932350635529 2.5
      vertex -0.055630233138799667 -0.24373197555541992 2.5
      vertex -0.055630233138799667 -0.24373197555541992 2.5499999523162842
    endloop
  endfacet
  facet normal -0.24977681644098065 -0.96830343486358073 -0
    outer loop
      vertex -0.069208875298500061 -0.24022932350635529 2.5
      vertex -0.055630233138799667 -0.24373197555541992 2.5499999523162842
      vertex -0.069208875298500061 -0.24022932350635529 2.5499999523162842
    endloop
  endfacet
  facet normal -0.19509045296719091 -0.9807852543554354 0
    outer loop
      vertex -0.055630233138799667 -0.24373197555541992 2.5
      vertex -0.041876554489135742 -0.24646775424480438 2.5
      vertex -0.041876554489135742 -0.24646775424480438 2.5499999523162842
    endloop
  endfacet
  facet normal -0.19509045296719091 -0.9807852543554354 0
    outer loop
      vertex -0.055630233138799667 -0.24373197555541992 2.5
      vertex -0.041876554489135742 -0.24646775424480438 2.5499999523162842
      vertex -0.055630233138799667 -0.24373197555541992 2.5499999523162842
    endloop
  endfacet
  facet normal -0.13978998358052122 -0.99018117558887053 0
    outer loop
      vertex -0.041876554489135742 -0.24646775424480438 2.5
      vertex -0.027991119772195816 -0.24842804670333862 2.5
      vertex -0.027991119772195816 -0.24842804670333862 2.5499999523162842
    endloop
  endfacet
  facet normal -0.13978998358052122 -0.99018117558887053 0
    outer loop
      vertex -0.041876554489135742 -0.24646775424480438 2.5
      vertex -0.027991119772195816 -0.24842804670333862 2.5499999523162842
      vertex -0.041876554489135742 -0.24646775424480438 2.5499999523162842
    endloop
  endfacet
  facet normal -0.084050574376396625 -0.9964614899468005 0
    outer loop
      vertex -0.027991119772195816 -0.24842804670333862 2.5
      vertex -0.014017611742019653 -0.24960669875144958 2.5
      vertex -0.014017611742019653 -0.24960669875144958 2.5499999523162842
    endloop
  endfacet
  facet normal -0.084050574376396625 -0.9964614899468005 0
    outer loop
      vertex -0.027991119772195816 -0.24842804670333862 2.5
      vertex -0.014017611742019653 -0.24960669875144958 2.5499999523162842
      vertex -0.027991119772195816 -0.24842804670333862 2.5499999523162842
    endloop
  endfacet
  facet normal -0.028046612897821743 -0.99960661637714265 0
    outer loop
      vertex -0.014017611742019653 -0.24960669875144958 2.5
      vertex 2.1789409607353249e-33 -0.25 2.5
      vertex 2.1789409607353249e-33 -0.25 2.5499999523162842
    endloop
  endfacet
  facet normal -0.028046612897821743 -0.99960661637714265 0
    outer loop
      vertex -0.014017611742019653 -0.24960669875144958 2.5
      vertex 2.1789409607353249e-33 -0.25 2.5499999523162842
      vertex -0.014017611742019653 -0.24960669875144958 2.5499999523162842
    endloop
  endfacet
  facet normal 0.028046612897821743 -0.99960661637714265 0
    outer loop
      vertex 2.1789409607353249e-33 -0.25 2.5
      vertex 0.014017611742019653 -0.24960669875144958 2.5
      vertex 0.014017611742019653 -0.24960669875144958 2.5499999523162842
    endloop
  endfacet
  facet normal 0.028046612897821743 -0.99960661637714265 0
    outer loop
      vertex 2.1789409607353249e-33 -0.25 2.5
      vertex 0.014017611742019653 -0.24960669875144958 2.5499999523162842
      vertex 2.1789409607353249e-33 -0.25 2.5499999523162842
    endloop
  endfacet
  facet normal 0.084050574376396625 -0.9964614899468005 0
    outer loop
      vertex 0.014017611742019653 -0.24960669875144958 2.5
      vertex 0.027991119772195816 -0.24842804670333862 2.5
      vertex 0.027991119772195816 -0.24842804670333862 2.5499999523162842
    endloop
  endfacet
  facet normal 0.084050574376396625 -0.9964614899468005 0
    outer loop
      vertex 0.014017611742019653 -0.24960669875144958 2.5
      vertex 0.027991119772195816 -0.24842804670333862 2.5499999523162842
      vertex 0.014017611742019653 -0.24960669875144958 2.5499999523162842
    endloop
  endfacet
  facet normal 0.13978998358052122 -0.99018117558887053 0
    outer loop
      vertex 0.027991119772195816 -0.24842804670333862 2.5
      vertex 0.041876554489135742 -0.24646775424480438 2.5
      vertex 0.041876554489135742 -0.24646775424480438 2.5499999523162842
    endloop
  endfacet
  facet normal 0.13978998358052122 -0.99018117558887053 0
    outer loop
      vertex 0.027991119772195816 -0.24842804670333862 2.5
      vertex 0.041876554489135742 -0.24646775424480438 2.5499999523162842
      vertex 0.027991119772195816 -0.24842804670333862 2.5499999523162842
    endloop
  endfacet
  facet normal 0.19509045296719091 -0.9807852543554354 0
    outer loop
      vertex 0.041876554489135742 -0.24646775424480438 2.5
      vertex 0.055630233138799667 -0.24373197555541992 2.5
      vertex 0.055630233138799667 -0.24373197555541992 2.5499999523162842
    endloop
  endfacet
  facet normal 0.19509045296719091 -0.9807852543554354 0
    outer loop
      vertex 0.041876554489135742 -0.24646775424480438 2.5
      vertex 0.055630233138799667 -0.24373197555541992 2.5499999523162842
      vertex 0.041876554489135742 -0.24646775424480438 2.5499999523162842
    endloop
  endfacet
  facet normal 0.24977681644098065 -0.96830343486358073 0
    outer loop
      vertex 0.055630233138799667 -0.24373197555541992 2.5
      vertex 0.069208875298500061 -0.24022932350635529 2.5
      vertex 0.069208875298500061 -0.24022932350635529 2.5499999523162842
    endloop
  endfacet
  facet normal 0.24977681644098065 -0.96830343486358073 0
    outer loop
      vertex 0.055630233138799667 -0.24373197555541992 2.5
      vertex 0.069208875298500061 -0.24022932350635529 2.5499999523162842
      vertex 0.055630233138799667 -0.24373197555541992 2.5499999523162842
    endloop
  endfacet
  facet normal 0.30367581918737663 -0.95277541784036179 0
    outer loop
      vertex 0.069208875298500061 -0.24022932350635529 2.5
      vertex 0.08256976306438446 -0.23597083985805511 2.5
      vertex 0.08256976306438446 -0.23597083985805511 2.5499999523162842
    endloop
  endfacet
  facet normal 0.30367581918737663 -0.95277541784036179 0
    outer loop
      vertex 0.069208875298500061 -0.24022932350635529 2.5
      vertex 0.08256976306438446 -0.23597083985805511 2.5499999523162842
      vertex 0.069208875298500061 -0.24022932350635529 2.5499999523162842
    endloop
  endfacet
  facet normal 0.3566224056793838 -0.93424860704603097 0
    outer loop
      vertex 0.08256976306438446 -0.23597083985805511 2.5
      vertex 0.095670856535434723 -0.2309698760509491 2.5
      vertex 0.095670856535434723 -0.2309698760509491 2.5499999523162842
    endloop
  endfacet
  facet normal 0.3566224056793838 -0.93424860704603097 0
    outer loop
      vertex 0.08256976306438446 -0.23597083985805511 2.5
      vertex 0.095670856535434723 -0.2309698760509491 2.5499999523162842
      vertex 0.08256976306438446 -0.23597083985805511 2.5499999523162842
    endloop
  endfacet
  facet normal 0.40844414930497985 -0.91278331322309536 0
    outer loop
      vertex 0.095670856535434723 -0.2309698760509491 2.5
      vertex 0.10847093164920807 -0.22524221241474152 2.5
      vertex 0.10847093164920807 -0.22524221241474152 2.5499999523162842
    endloop
  endfacet
  facet normal 0.40844414930497985 -0.91278331322309536 0
    outer loop
      vertex 0.095670856535434723 -0.2309698760509491 2.5
      vertex 0.10847093164920807 -0.22524221241474152 2.5499999523162842
      vertex 0.095670856535434723 -0.2309698760509491 2.5499999523162842
    endloop
  endfacet
  facet normal 0.45898174287546606 -0.88844569879481083 0
    outer loop
      vertex 0.10847093164920807 -0.22524221241474152 2.5
      vertex 0.12092972546815872 -0.21880584955215454 2.5
      vertex 0.12092972546815872 -0.21880584955215454 2.5499999523162842
    endloop
  endfacet
  facet normal 0.45898174287546606 -0.88844569879481083 0
    outer loop
      vertex 0.10847093164920807 -0.22524221241474152 2.5
      vertex 0.12092972546815872 -0.21880584955215454 2.5499999523162842
      vertex 0.10847093164920807 -0.22524221241474152 2.5499999523162842
    endloop
  endfacet
  facet normal 0.50807500683041529 -0.86131282785888741 0
    outer loop
      vertex 0.12092972546815872 -0.21880584955215454 2.5
      vertex 0.13300801813602448 -0.2116810530424118 2.5
      vertex 0.13300801813602448 -0.2116810530424118 2.5499999523162842
    endloop
  endfacet
  facet normal 0.50807500683041529 -0.86131282785888741 0
    outer loop
      vertex 0.12092972546815872 -0.21880584955215454 2.5
      vertex 0.13300801813602448 -0.2116810530424118 2.5499999523162842
      vertex 0.12092972546815872 -0.21880584955215454 2.5499999523162842
    endloop
  endfacet
  facet normal 0.55557041823090991 -0.83146948854827618 0
    outer loop
      vertex 0.13300801813602448 -0.2116810530424118 2.5
      vertex 0.14466781914234161 -0.20389021933078766 2.5
      vertex 0.14466781914234161 -0.20389021933078766 2.5499999523162842
    endloop
  endfacet
  facet normal 0.55557041823090991 -0.83146948854827618 0
    outer loop
      vertex 0.13300801813602448 -0.2116810530424118 2.5
      vertex 0.14466781914234161 -0.20389021933078766 2.5499999523162842
      vertex 0.13300801813602448 -0.2116810530424118 2.5499999523162842
    endloop
  endfacet
  facet normal 0.60131682643805262 -0.79901068468604908 0
    outer loop
      vertex 0.14466781914234161 -0.20389021933078766 2.5
      vertex 0.15587244927883148 -0.19545787572860718 2.5
      vertex 0.15587244927883148 -0.19545787572860718 2.5499999523162842
    endloop
  endfacet
  facet normal 0.60131682643805262 -0.79901068468604908 0
    outer loop
      vertex 0.14466781914234161 -0.20389021933078766 2.5
      vertex 0.15587244927883148 -0.19545787572860718 2.5499999523162842
      vertex 0.14466781914234161 -0.20389021933078766 2.5499999523162842
    endloop
  endfacet
  facet normal 0.6451721888362828 -0.76403720246608375 0
    outer loop
      vertex 0.15587244927883148 -0.19545787572860718 2.5
      vertex 0.16658663749694824 -0.18641054630279541 2.5
      vertex 0.16658663749694824 -0.18641054630279541 2.5499999523162842
    endloop
  endfacet
  facet normal 0.6451721888362828 -0.76403720246608375 0
    outer loop
      vertex 0.15587244927883148 -0.19545787572860718 2.5
      vertex 0.16658663749694824 -0.18641054630279541 2.5499999523162842
      vertex 0.15587244927883148 -0.19545787572860718 2.5499999523162842
    endloop
  endfacet
  facet normal 0.68699709014169774 -0.72666016688465884 0
    outer loop
      vertex 0.16658663749694824 -0.18641054630279541 2.5
      vertex 0.1767766922712326 -0.1767766922712326 2.5
      vertex 0.1767766922712326 -0.1767766922712326 2.5499999523162842
    endloop
  endfacet
  facet normal 0.68699709014169774 -0.72666016688465884 0
    outer loop
      vertex 0.16658663749694824 -0.18641054630279541 2.5
      vertex 0.1767766922712326 -0.1767766922712326 2.5499999523162842
      vertex 0.16658663749694824 -0.18641054630279541 2.5499999523162842
    endloop
  endfacet
  facet normal 0.72666016688465884 -0.68699709014169774 0
    outer loop
      vertex 0.1767766922712326 -0.1767766922712326 2.5
      vertex 0.18641054630279541 -0.16658663749694824 2.5
      vertex 0.18641054630279541 -0.16658663749694824 2.5499999523162842
    endloop
  endfacet
  facet normal 0.72666016688465884 -0.68699709014169774 0
    outer loop
      vertex 0.1767766922712326 -0.1767766922712326 2.5
      vertex 0.18641054630279541 -0.16658663749694824 2.5499999523162842
      vertex 0.1767766922712326 -0.1767766922712326 2.5499999523162842
    endloop
  endfacet
  facet normal 0.76403720246608375 -0.6451721888362828 0
    outer loop
      vertex 0.18641054630279541 -0.16658663749694824 2.5
      vertex 0.19545787572860718 -0.15587244927883148 2.5
      vertex 0.19545787572860718 -0.15587244927883148 2.5499999523162842
    endloop
  endfacet
  facet normal 0.76403720246608375 -0.6451721888362828 0
    outer loop
      vertex 0.18641054630279541 -0.16658663749694824 2.5
      vertex 0.19545787572860718 -0.15587244927883148 2.5499999523162842
      vertex 0.18641054630279541 -0.16658663749694824 2.5499999523162842
    endloop
  endfacet
  facet normal 0.79901068468604908 -0.60131682643805262 0
    outer loop
      vertex 0.19545787572860718 -0.15587244927883148 2.5
      vertex 0.20389021933078766 -0.14466781914234161 2.5
      vertex 0.20389021933078766 -0.14466781914234161 2.5499999523162842
    endloop
  endfacet
  facet normal 0.79901068468604908 -0.60131682643805262 0
    outer loop
      vertex 0.19545787572860718 -0.15587244927883148 2.5
      vertex 0.20389021933078766 -0.14466781914234161 2.5499999523162842
      vertex 0.19545787572860718 -0.15587244927883148 2.5499999523162842
    endloop
  endfacet
  facet normal 0.83146948854827618 -0.55557041823090991 -0
    outer loop
      vertex 0.20389021933078766 -0.14466781914234161 2.5
      vertex 0.2116810530424118 -0.13300801813602448 2.5
      vertex 0.2116810530424118 -0.13300801813602448 2.5499999523162842
    endloop
  endfacet
  facet normal 0.83146948854827618 -0.55557041823090991 0
    outer loop
      vertex 0.20389021933078766 -0.14466781914234161 2.5
      vertex 0.2116810530424118 -0.13300801813602448 2.5499999523162842
      vertex 0.20389021933078766 -0.14466781914234161 2.5499999523162842
    endloop
  endfacet
  facet normal 0.86131282785888741 -0.50807500683041529 -0
    outer loop
      vertex 0.2116810530424118 -0.13300801813602448 2.5
      vertex 0.21880584955215454 -0.12092972546815872 2.5
      vertex 0.21880584955215454 -0.12092972546815872 2.5499999523162842
    endloop
  endfacet
  facet normal 0.86131282785888741 -0.50807500683041529 0
    outer loop
      vertex 0.2116810530424118 -0.13300801813602448 2.5
      vertex 0.21880584955215454 -0.12092972546815872 2.5499999523162842
      vertex 0.2116810530424118 -0.13300801813602448 2.5499999523162842
    endloop
  endfacet
  facet normal 0.88844569879481083 -0.45898174287546606 -0
    outer loop
      vertex 0.21880584955215454 -0.12092972546815872 2.5
      vertex 0.22524221241474152 -0.10847093164920807 2.5
      vertex 0.22524221241474152 -0.10847093164920807 2.5499999523162842
    endloop
  endfacet
  facet normal 0.88844569879481083 -0.45898174287546606 0
    outer loop
      vertex 0.21880584955215454 -0.12092972546815872 2.5
      vertex 0.22524221241474152 -0.10847093164920807 2.5499999523162842
      vertex 0.21880584955215454 -0.12092972546815872 2.5499999523162842
    endloop
  endfacet
  facet normal 0.91278331322309536 -0.40844414930497985 -0
    outer loop
      vertex 0.22524221241474152 -0.10847093164920807 2.5
      vertex 0.2309698760509491 -0.095670856535434723 2.5
      vertex 0.2309698760509491 -0.095670856535434723 2.5499999523162842
    endloop
  endfacet
  facet normal 0.91278331322309536 -0.40844414930497985 0
    outer loop
      vertex 0.22524221241474152 -0.10847093164920807 2.5
      vertex 0.2309698760509491 -0.095670856535434723 2.5499999523162842
      vertex 0.22524221241474152 -0.10847093164920807 2.5499999523162842
    endloop
  endfacet
  facet normal 0.93424860704603097 -0.3566224056793838 -0
    outer loop
      vertex 0.2309698760509491 -0.095670856535434723 2.5
      vertex 0.23597083985805511 -0.08256976306438446 2.5
      vertex 0.23597083985805511 -0.08256976306438446 2.5499999523162842
    endloop
  endfacet
  facet normal 0.93424860704603097 -0.3566224056793838 0
    outer loop
      vertex 0.2309698760509491 -0.095670856535434723 2.5
      vertex 0.23597083985805511 -0.08256976306438446 2.5499999523162842
      vertex 0.2309698760509491 -0.095670856535434723 2.5499999523162842
    endloop
  endfacet
  facet normal 0.95277541784036179 -0.30367581918737663 0
    outer loop
      vertex 0.23597083985805511 -0.08256976306438446 2.5
      vertex 0.24022932350635529 -0.069208875298500061 2.5
      vertex 0.24022932350635529 -0.069208875298500061 2.5499999523162842
    endloop
  endfacet
  facet normal 0.95277541784036179 -0.30367581918737663 0
    outer loop
      vertex 0.23597083985805511 -0.08256976306438446 2.5
      vertex 0.24022932350635529 -0.069208875298500061 2.5499999523162842
      vertex 0.23597083985805511 -0.08256976306438446 2.5499999523162842
    endloop
  endfacet
  facet normal 0.96830343486358073 -0.24977681644098065 -0
    outer loop
      vertex 0.24022932350635529 -0.069208875298500061 2.5
      vertex 0.24373197555541992 -0.055630233138799667 2.5
      vertex 0.24373197555541992 -0.055630233138799667 2.5499999523162842
    endloop
  endfacet
  facet normal 0.96830343486358073 -0.24977681644098065 0
    outer loop
      vertex 0.24022932350635529 -0.069208875298500061 2.5
      vertex 0.24373197555541992 -0.055630233138799667 2.5499999523162842
      vertex 0.24022932350635529 -0.069208875298500061 2.5499999523162842
    endloop
  endfacet
  facet normal 0.9807852543554354 -0.19509045296719091 -0
    outer loop
      vertex 0.24373197555541992 -0.055630233138799667 2.5
      vertex 0.24646775424480438 -0.041876554489135742 2.5
      vertex 0.24646775424480438 -0.041876554489135742 2.5499999523162842
    endloop
  endfacet
  facet normal 0.9807852543554354 -0.19509045296719091 0
    outer loop
      vertex 0.24373197555541992 -0.055630233138799667 2.5
      vertex 0.24646775424480438 -0.041876554489135742 2.5499999523162842
      vertex 0.24373197555541992 -0.055630233138799667 2.5499999523162842
    endloop
  endfacet
  facet normal 0.99018117558887053 -0.13978998358052122 -0
    outer loop
      vertex 0.24646775424480438 -0.041876554489135742 2.5
      vertex 0.24842804670333862 -0.027991119772195816 2.5
      vertex 0.24842804670333862 -0.027991119772195816 2.5499999523162842
    endloop
  endfacet
  facet normal 0.99018117558887053 -0.13978998358052122 0
    outer loop
      vertex 0.24646775424480438 -0.041876554489135742 2.5
      vertex 0.24842804670333862 -0.027991119772195816 2.5499999523162842
      vertex 0.24646775424480438 -0.041876554489135742 2.5499999523162842
    endloop
  endfacet
  facet normal 0.9964614899468005 -0.084050574376396625 -0
    outer loop
      vertex 0.24842804670333862 -0.027991119772195816 2.5
      vertex 0.24960669875144958 -0.014017611742019653 2.5
      vertex 0.24960669875144958 -0.014017611742019653 2.5499999523162842
    endloop
  endfacet
  facet normal 0.9964614899468005 -0.084050574376396625 0
    outer loop
      vertex 0.24842804670333862 -0.027991119772195816 2.5
      vertex 0.24960669875144958 -0.014017611742019653 2.5499999523162842
      vertex 0.24842804670333862 -0.027991119772195816 2.5499999523162842
    endloop
  endfacet
  facet normal 0.99960661637714265 -0.028046612897821704 -0
    outer loop
      vertex 0.24960669875144958 -0.014017611742019653 2.5
      vertex 0.25 1.962615539765984e-17 2.5
      vertex 0.25 1.962615539765984e-17 2.5499999523162842
    endloop
  endfacet
  facet normal 0.99960661637714265 -0.028046612897821704 0
    outer loop
      vertex 0.24960669875144958 -0.014017611742019653 2.5
      vertex 0.25 1.962615539765984e-17 2.5499999523162842
      vertex 0.24960669875144958 -0.014017611742019653 2.5499999523162842
    endloop
  endfacet
  facet normal -0 -0 -1
    outer loop
      vertex -0.2116810530424118 -0.13300801813602448 2.5
      vertex -0.21880584955215454 -0.12092972546815872 2.5
      vertex -0.22524221241474152 -0.10847093164920807 2.5
    endloop
  endfacet
  facet normal -0 -0 -1
    outer loop
      vertex -0.19545787572860718 -0.15587244927883148 2.5
      vertex -0.2116810530424118 -0.13300801813602448 2.5
      vertex -0.22524221241474152 -0.10847093164920807 2.5
    endloop
  endfacet
  facet normal -0 -0 -1
    outer loop
      vertex -0.19545787572860718 -0.15587244927883148 2.5
      vertex -0.24842804670333862 -0.027991119772195816 2.5
      vertex -0.19545787572860718 0.15587244927883148 2.5
    endloop
  endfacet
  facet normal -0 -0 -1
    outer loop
      vertex -0.24842804670333862 -0.027991119772195816 2.5
      vertex -0.19545787572860718 -0.15587244927883148 2.5
      vertex -0.22524221241474152 -0.10847093164920807 2.5
    endloop
  endfacet
  facet normal 0 0 -1
    outer loop
      vertex -0.19545787572860718 -0.15587244927883148 2.5
      vertex -0.20389021933078766 -0.14466781914234161 2.5
      vertex -0.2116810530424118 -0.13300801813602448 2.5
    endloop
  endfacet
  facet normal -0 -0 -1
    outer loop
      vertex -0.16658663749694824 -0.18641054630279541 2.5
      vertex -0.18641054630279541 -0.16658663749694824 2.5
      vertex -0.19545787572860718 -0.15587244927883148 2.5
    endloop
  endfacet
  facet normal -0 -0 -1
    outer loop
      vertex -0.22524221241474152 -0.10847093164920807 2.5
      vertex -0.24373197555541992 -0.055630233138799667 2.5
      vertex -0.24842804670333862 -0.027991119772195816 2.5
    endloop
  endfacet
  facet normal 0 0 -1
    outer loop
      vertex -0.24646775424480438 -0.041876554489135742 2.5
      vertex -0.24842804670333862 -0.027991119772195816 2.5
      vertex -0.24373197555541992 -0.055630233138799667 2.5
    endloop
  endfacet
  facet normal 0 0 -1
    outer loop
      vertex -0.23597083985805511 -0.08256976306438446 2.5
      vertex -0.22524221241474152 -0.10847093164920807 2.5
      vertex -0.2309698760509491 -0.095670856535434723 2.5
    endloop
  endfacet
  facet normal 0 0 -1
    outer loop
      vertex -0.24022932350635529 -0.069208875298500061 2.5
      vertex -0.22524221241474152 -0.10847093164920807 2.5
      vertex -0.23597083985805511 -0.08256976306438446 2.5
    endloop
  endfacet
  facet normal -0 -0 -1
    outer loop
      vertex -0.22524221241474152 -0.10847093164920807 2.5
      vertex -0.24022932350635529 -0.069208875298500061 2.5
      vertex -0.24373197555541992 -0.055630233138799667 2.5
    endloop
  endfacet
  facet normal -0 -0 -1
    outer loop
      vertex -0.24842804670333862 -0.027991119772195816 2.5
      vertex -0.24960669875144958 -0.014017611742019653 2.5
      vertex -0.25 1.962615539765984e-17 2.5
    endloop
  endfacet
  facet normal 0 -0 -1
    outer loop
      vertex -0.1767766922712326 -0.1767766922712326 2.5
      vertex -0.18641054630279541 -0.16658663749694824 2.5
      vertex -0.16658663749694824 -0.18641054630279541 2.5
    endloop
  endfacet
  facet normal 0 -0 -1
    outer loop
      vertex -0.069208875298500061 -0.24022932350635529 2.5
      vertex -0.08256976306438446 -0.23597083985805511 2.5
      vertex -0.041876554489135742 -0.24646775424480438 2.5
    endloop
  endfacet
  facet normal 0 -0 -1
    outer loop
      vertex -0.055630233138799667 -0.24373197555541992 2.5
      vertex -0.069208875298500061 -0.24022932350635529 2.5
      vertex -0.041876554489135742 -0.24646775424480438 2.5
    endloop
  endfacet
  facet normal 0 0 -1
    outer loop
      vertex -0.08256976306438446 -0.23597083985805511 2.5
      vertex -0.12092972546815872 -0.21880584955215454 2.5
      vertex -0.014017611742019653 -0.24960669875144958 2.5
    endloop
  endfacet
  facet normal 0 -0 -1
    outer loop
      vertex -0.014017611742019653 -0.24960669875144958 2.5
      vertex -0.027991119772195816 -0.24842804670333862 2.5
      vertex -0.041876554489135742 -0.24646775424480438 2.5
    endloop
  endfacet
  facet normal 0 -0 -1
    outer loop
      vertex -0.014017611742019653 -0.24960669875144958 2.5
      vertex -0.041876554489135742 -0.24646775424480438 2.5
      vertex -0.08256976306438446 -0.23597083985805511 2.5
    endloop
  endfacet
  facet normal -0 0 -1
    outer loop
      vertex -0.12092972546815872 -0.21880584955215454 2.5
      vertex -0.12092972546815872 0.21880584955215454 2.5
      vertex 0.14466781914234161 -0.20389021933078766 2.5
    endloop
  endfacet
  facet normal 0 -0 -1
    outer loop
      vertex -0.15587244927883148 -0.19545787572860718 2.5
      vertex -0.16658663749694824 -0.18641054630279541 2.5
      vertex -0.12092972546815872 -0.21880584955215454 2.5
    endloop
  endfacet
  facet normal 0 -0 -1
    outer loop
      vertex -0.14466781914234161 -0.20389021933078766 2.5
      vertex -0.15587244927883148 -0.19545787572860718 2.5
      vertex -0.12092972546815872 -0.21880584955215454 2.5
    endloop
  endfacet
  facet normal 0 0 -1
    outer loop
      vertex -0.12092972546815872 -0.21880584955215454 2.5
      vertex -0.095670856535434723 -0.2309698760509491 2.5
      vertex -0.10847093164920807 -0.22524221241474152 2.5
    endloop
  endfacet
  facet normal 0 -0 -1
    outer loop
      vertex -0.12092972546815872 -0.21880584955215454 2.5
      vertex -0.08256976306438446 -0.23597083985805511 2.5
      vertex -0.095670856535434723 -0.2309698760509491 2.5
    endloop
  endfacet
  facet normal 0 0 -1
    outer loop
      vertex -0.12092972546815872 -0.21880584955215454 2.5
      vertex -0.13300801813602448 -0.2116810530424118 2.5
      vertex -0.14466781914234161 -0.20389021933078766 2.5
    endloop
  endfacet
  facet normal 0 -0 -1
    outer loop
      vertex -0.12092972546815872 0.21880584955215454 2.5
      vertex -0.12092972546815872 -0.21880584955215454 2.5
      vertex -0.19545787572860718 -0.15587244927883148 2.5
    endloop
  endfacet
  facet normal 0 -0 -1
    outer loop
      vertex -0.19545787572860718 -0.15587244927883148 2.5
      vertex -0.12092972546815872 -0.21880584955215454 2.5
      vertex -0.16658663749694824 -0.18641054630279541 2.5
    endloop
  endfacet
  facet normal 0 0 -1
    outer loop
      vertex -0.12092972546815872 -0.21880584955215454 2.5
      vertex 0.14466781914234161 -0.20389021933078766 2.5
      vertex -0.014017611742019653 -0.24960669875144958 2.5
    endloop
  endfacet
  facet normal -0 0 -1
    outer loop
      vertex -0.24960669875144958 0.014017611742019653 2.5
      vertex -0.24842804670333862 0.027991119772195816 2.5
      vertex -0.25 1.962615539765984e-17 2.5
    endloop
  endfacet
  facet normal 0 -0 -1
    outer loop
      vertex -0.24022932350635529 0.069208875298500061 2.5
      vertex -0.24842804670333862 -0.027991119772195816 2.5
      vertex -0.24842804670333862 0.027991119772195816 2.5
    endloop
  endfacet
  facet normal -0 0 -1
    outer loop
      vertex -0.24373197555541992 0.055630233138799667 2.5
      vertex -0.24842804670333862 0.027991119772195816 2.5
      vertex -0.24646775424480438 0.041876554489135742 2.5
    endloop
  endfacet
  facet normal 0 -0 -1
    outer loop
      vertex -0.24022932350635529 0.069208875298500061 2.5
      vertex -0.24842804670333862 0.027991119772195816 2.5
      vertex -0.24373197555541992 0.055630233138799667 2.5
    endloop
  endfacet
  facet normal -0 0 -1
    outer loop
      vertex -0.23597083985805511 0.08256976306438446 2.5
      vertex -0.2309698760509491 0.095670856535434723 2.5
      vertex -0.24022932350635529 0.069208875298500061 2.5
    endloop
  endfacet
  facet normal 0 -0 -1
    outer loop
      vertex -0.19545787572860718 0.15587244927883148 2.5
      vertex -0.24842804670333862 -0.027991119772195816 2.5
      vertex -0.24022932350635529 0.069208875298500061 2.5
    endloop
  endfacet
  facet normal 0 -0 -1
    outer loop
      vertex -0.21880584955215454 0.12092972546815872 2.5
      vertex -0.20389021933078766 0.14466781914234161 2.5
      vertex -0.22524221241474152 0.10847093164920807 2.5
    endloop
  endfacet
  facet normal -0 0 -1
    outer loop
      vertex -0.24022932350635529 0.069208875298500061 2.5
      vertex -0.2309698760509491 0.095670856535434723 2.5
      vertex -0.22524221241474152 0.10847093164920807 2.5
    endloop
  endfacet
  facet normal 0 -0 -1
    outer loop
      vertex -0.20389021933078766 0.14466781914234161 2.5
      vertex -0.21880584955215454 0.12092972546815872 2.5
      vertex -0.2116810530424118 0.13300801813602448 2.5
    endloop
  endfacet
  facet normal 0 -0 -1
    outer loop
      vertex -0.19545787572860718 0.15587244927883148 2.5
      vertex -0.22524221241474152 0.10847093164920807 2.5
      vertex -0.20389021933078766 0.14466781914234161 2.5
    endloop
  endfacet
  facet normal 0 -0 -1
    outer loop
      vertex -0.24022932350635529 0.069208875298500061 2.5
      vertex -0.22524221241474152 0.10847093164920807 2.5
      vertex -0.19545787572860718 0.15587244927883148 2.5
    endloop
  endfacet
  facet normal 0 -0 -1
    outer loop
      vertex -0.18641054630279541 0.16658663749694824 2.5
      vertex -0.1767766922712326 0.1767766922712326 2.5
      vertex -0.19545787572860718 0.15587244927883148 2.5
    endloop
  endfacet
  facet normal -0 -0 -1
    outer loop
      vertex -0.24842804670333862 -0.027991119772195816 2.5
      vertex -0.25 1.962615539765984e-17 2.5
      vertex -0.24842804670333862 0.027991119772195816 2.5
    endloop
  endfacet
  facet normal -0 0 -1
    outer loop
      vertex -0.16658663749694824 0.18641054630279541 2.5
      vertex -0.15587244927883148 0.19545787572860718 2.5
      vertex -0.1767766922712326 0.1767766922712326 2.5
    endloop
  endfacet
  facet normal -0 0 -1
    outer loop
      vertex -0.12092972546815872 0.21880584955215454 2.5
      vertex -0.1767766922712326 0.1767766922712326 2.5
      vertex -0.15587244927883148 0.19545787572860718 2.5
    endloop
  endfacet
  facet normal 0 -0 -1
    outer loop
      vertex -0.13300801813602448 0.2116810530424118 2.5
      vertex -0.15587244927883148 0.19545787572860718 2.5
      vertex -0.14466781914234161 0.20389021933078766 2.5
    endloop
  endfacet
  facet normal 0 -0 -1
    outer loop
      vertex -0.12092972546815872 0.21880584955215454 2.5
      vertex -0.15587244927883148 0.19545787572860718 2.5
      vertex -0.13300801813602448 0.2116810530424118 2.5
    endloop
  endfacet
  facet normal -0 0 -1
    outer loop
      vertex -0.10847093164920807 0.22524221241474152 2.5
      vertex -0.095670856535434723 0.2309698760509491 2.5
      vertex -0.12092972546815872 0.21880584955215454 2.5
    endloop
  endfacet
  facet normal 0 -0 -1
    outer loop
      vertex -0.12092972546815872 0.21880584955215454 2.5
      vertex -0.19545787572860718 0.15587244927883148 2.5
      vertex -0.1767766922712326 0.1767766922712326 2.5
    endloop
  endfacet
  facet normal -0 0 -1
    outer loop
      vertex -0.08256976306438446 0.23597083985805511 2.5
      vertex -0.069208875298500061 0.24022932350635529 2.5
      vertex -0.095670856535434723 0.2309698760509491 2.5
    endloop
  endfacet
  facet normal 0 -0 -1
    outer loop
      vertex -0.055630233138799667 0.24373197555541992 2.5
      vertex -0.095670856535434723 0.2309698760509491 2.5
      vertex -0.069208875298500061 0.24022932350635529 2.5
    endloop
  endfacet
  facet normal 0 -0 -1
    outer loop
      vertex -0.041876554489135742 0.24646775424480438 2.5
      vertex -0.095670856535434723 0.2309698760509491 2.5
      vertex -0.055630233138799667 0.24373197555541992 2.5
    endloop
  endfacet
  facet normal -0 0 -1
    outer loop
      vertex -0.027991119772195816 0.24842804670333862 2.5
      vertex -0.014017611742019653 0.24960669875144958 2.5
      vertex 2.1789409607353249e-33 0.25 2.5
    endloop
  endfacet
  facet normal 0 -0 -1
    outer loop
      vertex -0.095670856535434723 0.2309698760509491 2.5
      vertex -0.041876554489135742 0.24646775424480438 2.5
      vertex -0.12092972546815872 0.21880584955215454 2.5
    endloop
  endfacet
  facet normal -0 0 -1
    outer loop
      vertex -0.12092972546815872 0.21880584955215454 2.5
      vertex -0.19545787572860718 -0.15587244927883148 2.5
      vertex -0.19545787572860718 0.15587244927883148 2.5
    endloop
  endfacet
  facet normal -0 0 -1
    outer loop
      vertex 0.014017611742019653 0.24960669875144958 2.5
      vertex -0.12092972546815872 0.21880584955215454 2.5
      vertex -0.041876554489135742 0.24646775424480438 2.5
    endloop
  endfacet
  facet normal 0 -0 -1
    outer loop
      vertex 2.1789409607353249e-33 0.25 2.5
      vertex -0.041876554489135742 0.24646775424480438 2.5
      vertex -0.027991119772195816 0.24842804670333862 2.5
    endloop
  endfacet
  facet normal 0 -0 -1
    outer loop
      vertex 0.014017611742019653 -0.24960669875144958 2.5
      vertex 2.1789409607353249e-33 -0.25 2.5
      vertex -0.014017611742019653 -0.24960669875144958 2.5
    endloop
  endfacet
  facet normal 0 0 -1
    outer loop
      vertex 0.055630233138799667 -0.24373197555541992 2.5
      vertex 0.027991119772195816 -0.24842804670333862 2.5
      vertex -0.014017611742019653 -0.24960669875144958 2.5
    endloop
  endfacet
  facet normal 0 0 -1
    outer loop
      vertex 0.041876554489135742 -0.24646775424480438 2.5
      vertex 0.027991119772195816 -0.24842804670333862 2.5
      vertex 0.055630233138799667 -0.24373197555541992 2.5
    endloop
  endfacet
  facet normal 0 -0 -1
    outer loop
      vertex 0.08256976306438446 -0.23597083985805511 2.5
      vertex 0.069208875298500061 -0.24022932350635529 2.5
      vertex 0.055630233138799667 -0.24373197555541992 2.5
    endloop
  endfacet
  facet normal 0 0 -1
    outer loop
      vertex 0.055630233138799667 -0.24373197555541992 2.5
      vertex 0.095670856535434723 -0.2309698760509491 2.5
      vertex 0.08256976306438446 -0.23597083985805511 2.5
    endloop
  endfacet
  facet normal 0 -0 -1
    outer loop
      vertex 0.14466781914234161 -0.20389021933078766 2.5
      vertex 0.055630233138799667 -0.24373197555541992 2.5
      vertex -0.014017611742019653 -0.24960669875144958 2.5
    endloop
  endfacet
  facet normal 0 0 -1
    outer loop
      vertex 0.095670856535434723 -0.2309698760509491 2.5
      vertex 0.055630233138799667 -0.24373197555541992 2.5
      vertex 0.14466781914234161 -0.20389021933078766 2.5
    endloop
  endfacet
  facet normal 0 -0 -1
    outer loop
      vertex 0.14466781914234161 -0.20389021933078766 2.5
      vertex 0.12092972546815872 -0.21880584955215454 2.5
      vertex 0.095670856535434723 -0.2309698760509491 2.5
    endloop
  endfacet
  facet normal 0 -0 -1
    outer loop
      vertex 0.13300801813602448 -0.2116810530424118 2.5
      vertex 0.12092972546815872 -0.21880584955215454 2.5
      vertex 0.14466781914234161 -0.20389021933078766 2.5
    endloop
  endfacet
  facet normal 0 -0 -1
    outer loop
      vertex 0.1767766922712326 -0.1767766922712326 2.5
      vertex 0.15587244927883148 -0.19545787572860718 2.5
      vertex 0.14466781914234161 -0.20389021933078766 2.5
    endloop
  endfacet
  facet normal 0 -0 -1
    outer loop
      vertex 0.15587244927883148 -0.19545787572860718 2.5
      vertex 0.1767766922712326 -0.1767766922712326 2.5
      vertex 0.16658663749694824 -0.18641054630279541 2.5
    endloop
  endfacet
  facet normal 0 0 -1
    outer loop
      vertex 0.014017611742019653 0.24960669875144958 2.5
      vertex 0.14466781914234161 -0.20389021933078766 2.5
      vertex -0.12092972546815872 0.21880584955215454 2.5
    endloop
  endfacet
  facet normal 0 -0 -1
    outer loop
      vertex 0.12092972546815872 -0.21880584955215454 2.5
      vertex 0.10847093164920807 -0.22524221241474152 2.5
      vertex 0.095670856535434723 -0.2309698760509491 2.5
    endloop
  endfacet
  facet normal -0 0 -1
    outer loop
      vertex 0.1767766922712326 -0.1767766922712326 2.5
      vertex 0.14466781914234161 -0.20389021933078766 2.5
      vertex 0.21880584955215454 -0.12092972546815872 2.5
    endloop
  endfacet
  facet normal -0 0 -1
    outer loop
      vertex 0.19545787572860718 -0.15587244927883148 2.5
      vertex 0.18641054630279541 -0.16658663749694824 2.5
      vertex 0.2116810530424118 -0.13300801813602448 2.5
    endloop
  endfacet
  facet normal 0 0 -1
    outer loop
      vertex 0.20389021933078766 -0.14466781914234161 2.5
      vertex 0.19545787572860718 -0.15587244927883148 2.5
      vertex 0.2116810530424118 -0.13300801813602448 2.5
    endloop
  endfacet
  facet normal 0 0 -1
    outer loop
      vertex 0.14466781914234161 -0.20389021933078766 2.5
      vertex 0.24960669875144958 -0.014017611742019653 2.5
      vertex 0.21880584955215454 -0.12092972546815872 2.5
    endloop
  endfacet
  facet normal -0 0 -1
    outer loop
      vertex 0.21880584955215454 -0.12092972546815872 2.5
      vertex 0.2309698760509491 -0.095670856535434723 2.5
      vertex 0.22524221241474152 -0.10847093164920807 2.5
    endloop
  endfacet
  facet normal -0 0 -1
    outer loop
      vertex 0.21880584955215454 -0.12092972546815872 2.5
      vertex 0.2116810530424118 -0.13300801813602448 2.5
      vertex 0.1767766922712326 -0.1767766922712326 2.5
    endloop
  endfacet
  facet normal 0 0 -1
    outer loop
      vertex 0.2309698760509491 -0.095670856535434723 2.5
      vertex 0.21880584955215454 -0.12092972546815872 2.5
      vertex 0.23597083985805511 -0.08256976306438446 2.5
    endloop
  endfacet
  facet normal 0 0 -1
    outer loop
      vertex 0.24022932350635529 -0.069208875298500061 2.5
      vertex 0.23597083985805511 -0.08256976306438446 2.5
      vertex 0.24646775424480438 -0.041876554489135742 2.5
    endloop
  endfacet
  facet normal 0 0 -1
    outer loop
      vertex 0.24373197555541992 -0.055630233138799667 2.5
      vertex 0.24022932350635529 -0.069208875298500061 2.5
      vertex 0.24646775424480438 -0.041876554489135742 2.5
    endloop
  endfacet
  facet normal 0 0 -1
    outer loop
      vertex 0.24960669875144958 -0.014017611742019653 2.5
      vertex 0.24842804670333862 -0.027991119772195816 2.5
      vertex 0.24646775424480438 -0.041876554489135742 2.5
    endloop
  endfacet
  facet normal 0 0 -1
    outer loop
      vertex 0.14466781914234161 -0.20389021933078766 2.5
      vertex 0.21880584955215454 0.12092972546815872 2.5
      vertex 0.24960669875144958 -0.014017611742019653 2.5
    endloop
  endfacet
  facet normal 0 0 -1
    outer loop
      vertex 0.24646775424480438 -0.041876554489135742 2.5
      vertex 0.23597083985805511 -0.08256976306438446 2.5
      vertex 0.24960669875144958 -0.014017611742019653 2.5
    endloop
  endfacet
  facet normal -0 0 -1
    outer loop
      vertex 0.23597083985805511 -0.08256976306438446 2.5
      vertex 0.21880584955215454 -0.12092972546815872 2.5
      vertex 0.24960669875144958 -0.014017611742019653 2.5
    endloop
  endfacet
  facet normal -0 0 -1
    outer loop
      vertex 0.1767766922712326 -0.1767766922712326 2.5
      vertex 0.2116810530424118 -0.13300801813602448 2.5
      vertex 0.18641054630279541 -0.16658663749694824 2.5
    endloop
  endfacet
  facet normal 0 0 -1
    outer loop
      vertex 0.25 1.962615539765984e-17 2.5
      vertex 0.24960669875144958 -0.014017611742019653 2.5
      vertex 0.24842804670333862 0.027991119772195816 2.5
    endloop
  endfacet
  facet normal 0 0 -1
    outer loop
      vertex 0.12092972546815872 0.21880584955215454 2.5
      vertex 0.13300801813602448 0.2116810530424118 2.5
      vertex 0.10847093164920807 0.22524221241474152 2.5
    endloop
  endfacet
  facet normal -0 -0 -1
    outer loop
      vertex 0.095670856535434723 0.2309698760509491 2.5
      vertex 0.10847093164920807 0.22524221241474152 2.5
      vertex 0.13300801813602448 0.2116810530424118 2.5
    endloop
  endfacet
  facet normal 0 0 -1
    outer loop
      vertex 0.14466781914234161 0.20389021933078766 2.5
      vertex 0.15587244927883148 0.19545787572860718 2.5
      vertex 0.16658663749694824 0.18641054630279541 2.5
    endloop
  endfacet
  facet normal -0 -0 -1
    outer loop
      vertex 0.069208875298500061 0.24022932350635529 2.5
      vertex 0.13300801813602448 0.2116810530424118 2.5
      vertex 0.14466781914234161 0.20389021933078766 2.5
    endloop
  endfacet
  facet normal 0 0 -1
    outer loop
      vertex 0.14466781914234161 0.20389021933078766 2.5
      vertex 0.16658663749694824 0.18641054630279541 2.5
      vertex 0.19545787572860718 0.15587244927883148 2.5
    endloop
  endfacet
  facet normal -0 -0 -1
    outer loop
      vertex 0.095670856535434723 0.2309698760509491 2.5
      vertex 0.13300801813602448 0.2116810530424118 2.5
      vertex 0.069208875298500061 0.24022932350635529 2.5
    endloop
  endfacet
  facet normal 0 0 -1
    outer loop
      vertex 0.027991119772195816 0.24842804670333862 2.5
      vertex 0.041876554489135742 0.24646775424480438 2.5
      vertex 0.014017611742019653 0.24960669875144958 2.5
    endloop
  endfacet
  facet normal -0 0 -1
    outer loop
      vertex 0.14466781914234161 -0.20389021933078766 2.5
      vertex 0.014017611742019653 0.24960669875144958 2.5
      vertex 0.14466781914234161 0.20389021933078766 2.5
    endloop
  endfacet
  facet normal -0 -0 -1
    outer loop
      vertex 0.014017611742019653 0.24960669875144958 2.5
      vertex 0.041876554489135742 0.24646775424480438 2.5
      vertex 0.069208875298500061 0.24022932350635529 2.5
    endloop
  endfacet
  facet normal 0 0 -1
    outer loop
      vertex 0.069208875298500061 0.24022932350635529 2.5
      vertex 0.041876554489135742 0.24646775424480438 2.5
      vertex 0.055630233138799667 0.24373197555541992 2.5
    endloop
  endfacet
  facet normal 0 0 -1
    outer loop
      vertex 0.014017611742019653 0.24960669875144958 2.5
      vertex 0.069208875298500061 0.24022932350635529 2.5
      vertex 0.14466781914234161 0.20389021933078766 2.5
    endloop
  endfacet
  facet normal 0 0 -1
    outer loop
      vertex 0.069208875298500061 0.24022932350635529 2.5
      vertex 0.08256976306438446 0.23597083985805511 2.5
      vertex 0.095670856535434723 0.2309698760509491 2.5
    endloop
  endfacet
  facet normal 0 -0 -1
    outer loop
      vertex 0.014017611742019653 0.24960669875144958 2.5
      vertex -0.041876554489135742 0.24646775424480438 2.5
      vertex 2.1789409607353249e-33 0.25 2.5
    endloop
  endfacet
  facet normal 0 0 -1
    outer loop
      vertex 0.24022932350635529 0.069208875298500061 2.5
      vertex 0.24373197555541992 0.055630233138799667 2.5
      vertex 0.23597083985805511 0.08256976306438446 2.5
    endloop
  endfacet
  facet normal -0 0 -1
    outer loop
      vertex 0.2309698760509491 0.095670856535434723 2.5
      vertex 0.23597083985805511 0.08256976306438446 2.5
      vertex 0.24373197555541992 0.055630233138799667 2.5
    endloop
  endfacet
  facet normal -0 0 -1
    outer loop
      vertex 0.24373197555541992 0.055630233138799667 2.5
      vertex 0.24646775424480438 0.041876554489135742 2.5
      vertex 0.24960669875144958 -0.014017611742019653 2.5
    endloop
  endfacet
  facet normal -0 0 -1
    outer loop
      vertex 0.24373197555541992 0.055630233138799667 2.5
      vertex 0.24960669875144958 -0.014017611742019653 2.5
      vertex 0.2309698760509491 0.095670856535434723 2.5
    endloop
  endfacet
  facet normal -0 0 -1
    outer loop
      vertex 0.14466781914234161 -0.20389021933078766 2.5
      vertex 0.14466781914234161 0.20389021933078766 2.5
      vertex 0.21880584955215454 0.12092972546815872 2.5
    endloop
  endfacet
  facet normal 0 0 -1
    outer loop
      vertex 0.21880584955215454 0.12092972546815872 2.5
      vertex 0.2309698760509491 0.095670856535434723 2.5
      vertex 0.24960669875144958 -0.014017611742019653 2.5
    endloop
  endfacet
  facet normal 0 0 -1
    outer loop
      vertex 0.16658663749694824 0.18641054630279541 2.5
      vertex 0.18641054630279541 0.16658663749694824 2.5
      vertex 0.19545787572860718 0.15587244927883148 2.5
    endloop
  endfacet
  facet normal -0 -0 -1
    outer loop
      vertex 0.18641054630279541 0.16658663749694824 2.5
      vertex 0.16658663749694824 0.18641054630279541 2.5
      vertex 0.1767766922712326 0.1767766922712326 2.5
    endloop
  endfacet
  facet normal 0 0 -1
    outer loop
      vertex 0.19545787572860718 0.15587244927883148 2.5
      vertex 0.20389021933078766 0.14466781914234161 2.5
      vertex 0.21880584955215454 0.12092972546815872 2.5
    endloop
  endfacet
  facet normal 0 0 -1
    outer loop
      vertex 0.21880584955215454 0.12092972546815872 2.5
      vertex 0.20389021933078766 0.14466781914234161 2.5
      vertex 0.2116810530424118 0.13300801813602448 2.5
    endloop
  endfacet
  facet normal 0 0 -1
    outer loop
      vertex 0.14466781914234161 0.20389021933078766 2.5
      vertex 0.19545787572860718 0.15587244927883148 2.5
      vertex 0.21880584955215454 0.12092972546815872 2.5
    endloop
  endfacet
  facet normal -0 0 -1
    outer loop
      vertex 0.2309698760509491 0.095670856535434723 2.5
      vertex 0.21880584955215454 0.12092972546815872 2.5
      vertex 0.22524221241474152 0.10847093164920807 2.5
    endloop
  endfacet
  facet normal 0 0 -1
    outer loop
      vertex 0.24842804670333862 0.027991119772195816 2.5
      vertex 0.24960669875144958 -0.014017611742019653 2.5
      vertex 0.24646775424480438 0.041876554489135742 2.5
    endloop
  endfacet
  facet normal -0 0 -1
    outer loop
      vertex 0.25 1.962615539765984e-17 2.5
      vertex 0.24842804670333862 0.027991119772195816 2.5
      vertex 0.24960669875144958 0.014017611742019653 2.5
    endloop
  endfacet
  facet normal 0 0 -1
    outer loop
      vertex -0.014017611742019653 -0.24960669875144958 2.5
      vertex 0.027991119772195816 -0.24842804670333862 2.5
      vertex 0.014017611742019653 -0.24960669875144958 2.5
    endloop
  endfacet
  facet normal -0 -0 1
    outer loop
      vertex -0.2116810530424118 -0.13300801813602448 2.5499999523162842
      vertex -0.22524221241474152 -0.10847093164920807 2.5499999523162842
      vertex -0.21880584955215454 -0.12092972546815872 2.5499999523162842
    endloop
  endfacet
  facet normal -0 -0 1
    outer loop
      vertex -0.19545787572860718 -0.15587244927883148 2.5499999523162842
      vertex -0.22524221241474152 -0.10847093164920807 2.5499999523162842
      vertex -0.2116810530424118 -0.13300801813602448 2.5499999523162842
    endloop
  endfacet
  facet normal -0 -0 1
    outer loop
      vertex -0.19545787572860718 -0.15587244927883148 2.5499999523162842
      vertex -0.19545787572860718 0.15587244927883148 2.5499999523162842
      vertex -0.24842804670333862 -0.027991119772195816 2.5499999523162842
    endloop
  endfacet
  facet normal -0 -0 1
    outer loop
      vertex -0.24842804670333862 -0.027991119772195816 2.5499999523162842
      vertex -0.22524221241474152 -0.10847093164920807 2.5499999523162842
      vertex -0.19545787572860718 -0.15587244927883148 2.5499999523162842
    endloop
  endfacet
  facet normal 0 0 1
    outer loop
      vertex -0.19545787572860718 -0.15587244927883148 2.5499999523162842
      vertex -0.2116810530424118 -0.13300801813602448 2.5499999523162842
      vertex -0.20389021933078766 -0.14466781914234161 2.5499999523162842
    endloop
  endfacet
  facet normal -0 -0 1
    outer loop
      vertex -0.16658663749694824 -0.18641054630279541 2.5499999523162842
      vertex -0.19545787572860718 -0.15587244927883148 2.5499999523162842
      vertex -0.18641054630279541 -0.16658663749694824 2.5499999523162842
    endloop
  endfacet
  facet normal -0 -0 1
    outer loop
      vertex -0.22524221241474152 -0.10847093164920807 2.5499999523162842
      vertex -0.24842804670333862 -0.027991119772195816 2.5499999523162842
      vertex -0.24373197555541992 -0.055630233138799667 2.5499999523162842
    endloop
  endfacet
  facet normal 0 0 1
    outer loop
      vertex -0.24646775424480438 -0.041876554489135742 2.5499999523162842
      vertex -0.24373197555541992 -0.055630233138799667 2.5499999523162842
      vertex -0.24842804670333862 -0.027991119772195816 2.5499999523162842
    endloop
  endfacet
  facet normal 0 0 1
    outer loop
      vertex -0.23597083985805511 -0.08256976306438446 2.5499999523162842
      vertex -0.2309698760509491 -0.095670856535434723 2.5499999523162842
      vertex -0.22524221241474152 -0.10847093164920807 2.5499999523162842
    endloop
  endfacet
  facet normal 0 0 1
    outer loop
      vertex -0.24022932350635529 -0.069208875298500061 2.5499999523162842
      vertex -0.23597083985805511 -0.08256976306438446 2.5499999523162842
      vertex -0.22524221241474152 -0.10847093164920807 2.5499999523162842
    endloop
  endfacet
  facet normal -0 -0 1
    outer loop
      vertex -0.22524221241474152 -0.10847093164920807 2.5499999523162842
      vertex -0.24373197555541992 -0.055630233138799667 2.5499999523162842
      vertex -0.24022932350635529 -0.069208875298500061 2.5499999523162842
    endloop
  endfacet
  facet normal -0 -0 1
    outer loop
      vertex -0.24842804670333862 -0.027991119772195816 2.5499999523162842
      vertex -0.25 1.962615539765984e-17 2.5499999523162842
      vertex -0.24960669875144958 -0.014017611742019653 2.5499999523162842
    endloop
  endfacet
  facet normal 0 0 1
    outer loop
      vertex -0.1767766922712326 -0.1767766922712326 2.5499999523162842
      vertex -0.16658663749694824 -0.18641054630279541 2.5499999523162842
      vertex -0.18641054630279541 -0.16658663749694824 2.5499999523162842
    endloop
  endfacet
  facet normal 0 -0 1
    outer loop
      vertex -0.069208875298500061 -0.24022932350635529 2.5499999523162842
      vertex -0.041876554489135742 -0.24646775424480438 2.5499999523162842
      vertex -0.08256976306438446 -0.23597083985805511 2.5499999523162842
    endloop
  endfacet
  facet normal 0 -0 1
    outer loop
      vertex -0.055630233138799667 -0.24373197555541992 2.5499999523162842
      vertex -0.041876554489135742 -0.24646775424480438 2.5499999523162842
      vertex -0.069208875298500061 -0.24022932350635529 2.5499999523162842
    endloop
  endfacet
  facet normal 0 0 1
    outer loop
      vertex -0.08256976306438446 -0.23597083985805511 2.5499999523162842
      vertex -0.014017611742019653 -0.24960669875144958 2.5499999523162842
      vertex -0.12092972546815872 -0.21880584955215454 2.5499999523162842
    endloop
  endfacet
  facet normal 0 -0 1
    outer loop
      vertex -0.014017611742019653 -0.24960669875144958 2.5499999523162842
      vertex -0.041876554489135742 -0.24646775424480438 2.5499999523162842
      vertex -0.027991119772195816 -0.24842804670333862 2.5499999523162842
    endloop
  endfacet
  facet normal 0 -0 1
    outer loop
      vertex -0.014017611742019653 -0.24960669875144958 2.5499999523162842
      vertex -0.08256976306438446 -0.23597083985805511 2.5499999523162842
      vertex -0.041876554489135742 -0.24646775424480438 2.5499999523162842
    endloop
  endfacet
  facet normal -0 0 1
    outer loop
      vertex -0.12092972546815872 -0.21880584955215454 2.5499999523162842
      vertex 0.14466781914234161 -0.20389021933078766 2.5499999523162842
      vertex -0.12092972546815872 0.21880584955215454 2.5499999523162842
    endloop
  endfacet
  facet normal 0 -0 1
    outer loop
      vertex -0.15587244927883148 -0.19545787572860718 2.5499999523162842
      vertex -0.12092972546815872 -0.21880584955215454 2.5499999523162842
      vertex -0.16658663749694824 -0.18641054630279541 2.5499999523162842
    endloop
  endfacet
  facet normal 0 0 1
    outer loop
      vertex -0.14466781914234161 -0.20389021933078766 2.5499999523162842
      vertex -0.12092972546815872 -0.21880584955215454 2.5499999523162842
      vertex -0.15587244927883148 -0.19545787572860718 2.5499999523162842
    endloop
  endfacet
  facet normal 0 0 1
    outer loop
      vertex -0.12092972546815872 -0.21880584955215454 2.5499999523162842
      vertex -0.10847093164920807 -0.22524221241474152 2.5499999523162842
      vertex -0.095670856535434723 -0.2309698760509491 2.5499999523162842
    endloop
  endfacet
  facet normal 0 -0 1
    outer loop
      vertex -0.12092972546815872 -0.21880584955215454 2.5499999523162842
      vertex -0.095670856535434723 -0.2309698760509491 2.5499999523162842
      vertex -0.08256976306438446 -0.23597083985805511 2.5499999523162842
    endloop
  endfacet
  facet normal 0 0 1
    outer loop
      vertex -0.12092972546815872 -0.21880584955215454 2.5499999523162842
      vertex -0.14466781914234161 -0.20389021933078766 2.5499999523162842
      vertex -0.13300801813602448 -0.2116810530424118 2.5499999523162842
    endloop
  endfacet
  facet normal 0 -0 1
    outer loop
      vertex -0.12092972546815872 0.21880584955215454 2.5499999523162842
      vertex -0.19545787572860718 -0.15587244927883148 2.5499999523162842
      vertex -0.12092972546815872 -0.21880584955215454 2.5499999523162842
    endloop
  endfacet
  facet normal 0 -0 1
    outer loop
      vertex -0.19545787572860718 -0.15587244927883148 2.5499999523162842
      vertex -0.16658663749694824 -0.18641054630279541 2.5499999523162842
      vertex -0.12092972546815872 -0.21880584955215454 2.5499999523162842
    endloop
  endfacet
  facet normal 0 0 1
    outer loop
      vertex -0.12092972546815872 -0.21880584955215454 2.5499999523162842
      vertex -0.014017611742019653 -0.24960669875144958 2.5499999523162842
      vertex 0.14466781914234161 -0.20389021933078766 2.5499999523162842
    endloop
  endfacet
  facet normal -0 0 1
    outer loop
      vertex -0.24960669875144958 0.014017611742019653 2.5499999523162842
      vertex -0.25 1.962615539765984e-17 2.5499999523162842
      vertex -0.24842804670333862 0.027991119772195816 2.5499999523162842
    endloop
  endfacet
  facet normal 0 -0 1
    outer loop
      vertex -0.24022932350635529 0.069208875298500061 2.5499999523162842
      vertex -0.24842804670333862 0.027991119772195816 2.5499999523162842
      vertex -0.24842804670333862 -0.027991119772195816 2.5499999523162842
    endloop
  endfacet
  facet normal -0 0 1
    outer loop
      vertex -0.24373197555541992 0.055630233138799667 2.5499999523162842
      vertex -0.24646775424480438 0.041876554489135742 2.5499999523162842
      vertex -0.24842804670333862 0.027991119772195816 2.5499999523162842
    endloop
  endfacet
  facet normal 0 -0 1
    outer loop
      vertex -0.24022932350635529 0.069208875298500061 2.5499999523162842
      vertex -0.24373197555541992 0.055630233138799667 2.5499999523162842
      vertex -0.24842804670333862 0.027991119772195816 2.5499999523162842
    endloop
  endfacet
  facet normal 0 -0 1
    outer loop
      vertex -0.23597083985805511 0.08256976306438446 2.5499999523162842
      vertex -0.24022932350635529 0.069208875298500061 2.5499999523162842
      vertex -0.2309698760509491 0.095670856535434723 2.5499999523162842
    endloop
  endfacet
  facet normal 0 -0 1
    outer loop
      vertex -0.19545787572860718 0.15587244927883148 2.5499999523162842
      vertex -0.24022932350635529 0.069208875298500061 2.5499999523162842
      vertex -0.24842804670333862 -0.027991119772195816 2.5499999523162842
    endloop
  endfacet
  facet normal 0 -0 1
    outer loop
      vertex -0.21880584955215454 0.12092972546815872 2.5499999523162842
      vertex -0.22524221241474152 0.10847093164920807 2.5499999523162842
      vertex -0.20389021933078766 0.14466781914234161 2.5499999523162842
    endloop
  endfacet
  facet normal -0 0 1
    outer loop
      vertex -0.24022932350635529 0.069208875298500061 2.5499999523162842
      vertex -0.22524221241474152 0.10847093164920807 2.5499999523162842
      vertex -0.2309698760509491 0.095670856535434723 2.5499999523162842
    endloop
  endfacet
  facet normal 0 -0 1
    outer loop
      vertex -0.20389021933078766 0.14466781914234161 2.5499999523162842
      vertex -0.2116810530424118 0.13300801813602448 2.5499999523162842
      vertex -0.21880584955215454 0.12092972546815872 2.5499999523162842
    endloop
  endfacet
  facet normal 0 -0 1
    outer loop
      vertex -0.19545787572860718 0.15587244927883148 2.5499999523162842
      vertex -0.20389021933078766 0.14466781914234161 2.5499999523162842
      vertex -0.22524221241474152 0.10847093164920807 2.5499999523162842
    endloop
  endfacet
  facet normal 0 -0 1
    outer loop
      vertex -0.24022932350635529 0.069208875298500061 2.5499999523162842
      vertex -0.19545787572860718 0.15587244927883148 2.5499999523162842
      vertex -0.22524221241474152 0.10847093164920807 2.5499999523162842
    endloop
  endfacet
  facet normal 0 -0 1
    outer loop
      vertex -0.18641054630279541 0.16658663749694824 2.5499999523162842
      vertex -0.19545787572860718 0.15587244927883148 2.5499999523162842
      vertex -0.1767766922712326 0.1767766922712326 2.5499999523162842
    endloop
  endfacet
  facet normal -0 -0 1
    outer loop
      vertex -0.24842804670333862 -0.027991119772195816 2.5499999523162842
      vertex -0.24842804670333862 0.027991119772195816 2.5499999523162842
      vertex -0.25 1.962615539765984e-17 2.5499999523162842
    endloop
  endfacet
  facet normal -0 0 1
    outer loop
      vertex -0.16658663749694824 0.18641054630279541 2.5499999523162842
      vertex -0.1767766922712326 0.1767766922712326 2.5499999523162842
      vertex -0.15587244927883148 0.19545787572860718 2.5499999523162842
    endloop
  endfacet
  facet normal -0 0 1
    outer loop
      vertex -0.12092972546815872 0.21880584955215454 2.5499999523162842
      vertex -0.15587244927883148 0.19545787572860718 2.5499999523162842
      vertex -0.1767766922712326 0.1767766922712326 2.5499999523162842
    endloop
  endfacet
  facet normal 0 -0 1
    outer loop
      vertex -0.13300801813602448 0.2116810530424118 2.5499999523162842
      vertex -0.14466781914234161 0.20389021933078766 2.5499999523162842
      vertex -0.15587244927883148 0.19545787572860718 2.5499999523162842
    endloop
  endfacet
  facet normal 0 -0 1
    outer loop
      vertex -0.12092972546815872 0.21880584955215454 2.5499999523162842
      vertex -0.13300801813602448 0.2116810530424118 2.5499999523162842
      vertex -0.15587244927883148 0.19545787572860718 2.5499999523162842
    endloop
  endfacet
  facet normal 0 -0 1
    outer loop
      vertex -0.10847093164920807 0.22524221241474152 2.5499999523162842
      vertex -0.12092972546815872 0.21880584955215454 2.5499999523162842
      vertex -0.095670856535434723 0.2309698760509491 2.5499999523162842
    endloop
  endfacet
  facet normal 0 -0 1
    outer loop
      vertex -0.12092972546815872 0.21880584955215454 2.5499999523162842
      vertex -0.1767766922712326 0.1767766922712326 2.5499999523162842
      vertex -0.19545787572860718 0.15587244927883148 2.5499999523162842
    endloop
  endfacet
  facet normal 0 -0 1
    outer loop
      vertex -0.08256976306438446 0.23597083985805511 2.5499999523162842
      vertex -0.095670856535434723 0.2309698760509491 2.5499999523162842
      vertex -0.069208875298500061 0.24022932350635529 2.5499999523162842
    endloop
  endfacet
  facet normal 0 -0 1
    outer loop
      vertex -0.055630233138799667 0.24373197555541992 2.5499999523162842
      vertex -0.069208875298500061 0.24022932350635529 2.5499999523162842
      vertex -0.095670856535434723 0.2309698760509491 2.5499999523162842
    endloop
  endfacet
  facet normal 0 -0 1
    outer loop
      vertex -0.041876554489135742 0.24646775424480438 2.5499999523162842
      vertex -0.055630233138799667 0.24373197555541992 2.5499999523162842
      vertex -0.095670856535434723 0.2309698760509491 2.5499999523162842
    endloop
  endfacet
  facet normal -0 0 1
    outer loop
      vertex -0.027991119772195816 0.24842804670333862 2.5499999523162842
      vertex 2.1789409607353249e-33 0.25 2.5499999523162842
      vertex -0.014017611742019653 0.24960669875144958 2.5499999523162842
    endloop
  endfacet
  facet normal 0 -0 1
    outer loop
      vertex -0.095670856535434723 0.2309698760509491 2.5499999523162842
      vertex -0.12092972546815872 0.21880584955215454 2.5499999523162842
      vertex -0.041876554489135742 0.24646775424480438 2.5499999523162842
    endloop
  endfacet
  facet normal -0 0 1
    outer loop
      vertex -0.12092972546815872 0.21880584955215454 2.5499999523162842
      vertex -0.19545787572860718 0.15587244927883148 2.5499999523162842
      vertex -0.19545787572860718 -0.15587244927883148 2.5499999523162842
    endloop
  endfacet
  facet normal -0 0 1
    outer loop
      vertex 0.014017611742019653 0.24960669875144958 2.5499999523162842
      vertex -0.041876554489135742 0.24646775424480438 2.5499999523162842
      vertex -0.12092972546815872 0.21880584955215454 2.5499999523162842
    endloop
  endfacet
  facet normal 0 -0 1
    outer loop
      vertex 2.1789409607353249e-33 0.25 2.5499999523162842
      vertex -0.027991119772195816 0.24842804670333862 2.5499999523162842
      vertex -0.041876554489135742 0.24646775424480438 2.5499999523162842
    endloop
  endfacet
  facet normal 0 -0 1
    outer loop
      vertex 0.014017611742019653 -0.24960669875144958 2.5499999523162842
      vertex -0.014017611742019653 -0.24960669875144958 2.5499999523162842
      vertex 2.1789409607353249e-33 -0.25 2.5499999523162842
    endloop
  endfacet
  facet normal 0 0 1
    outer loop
      vertex 0.055630233138799667 -0.24373197555541992 2.5499999523162842
      vertex -0.014017611742019653 -0.24960669875144958 2.5499999523162842
      vertex 0.027991119772195816 -0.24842804670333862 2.5499999523162842
    endloop
  endfacet
  facet normal 0 0 1
    outer loop
      vertex 0.041876554489135742 -0.24646775424480438 2.5499999523162842
      vertex 0.055630233138799667 -0.24373197555541992 2.5499999523162842
      vertex 0.027991119772195816 -0.24842804670333862 2.5499999523162842
    endloop
  endfacet
  facet normal 0 -0 1
    outer loop
      vertex 0.08256976306438446 -0.23597083985805511 2.5499999523162842
      vertex 0.055630233138799667 -0.24373197555541992 2.5499999523162842
      vertex 0.069208875298500061 -0.24022932350635529 2.5499999523162842
    endloop
  endfacet
  facet normal 0 0 1
    outer loop
      vertex 0.055630233138799667 -0.24373197555541992 2.5499999523162842
      vertex 0.08256976306438446 -0.23597083985805511 2.5499999523162842
      vertex 0.095670856535434723 -0.2309698760509491 2.5499999523162842
    endloop
  endfacet
  facet normal 0 -0 1
    outer loop
      vertex 0.14466781914234161 -0.20389021933078766 2.5499999523162842
      vertex -0.014017611742019653 -0.24960669875144958 2.5499999523162842
      vertex 0.055630233138799667 -0.24373197555541992 2.5499999523162842
    endloop
  endfacet
  facet normal 0 0 1
    outer loop
      vertex 0.095670856535434723 -0.2309698760509491 2.5499999523162842
      vertex 0.14466781914234161 -0.20389021933078766 2.5499999523162842
      vertex 0.055630233138799667 -0.24373197555541992 2.5499999523162842
    endloop
  endfacet
  facet normal 0 -0 1
    outer loop
      vertex 0.14466781914234161 -0.20389021933078766 2.5499999523162842
      vertex 0.095670856535434723 -0.2309698760509491 2.5499999523162842
      vertex 0.12092972546815872 -0.21880584955215454 2.5499999523162842
    endloop
  endfacet
  facet normal 0 -0 1
    outer loop
      vertex 0.13300801813602448 -0.2116810530424118 2.5499999523162842
      vertex 0.14466781914234161 -0.20389021933078766 2.5499999523162842
      vertex 0.12092972546815872 -0.21880584955215454 2.5499999523162842
    endloop
  endfacet
  facet normal 0 -0 1
    outer loop
      vertex 0.1767766922712326 -0.1767766922712326 2.5499999523162842
      vertex 0.14466781914234161 -0.20389021933078766 2.5499999523162842
      vertex 0.15587244927883148 -0.19545787572860718 2.5499999523162842
    endloop
  endfacet
  facet normal 0 -0 1
    outer loop
      vertex 0.15587244927883148 -0.19545787572860718 2.5499999523162842
      vertex 0.16658663749694824 -0.18641054630279541 2.5499999523162842
      vertex 0.1767766922712326 -0.1767766922712326 2.5499999523162842
    endloop
  endfacet
  facet normal 0 0 1
    outer loop
      vertex 0.014017611742019653 0.24960669875144958 2.5499999523162842
      vertex -0.12092972546815872 0.21880584955215454 2.5499999523162842
      vertex 0.14466781914234161 -0.20389021933078766 2.5499999523162842
    endloop
  endfacet
  facet normal 0 -0 1
    outer loop
      vertex 0.12092972546815872 -0.21880584955215454 2.5499999523162842
      vertex 0.095670856535434723 -0.2309698760509491 2.5499999523162842
      vertex 0.10847093164920807 -0.22524221241474152 2.5499999523162842
    endloop
  endfacet
  facet normal -0 0 1
    outer loop
      vertex 0.1767766922712326 -0.1767766922712326 2.5499999523162842
      vertex 0.21880584955215454 -0.12092972546815872 2.5499999523162842
      vertex 0.14466781914234161 -0.20389021933078766 2.5499999523162842
    endloop
  endfacet
  facet normal -0 0 1
    outer loop
      vertex 0.19545787572860718 -0.15587244927883148 2.5499999523162842
      vertex 0.2116810530424118 -0.13300801813602448 2.5499999523162842
      vertex 0.18641054630279541 -0.16658663749694824 2.5499999523162842
    endloop
  endfacet
  facet normal 0 0 1
    outer loop
      vertex 0.20389021933078766 -0.14466781914234161 2.5499999523162842
      vertex 0.2116810530424118 -0.13300801813602448 2.5499999523162842
      vertex 0.19545787572860718 -0.15587244927883148 2.5499999523162842
    endloop
  endfacet
  facet normal 0 0 1
    outer loop
      vertex 0.14466781914234161 -0.20389021933078766 2.5499999523162842
      vertex 0.21880584955215454 -0.12092972546815872 2.5499999523162842
      vertex 0.24960669875144958 -0.014017611742019653 2.5499999523162842
    endloop
  endfacet
  facet normal -0 0 1
    outer loop
      vertex 0.21880584955215454 -0.12092972546815872 2.5499999523162842
      vertex 0.22524221241474152 -0.10847093164920807 2.5499999523162842
      vertex 0.2309698760509491 -0.095670856535434723 2.5499999523162842
    endloop
  endfacet
  facet normal -0 0 1
    outer loop
      vertex 0.21880584955215454 -0.12092972546815872 2.5499999523162842
      vertex 0.1767766922712326 -0.1767766922712326 2.5499999523162842
      vertex 0.2116810530424118 -0.13300801813602448 2.5499999523162842
    endloop
  endfacet
  facet normal 0 0 1
    outer loop
      vertex 0.2309698760509491 -0.095670856535434723 2.5499999523162842
      vertex 0.23597083985805511 -0.08256976306438446 2.5499999523162842
      vertex 0.21880584955215454 -0.12092972546815872 2.5499999523162842
    endloop
  endfacet
  facet normal 0 0 1
    outer loop
      vertex 0.24022932350635529 -0.069208875298500061 2.5499999523162842
      vertex 0.24646775424480438 -0.041876554489135742 2.5499999523162842
      vertex 0.23597083985805511 -0.08256976306438446 2.5499999523162842
    endloop
  endfacet
  facet normal 0 0 1
    outer loop
      vertex 0.24373197555541992 -0.055630233138799667 2.5499999523162842
      vertex 0.24646775424480438 -0.041876554489135742 2.5499999523162842
      vertex 0.24022932350635529 -0.069208875298500061 2.5499999523162842
    endloop
  endfacet
  facet normal 0 0 1
    outer loop
      vertex 0.24960669875144958 -0.014017611742019653 2.5499999523162842
      vertex 0.24646775424480438 -0.041876554489135742 2.5499999523162842
      vertex 0.24842804670333862 -0.027991119772195816 2.5499999523162842
    endloop
  endfacet
  facet normal 0 0 1
    outer loop
      vertex 0.14466781914234161 -0.20389021933078766 2.5499999523162842
      vertex 0.24960669875144958 -0.014017611742019653 2.5499999523162842
      vertex 0.21880584955215454 0.12092972546815872 2.5499999523162842
    endloop
  endfacet
  facet normal -0 0 1
    outer loop
      vertex 0.24646775424480438 -0.041876554489135742 2.5499999523162842
      vertex 0.24960669875144958 -0.014017611742019653 2.5499999523162842
      vertex 0.23597083985805511 -0.08256976306438446 2.5499999523162842
    endloop
  endfacet
  facet normal -0 0 1
    outer loop
      vertex 0.23597083985805511 -0.08256976306438446 2.5499999523162842
      vertex 0.24960669875144958 -0.014017611742019653 2.5499999523162842
      vertex 0.21880584955215454 -0.12092972546815872 2.5499999523162842
    endloop
  endfacet
  facet normal -0 0 1
    outer loop
      vertex 0.1767766922712326 -0.1767766922712326 2.5499999523162842
      vertex 0.18641054630279541 -0.16658663749694824 2.5499999523162842
      vertex 0.2116810530424118 -0.13300801813602448 2.5499999523162842
    endloop
  endfacet
  facet normal 0 0 1
    outer loop
      vertex 0.25 1.962615539765984e-17 2.5499999523162842
      vertex 0.24842804670333862 0.027991119772195816 2.5499999523162842
      vertex 0.24960669875144958 -0.014017611742019653 2.5499999523162842
    endloop
  endfacet
  facet normal -0 -0 1
    outer loop
      vertex 0.12092972546815872 0.21880584955215454 2.5499999523162842
      vertex 0.10847093164920807 0.22524221241474152 2.5499999523162842
      vertex 0.13300801813602448 0.2116810530424118 2.5499999523162842
    endloop
  endfacet
  facet normal -0 -0 1
    outer loop
      vertex 0.095670856535434723 0.2309698760509491 2.5499999523162842
      vertex 0.13300801813602448 0.2116810530424118 2.5499999523162842
      vertex 0.10847093164920807 0.22524221241474152 2.5499999523162842
    endloop
  endfacet
  facet normal 0 0 1
    outer loop
      vertex 0.14466781914234161 0.20389021933078766 2.5499999523162842
      vertex 0.16658663749694824 0.18641054630279541 2.5499999523162842
      vertex 0.15587244927883148 0.19545787572860718 2.5499999523162842
    endloop
  endfacet
  facet normal -0 -0 1
    outer loop
      vertex 0.069208875298500061 0.24022932350635529 2.5499999523162842
      vertex 0.14466781914234161 0.20389021933078766 2.5499999523162842
      vertex 0.13300801813602448 0.2116810530424118 2.5499999523162842
    endloop
  endfacet
  facet normal 0 0 1
    outer loop
      vertex 0.14466781914234161 0.20389021933078766 2.5499999523162842
      vertex 0.19545787572860718 0.15587244927883148 2.5499999523162842
      vertex 0.16658663749694824 0.18641054630279541 2.5499999523162842
    endloop
  endfacet
  facet normal -0 -0 1
    outer loop
      vertex 0.095670856535434723 0.2309698760509491 2.5499999523162842
      vertex 0.069208875298500061 0.24022932350635529 2.5499999523162842
      vertex 0.13300801813602448 0.2116810530424118 2.5499999523162842
    endloop
  endfacet
  facet normal -0 -0 1
    outer loop
      vertex 0.027991119772195816 0.24842804670333862 2.5499999523162842
      vertex 0.014017611742019653 0.24960669875144958 2.5499999523162842
      vertex 0.041876554489135742 0.24646775424480438 2.5499999523162842
    endloop
  endfacet
  facet normal -0 0 1
    outer loop
      vertex 0.14466781914234161 -0.20389021933078766 2.5499999523162842
      vertex 0.14466781914234161 0.20389021933078766 2.5499999523162842
      vertex 0.014017611742019653 0.24960669875144958 2.5499999523162842
    endloop
  endfacet
  facet normal -0 -0 1
    outer loop
      vertex 0.014017611742019653 0.24960669875144958 2.5499999523162842
      vertex 0.069208875298500061 0.24022932350635529 2.5499999523162842
      vertex 0.041876554489135742 0.24646775424480438 2.5499999523162842
    endloop
  endfacet
  facet normal 0 0 1
    outer loop
      vertex 0.069208875298500061 0.24022932350635529 2.5499999523162842
      vertex 0.055630233138799667 0.24373197555541992 2.5499999523162842
      vertex 0.041876554489135742 0.24646775424480438 2.5499999523162842
    endloop
  endfacet
  facet normal 0 0 1
    outer loop
      vertex 0.014017611742019653 0.24960669875144958 2.5499999523162842
      vertex 0.14466781914234161 0.20389021933078766 2.5499999523162842
      vertex 0.069208875298500061 0.24022932350635529 2.5499999523162842
    endloop
  endfacet
  facet normal 0 0 1
    outer loop
      vertex 0.069208875298500061 0.24022932350635529 2.5499999523162842
      vertex 0.095670856535434723 0.2309698760509491 2.5499999523162842
      vertex 0.08256976306438446 0.23597083985805511 2.5499999523162842
    endloop
  endfacet
  facet normal 0 -0 1
    outer loop
      vertex 0.014017611742019653 0.24960669875144958 2.5499999523162842
      vertex 2.1789409607353249e-33 0.25 2.5499999523162842
      vertex -0.041876554489135742 0.24646775424480438 2.5499999523162842
    endloop
  endfacet
  facet normal -0 0 1
    outer loop
      vertex 0.24022932350635529 0.069208875298500061 2.5499999523162842
      vertex 0.23597083985805511 0.08256976306438446 2.5499999523162842
      vertex 0.24373197555541992 0.055630233138799667 2.5499999523162842
    endloop
  endfacet
  facet normal -0 0 1
    outer loop
      vertex 0.2309698760509491 0.095670856535434723 2.5499999523162842
      vertex 0.24373197555541992 0.055630233138799667 2.5499999523162842
      vertex 0.23597083985805511 0.08256976306438446 2.5499999523162842
    endloop
  endfacet
  facet normal -0 0 1
    outer loop
      vertex 0.24373197555541992 0.055630233138799667 2.5499999523162842
      vertex 0.24960669875144958 -0.014017611742019653 2.5499999523162842
      vertex 0.24646775424480438 0.041876554489135742 2.5499999523162842
    endloop
  endfacet
  facet normal -0 0 1
    outer loop
      vertex 0.24373197555541992 0.055630233138799667 2.5499999523162842
      vertex 0.2309698760509491 0.095670856535434723 2.5499999523162842
      vertex 0.24960669875144958 -0.014017611742019653 2.5499999523162842
    endloop
  endfacet
  facet normal -0 0 1
    outer loop
      vertex 0.14466781914234161 -0.20389021933078766 2.5499999523162842
      vertex 0.21880584955215454 0.12092972546815872 2.5499999523162842
      vertex 0.14466781914234161 0.20389021933078766 2.5499999523162842
    endloop
  endfacet
  facet normal 0 0 1
    outer loop
      vertex 0.21880584955215454 0.12092972546815872 2.5499999523162842
      vertex 0.24960669875144958 -0.014017611742019653 2.5499999523162842
      vertex 0.2309698760509491 0.095670856535434723 2.5499999523162842
    endloop
  endfacet
  facet normal 0 0 1
    outer loop
      vertex 0.16658663749694824 0.18641054630279541 2.5499999523162842
      vertex 0.19545787572860718 0.15587244927883148 2.5499999523162842
      vertex 0.18641054630279541 0.16658663749694824 2.5499999523162842
    endloop
  endfacet
  facet normal -0 -0 1
    outer loop
      vertex 0.18641054630279541 0.16658663749694824 2.5499999523162842
      vertex 0.1767766922712326 0.1767766922712326 2.5499999523162842
      vertex 0.16658663749694824 0.18641054630279541 2.5499999523162842
    endloop
  endfacet
  facet normal 0 0 1
    outer loop
      vertex 0.19545787572860718 0.15587244927883148 2.5499999523162842
      vertex 0.21880584955215454 0.12092972546815872 2.5499999523162842
      vertex 0.20389021933078766 0.14466781914234161 2.5499999523162842
    endloop
  endfacet
  facet normal 0 0 1
    outer loop
      vertex 0.21880584955215454 0.12092972546815872 2.5499999523162842
      vertex 0.2116810530424118 0.13300801813602448 2.5499999523162842
      vertex 0.20389021933078766 0.14466781914234161 2.5499999523162842
    endloop
  endfacet
  facet normal 0 0 1
    outer loop
      vertex 0.14466781914234161 0.20389021933078766 2.5499999523162842
      vertex 0.21880584955215454 0.12092972546815872 2.5499999523162842
      vertex 0.19545787572860718 0.15587244927883148 2.5499999523162842
    endloop
  endfacet
  facet normal -0 0 1
    outer loop
      vertex 0.2309698760509491 0.095670856535434723 2.5499999523162842
      vertex 0.22524221241474152 0.10847093164920807 2.5499999523162842
      vertex 0.21880584955215454 0.12092972546815872 2.5499999523162842
    endloop
  endfacet
  facet normal -0 0 1
    outer loop
      vertex 0.24842804670333862 0.027991119772195816 2.5499999523162842
      vertex 0.24646775424480438 0.041876554489135742 2.5499999523162842
      vertex 0.24960669875144958 -0.014017611742019653 2.5499999523162842
    endloop
  endfacet
  facet normal -0 0 1
    outer loop
      vertex 0.25 1.962615539765984e-17 2.5499999523162842
      vertex 0.24960669875144958 0.014017611742019653 2.5499999523162842
      vertex 0.24842804670333862 0.027991119772195816 2.5499999523162842
    endloop
  endfacet
  facet normal 0 0 1
    outer loop
      vertex -0.014017611742019653 -0.24960669875144958 2.5499999523162842
      vertex 0.014017611742019653 -0.24960669875144958 2.5499999523162842
      vertex 0.027991119772195816 -0.24842804670333862 2.5499999523162842
    endloop
  endfacet
endsolid OBJECT
