solid OBJECT
  facet normal 0 -0 1
    outer loop
      vertex 4.921875 4.921875 5
      vertex 4.84375 4.921875 5
      vertex 4.84375 4.84375 5
    endloop
  endfacet
  facet normal 0 -0 1
    outer loop
      vertex 4.921875 4.921875 5
      vertex 4.84375 4.84375 5
      vertex 4.921875 4.84375 5
    endloop
  endfacet
  facet normal 0 -0 1
    outer loop
      vertex 4.84375 4.84375 5
      vertex 4.6875 4.84375 5
      vertex 4.6875 4.6875 5
    endloop
  endfacet
  facet normal 0 -0 1
    outer loop
      vertex 4.84375 4.84375 5
      vertex 4.6875 4.6875 5
      vertex 4.84375 4.6875 5
    endloop
  endfacet
  facet normal 0 -0 1
    outer loop
      vertex 4.6875 4.6875 5
      vertex 4.375 4.6875 5
      vertex 4.375 4.375 5
    endloop
  endfacet
  facet normal 0 -0 1
    outer loop
      vertex 4.6875 4.6875 5
      vertex 4.375 4.375 5
      vertex 4.6875 4.375 5
    endloop
  endfacet
  facet normal 0 -0 1
    outer loop
      vertex 4.375 4.375 5
      vertex 3.75 4.375 5
      vertex 3.75 3.75 5
    endloop
  endfacet
  facet normal 0 -0 1
    outer loop
      vertex 4.375 4.375 5
      vertex 3.75 3.75 5
      vertex 4.375 3.75 5
    endloop
  endfacet
  facet normal 0 -0 1
    outer loop
      vertex 3.75 3.75 5
      vertex 2.5 3.75 5
      vertex 2.5 2.5 5
    endloop
  endfacet
  facet normal 0 -0 1
    outer loop
      vertex 3.75 3.75 5
      vertex 2.5 2.5 5
      vertex 3.75 2.5 5
    endloop
  endfacet
  facet normal 0 -0 1
    outer loop
      vertex 2.5 2.5 5
      vertex 0 2.5 5
      vertex 0 0 5
    endloop
  endfacet
  facet normal 0 -0 1
    outer loop
      vertex 2.5 2.5 5
      vertex 0 0 5
      vertex 2.5 0 5
    endloop
  endfacet
  facet normal 0 -0 1
    outer loop
      vertex -4.84375 4.921875 5
      vertex -4.921875 4.921875 5
      vertex -4.921875 4.84375 5
    endloop
  endfacet
  facet normal 0 -0 1
    outer loop
      vertex -4.84375 4.921875 5
      vertex -4.921875 4.84375 5
      vertex -4.84375 4.84375 5
    endloop
  endfacet
  facet normal 0 -0 1
    outer loop
      vertex -4.6875 4.84375 5
      vertex -4.84375 4.84375 5
      vertex -4.84375 4.6875 5
    endloop
  endfacet
  facet normal 0 -0 1
    outer loop
      vertex -4.6875 4.84375 5
      vertex -4.84375 4.6875 5
      vertex -4.6875 4.6875 5
    endloop
  endfacet
  facet normal 0 -0 1
    outer loop
      vertex -4.375 4.6875 5
      vertex -4.6875 4.6875 5
      vertex -4.6875 4.375 5
    endloop
  endfacet
  facet normal 0 -0 1
    outer loop
      vertex -4.375 4.6875 5
      vertex -4.6875 4.375 5
      vertex -4.375 4.375 5
    endloop
  endfacet
  facet normal 0 -0 1
    outer loop
      vertex -3.75 4.375 5
      vertex -4.375 4.375 5
      vertex -4.375 3.75 5
    endloop
  endfacet
  facet normal 0 -0 1
    outer loop
      vertex -3.75 4.375 5
      vertex -4.375 3.75 5
      vertex -3.75 3.75 5
    endloop
  endfacet
  facet normal 0 -0 1
    outer loop
      vertex -2.5 3.75 5
      vertex -3.75 3.75 5
      vertex -3.75 2.5 5
    endloop
  endfacet
  facet normal 0 -0 1
    outer loop
      vertex -2.5 3.75 5
      vertex -3.75 2.5 5
      vertex -2.5 2.5 5
    endloop
  endfacet
  facet normal 0 -0 1
    outer loop
      vertex 0 2.5 5
      vertex -2.5 2.5 5
      vertex -2.5 0 5
    endloop
  endfacet
  facet normal 0 -0 1
    outer loop
      vertex 0 2.5 5
      vertex -2.5 0 5
      vertex 0 0 5
    endloop
  endfacet
  facet normal 0 -0 1
    outer loop
      vertex 0 0 5
      vertex -2.5 0 5
      vertex -2.5 -2.5 5
    endloop
  endfacet
  facet normal 0 -0 1
    outer loop
      vertex 0 0 5
      vertex -2.5 -2.5 5
      vertex 0 -2.5 5
    endloop
  endfacet
  facet normal 0 -0 1
    outer loop
      vertex -2.5 -2.5 5
      vertex -3.75 -2.5 5
      vertex -3.75 -3.75 5
    endloop
  endfacet
  facet normal 0 -0 1
    outer loop
      vertex -2.5 -2.5 5
      vertex -3.75 -3.75 5
      vertex -2.5 -3.75 5
    endloop
  endfacet
  facet normal 0 -0 1
    outer loop
      vertex -3.75 -3.75 5
      vertex -4.375 -3.75 5
      vertex -4.375 -4.375 5
    endloop
  endfacet
  facet normal 0 -0 1
    outer loop
      vertex -3.75 -3.75 5
      vertex -4.375 -4.375 5
      vertex -3.75 -4.375 5
    endloop
  endfacet
  facet normal 0 -0 1
    outer loop
      vertex -4.375 -4.375 5
      vertex -4.6875 -4.375 5
      vertex -4.6875 -4.6875 5
    endloop
  endfacet
  facet normal 0 -0 1
    outer loop
      vertex -4.375 -4.375 5
      vertex -4.6875 -4.6875 5
      vertex -4.375 -4.6875 5
    endloop
  endfacet
  facet normal 0 -0 1
    outer loop
      vertex -4.6875 -4.6875 5
      vertex -4.84375 -4.6875 5
      vertex -4.84375 -4.84375 5
    endloop
  endfacet
  facet normal 0 -0 1
    outer loop
      vertex -4.6875 -4.6875 5
      vertex -4.84375 -4.84375 5
      vertex -4.6875 -4.84375 5
    endloop
  endfacet
  facet normal 0 -0 1
    outer loop
      vertex -4.84375 -4.84375 5
      vertex -4.921875 -4.84375 5
      vertex -4.921875 -4.921875 5
    endloop
  endfacet
  facet normal 0 -0 1
    outer loop
      vertex -4.84375 -4.84375 5
      vertex -4.921875 -4.921875 5
      vertex -4.84375 -4.921875 5
    endloop
  endfacet
  facet normal 0 -0 1
    outer loop
      vertex 2.5 0 5
      vertex 0 0 5
      vertex 0 -2.5 5
    endloop
  endfacet
  facet normal 0 -0 1
    outer loop
      vertex 2.5 0 5
      vertex 0 -2.5 5
      vertex 2.5 -2.5 5
    endloop
  endfacet
  facet normal 0 -0 1
    outer loop
      vertex 3.75 -2.5 5
      vertex 2.5 -2.5 5
      vertex 2.5 -3.75 5
    endloop
  endfacet
  facet normal 0 -0 1
    outer loop
      vertex 3.75 -2.5 5
      vertex 2.5 -3.75 5
      vertex 3.75 -3.75 5
    endloop
  endfacet
  facet normal 0 -0 1
    outer loop
      vertex 4.375 -3.75 5
      vertex 3.75 -3.75 5
      vertex 3.75 -4.375 5
    endloop
  endfacet
  facet normal 0 -0 1
    outer loop
      vertex 4.375 -3.75 5
      vertex 3.75 -4.375 5
      vertex 4.375 -4.375 5
    endloop
  endfacet
  facet normal 0 -0 1
    outer loop
      vertex 4.6875 -4.375 5
      vertex 4.375 -4.375 5
      vertex 4.375 -4.6875 5
    endloop
  endfacet
  facet normal 0 -0 1
    outer loop
      vertex 4.6875 -4.375 5
      vertex 4.375 -4.6875 5
      vertex 4.6875 -4.6875 5
    endloop
  endfacet
  facet normal 0 -0 1
    outer loop
      vertex 4.84375 -4.6875 5
      vertex 4.6875 -4.6875 5
      vertex 4.6875 -4.84375 5
    endloop
  endfacet
  facet normal 0 -0 1
    outer loop
      vertex 4.84375 -4.6875 5
      vertex 4.6875 -4.84375 5
      vertex 4.84375 -4.84375 5
    endloop
  endfacet
  facet normal 0 -0 1
    outer loop
      vertex 4.921875 -4.84375 5
      vertex 4.84375 -4.84375 5
      vertex 4.84375 -4.921875 5
    endloop
  endfacet
  facet normal 0 -0 1
    outer loop
      vertex 4.921875 -4.84375 5
      vertex 4.84375 -4.921875 5
      vertex 4.921875 -4.921875 5
    endloop
  endfacet
  facet normal 0 -0 1
    outer loop
      vertex -4.9499998092651367 -5 5
      vertex -5 -4.9499998092651367 5
      vertex -5 -5 5
    endloop
  endfacet
  facet normal 0 -0 1
    outer loop
      vertex -4.921875 -4.921875 5
      vertex -4.9499998092651367 -5 5
      vertex -4.84375 -4.921875 5
    endloop
  endfacet
  facet normal 0 -0 1
    outer loop
      vertex -4.6875 -4.84375 5
      vertex -4.84375 -4.921875 5
      vertex -4.9499998092651367 -5 5
    endloop
  endfacet
  facet normal 0 0 1
    outer loop
      vertex -5 -4.9499998092651367 5
      vertex -4.9499998092651367 -5 5
      vertex -4.921875 -4.921875 5
    endloop
  endfacet
  facet normal 0 0 1
    outer loop
      vertex -4.921875 -4.84375 5
      vertex -5 -4.9499998092651367 5
      vertex -4.921875 -4.921875 5
    endloop
  endfacet
  facet normal 0 0 1
    outer loop
      vertex -4.84375 -4.6875 5
      vertex -4.921875 -4.84375 5
      vertex -4.84375 -4.84375 5
    endloop
  endfacet
  facet normal 0 -0 1
    outer loop
      vertex -4.375 -4.6875 5
      vertex -4.6875 -4.6875 5
      vertex -4.6875 -4.84375 5
    endloop
  endfacet
  facet normal 0 0 1
    outer loop
      vertex -4.6875 -4.375 5
      vertex -4.84375 -4.6875 5
      vertex -4.6875 -4.6875 5
    endloop
  endfacet
  facet normal 0 -0 1
    outer loop
      vertex -4.6875 -4.84375 5
      vertex -4.84375 -4.84375 5
      vertex -4.84375 -4.921875 5
    endloop
  endfacet
  facet normal -0 0 1
    outer loop
      vertex -5 -4.9499998092651367 5
      vertex -4.921875 -4.84375 5
      vertex -4.84375 -4.6875 5
    endloop
  endfacet
  facet normal 0 -0 1
    outer loop
      vertex -4.6875 -4.84375 5
      vertex -4.9499998092651367 -5 5
      vertex -4.375 -4.6875 5
    endloop
  endfacet
  facet normal 0 0 1
    outer loop
      vertex -4.6875 -4.375 5
      vertex -5 -4.9499998092651367 5
      vertex -4.84375 -4.6875 5
    endloop
  endfacet
  facet normal -0 0 1
    outer loop
      vertex -4.375 -4.6875 5
      vertex -3.75 -4.375 5
      vertex -4.375 -4.375 5
    endloop
  endfacet
  facet normal 0 -0 1
    outer loop
      vertex -4.6875 -4.375 5
      vertex -4.375 -4.375 5
      vertex -4.375 -3.75 5
    endloop
  endfacet
  facet normal 0 0 1
    outer loop
      vertex 0.02500000037252903 -5 5
      vertex -3.75 -4.375 5
      vertex -4.375 -4.6875 5
    endloop
  endfacet
  facet normal 0 0 1
    outer loop
      vertex -5 0.02500000037252903 5
      vertex -5 -4.9499998092651367 5
      vertex -4.6875 -4.375 5
    endloop
  endfacet
  facet normal 0 -0 1
    outer loop
      vertex -4.375 -3.75 5
      vertex -3.75 -3.75 5
      vertex -3.75 -2.5 5
    endloop
  endfacet
  facet normal 0 -0 1
    outer loop
      vertex -3.75 -2.5 5
      vertex -2.5 -2.5 5
      vertex -2.5 0 5
    endloop
  endfacet
  facet normal 0 -0 1
    outer loop
      vertex -2.5 -3.75 5
      vertex -3.75 -3.75 5
      vertex -3.75 -4.375 5
    endloop
  endfacet
  facet normal -0 0 1
    outer loop
      vertex -3.75 -2.5 5
      vertex -5 0.02500000037252903 5
      vertex -4.375 -3.75 5
    endloop
  endfacet
  facet normal -0 -0 1
    outer loop
      vertex 0.02500000037252903 -5 5
      vertex -2.5 -3.75 5
      vertex -3.75 -4.375 5
    endloop
  endfacet
  facet normal -0 0 1
    outer loop
      vertex -4.375 -3.75 5
      vertex -5 0.02500000037252903 5
      vertex -4.6875 -4.375 5
    endloop
  endfacet
  facet normal -0 0 1
    outer loop
      vertex -4.9499998092651367 -5 5
      vertex 0.02500000037252903 -5 5
      vertex -4.375 -4.6875 5
    endloop
  endfacet
  facet normal -0 0 1
    outer loop
      vertex -2.5 0 5
      vertex -5 0.02500000037252903 5
      vertex -3.75 -2.5 5
    endloop
  endfacet
  facet normal 0 0 1
    outer loop
      vertex -5 5 5
      vertex -5 0.02500000037252903 5
      vertex -4.921875 4.84375 5
    endloop
  endfacet
  facet normal -0 0 1
    outer loop
      vertex -4.84375 4.6875 5
      vertex -4.921875 4.84375 5
      vertex -5 0.02500000037252903 5
    endloop
  endfacet
  facet normal -0 0 1
    outer loop
      vertex -4.6875 4.6875 5
      vertex -4.84375 4.6875 5
      vertex -4.6875 4.375 5
    endloop
  endfacet
  facet normal -0 0 1
    outer loop
      vertex -5 0.02500000037252903 5
      vertex -4.6875 4.375 5
      vertex -4.84375 4.6875 5
    endloop
  endfacet
  facet normal -0 0 1
    outer loop
      vertex -4.84375 4.84375 5
      vertex -4.921875 4.84375 5
      vertex -4.84375 4.6875 5
    endloop
  endfacet
  facet normal 0 0 1
    outer loop
      vertex -4.6875 4.375 5
      vertex -5 0.02500000037252903 5
      vertex -4.375 3.75 5
    endloop
  endfacet
  facet normal -0 -0 1
    outer loop
      vertex -4.921875 4.921875 5
      vertex -4.9499998092651367 5 5
      vertex -5 5 5
    endloop
  endfacet
  facet normal -0 0 1
    outer loop
      vertex -4.84375 4.84375 5
      vertex -4.6875 4.84375 5
      vertex -4.84375 4.921875 5
    endloop
  endfacet
  facet normal 0 0 1
    outer loop
      vertex -4.9499998092651367 5 5
      vertex -4.921875 4.921875 5
      vertex -4.84375 4.921875 5
    endloop
  endfacet
  facet normal -0 0 1
    outer loop
      vertex -4.921875 4.921875 5
      vertex -5 5 5
      vertex -4.921875 4.84375 5
    endloop
  endfacet
  facet normal 0 -0 1
    outer loop
      vertex -4.6875 4.84375 5
      vertex -4.9499998092651367 5 5
      vertex -4.84375 4.921875 5
    endloop
  endfacet
  facet normal -0 0 1
    outer loop
      vertex -3.75 3.75 5
      vertex -4.375 3.75 5
      vertex -3.75 2.5 5
    endloop
  endfacet
  facet normal -0 0 1
    outer loop
      vertex -5 0.02500000037252903 5
      vertex -3.75 2.5 5
      vertex -4.375 3.75 5
    endloop
  endfacet
  facet normal 0 0 1
    outer loop
      vertex 0 2.5 5
      vertex 1.7763568394002505e-15 5 5
      vertex -2.5 3.75 5
    endloop
  endfacet
  facet normal -0 -0 1
    outer loop
      vertex -3.75 4.375 5
      vertex -3.75 3.75 5
      vertex -2.5 3.75 5
    endloop
  endfacet
  facet normal -0 -0 1
    outer loop
      vertex -3.75 2.5 5
      vertex -5 0.02500000037252903 5
      vertex -2.5 0 5
    endloop
  endfacet
  facet normal -0 -0 1
    outer loop
      vertex -4.6875 4.84375 5
      vertex -4.6875 4.6875 5
      vertex -4.375 4.6875 5
    endloop
  endfacet
  facet normal 0 -0 1
    outer loop
      vertex 1.7763568394002505e-15 5 5
      vertex -4.375 4.6875 5
      vertex -3.75 4.375 5
    endloop
  endfacet
  facet normal -0 0 1
    outer loop
      vertex -4.375 4.375 5
      vertex -3.75 4.375 5
      vertex -4.375 4.6875 5
    endloop
  endfacet
  facet normal 0 0 1
    outer loop
      vertex -2.5 3.75 5
      vertex 1.7763568394002505e-15 5 5
      vertex -3.75 4.375 5
    endloop
  endfacet
  facet normal 0 0 1
    outer loop
      vertex -4.375 4.6875 5
      vertex 1.7763568394002505e-15 5 5
      vertex -4.9499998092651367 5 5
    endloop
  endfacet
  facet normal 0 0 1
    outer loop
      vertex -4.6875 4.84375 5
      vertex -4.375 4.6875 5
      vertex -4.9499998092651367 5 5
    endloop
  endfacet
  facet normal -0 0 1
    outer loop
      vertex -2.5 2.5 5
      vertex 0 2.5 5
      vertex -2.5 3.75 5
    endloop
  endfacet
  facet normal -0 -0 1
    outer loop
      vertex -4.375 3.75 5
      vertex -4.375 4.375 5
      vertex -4.6875 4.375 5
    endloop
  endfacet
  facet normal 0 0 1
    outer loop
      vertex -3.75 2.5 5
      vertex -2.5 0 5
      vertex -2.5 2.5 5
    endloop
  endfacet
  facet normal 0 -0 1
    outer loop
      vertex 0 -2.5 5
      vertex -2.5 -2.5 5
      vertex -2.5 -3.75 5
    endloop
  endfacet
  facet normal 0 0 1
    outer loop
      vertex 0 -2.5 5
      vertex 0.02500000037252903 -5 5
      vertex 2.5 -3.75 5
    endloop
  endfacet
  facet normal 0 -0 1
    outer loop
      vertex 3.75 -4.375 5
      vertex 2.5 -3.75 5
      vertex 0.02500000037252903 -5 5
    endloop
  endfacet
  facet normal 0 -0 1
    outer loop
      vertex 4.375 -4.375 5
      vertex 3.75 -4.375 5
      vertex 4.375 -4.6875 5
    endloop
  endfacet
  facet normal -0 0 1
    outer loop
      vertex 0.02500000037252903 -5 5
      vertex 4.375 -4.6875 5
      vertex 3.75 -4.375 5
    endloop
  endfacet
  facet normal 0 -0 1
    outer loop
      vertex 3.75 -3.75 5
      vertex 2.5 -3.75 5
      vertex 3.75 -4.375 5
    endloop
  endfacet
  facet normal 0 -0 1
    outer loop
      vertex 4.375 -4.6875 5
      vertex 0.02500000037252903 -5 5
      vertex 4.6875 -4.84375 5
    endloop
  endfacet
  facet normal 0 -0 1
    outer loop
      vertex 2.5 -2.5 5
      vertex 0 -2.5 5
      vertex 2.5 -3.75 5
    endloop
  endfacet
  facet normal 0 0 1
    outer loop
      vertex 3.75 -2.5 5
      vertex 3.75 -3.75 5
      vertex 4.375 -3.75 5
    endloop
  endfacet
  facet normal -0 0 1
    outer loop
      vertex 4.375 -3.75 5
      vertex 5 0.02500000037252903 5
      vertex 3.75 -2.5 5
    endloop
  endfacet
  facet normal 0 0 1
    outer loop
      vertex 2.5 0 5
      vertex 2.5 -2.5 5
      vertex 3.75 -2.5 5
    endloop
  endfacet
  facet normal 0 0 1
    outer loop
      vertex 4.375 -3.75 5
      vertex 4.375 -4.375 5
      vertex 4.6875 -4.375 5
    endloop
  endfacet
  facet normal 0 0 1
    outer loop
      vertex -2.5 -3.75 5
      vertex 0.02500000037252903 -5 5
      vertex 0 -2.5 5
    endloop
  endfacet
  facet normal 0 0 1
    outer loop
      vertex 4.84375 -4.921875 5
      vertex 4.84375 -4.84375 5
      vertex 4.6875 -4.84375 5
    endloop
  endfacet
  facet normal -0 0 1
    outer loop
      vertex 0.02500000037252903 -5 5
      vertex 4.84375 -4.921875 5
      vertex 4.6875 -4.84375 5
    endloop
  endfacet
  facet normal 0 -0 1
    outer loop
      vertex 5 -4.9499998092651367 5
      vertex 4.921875 -4.921875 5
      vertex 5 -5 5
    endloop
  endfacet
  facet normal 0 0 1
    outer loop
      vertex 4.84375 -4.921875 5
      vertex 5 -5 5
      vertex 4.921875 -4.921875 5
    endloop
  endfacet
  facet normal 0 0 1
    outer loop
      vertex 4.921875 -4.84375 5
      vertex 4.921875 -4.921875 5
      vertex 5 -4.9499998092651367 5
    endloop
  endfacet
  facet normal -0 -0 1
    outer loop
      vertex 5 -5 5
      vertex 4.84375 -4.921875 5
      vertex 0.02500000037252903 -5 5
    endloop
  endfacet
  facet normal -0 -0 1
    outer loop
      vertex 4.84375 -4.6875 5
      vertex 4.6875 -4.375 5
      vertex 4.6875 -4.6875 5
    endloop
  endfacet
  facet normal 0 0 1
    outer loop
      vertex 4.84375 -4.6875 5
      vertex 4.84375 -4.84375 5
      vertex 4.921875 -4.84375 5
    endloop
  endfacet
  facet normal -0 -0 1
    outer loop
      vertex 5 -4.9499998092651367 5
      vertex 4.84375 -4.6875 5
      vertex 4.921875 -4.84375 5
    endloop
  endfacet
  facet normal -0 -0 1
    outer loop
      vertex 5 -4.9499998092651367 5
      vertex 4.6875 -4.375 5
      vertex 4.84375 -4.6875 5
    endloop
  endfacet
  facet normal -0 0 1
    outer loop
      vertex 4.375 -3.75 5
      vertex 4.6875 -4.375 5
      vertex 5 0.02500000037252903 5
    endloop
  endfacet
  facet normal 0 0 1
    outer loop
      vertex 4.375 -4.6875 5
      vertex 4.6875 -4.84375 5
      vertex 4.6875 -4.6875 5
    endloop
  endfacet
  facet normal 0 -0 1
    outer loop
      vertex 4.6875 -4.375 5
      vertex 5 -4.9499998092651367 5
      vertex 5 0.02500000037252903 5
    endloop
  endfacet
  facet normal -0 0 1
    outer loop
      vertex 2.5 0 5
      vertex 3.75 2.5 5
      vertex 2.5 2.5 5
    endloop
  endfacet
  facet normal -0 0 1
    outer loop
      vertex 0 2.5 5
      vertex 2.5 2.5 5
      vertex 2.5 3.75 5
    endloop
  endfacet
  facet normal 0 -0 1
    outer loop
      vertex 3.75 2.5 5
      vertex 2.5 0 5
      vertex 5 0.02500000037252903 5
    endloop
  endfacet
  facet normal 0 0 1
    outer loop
      vertex 2.5 3.75 5
      vertex 3.75 4.375 5
      vertex 1.7763568394002505e-15 5 5
    endloop
  endfacet
  facet normal -0 0 1
    outer loop
      vertex 2.5 3.75 5
      vertex 3.75 3.75 5
      vertex 3.75 4.375 5
    endloop
  endfacet
  facet normal -0 0 1
    outer loop
      vertex 4.6875 4.375 5
      vertex 4.375 4.375 5
      vertex 4.375 3.75 5
    endloop
  endfacet
  facet normal -0 0 1
    outer loop
      vertex 3.75 4.375 5
      vertex 4.375 4.375 5
      vertex 4.375 4.6875 5
    endloop
  endfacet
  facet normal -0 0 1
    outer loop
      vertex 4.375 3.75 5
      vertex 3.75 3.75 5
      vertex 3.75 2.5 5
    endloop
  endfacet
  facet normal 0 0 1
    outer loop
      vertex 1.7763568394002505e-15 5 5
      vertex 4.375 4.6875 5
      vertex 4.9499998092651367 5 5
    endloop
  endfacet
  facet normal 0 0 1
    outer loop
      vertex 4.375 3.75 5
      vertex 3.75 2.5 5
      vertex 5 0.02500000037252903 5
    endloop
  endfacet
  facet normal 0 0 1
    outer loop
      vertex 3.75 4.375 5
      vertex 4.375 4.6875 5
      vertex 1.7763568394002505e-15 5 5
    endloop
  endfacet
  facet normal -0 0 1
    outer loop
      vertex 4.84375 4.6875 5
      vertex 4.6875 4.6875 5
      vertex 4.6875 4.375 5
    endloop
  endfacet
  facet normal -0 -0 1
    outer loop
      vertex 5 0.02500000037252903 5
      vertex 4.84375 4.6875 5
      vertex 4.6875 4.375 5
    endloop
  endfacet
  facet normal 0 0 1
    outer loop
      vertex 4.921875 4.84375 5
      vertex 4.84375 4.6875 5
      vertex 5 0.02500000037252903 5
    endloop
  endfacet
  facet normal -0 -0 1
    outer loop
      vertex 5 0.02500000037252903 5
      vertex 4.6875 4.375 5
      vertex 4.375 3.75 5
    endloop
  endfacet
  facet normal -0 0 1
    outer loop
      vertex 4.375 4.6875 5
      vertex 4.6875 4.6875 5
      vertex 4.6875 4.84375 5
    endloop
  endfacet
  facet normal -0 0 1
    outer loop
      vertex 4.84375 4.6875 5
      vertex 4.921875 4.84375 5
      vertex 4.84375 4.84375 5
    endloop
  endfacet
  facet normal -0 0 1
    outer loop
      vertex 4.6875 4.84375 5
      vertex 4.84375 4.84375 5
      vertex 4.84375 4.921875 5
    endloop
  endfacet
  facet normal 0 -0 1
    outer loop
      vertex 4.9499998092651367 5 5
      vertex 4.921875 4.921875 5
      vertex 5 5 5
    endloop
  endfacet
  facet normal -0 0 1
    outer loop
      vertex 4.921875 4.84375 5
      vertex 5 5 5
      vertex 4.921875 4.921875 5
    endloop
  endfacet
  facet normal 0 0 1
    outer loop
      vertex 4.84375 4.921875 5
      vertex 4.921875 4.921875 5
      vertex 4.9499998092651367 5 5
    endloop
  endfacet
  facet normal 0 -0 1
    outer loop
      vertex 5 5 5
      vertex 4.921875 4.84375 5
      vertex 5 0.02500000037252903 5
    endloop
  endfacet
  facet normal 0 0 1
    outer loop
      vertex 4.6875 4.84375 5
      vertex 4.84375 4.921875 5
      vertex 4.9499998092651367 5 5
    endloop
  endfacet
  facet normal 0 0 1
    outer loop
      vertex 4.375 4.6875 5
      vertex 4.6875 4.84375 5
      vertex 4.9499998092651367 5 5
    endloop
  endfacet
  facet normal 0 -0 1
    outer loop
      vertex 5 0.02500000037252903 5
      vertex 2.5 0 5
      vertex 3.75 -2.5 5
    endloop
  endfacet
  facet normal -0 0 1
    outer loop
      vertex 0 2.5 5
      vertex 2.5 3.75 5
      vertex 1.7763568394002505e-15 5 5
    endloop
  endfacet
  facet normal 1 0 0
    outer loop
      vertex 5 4.921875 -4.921875
      vertex 5 4.921875 -4.84375
      vertex 5 4.84375 -4.84375
    endloop
  endfacet
  facet normal 1 0 -0
    outer loop
      vertex 5 4.921875 -4.921875
      vertex 5 4.84375 -4.84375
      vertex 5 4.84375 -4.921875
    endloop
  endfacet
  facet normal 1 0 0
    outer loop
      vertex 5 4.84375 -4.84375
      vertex 5 4.84375 -4.6875
      vertex 5 4.6875 -4.6875
    endloop
  endfacet
  facet normal 1 0 -0
    outer loop
      vertex 5 4.84375 -4.84375
      vertex 5 4.6875 -4.6875
      vertex 5 4.6875 -4.84375
    endloop
  endfacet
  facet normal 1 0 0
    outer loop
      vertex 5 4.6875 -4.6875
      vertex 5 4.6875 -4.375
      vertex 5 4.375 -4.375
    endloop
  endfacet
  facet normal 1 0 -0
    outer loop
      vertex 5 4.6875 -4.6875
      vertex 5 4.375 -4.375
      vertex 5 4.375 -4.6875
    endloop
  endfacet
  facet normal 1 0 0
    outer loop
      vertex 5 4.375 -4.375
      vertex 5 4.375 -3.75
      vertex 5 3.75 -3.75
    endloop
  endfacet
  facet normal 1 0 -0
    outer loop
      vertex 5 4.375 -4.375
      vertex 5 3.75 -3.75
      vertex 5 3.75 -4.375
    endloop
  endfacet
  facet normal 1 0 0
    outer loop
      vertex 5 3.75 -3.75
      vertex 5 3.75 -2.5
      vertex 5 2.5 -2.5
    endloop
  endfacet
  facet normal 1 0 -0
    outer loop
      vertex 5 3.75 -3.75
      vertex 5 2.5 -2.5
      vertex 5 2.5 -3.75
    endloop
  endfacet
  facet normal 1 0 0
    outer loop
      vertex 5 2.5 -2.5
      vertex 5 2.5 0
      vertex 5 0 0
    endloop
  endfacet
  facet normal 1 0 -0
    outer loop
      vertex 5 2.5 -2.5
      vertex 5 0 0
      vertex 5 0 -2.5
    endloop
  endfacet
  facet normal 1 0 0
    outer loop
      vertex 5 4.921875 4.84375
      vertex 5 4.921875 4.921875
      vertex 5 4.84375 4.921875
    endloop
  endfacet
  facet normal 1 0 -0
    outer loop
      vertex 5 4.921875 4.84375
      vertex 5 4.84375 4.921875
      vertex 5 4.84375 4.84375
    endloop
  endfacet
  facet normal 1 0 0
    outer loop
      vertex 5 4.84375 4.6875
      vertex 5 4.84375 4.84375
      vertex 5 4.6875 4.84375
    endloop
  endfacet
  facet normal 1 0 -0
    outer loop
      vertex 5 4.84375 4.6875
      vertex 5 4.6875 4.84375
      vertex 5 4.6875 4.6875
    endloop
  endfacet
  facet normal 1 0 0
    outer loop
      vertex 5 4.6875 4.375
      vertex 5 4.6875 4.6875
      vertex 5 4.375 4.6875
    endloop
  endfacet
  facet normal 1 0 -0
    outer loop
      vertex 5 4.6875 4.375
      vertex 5 4.375 4.6875
      vertex 5 4.375 4.375
    endloop
  endfacet
  facet normal 1 0 0
    outer loop
      vertex 5 4.375 3.75
      vertex 5 4.375 4.375
      vertex 5 3.75 4.375
    endloop
  endfacet
  facet normal 1 0 -0
    outer loop
      vertex 5 4.375 3.75
      vertex 5 3.75 4.375
      vertex 5 3.75 3.75
    endloop
  endfacet
  facet normal 1 0 0
    outer loop
      vertex 5 3.75 2.5
      vertex 5 3.75 3.75
      vertex 5 2.5 3.75
    endloop
  endfacet
  facet normal 1 0 -0
    outer loop
      vertex 5 3.75 2.5
      vertex 5 2.5 3.75
      vertex 5 2.5 2.5
    endloop
  endfacet
  facet normal 1 0 0
    outer loop
      vertex 5 2.5 0
      vertex 5 2.5 2.5
      vertex 5 0 2.5
    endloop
  endfacet
  facet normal 1 0 -0
    outer loop
      vertex 5 2.5 0
      vertex 5 0 2.5
      vertex 5 0 0
    endloop
  endfacet
  facet normal 1 0 0
    outer loop
      vertex 5 0 0
      vertex 5 0 2.5
      vertex 5 -2.5 2.5
    endloop
  endfacet
  facet normal 1 0 -0
    outer loop
      vertex 5 0 0
      vertex 5 -2.5 2.5
      vertex 5 -2.5 0
    endloop
  endfacet
  facet normal 1 0 0
    outer loop
      vertex 5 -2.5 2.5
      vertex 5 -2.5 3.75
      vertex 5 -3.75 3.75
    endloop
  endfacet
  facet normal 1 0 -0
    outer loop
      vertex 5 -2.5 2.5
      vertex 5 -3.75 3.75
      vertex 5 -3.75 2.5
    endloop
  endfacet
  facet normal 1 0 0
    outer loop
      vertex 5 -3.75 3.75
      vertex 5 -3.75 4.375
      vertex 5 -4.375 4.375
    endloop
  endfacet
  facet normal 1 0 -0
    outer loop
      vertex 5 -3.75 3.75
      vertex 5 -4.375 4.375
      vertex 5 -4.375 3.75
    endloop
  endfacet
  facet normal 1 0 0
    outer loop
      vertex 5 -4.375 4.375
      vertex 5 -4.375 4.6875
      vertex 5 -4.6875 4.6875
    endloop
  endfacet
  facet normal 1 0 -0
    outer loop
      vertex 5 -4.375 4.375
      vertex 5 -4.6875 4.6875
      vertex 5 -4.6875 4.375
    endloop
  endfacet
  facet normal 1 0 0
    outer loop
      vertex 5 -4.6875 4.6875
      vertex 5 -4.6875 4.84375
      vertex 5 -4.84375 4.84375
    endloop
  endfacet
  facet normal 1 0 -0
    outer loop
      vertex 5 -4.6875 4.6875
      vertex 5 -4.84375 4.84375
      vertex 5 -4.84375 4.6875
    endloop
  endfacet
  facet normal 1 0 0
    outer loop
      vertex 5 -4.84375 4.84375
      vertex 5 -4.84375 4.921875
      vertex 5 -4.921875 4.921875
    endloop
  endfacet
  facet normal 1 0 -0
    outer loop
      vertex 5 -4.84375 4.84375
      vertex 5 -4.921875 4.921875
      vertex 5 -4.921875 4.84375
    endloop
  endfacet
  facet normal 1 0 0
    outer loop
      vertex 5 0 -2.5
      vertex 5 0 0
      vertex 5 -2.5 0
    endloop
  endfacet
  facet normal 1 0 -0
    outer loop
      vertex 5 0 -2.5
      vertex 5 -2.5 0
      vertex 5 -2.5 -2.5
    endloop
  endfacet
  facet normal 1 0 0
    outer loop
      vertex 5 -2.5 -3.75
      vertex 5 -2.5 -2.5
      vertex 5 -3.75 -2.5
    endloop
  endfacet
  facet normal 1 0 -0
    outer loop
      vertex 5 -2.5 -3.75
      vertex 5 -3.75 -2.5
      vertex 5 -3.75 -3.75
    endloop
  endfacet
  facet normal 1 0 0
    outer loop
      vertex 5 -3.75 -4.375
      vertex 5 -3.75 -3.75
      vertex 5 -4.375 -3.75
    endloop
  endfacet
  facet normal 1 0 -0
    outer loop
      vertex 5 -3.75 -4.375
      vertex 5 -4.375 -3.75
      vertex 5 -4.375 -4.375
    endloop
  endfacet
  facet normal 1 0 0
    outer loop
      vertex 5 -4.375 -4.6875
      vertex 5 -4.375 -4.375
      vertex 5 -4.6875 -4.375
    endloop
  endfacet
  facet normal 1 0 -0
    outer loop
      vertex 5 -4.375 -4.6875
      vertex 5 -4.6875 -4.375
      vertex 5 -4.6875 -4.6875
    endloop
  endfacet
  facet normal 1 0 0
    outer loop
      vertex 5 -4.6875 -4.84375
      vertex 5 -4.6875 -4.6875
      vertex 5 -4.84375 -4.6875
    endloop
  endfacet
  facet normal 1 0 -0
    outer loop
      vertex 5 -4.6875 -4.84375
      vertex 5 -4.84375 -4.6875
      vertex 5 -4.84375 -4.84375
    endloop
  endfacet
  facet normal 1 0 0
    outer loop
      vertex 5 -4.84375 -4.921875
      vertex 5 -4.84375 -4.84375
      vertex 5 -4.921875 -4.84375
    endloop
  endfacet
  facet normal 1 0 -0
    outer loop
      vertex 5 -4.84375 -4.921875
      vertex 5 -4.921875 -4.84375
      vertex 5 -4.921875 -4.921875
    endloop
  endfacet
  facet normal 1 -0 0
    outer loop
      vertex 5 -5 4.9499998092651367
      vertex 5 -4.9499998092651367 5
      vertex 5 -5 5
    endloop
  endfacet
  facet normal 1 -0 0
    outer loop
      vertex 5 -4.921875 4.921875
      vertex 5 -5 4.9499998092651367
      vertex 5 -4.921875 4.84375
    endloop
  endfacet
  facet normal 1 -0 0
    outer loop
      vertex 5 -4.84375 4.6875
      vertex 5 -4.921875 4.84375
      vertex 5 -5 4.9499998092651367
    endloop
  endfacet
  facet normal 1 -0 -0
    outer loop
      vertex 5 -4.9499998092651367 5
      vertex 5 -5 4.9499998092651367
      vertex 5 -4.921875 4.921875
    endloop
  endfacet
  facet normal 1 0 -0
    outer loop
      vertex 5 -4.84375 4.921875
      vertex 5 -4.9499998092651367 5
      vertex 5 -4.921875 4.921875
    endloop
  endfacet
  facet normal 1 0 -0
    outer loop
      vertex 5 -4.6875 4.84375
      vertex 5 -4.84375 4.921875
      vertex 5 -4.84375 4.84375
    endloop
  endfacet
  facet normal 1 -0 -0
    outer loop
      vertex 5 -4.6875 4.375
      vertex 5 -4.6875 4.6875
      vertex 5 -4.84375 4.6875
    endloop
  endfacet
  facet normal 1 0 -0
    outer loop
      vertex 5 -4.375 4.6875
      vertex 5 -4.6875 4.84375
      vertex 5 -4.6875 4.6875
    endloop
  endfacet
  facet normal 1 -0 -0
    outer loop
      vertex 5 -4.84375 4.6875
      vertex 5 -4.84375 4.84375
      vertex 5 -4.921875 4.84375
    endloop
  endfacet
  facet normal 1 0 0
    outer loop
      vertex 5 -4.9499998092651367 5
      vertex 5 -4.84375 4.921875
      vertex 5 -4.6875 4.84375
    endloop
  endfacet
  facet normal 1 -0 0
    outer loop
      vertex 5 -4.84375 4.6875
      vertex 5 -5 4.9499998092651367
      vertex 5 -4.6875 4.375
    endloop
  endfacet
  facet normal 1 0 -0
    outer loop
      vertex 5 -4.375 4.6875
      vertex 5 -4.9499998092651367 5
      vertex 5 -4.6875 4.84375
    endloop
  endfacet
  facet normal 1 -0 0
    outer loop
      vertex 5 -4.375 4.375
      vertex 5 -4.6875 4.375
      vertex 5 -4.375 3.75
    endloop
  endfacet
  facet normal 1 -0 0
    outer loop
      vertex 5 -5 -4.4408920985006262e-16
      vertex 5 -4.375 3.75
      vertex 5 -4.6875 4.375
    endloop
  endfacet
  facet normal 1 -0 0
    outer loop
      vertex 5 -3.75 2.5
      vertex 5 -4.375 3.75
      vertex 5 -5 -4.4408920985006262e-16
    endloop
  endfacet
  facet normal 1 -0 0
    outer loop
      vertex 5 -5 -4.4408920985006262e-16
      vertex 5 -4.6875 4.375
      vertex 5 -5 4.9499998092651367
    endloop
  endfacet
  facet normal 1 0 -0
    outer loop
      vertex 5 -3.75 4.375
      vertex 5 -4.375 4.6875
      vertex 5 -4.375 4.375
    endloop
  endfacet
  facet normal 1 0 -0
    outer loop
      vertex 5 -2.5 3.75
      vertex 5 -3.75 4.375
      vertex 5 -3.75 3.75
    endloop
  endfacet
  facet normal 1 0 0
    outer loop
      vertex 5 -3.75 2.5
      vertex 5 -2.5 0
      vertex 5 -2.5 2.5
    endloop
  endfacet
  facet normal 1 0 -0
    outer loop
      vertex 5 0 2.5
      vertex 5 -2.5 3.75
      vertex 5 -2.5 2.5
    endloop
  endfacet
  facet normal 1 -0 -0
    outer loop
      vertex 5 -3.75 2.5
      vertex 5 -3.75 3.75
      vertex 5 -4.375 3.75
    endloop
  endfacet
  facet normal 1 0 0
    outer loop
      vertex 5 -3.75 4.375
      vertex 5 0.02500000037252903 5
      vertex 5 -4.375 4.6875
    endloop
  endfacet
  facet normal 1 -0 0
    outer loop
      vertex 5 -2.5 0
      vertex 5 -3.75 2.5
      vertex 5 -5 -4.4408920985006262e-16
    endloop
  endfacet
  facet normal 1 0 -0
    outer loop
      vertex 5 0.02500000037252903 5
      vertex 5 -4.9499998092651367 5
      vertex 5 -4.375 4.6875
    endloop
  endfacet
  facet normal 1 0 0
    outer loop
      vertex 5 -2.5 3.75
      vertex 5 0.02500000037252903 5
      vertex 5 -3.75 4.375
    endloop
  endfacet
  facet normal 1 0 -0
    outer loop
      vertex 5 5 5
      vertex 5 0.02500000037252903 5
      vertex 5 4.84375 4.921875
    endloop
  endfacet
  facet normal 1 0 0
    outer loop
      vertex 5 4.6875 4.84375
      vertex 5 4.84375 4.921875
      vertex 5 0.02500000037252903 5
    endloop
  endfacet
  facet normal 1 0 0
    outer loop
      vertex 5 4.6875 4.6875
      vertex 5 4.6875 4.84375
      vertex 5 4.375 4.6875
    endloop
  endfacet
  facet normal 1 0 0
    outer loop
      vertex 5 0.02500000037252903 5
      vertex 5 4.375 4.6875
      vertex 5 4.6875 4.84375
    endloop
  endfacet
  facet normal 1 0 0
    outer loop
      vertex 5 4.84375 4.84375
      vertex 5 4.84375 4.921875
      vertex 5 4.6875 4.84375
    endloop
  endfacet
  facet normal 1 0 -0
    outer loop
      vertex 5 4.375 4.6875
      vertex 5 0.02500000037252903 5
      vertex 5 3.75 4.375
    endloop
  endfacet
  facet normal 1 -0 0
    outer loop
      vertex 5 4.921875 4.921875
      vertex 5 5 4.9499998092651367
      vertex 5 5 5
    endloop
  endfacet
  facet normal 1 0 0
    outer loop
      vertex 5 4.84375 4.84375
      vertex 5 4.84375 4.6875
      vertex 5 4.921875 4.84375
    endloop
  endfacet
  facet normal 1 0 -0
    outer loop
      vertex 5 5 4.9499998092651367
      vertex 5 4.921875 4.921875
      vertex 5 4.921875 4.84375
    endloop
  endfacet
  facet normal 1 0 0
    outer loop
      vertex 5 4.921875 4.921875
      vertex 5 5 5
      vertex 5 4.84375 4.921875
    endloop
  endfacet
  facet normal 1 -0 0
    outer loop
      vertex 5 4.84375 4.6875
      vertex 5 5 4.9499998092651367
      vertex 5 4.921875 4.84375
    endloop
  endfacet
  facet normal 1 -0 0
    outer loop
      vertex 5 2.5 3.75
      vertex 5 3.75 3.75
      vertex 5 3.75 4.375
    endloop
  endfacet
  facet normal 1 0 0
    outer loop
      vertex 5 0.02500000037252903 5
      vertex 5 2.5 3.75
      vertex 5 3.75 4.375
    endloop
  endfacet
  facet normal 1 0 0
    outer loop
      vertex 5 -2.5 3.75
      vertex 5 0 2.5
      vertex 5 0.02500000037252903 5
    endloop
  endfacet
  facet normal 1 -0 0
    outer loop
      vertex 5 2.5 0
      vertex 5 3.75 2.5
      vertex 5 2.5 2.5
    endloop
  endfacet
  facet normal 1 0 -0
    outer loop
      vertex 5 2.5 3.75
      vertex 5 0 2.5
      vertex 5 2.5 2.5
    endloop
  endfacet
  facet normal 1 -0 0
    outer loop
      vertex 5 0 2.5
      vertex 5 2.5 3.75
      vertex 5 0.02500000037252903 5
    endloop
  endfacet
  facet normal 1 -0 0
    outer loop
      vertex 5 4.84375 4.6875
      vertex 5 4.6875 4.6875
      vertex 5 4.6875 4.375
    endloop
  endfacet
  facet normal 1 -0 0
    outer loop
      vertex 5 4.375 3.75
      vertex 5 4.6875 4.375
      vertex 5 4.375 4.375
    endloop
  endfacet
  facet normal 1 0 -0
    outer loop
      vertex 5 5 4.9499998092651367
      vertex 5 4.84375 4.6875
      vertex 5 4.6875 4.375
    endloop
  endfacet
  facet normal 1 -0 0
    outer loop
      vertex 5 4.375 3.75
      vertex 5 3.75 3.75
      vertex 5 3.75 2.5
    endloop
  endfacet
  facet normal 1 0 0
    outer loop
      vertex 5 4.375 3.75
      vertex 5 5 -4.4408920985006262e-16
      vertex 5 4.6875 4.375
    endloop
  endfacet
  facet normal 1 -0 -0
    outer loop
      vertex 5 5 -4.4408920985006262e-16
      vertex 5 5 4.9499998092651367
      vertex 5 4.6875 4.375
    endloop
  endfacet
  facet normal 1 -0 0
    outer loop
      vertex 5 3.75 4.375
      vertex 5 4.375 4.375
      vertex 5 4.375 4.6875
    endloop
  endfacet
  facet normal 1 0 0
    outer loop
      vertex 5 3.75 2.5
      vertex 5 5 -4.4408920985006262e-16
      vertex 5 4.375 3.75
    endloop
  endfacet
  facet normal 1 0 -0
    outer loop
      vertex 5 -2.5 0
      vertex 5 -5 -4.4408920985006262e-16
      vertex 5 -3.75 -2.5
    endloop
  endfacet
  facet normal 1 0 -0
    outer loop
      vertex 5 -4.375 -3.75
      vertex 5 -3.75 -3.75
      vertex 5 -3.75 -2.5
    endloop
  endfacet
  facet normal 1 -0 0
    outer loop
      vertex 5 -4.375 -3.75
      vertex 5 -3.75 -2.5
      vertex 5 -5 -4.4408920985006262e-16
    endloop
  endfacet
  facet normal 1 -0 0
    outer loop
      vertex 5 -5 -4.9499998092651367
      vertex 5 -4.84375 -4.6875
      vertex 5 -4.6875 -4.375
    endloop
  endfacet
  facet normal 1 -0 0
    outer loop
      vertex 5 -4.375 -4.6875
      vertex 5 -3.75 -4.375
      vertex 5 -4.375 -4.375
    endloop
  endfacet
  facet normal 1 0 0
    outer loop
      vertex 5 -4.375 -3.75
      vertex 5 -4.6875 -4.375
      vertex 5 -4.375 -4.375
    endloop
  endfacet
  facet normal 1 0 0
    outer loop
      vertex 5 -4.375 -3.75
      vertex 5 -5 -4.4408920985006262e-16
      vertex 5 -4.6875 -4.375
    endloop
  endfacet
  facet normal 1 -0 0
    outer loop
      vertex 5 -2.5 -3.75
      vertex 5 0 -2.5
      vertex 5 -2.5 -2.5
    endloop
  endfacet
  facet normal 1 0 -0
    outer loop
      vertex 5 -2.5 -3.75
      vertex 5 -3.75 -3.75
      vertex 5 -3.75 -4.375
    endloop
  endfacet
  facet normal 1 0 0
    outer loop
      vertex 5 -3.75 -4.375
      vertex 5 0.02500000037252903 -5
      vertex 5 -2.5 -3.75
    endloop
  endfacet
  facet normal 1 0 0
    outer loop
      vertex 5 -2.5 -3.75
      vertex 5 0.02500000037252903 -5
      vertex 5 0 -2.5
    endloop
  endfacet
  facet normal 1 0 -0
    outer loop
      vertex 5 -4.84375 -4.6875
      vertex 5 -4.6875 -4.6875
      vertex 5 -4.6875 -4.375
    endloop
  endfacet
  facet normal 1 -0 0
    outer loop
      vertex 5 -5 -4.9499998092651367
      vertex 5 -4.921875 -4.921875
      vertex 5 -4.921875 -4.84375
    endloop
  endfacet
  facet normal 1 0 -0
    outer loop
      vertex 5 -4.9499998092651367 -5
      vertex 5 -5 -4.9499998092651367
      vertex 5 -5 -5
    endloop
  endfacet
  facet normal 1 0 -0
    outer loop
      vertex 5 -4.921875 -4.921875
      vertex 5 -5 -4.9499998092651367
      vertex 5 -4.9499998092651367 -5
    endloop
  endfacet
  facet normal 1 -0 0
    outer loop
      vertex 5 -5 -4.9499998092651367
      vertex 5 -4.921875 -4.84375
      vertex 5 -4.84375 -4.6875
    endloop
  endfacet
  facet normal 1 0 -0
    outer loop
      vertex 5 -4.84375 -4.921875
      vertex 5 -4.921875 -4.921875
      vertex 5 -4.9499998092651367 -5
    endloop
  endfacet
  facet normal 1 -0 0
    outer loop
      vertex 5 -4.6875 -4.84375
      vertex 5 -4.375 -4.6875
      vertex 5 -4.6875 -4.6875
    endloop
  endfacet
  facet normal 1 0 -0
    outer loop
      vertex 5 -4.6875 -4.84375
      vertex 5 -4.84375 -4.84375
      vertex 5 -4.84375 -4.921875
    endloop
  endfacet
  facet normal 1 -0 0
    outer loop
      vertex 5 -4.9499998092651367 -5
      vertex 5 -4.6875 -4.84375
      vertex 5 -4.84375 -4.921875
    endloop
  endfacet
  facet normal 1 -0 0
    outer loop
      vertex 5 -4.9499998092651367 -5
      vertex 5 -4.375 -4.6875
      vertex 5 -4.6875 -4.84375
    endloop
  endfacet
  facet normal 1 0 0
    outer loop
      vertex 5 -3.75 -4.375
      vertex 5 -4.375 -4.6875
      vertex 5 0.02500000037252903 -5
    endloop
  endfacet
  facet normal 1 0 -0
    outer loop
      vertex 5 -4.921875 -4.84375
      vertex 5 -4.84375 -4.84375
      vertex 5 -4.84375 -4.6875
    endloop
  endfacet
  facet normal 1 0 0
    outer loop
      vertex 5 -5 -4.4408920985006262e-16
      vertex 5 -5 -4.9499998092651367
      vertex 5 -4.6875 -4.375
    endloop
  endfacet
  facet normal 1 -0 -0
    outer loop
      vertex 5 0.02500000037252903 -5
      vertex 5 -4.375 -4.6875
      vertex 5 -4.9499998092651367 -5
    endloop
  endfacet
  facet normal 1 -0 -0
    outer loop
      vertex 5 3.75 -2.5
      vertex 5 2.5 0
      vertex 5 2.5 -2.5
    endloop
  endfacet
  facet normal 1 0 0
    outer loop
      vertex 5 3.75 -4.375
      vertex 5 3.75 -3.75
      vertex 5 2.5 -3.75
    endloop
  endfacet
  facet normal 1 -0 -0
    outer loop
      vertex 5 4.375 -3.75
      vertex 5 3.75 -2.5
      vertex 5 3.75 -3.75
    endloop
  endfacet
  facet normal 1 0 -0
    outer loop
      vertex 5 2.5 -2.5
      vertex 5 0 -2.5
      vertex 5 2.5 -3.75
    endloop
  endfacet
  facet normal 1 0 -0
    outer loop
      vertex 5 5 -4.4408920985006262e-16
      vertex 5 2.5 0
      vertex 5 3.75 -2.5
    endloop
  endfacet
  facet normal 1 0 -0
    outer loop
      vertex 5 4.6875 -4.375
      vertex 5 5 -4.4408920985006262e-16
      vertex 5 4.375 -3.75
    endloop
  endfacet
  facet normal 1 -0 0
    outer loop
      vertex 5 4.375 -3.75
      vertex 5 5 -4.4408920985006262e-16
      vertex 5 3.75 -2.5
    endloop
  endfacet
  facet normal 1 0 0
    outer loop
      vertex 5 4.375 -4.6875
      vertex 5 4.375 -4.375
      vertex 5 3.75 -4.375
    endloop
  endfacet
  facet normal 1 0 0
    outer loop
      vertex 5 4.375 -3.75
      vertex 5 4.375 -4.375
      vertex 5 4.6875 -4.375
    endloop
  endfacet
  facet normal 1 -0 -0
    outer loop
      vertex 5 5 -4.9499998092651367
      vertex 5 5 -4.4408920985006262e-16
      vertex 5 4.6875 -4.375
    endloop
  endfacet
  facet normal 1 0 -0
    outer loop
      vertex 5 3.75 -4.375
      vertex 5 2.5 -3.75
      vertex 5 0.02500000037252903 -5
    endloop
  endfacet
  facet normal 1 0 0
    outer loop
      vertex 5 3.75 2.5
      vertex 5 2.5 0
      vertex 5 5 -4.4408920985006262e-16
    endloop
  endfacet
  facet normal 1 0 0
    outer loop
      vertex 5 4.6875 -4.84375
      vertex 5 4.6875 -4.6875
      vertex 5 4.375 -4.6875
    endloop
  endfacet
  facet normal 1 -0 0
    outer loop
      vertex 5 0.02500000037252903 -5
      vertex 5 4.6875 -4.84375
      vertex 5 4.375 -4.6875
    endloop
  endfacet
  facet normal 1 0 -0
    outer loop
      vertex 5 4.84375 -4.921875
      vertex 5 4.6875 -4.84375
      vertex 5 0.02500000037252903 -5
    endloop
  endfacet
  facet normal 1 -0 0
    outer loop
      vertex 5 0.02500000037252903 -5
      vertex 5 4.375 -4.6875
      vertex 5 3.75 -4.375
    endloop
  endfacet
  facet normal 1 0 0
    outer loop
      vertex 5 4.6875 -4.375
      vertex 5 4.6875 -4.6875
      vertex 5 4.84375 -4.6875
    endloop
  endfacet
  facet normal 1 0 0
    outer loop
      vertex 5 4.6875 -4.84375
      vertex 5 4.84375 -4.921875
      vertex 5 4.84375 -4.84375
    endloop
  endfacet
  facet normal 1 0 0
    outer loop
      vertex 5 4.84375 -4.6875
      vertex 5 4.84375 -4.84375
      vertex 5 4.921875 -4.84375
    endloop
  endfacet
  facet normal 1 0 -0
    outer loop
      vertex 5 5 -4.9499998092651367
      vertex 5 4.921875 -4.921875
      vertex 5 5 -5
    endloop
  endfacet
  facet normal 1 0 0
    outer loop
      vertex 5 4.84375 -4.921875
      vertex 5 5 -5
      vertex 5 4.921875 -4.921875
    endloop
  endfacet
  facet normal 1 0 0
    outer loop
      vertex 5 4.921875 -4.84375
      vertex 5 4.921875 -4.921875
      vertex 5 5 -4.9499998092651367
    endloop
  endfacet
  facet normal 1 -0 -0
    outer loop
      vertex 5 5 -5
      vertex 5 4.84375 -4.921875
      vertex 5 0.02500000037252903 -5
    endloop
  endfacet
  facet normal 1 0 0
    outer loop
      vertex 5 4.84375 -4.6875
      vertex 5 4.921875 -4.84375
      vertex 5 5 -4.9499998092651367
    endloop
  endfacet
  facet normal 1 0 0
    outer loop
      vertex 5 4.6875 -4.375
      vertex 5 4.84375 -4.6875
      vertex 5 5 -4.9499998092651367
    endloop
  endfacet
  facet normal 1 0 0
    outer loop
      vertex 5 0 -2.5
      vertex 5 0.02500000037252903 -5
      vertex 5 2.5 -3.75
    endloop
  endfacet
  facet normal 1 0 -0
    outer loop
      vertex 5 -3.75 -2.5
      vertex 5 -2.5 -2.5
      vertex 5 -2.5 0
    endloop
  endfacet
  facet normal -1 -0 -0
    outer loop
      vertex -5 4.921875 -4.921875
      vertex -5 4.84375 -4.921875
      vertex -5 4.84375 -4.84375
    endloop
  endfacet
  facet normal -1 -0 -0
    outer loop
      vertex -5 4.921875 -4.921875
      vertex -5 4.84375 -4.84375
      vertex -5 4.921875 -4.84375
    endloop
  endfacet
  facet normal -1 -0 -0
    outer loop
      vertex -5 4.84375 -4.84375
      vertex -5 4.6875 -4.84375
      vertex -5 4.6875 -4.6875
    endloop
  endfacet
  facet normal -1 -0 -0
    outer loop
      vertex -5 4.84375 -4.84375
      vertex -5 4.6875 -4.6875
      vertex -5 4.84375 -4.6875
    endloop
  endfacet
  facet normal -1 -0 -0
    outer loop
      vertex -5 4.6875 -4.6875
      vertex -5 4.375 -4.6875
      vertex -5 4.375 -4.375
    endloop
  endfacet
  facet normal -1 -0 -0
    outer loop
      vertex -5 4.6875 -4.6875
      vertex -5 4.375 -4.375
      vertex -5 4.6875 -4.375
    endloop
  endfacet
  facet normal -1 -0 -0
    outer loop
      vertex -5 4.375 -4.375
      vertex -5 3.75 -4.375
      vertex -5 3.75 -3.75
    endloop
  endfacet
  facet normal -1 -0 -0
    outer loop
      vertex -5 4.375 -4.375
      vertex -5 3.75 -3.75
      vertex -5 4.375 -3.75
    endloop
  endfacet
  facet normal -1 -0 -0
    outer loop
      vertex -5 3.75 -3.75
      vertex -5 2.5 -3.75
      vertex -5 2.5 -2.5
    endloop
  endfacet
  facet normal -1 -0 -0
    outer loop
      vertex -5 3.75 -3.75
      vertex -5 2.5 -2.5
      vertex -5 3.75 -2.5
    endloop
  endfacet
  facet normal -1 -0 -0
    outer loop
      vertex -5 2.5 -2.5
      vertex -5 0 -2.5
      vertex -5 0 0
    endloop
  endfacet
  facet normal -1 -0 -0
    outer loop
      vertex -5 2.5 -2.5
      vertex -5 0 0
      vertex -5 2.5 0
    endloop
  endfacet
  facet normal -1 -0 -0
    outer loop
      vertex -5 4.921875 4.84375
      vertex -5 4.84375 4.84375
      vertex -5 4.84375 4.921875
    endloop
  endfacet
  facet normal -1 -0 -0
    outer loop
      vertex -5 4.921875 4.84375
      vertex -5 4.84375 4.921875
      vertex -5 4.921875 4.921875
    endloop
  endfacet
  facet normal -1 -0 -0
    outer loop
      vertex -5 4.84375 4.6875
      vertex -5 4.6875 4.6875
      vertex -5 4.6875 4.84375
    endloop
  endfacet
  facet normal -1 -0 -0
    outer loop
      vertex -5 4.84375 4.6875
      vertex -5 4.6875 4.84375
      vertex -5 4.84375 4.84375
    endloop
  endfacet
  facet normal -1 -0 -0
    outer loop
      vertex -5 4.6875 4.375
      vertex -5 4.375 4.375
      vertex -5 4.375 4.6875
    endloop
  endfacet
  facet normal -1 -0 -0
    outer loop
      vertex -5 4.6875 4.375
      vertex -5 4.375 4.6875
      vertex -5 4.6875 4.6875
    endloop
  endfacet
  facet normal -1 -0 -0
    outer loop
      vertex -5 4.375 3.75
      vertex -5 3.75 3.75
      vertex -5 3.75 4.375
    endloop
  endfacet
  facet normal -1 -0 -0
    outer loop
      vertex -5 4.375 3.75
      vertex -5 3.75 4.375
      vertex -5 4.375 4.375
    endloop
  endfacet
  facet normal -1 -0 -0
    outer loop
      vertex -5 3.75 2.5
      vertex -5 2.5 2.5
      vertex -5 2.5 3.75
    endloop
  endfacet
  facet normal -1 -0 -0
    outer loop
      vertex -5 3.75 2.5
      vertex -5 2.5 3.75
      vertex -5 3.75 3.75
    endloop
  endfacet
  facet normal -1 -0 -0
    outer loop
      vertex -5 2.5 0
      vertex -5 0 0
      vertex -5 0 2.5
    endloop
  endfacet
  facet normal -1 -0 -0
    outer loop
      vertex -5 2.5 0
      vertex -5 0 2.5
      vertex -5 2.5 2.5
    endloop
  endfacet
  facet normal -1 -0 -0
    outer loop
      vertex -5 0 0
      vertex -5 -2.5 0
      vertex -5 -2.5 2.5
    endloop
  endfacet
  facet normal -1 -0 -0
    outer loop
      vertex -5 0 0
      vertex -5 -2.5 2.5
      vertex -5 0 2.5
    endloop
  endfacet
  facet normal -1 -0 -0
    outer loop
      vertex -5 -2.5 2.5
      vertex -5 -3.75 2.5
      vertex -5 -3.75 3.75
    endloop
  endfacet
  facet normal -1 -0 -0
    outer loop
      vertex -5 -2.5 2.5
      vertex -5 -3.75 3.75
      vertex -5 -2.5 3.75
    endloop
  endfacet
  facet normal -1 -0 -0
    outer loop
      vertex -5 -3.75 3.75
      vertex -5 -4.375 3.75
      vertex -5 -4.375 4.375
    endloop
  endfacet
  facet normal -1 -0 -0
    outer loop
      vertex -5 -3.75 3.75
      vertex -5 -4.375 4.375
      vertex -5 -3.75 4.375
    endloop
  endfacet
  facet normal -1 -0 -0
    outer loop
      vertex -5 -4.375 4.375
      vertex -5 -4.6875 4.375
      vertex -5 -4.6875 4.6875
    endloop
  endfacet
  facet normal -1 -0 -0
    outer loop
      vertex -5 -4.375 4.375
      vertex -5 -4.6875 4.6875
      vertex -5 -4.375 4.6875
    endloop
  endfacet
  facet normal -1 -0 -0
    outer loop
      vertex -5 -4.6875 4.6875
      vertex -5 -4.84375 4.6875
      vertex -5 -4.84375 4.84375
    endloop
  endfacet
  facet normal -1 -0 -0
    outer loop
      vertex -5 -4.6875 4.6875
      vertex -5 -4.84375 4.84375
      vertex -5 -4.6875 4.84375
    endloop
  endfacet
  facet normal -1 -0 -0
    outer loop
      vertex -5 -4.84375 4.84375
      vertex -5 -4.921875 4.84375
      vertex -5 -4.921875 4.921875
    endloop
  endfacet
  facet normal -1 -0 -0
    outer loop
      vertex -5 -4.84375 4.84375
      vertex -5 -4.921875 4.921875
      vertex -5 -4.84375 4.921875
    endloop
  endfacet
  facet normal -1 -0 -0
    outer loop
      vertex -5 0 -2.5
      vertex -5 -2.5 -2.5
      vertex -5 -2.5 0
    endloop
  endfacet
  facet normal -1 -0 -0
    outer loop
      vertex -5 0 -2.5
      vertex -5 -2.5 0
      vertex -5 0 0
    endloop
  endfacet
  facet normal -1 -0 -0
    outer loop
      vertex -5 -2.5 -3.75
      vertex -5 -3.75 -3.75
      vertex -5 -3.75 -2.5
    endloop
  endfacet
  facet normal -1 -0 -0
    outer loop
      vertex -5 -2.5 -3.75
      vertex -5 -3.75 -2.5
      vertex -5 -2.5 -2.5
    endloop
  endfacet
  facet normal -1 -0 -0
    outer loop
      vertex -5 -3.75 -4.375
      vertex -5 -4.375 -4.375
      vertex -5 -4.375 -3.75
    endloop
  endfacet
  facet normal -1 -0 -0
    outer loop
      vertex -5 -3.75 -4.375
      vertex -5 -4.375 -3.75
      vertex -5 -3.75 -3.75
    endloop
  endfacet
  facet normal -1 -0 -0
    outer loop
      vertex -5 -4.375 -4.6875
      vertex -5 -4.6875 -4.6875
      vertex -5 -4.6875 -4.375
    endloop
  endfacet
  facet normal -1 -0 -0
    outer loop
      vertex -5 -4.375 -4.6875
      vertex -5 -4.6875 -4.375
      vertex -5 -4.375 -4.375
    endloop
  endfacet
  facet normal -1 -0 -0
    outer loop
      vertex -5 -4.6875 -4.84375
      vertex -5 -4.84375 -4.84375
      vertex -5 -4.84375 -4.6875
    endloop
  endfacet
  facet normal -1 -0 -0
    outer loop
      vertex -5 -4.6875 -4.84375
      vertex -5 -4.84375 -4.6875
      vertex -5 -4.6875 -4.6875
    endloop
  endfacet
  facet normal -1 -0 -0
    outer loop
      vertex -5 -4.84375 -4.921875
      vertex -5 -4.921875 -4.921875
      vertex -5 -4.921875 -4.84375
    endloop
  endfacet
  facet normal -1 -0 -0
    outer loop
      vertex -5 -4.84375 -4.921875
      vertex -5 -4.921875 -4.84375
      vertex -5 -4.84375 -4.84375
    endloop
  endfacet
  facet normal -1 -0 -0
    outer loop
      vertex -5 -4.921875 4.921875
      vertex -5 -5 5
      vertex -5 -4.9499998092651367 5
    endloop
  endfacet
  facet normal -1 0 0
    outer loop
      vertex -5 -5 5
      vertex -5 -4.921875 4.921875
      vertex -5 -4.921875 4.84375
    endloop
  endfacet
  facet normal -1 0 0
    outer loop
      vertex -5 -4.9499998092651367 5
      vertex -5 -4.84375 4.921875
      vertex -5 -4.921875 4.921875
    endloop
  endfacet
  facet normal -1 0 0
    outer loop
      vertex -5 -4.921875 4.84375
      vertex -5 -5 0.02500000037252903
      vertex -5 -5 5
    endloop
  endfacet
  facet normal -1 0 -0
    outer loop
      vertex -5 -4.6875 4.84375
      vertex -5 -4.84375 4.921875
      vertex -5 -4.9499998092651367 5
    endloop
  endfacet
  facet normal -1 0 0
    outer loop
      vertex -5 -4.84375 4.921875
      vertex -5 -4.6875 4.84375
      vertex -5 -4.84375 4.84375
    endloop
  endfacet
  facet normal -1 -0 0
    outer loop
      vertex -5 -4.6875 4.375
      vertex -5 -4.84375 4.6875
      vertex -5 -4.6875 4.6875
    endloop
  endfacet
  facet normal -1 0 0
    outer loop
      vertex -5 -4.6875 4.84375
      vertex -5 -4.375 4.6875
      vertex -5 -4.6875 4.6875
    endloop
  endfacet
  facet normal -1 -0 0
    outer loop
      vertex -5 -4.84375 4.6875
      vertex -5 -4.921875 4.84375
      vertex -5 -4.84375 4.84375
    endloop
  endfacet
  facet normal -1 0 0
    outer loop
      vertex -5 -4.9499998092651367 5
      vertex -5 -4.375 4.6875
      vertex -5 -4.6875 4.84375
    endloop
  endfacet
  facet normal -1 0 0
    outer loop
      vertex -5 -4.84375 4.6875
      vertex -5 -5 0.02500000037252903
      vertex -5 -4.921875 4.84375
    endloop
  endfacet
  facet normal -1 0 -0
    outer loop
      vertex -5 -4.375 4.6875
      vertex -5 -4.9499998092651367 5
      vertex -5 0.02500000037252903 5
    endloop
  endfacet
  facet normal -1 -0 0
    outer loop
      vertex -5 -4.375 3.75
      vertex -5 -4.6875 4.375
      vertex -5 -4.375 4.375
    endloop
  endfacet
  facet normal -1 0 0
    outer loop
      vertex -5 -4.6875 4.375
      vertex -5 -4.375 3.75
      vertex -5 -5 0.02500000037252903
    endloop
  endfacet
  facet normal -1 -0 0
    outer loop
      vertex -5 -5 0.02500000037252903
      vertex -5 -4.375 3.75
      vertex -5 -3.75 2.5
    endloop
  endfacet
  facet normal -1 -0 0
    outer loop
      vertex -5 -5 0.02500000037252903
      vertex -5 -4.84375 4.6875
      vertex -5 -4.6875 4.375
    endloop
  endfacet
  facet normal -1 0 0
    outer loop
      vertex -5 -4.375 4.6875
      vertex -5 -3.75 4.375
      vertex -5 -4.375 4.375
    endloop
  endfacet
  facet normal -1 0 0
    outer loop
      vertex -5 -3.75 4.375
      vertex -5 -2.5 3.75
      vertex -5 -3.75 3.75
    endloop
  endfacet
  facet normal -1 0 -0
    outer loop
      vertex -5 -2.5 2.5
      vertex -5 -2.5 0
      vertex -5 -3.75 2.5
    endloop
  endfacet
  facet normal -1 0 0
    outer loop
      vertex -5 -5 0.02500000037252903
      vertex -5 -3.75 2.5
      vertex -5 -2.5 0
    endloop
  endfacet
  facet normal -1 -0 0
    outer loop
      vertex -5 -3.75 2.5
      vertex -5 -4.375 3.75
      vertex -5 -3.75 3.75
    endloop
  endfacet
  facet normal -1 -0 -0
    outer loop
      vertex -5 0 2.5
      vertex -5 -2.5 2.5
      vertex -5 -2.5 3.75
    endloop
  endfacet
  facet normal -1 0 0
    outer loop
      vertex -5 -2.5 0
      vertex -5 -3.75 -2.5
      vertex -5 -5 0.02500000037252903
    endloop
  endfacet
  facet normal -1 0 0
    outer loop
      vertex -5 -3.75 4.375
      vertex -5 -4.375 4.6875
      vertex -5 0.02500000037252903 5
    endloop
  endfacet
  facet normal -1 0 -0
    outer loop
      vertex -5 -2.5 3.75
      vertex -5 -3.75 4.375
      vertex -5 0.02500000037252903 5
    endloop
  endfacet
  facet normal -1 0 -0
    outer loop
      vertex -5 5 5
      vertex -5 4.84375 4.921875
      vertex -5 0.02500000037252903 5
    endloop
  endfacet
  facet normal -1 0 -0
    outer loop
      vertex -5 4.6875 4.84375
      vertex -5 0.02500000037252903 5
      vertex -5 4.84375 4.921875
    endloop
  endfacet
  facet normal -1 -0 -0
    outer loop
      vertex -5 4.6875 4.6875
      vertex -5 4.375 4.6875
      vertex -5 4.6875 4.84375
    endloop
  endfacet
  facet normal -1 0 0
    outer loop
      vertex -5 0.02500000037252903 5
      vertex -5 4.6875 4.84375
      vertex -5 4.375 4.6875
    endloop
  endfacet
  facet normal -1 -0 -0
    outer loop
      vertex -5 4.84375 4.84375
      vertex -5 4.6875 4.84375
      vertex -5 4.84375 4.921875
    endloop
  endfacet
  facet normal -1 0 -0
    outer loop
      vertex -5 4.375 4.6875
      vertex -5 3.75 4.375
      vertex -5 0.02500000037252903 5
    endloop
  endfacet
  facet normal -1 0 0
    outer loop
      vertex -5 4.921875 4.921875
      vertex -5 5 5
      vertex -5 5 4.9499998092651367
    endloop
  endfacet
  facet normal -1 -0 0
    outer loop
      vertex -5 4.84375 4.84375
      vertex -5 4.921875 4.84375
      vertex -5 4.84375 4.6875
    endloop
  endfacet
  facet normal -1 0 -0
    outer loop
      vertex -5 5 4.9499998092651367
      vertex -5 4.921875 4.84375
      vertex -5 4.921875 4.921875
    endloop
  endfacet
  facet normal -1 0 -0
    outer loop
      vertex -5 4.921875 4.921875
      vertex -5 4.84375 4.921875
      vertex -5 5 5
    endloop
  endfacet
  facet normal -1 -0 0
    outer loop
      vertex -5 4.84375 4.6875
      vertex -5 4.921875 4.84375
      vertex -5 5 4.9499998092651367
    endloop
  endfacet
  facet normal -1 -0 -0
    outer loop
      vertex -5 3.75 3.75
      vertex -5 2.5 3.75
      vertex -5 3.75 4.375
    endloop
  endfacet
  facet normal -1 0 0
    outer loop
      vertex -5 0.02500000037252903 5
      vertex -5 3.75 4.375
      vertex -5 2.5 3.75
    endloop
  endfacet
  facet normal -1 0 0
    outer loop
      vertex -5 0 2.5
      vertex -5 2.5 3.75
      vertex -5 2.5 2.5
    endloop
  endfacet
  facet normal -1 -0 0
    outer loop
      vertex -5 0 2.5
      vertex -5 0.02500000037252903 5
      vertex -5 2.5 3.75
    endloop
  endfacet
  facet normal -1 0 -0
    outer loop
      vertex -5 4.84375 4.6875
      vertex -5 4.6875 4.375
      vertex -5 4.6875 4.6875
    endloop
  endfacet
  facet normal -1 -0 -0
    outer loop
      vertex -5 5 -3.5527136788005009e-15
      vertex -5 4.6875 4.375
      vertex -5 5 4.9499998092651367
    endloop
  endfacet
  facet normal -1 -0 0
    outer loop
      vertex -5 4.375 4.375
      vertex -5 4.6875 4.375
      vertex -5 4.375 3.75
    endloop
  endfacet
  facet normal -1 -0 -0
    outer loop
      vertex -5 4.375 3.75
      vertex -5 4.6875 4.375
      vertex -5 5 -3.5527136788005009e-15
    endloop
  endfacet
  facet normal -1 0 -0
    outer loop
      vertex -5 4.375 3.75
      vertex -5 3.75 2.5
      vertex -5 3.75 3.75
    endloop
  endfacet
  facet normal -1 0 -0
    outer loop
      vertex -5 5 4.9499998092651367
      vertex -5 4.6875 4.375
      vertex -5 4.84375 4.6875
    endloop
  endfacet
  facet normal -1 -0 0
    outer loop
      vertex -5 2.5 0
      vertex -5 2.5 2.5
      vertex -5 3.75 2.5
    endloop
  endfacet
  facet normal -1 0 0
    outer loop
      vertex -5 3.75 4.375
      vertex -5 4.375 4.6875
      vertex -5 4.375 4.375
    endloop
  endfacet
  facet normal -1 0 -0
    outer loop
      vertex -5 0 2.5
      vertex -5 -2.5 3.75
      vertex -5 0.02500000037252903 5
    endloop
  endfacet
  facet normal -1 0 0
    outer loop
      vertex -5 3.75 2.5
      vertex -5 4.375 3.75
      vertex -5 5 -3.5527136788005009e-15
    endloop
  endfacet
  facet normal -1 -0 0
    outer loop
      vertex -5 -4.375 -3.75
      vertex -5 -3.75 -2.5
      vertex -5 -3.75 -3.75
    endloop
  endfacet
  facet normal -1 -0 0
    outer loop
      vertex -5 -4.375 -3.75
      vertex -5 -5 0.02500000037252903
      vertex -5 -3.75 -2.5
    endloop
  endfacet
  facet normal -1 -0 0
    outer loop
      vertex -5 -5 -4.9499998092651367
      vertex -5 -4.6875 -4.375
      vertex -5 -4.84375 -4.6875
    endloop
  endfacet
  facet normal -1 0 -0
    outer loop
      vertex -5 -4.375 -4.6875
      vertex -5 -4.375 -4.375
      vertex -5 -3.75 -4.375
    endloop
  endfacet
  facet normal -1 0 -0
    outer loop
      vertex -5 -4.375 -3.75
      vertex -5 -4.375 -4.375
      vertex -5 -4.6875 -4.375
    endloop
  endfacet
  facet normal -1 -0 0
    outer loop
      vertex -5 -4.375 -3.75
      vertex -5 -4.6875 -4.375
      vertex -5 -5 0.02500000037252903
    endloop
  endfacet
  facet normal -1 0 -0
    outer loop
      vertex -5 -2.5 -3.75
      vertex -5 -2.5 -2.5
      vertex -5 0 -2.5
    endloop
  endfacet
  facet normal -1 0 -0
    outer loop
      vertex -5 -2.5 -3.75
      vertex -5 -3.75 -4.375
      vertex -5 -3.75 -3.75
    endloop
  endfacet
  facet normal -1 -0 -0
    outer loop
      vertex -5 0 -5
      vertex -5 -3.75 -4.375
      vertex -5 -2.5 -3.75
    endloop
  endfacet
  facet normal -1 -0 -0
    outer loop
      vertex -5 0 -5
      vertex -5 -2.5 -3.75
      vertex -5 0 -2.5
    endloop
  endfacet
  facet normal -1 -0 0
    outer loop
      vertex -5 -4.84375 -4.6875
      vertex -5 -4.6875 -4.375
      vertex -5 -4.6875 -4.6875
    endloop
  endfacet
  facet normal -1 0 -0
    outer loop
      vertex -5 -5 -5
      vertex -5 -5 -4.9499998092651367
      vertex -5 -4.921875 -4.921875
    endloop
  endfacet
  facet normal -1 0 0
    outer loop
      vertex -5 -4.921875 -4.84375
      vertex -5 -4.921875 -4.921875
      vertex -5 -5 -4.9499998092651367
    endloop
  endfacet
  facet normal -1 0 -0
    outer loop
      vertex -5 -4.84375 -4.921875
      vertex -5 -5 -5
      vertex -5 -4.921875 -4.921875
    endloop
  endfacet
  facet normal -1 -0 0
    outer loop
      vertex -5 -5 -4.9499998092651367
      vertex -5 -4.84375 -4.6875
      vertex -5 -4.921875 -4.84375
    endloop
  endfacet
  facet normal -1 0 -0
    outer loop
      vertex -5 -4.6875 -4.84375
      vertex -5 -4.6875 -4.6875
      vertex -5 -4.375 -4.6875
    endloop
  endfacet
  facet normal -1 -0 -0
    outer loop
      vertex -5 0 -5
      vertex -5 -4.84375 -4.921875
      vertex -5 -4.6875 -4.84375
    endloop
  endfacet
  facet normal -1 -0 0
    outer loop
      vertex -5 -5 -5
      vertex -5 -4.84375 -4.921875
      vertex -5 0 -5
    endloop
  endfacet
  facet normal -1 0 0
    outer loop
      vertex -5 -4.375 -4.6875
      vertex -5 0 -5
      vertex -5 -4.6875 -4.84375
    endloop
  endfacet
  facet normal -1 0 -0
    outer loop
      vertex -5 -4.6875 -4.84375
      vertex -5 -4.84375 -4.921875
      vertex -5 -4.84375 -4.84375
    endloop
  endfacet
  facet normal -1 0 0
    outer loop
      vertex -5 -3.75 -4.375
      vertex -5 0 -5
      vertex -5 -4.375 -4.6875
    endloop
  endfacet
  facet normal -1 -0 0
    outer loop
      vertex -5 -4.921875 -4.84375
      vertex -5 -4.84375 -4.6875
      vertex -5 -4.84375 -4.84375
    endloop
  endfacet
  facet normal -1 0 0
    outer loop
      vertex -5 -5 0.02500000037252903
      vertex -5 -4.6875 -4.375
      vertex -5 -5 -4.9499998092651367
    endloop
  endfacet
  facet normal -1 0 -0
    outer loop
      vertex -5 2.5 -3.75
      vertex -5 0 -5
      vertex -5 0 -2.5
    endloop
  endfacet
  facet normal -1 0 0
    outer loop
      vertex -5 3.75 -2.5
      vertex -5 2.5 -2.5
      vertex -5 2.5 0
    endloop
  endfacet
  facet normal -1 -0 -0
    outer loop
      vertex -5 3.75 -4.375
      vertex -5 2.5 -3.75
      vertex -5 3.75 -3.75
    endloop
  endfacet
  facet normal -1 0 0
    outer loop
      vertex -5 4.375 -3.75
      vertex -5 3.75 -3.75
      vertex -5 3.75 -2.5
    endloop
  endfacet
  facet normal -1 -0 -0
    outer loop
      vertex -5 2.5 -3.75
      vertex -5 0 -2.5
      vertex -5 2.5 -2.5
    endloop
  endfacet
  facet normal -1 0 -0
    outer loop
      vertex -5 5 -3.5527136788005009e-15
      vertex -5 3.75 -2.5
      vertex -5 2.5 0
    endloop
  endfacet
  facet normal -1 -0 0
    outer loop
      vertex -5 4.6875 -4.375
      vertex -5 4.375 -3.75
      vertex -5 5 -3.5527136788005009e-15
    endloop
  endfacet
  facet normal -1 -0 0
    outer loop
      vertex -5 4.375 -3.75
      vertex -5 3.75 -2.5
      vertex -5 5 -3.5527136788005009e-15
    endloop
  endfacet
  facet normal -1 -0 -0
    outer loop
      vertex -5 4.375 -4.6875
      vertex -5 3.75 -4.375
      vertex -5 4.375 -4.375
    endloop
  endfacet
  facet normal -1 0 0
    outer loop
      vertex -5 4.375 -3.75
      vertex -5 4.6875 -4.375
      vertex -5 4.375 -4.375
    endloop
  endfacet
  facet normal -1 -0 -0
    outer loop
      vertex -5 5 -4.9499998092651367
      vertex -5 4.6875 -4.375
      vertex -5 5 -3.5527136788005009e-15
    endloop
  endfacet
  facet normal -1 -0 0
    outer loop
      vertex -5 3.75 -4.375
      vertex -5 0 -5
      vertex -5 2.5 -3.75
    endloop
  endfacet
  facet normal -1 0 0
    outer loop
      vertex -5 3.75 2.5
      vertex -5 5 -3.5527136788005009e-15
      vertex -5 2.5 0
    endloop
  endfacet
  facet normal -1 -0 -0
    outer loop
      vertex -5 4.6875 -4.84375
      vertex -5 4.375 -4.6875
      vertex -5 4.6875 -4.6875
    endloop
  endfacet
  facet normal -1 -0 -0
    outer loop
      vertex -5 4.84375 -4.921875
      vertex -5 4.6875 -4.84375
      vertex -5 4.84375 -4.84375
    endloop
  endfacet
  facet normal -1 0 0
    outer loop
      vertex -5 4.921875 -4.84375
      vertex -5 4.84375 -4.84375
      vertex -5 4.84375 -4.6875
    endloop
  endfacet
  facet normal -1 0 -0
    outer loop
      vertex -5 4.6875 -4.84375
      vertex -5 0 -5
      vertex -5 4.375 -4.6875
    endloop
  endfacet
  facet normal -1 0 0
    outer loop
      vertex -5 4.6875 -4.375
      vertex -5 4.84375 -4.6875
      vertex -5 4.6875 -4.6875
    endloop
  endfacet
  facet normal -1 0 0
    outer loop
      vertex -5 5 -4.9499998092651367
      vertex -5 5 -5
      vertex -5 4.921875 -4.921875
    endloop
  endfacet
  facet normal -1 0 0
    outer loop
      vertex -5 4.84375 -4.921875
      vertex -5 4.921875 -4.921875
      vertex -5 5 -5
    endloop
  endfacet
  facet normal -1 0 0
    outer loop
      vertex -5 4.921875 -4.84375
      vertex -5 5 -4.9499998092651367
      vertex -5 4.921875 -4.921875
    endloop
  endfacet
  facet normal -1 -0 -0
    outer loop
      vertex -5 5 -5
      vertex -5 0 -5
      vertex -5 4.84375 -4.921875
    endloop
  endfacet
  facet normal -1 0 0
    outer loop
      vertex -5 4.84375 -4.6875
      vertex -5 5 -4.9499998092651367
      vertex -5 4.921875 -4.84375
    endloop
  endfacet
  facet normal -1 0 -0
    outer loop
      vertex -5 4.84375 -4.921875
      vertex -5 0 -5
      vertex -5 4.6875 -4.84375
    endloop
  endfacet
  facet normal -1 0 0
    outer loop
      vertex -5 4.6875 -4.375
      vertex -5 5 -4.9499998092651367
      vertex -5 4.84375 -4.6875
    endloop
  endfacet
  facet normal -1 0 -0
    outer loop
      vertex -5 4.375 -4.6875
      vertex -5 0 -5
      vertex -5 3.75 -4.375
    endloop
  endfacet
  facet normal -1 -0 0
    outer loop
      vertex -5 -3.75 -2.5
      vertex -5 -2.5 0
      vertex -5 -2.5 -2.5
    endloop
  endfacet
  facet normal -0 1 -0
    outer loop
      vertex 4.921875 5 -4.921875
      vertex 4.84375 5 -4.921875
      vertex 4.84375 5 -4.84375
    endloop
  endfacet
  facet normal 0 1 0
    outer loop
      vertex 4.921875 5 -4.921875
      vertex 4.84375 5 -4.84375
      vertex 4.921875 5 -4.84375
    endloop
  endfacet
  facet normal -0 1 -0
    outer loop
      vertex 4.84375 5 -4.84375
      vertex 4.6875 5 -4.84375
      vertex 4.6875 5 -4.6875
    endloop
  endfacet
  facet normal 0 1 0
    outer loop
      vertex 4.84375 5 -4.84375
      vertex 4.6875 5 -4.6875
      vertex 4.84375 5 -4.6875
    endloop
  endfacet
  facet normal -0 1 -0
    outer loop
      vertex 4.6875 5 -4.6875
      vertex 4.375 5 -4.6875
      vertex 4.375 5 -4.375
    endloop
  endfacet
  facet normal 0 1 0
    outer loop
      vertex 4.6875 5 -4.6875
      vertex 4.375 5 -4.375
      vertex 4.6875 5 -4.375
    endloop
  endfacet
  facet normal -0 1 -0
    outer loop
      vertex 4.375 5 -4.375
      vertex 3.75 5 -4.375
      vertex 3.75 5 -3.75
    endloop
  endfacet
  facet normal 0 1 0
    outer loop
      vertex 4.375 5 -4.375
      vertex 3.75 5 -3.75
      vertex 4.375 5 -3.75
    endloop
  endfacet
  facet normal -0 1 -0
    outer loop
      vertex 3.75 5 -3.75
      vertex 2.5 5 -3.75
      vertex 2.5 5 -2.5
    endloop
  endfacet
  facet normal 0 1 0
    outer loop
      vertex 3.75 5 -3.75
      vertex 2.5 5 -2.5
      vertex 3.75 5 -2.5
    endloop
  endfacet
  facet normal -0 1 -0
    outer loop
      vertex 2.5 5 -2.5
      vertex 0 5 -2.5
      vertex 0 5 0
    endloop
  endfacet
  facet normal 0 1 0
    outer loop
      vertex 2.5 5 -2.5
      vertex 0 5 0
      vertex 2.5 5 0
    endloop
  endfacet
  facet normal -0 1 -0
    outer loop
      vertex -4.84375 5 -4.921875
      vertex -4.921875 5 -4.921875
      vertex -4.921875 5 -4.84375
    endloop
  endfacet
  facet normal 0 1 0
    outer loop
      vertex -4.84375 5 -4.921875
      vertex -4.921875 5 -4.84375
      vertex -4.84375 5 -4.84375
    endloop
  endfacet
  facet normal -0 1 -0
    outer loop
      vertex -4.6875 5 -4.84375
      vertex -4.84375 5 -4.84375
      vertex -4.84375 5 -4.6875
    endloop
  endfacet
  facet normal 0 1 0
    outer loop
      vertex -4.6875 5 -4.84375
      vertex -4.84375 5 -4.6875
      vertex -4.6875 5 -4.6875
    endloop
  endfacet
  facet normal -0 1 -0
    outer loop
      vertex -4.375 5 -4.6875
      vertex -4.6875 5 -4.6875
      vertex -4.6875 5 -4.375
    endloop
  endfacet
  facet normal 0 1 0
    outer loop
      vertex -4.375 5 -4.6875
      vertex -4.6875 5 -4.375
      vertex -4.375 5 -4.375
    endloop
  endfacet
  facet normal -0 1 -0
    outer loop
      vertex -3.75 5 -4.375
      vertex -4.375 5 -4.375
      vertex -4.375 5 -3.75
    endloop
  endfacet
  facet normal 0 1 0
    outer loop
      vertex -3.75 5 -4.375
      vertex -4.375 5 -3.75
      vertex -3.75 5 -3.75
    endloop
  endfacet
  facet normal -0 1 -0
    outer loop
      vertex -2.5 5 -3.75
      vertex -3.75 5 -3.75
      vertex -3.75 5 -2.5
    endloop
  endfacet
  facet normal 0 1 0
    outer loop
      vertex -2.5 5 -3.75
      vertex -3.75 5 -2.5
      vertex -2.5 5 -2.5
    endloop
  endfacet
  facet normal -0 1 -0
    outer loop
      vertex 0 5 -2.5
      vertex -2.5 5 -2.5
      vertex -2.5 5 0
    endloop
  endfacet
  facet normal 0 1 0
    outer loop
      vertex 0 5 -2.5
      vertex -2.5 5 0
      vertex 0 5 0
    endloop
  endfacet
  facet normal -0 1 -0
    outer loop
      vertex 0 5 0
      vertex -2.5 5 0
      vertex -2.5 5 2.5
    endloop
  endfacet
  facet normal 0 1 0
    outer loop
      vertex 0 5 0
      vertex -2.5 5 2.5
      vertex 0 5 2.5
    endloop
  endfacet
  facet normal -0 1 -0
    outer loop
      vertex -2.5 5 2.5
      vertex -3.75 5 2.5
      vertex -3.75 5 3.75
    endloop
  endfacet
  facet normal 0 1 0
    outer loop
      vertex -2.5 5 2.5
      vertex -3.75 5 3.75
      vertex -2.5 5 3.75
    endloop
  endfacet
  facet normal -0 1 -0
    outer loop
      vertex -3.75 5 3.75
      vertex -4.375 5 3.75
      vertex -4.375 5 4.375
    endloop
  endfacet
  facet normal 0 1 0
    outer loop
      vertex -3.75 5 3.75
      vertex -4.375 5 4.375
      vertex -3.75 5 4.375
    endloop
  endfacet
  facet normal -0 1 -0
    outer loop
      vertex -4.375 5 4.375
      vertex -4.6875 5 4.375
      vertex -4.6875 5 4.6875
    endloop
  endfacet
  facet normal 0 1 0
    outer loop
      vertex -4.375 5 4.375
      vertex -4.6875 5 4.6875
      vertex -4.375 5 4.6875
    endloop
  endfacet
  facet normal -0 1 -0
    outer loop
      vertex -4.6875 5 4.6875
      vertex -4.84375 5 4.6875
      vertex -4.84375 5 4.84375
    endloop
  endfacet
  facet normal 0 1 0
    outer loop
      vertex -4.6875 5 4.6875
      vertex -4.84375 5 4.84375
      vertex -4.6875 5 4.84375
    endloop
  endfacet
  facet normal -0 1 -0
    outer loop
      vertex -4.84375 5 4.84375
      vertex -4.921875 5 4.84375
      vertex -4.921875 5 4.921875
    endloop
  endfacet
  facet normal 0 1 0
    outer loop
      vertex -4.84375 5 4.84375
      vertex -4.921875 5 4.921875
      vertex -4.84375 5 4.921875
    endloop
  endfacet
  facet normal -0 1 -0
    outer loop
      vertex 2.5 5 0
      vertex 0 5 0
      vertex 0 5 2.5
    endloop
  endfacet
  facet normal 0 1 0
    outer loop
      vertex 2.5 5 0
      vertex 0 5 2.5
      vertex 2.5 5 2.5
    endloop
  endfacet
  facet normal -0 1 -0
    outer loop
      vertex 3.75 5 2.5
      vertex 2.5 5 2.5
      vertex 2.5 5 3.75
    endloop
  endfacet
  facet normal 0 1 0
    outer loop
      vertex 3.75 5 2.5
      vertex 2.5 5 3.75
      vertex 3.75 5 3.75
    endloop
  endfacet
  facet normal -0 1 -0
    outer loop
      vertex 4.375 5 3.75
      vertex 3.75 5 3.75
      vertex 3.75 5 4.375
    endloop
  endfacet
  facet normal 0 1 0
    outer loop
      vertex 4.375 5 3.75
      vertex 3.75 5 4.375
      vertex 4.375 5 4.375
    endloop
  endfacet
  facet normal -0 1 -0
    outer loop
      vertex 4.6875 5 4.375
      vertex 4.375 5 4.375
      vertex 4.375 5 4.6875
    endloop
  endfacet
  facet normal 0 1 0
    outer loop
      vertex 4.6875 5 4.375
      vertex 4.375 5 4.6875
      vertex 4.6875 5 4.6875
    endloop
  endfacet
  facet normal -0 1 -0
    outer loop
      vertex 4.84375 5 4.6875
      vertex 4.6875 5 4.6875
      vertex 4.6875 5 4.84375
    endloop
  endfacet
  facet normal 0 1 0
    outer loop
      vertex 4.84375 5 4.6875
      vertex 4.6875 5 4.84375
      vertex 4.84375 5 4.84375
    endloop
  endfacet
  facet normal -0 1 -0
    outer loop
      vertex 4.921875 5 4.84375
      vertex 4.84375 5 4.84375
      vertex 4.84375 5 4.921875
    endloop
  endfacet
  facet normal 0 1 0
    outer loop
      vertex 4.921875 5 4.84375
      vertex 4.84375 5 4.921875
      vertex 4.921875 5 4.921875
    endloop
  endfacet
  facet normal -0 1 0
    outer loop
      vertex -4.9499998092651367 5 5
      vertex -5 5 4.9499998092651367
      vertex -5 5 5
    endloop
  endfacet
  facet normal 0 1 0
    outer loop
      vertex -4.921875 5 4.921875
      vertex -4.9499998092651367 5 5
      vertex -4.84375 5 4.921875
    endloop
  endfacet
  facet normal 0 1 0
    outer loop
      vertex -4.6875 5 4.84375
      vertex -4.84375 5 4.921875
      vertex -4.9499998092651367 5 5
    endloop
  endfacet
  facet normal 0 1 0
    outer loop
      vertex -5 5 4.9499998092651367
      vertex -4.9499998092651367 5 5
      vertex -4.921875 5 4.921875
    endloop
  endfacet
  facet normal 0 1 0
    outer loop
      vertex -4.921875 5 4.84375
      vertex -5 5 4.9499998092651367
      vertex -4.921875 5 4.921875
    endloop
  endfacet
  facet normal 0 1 0
    outer loop
      vertex -4.84375 5 4.6875
      vertex -4.921875 5 4.84375
      vertex -4.84375 5 4.84375
    endloop
  endfacet
  facet normal 0 1 0
    outer loop
      vertex -4.375 5 4.6875
      vertex -4.6875 5 4.6875
      vertex -4.6875 5 4.84375
    endloop
  endfacet
  facet normal 0 1 0
    outer loop
      vertex -4.6875 5 4.375
      vertex -4.84375 5 4.6875
      vertex -4.6875 5 4.6875
    endloop
  endfacet
  facet normal 0 1 0
    outer loop
      vertex -4.6875 5 4.84375
      vertex -4.84375 5 4.84375
      vertex -4.84375 5 4.921875
    endloop
  endfacet
  facet normal -0 1 -0
    outer loop
      vertex -5 5 4.9499998092651367
      vertex -4.921875 5 4.84375
      vertex -4.84375 5 4.6875
    endloop
  endfacet
  facet normal 0 1 0
    outer loop
      vertex -4.6875 5 4.84375
      vertex -4.9499998092651367 5 5
      vertex -4.375 5 4.6875
    endloop
  endfacet
  facet normal 0 1 0
    outer loop
      vertex -4.6875 5 4.375
      vertex -5 5 4.9499998092651367
      vertex -4.84375 5 4.6875
    endloop
  endfacet
  facet normal 0 1 0
    outer loop
      vertex -4.375 5 4.375
      vertex -4.375 5 4.6875
      vertex -3.75 5 4.375
    endloop
  endfacet
  facet normal -0 1 0
    outer loop
      vertex 1.7763568394002505e-15 5 5
      vertex -3.75 5 4.375
      vertex -4.375 5 4.6875
    endloop
  endfacet
  facet normal -0 1 0
    outer loop
      vertex -2.5 5 3.75
      vertex -3.75 5 4.375
      vertex 1.7763568394002505e-15 5 5
    endloop
  endfacet
  facet normal -0 1 0
    outer loop
      vertex 1.7763568394002505e-15 5 5
      vertex -4.375 5 4.6875
      vertex -4.9499998092651367 5 5
    endloop
  endfacet
  facet normal 0 1 0
    outer loop
      vertex -4.375 5 3.75
      vertex -4.6875 5 4.375
      vertex -4.375 5 4.375
    endloop
  endfacet
  facet normal 0 1 0
    outer loop
      vertex -3.75 5 2.5
      vertex -4.375 5 3.75
      vertex -3.75 5 3.75
    endloop
  endfacet
  facet normal -0 1 0
    outer loop
      vertex -4.375 5 3.75
      vertex -5 5 -3.5527136788005009e-15
      vertex -4.6875 5 4.375
    endloop
  endfacet
  facet normal 0 1 0
    outer loop
      vertex -2.5 5 2.5
      vertex -2.5 5 3.75
      vertex 0 5 2.5
    endloop
  endfacet
  facet normal -0 1 0
    outer loop
      vertex 1.7763568394002505e-15 5 5
      vertex 0 5 2.5
      vertex -2.5 5 3.75
    endloop
  endfacet
  facet normal 0 1 0
    outer loop
      vertex -2.5 5 3.75
      vertex -3.75 5 3.75
      vertex -3.75 5 4.375
    endloop
  endfacet
  facet normal 0 1 0
    outer loop
      vertex -2.5 5 0
      vertex -3.75 5 2.5
      vertex -2.5 5 2.5
    endloop
  endfacet
  facet normal 0 1 -0
    outer loop
      vertex 0 5 2.5
      vertex 1.7763568394002505e-15 5 5
      vertex 2.5 5 3.75
    endloop
  endfacet
  facet normal 0 1 -0
    outer loop
      vertex -5 5 -3.5527136788005009e-15
      vertex -5 5 4.9499998092651367
      vertex -4.6875 5 4.375
    endloop
  endfacet
  facet normal -0 1 0
    outer loop
      vertex -3.75 5 2.5
      vertex -5 5 -3.5527136788005009e-15
      vertex -4.375 5 3.75
    endloop
  endfacet
  facet normal -0 1 0
    outer loop
      vertex -4.921875 5 -4.84375
      vertex -5 5 -4.9499998092651367
      vertex -4.84375 5 -4.6875
    endloop
  endfacet
  facet normal 0 1 -0
    outer loop
      vertex -5 5 -4.9499998092651367
      vertex -4.6875 5 -4.375
      vertex -4.84375 5 -4.6875
    endloop
  endfacet
  facet normal 0 1 -0
    outer loop
      vertex -5 5 -4.9499998092651367
      vertex -5 5 -3.5527136788005009e-15
      vertex -4.6875 5 -4.375
    endloop
  endfacet
  facet normal 0 1 0
    outer loop
      vertex -4.6875 5 -4.84375
      vertex -4.84375 5 -4.921875
      vertex -4.84375 5 -4.84375
    endloop
  endfacet
  facet normal 0 1 -0
    outer loop
      vertex -4.921875 5 -4.84375
      vertex -4.84375 5 -4.6875
      vertex -4.84375 5 -4.84375
    endloop
  endfacet
  facet normal 0 1 0
    outer loop
      vertex -4.6875 5 -4.375
      vertex -5 5 -3.5527136788005009e-15
      vertex -4.375 5 -3.75
    endloop
  endfacet
  facet normal -0 1 -0
    outer loop
      vertex -4.9499998092651367 5 -5
      vertex -5 5 -5
      vertex -5 5 -4.9499998092651367
    endloop
  endfacet
  facet normal 0 1 0
    outer loop
      vertex -4.84375 5 -4.921875
      vertex -4.9499998092651367 5 -5
      vertex -4.921875 5 -4.921875
    endloop
  endfacet
  facet normal 0 1 0
    outer loop
      vertex -5 5 -4.9499998092651367
      vertex -4.921875 5 -4.921875
      vertex -4.9499998092651367 5 -5
    endloop
  endfacet
  facet normal 0 1 0
    outer loop
      vertex -4.6875 5 -4.84375
      vertex -4.9499998092651367 5 -5
      vertex -4.84375 5 -4.921875
    endloop
  endfacet
  facet normal -0 1 0
    outer loop
      vertex -4.921875 5 -4.921875
      vertex -5 5 -4.9499998092651367
      vertex -4.921875 5 -4.84375
    endloop
  endfacet
  facet normal -0 1 0
    outer loop
      vertex -4.6875 5 -4.375
      vertex -4.6875 5 -4.6875
      vertex -4.84375 5 -4.6875
    endloop
  endfacet
  facet normal -0 1 0
    outer loop
      vertex -3.75 5 -3.75
      vertex -4.375 5 -3.75
      vertex -3.75 5 -2.5
    endloop
  endfacet
  facet normal -0 1 -0
    outer loop
      vertex -5 5 -3.5527136788005009e-15
      vertex -3.75 5 -2.5
      vertex -4.375 5 -3.75
    endloop
  endfacet
  facet normal -0 1 0
    outer loop
      vertex -2.5 5 0
      vertex -2.5 5 -2.5
      vertex -3.75 5 -2.5
    endloop
  endfacet
  facet normal -0 1 0
    outer loop
      vertex -2.5 5 0
      vertex -3.75 5 -2.5
      vertex -5 5 -3.5527136788005009e-15
    endloop
  endfacet
  facet normal 0 1 0
    outer loop
      vertex -4.375 5 -4.6875
      vertex -4.6875 5 -4.84375
      vertex -4.6875 5 -4.6875
    endloop
  endfacet
  facet normal 0 1 0
    outer loop
      vertex 1.7763568394002505e-15 5 -5
      vertex -4.9499998092651367 5 -5
      vertex -4.375 5 -4.6875
    endloop
  endfacet
  facet normal -0 1 -0
    outer loop
      vertex -4.375 5 -4.375
      vertex -3.75 5 -4.375
      vertex -4.375 5 -4.6875
    endloop
  endfacet
  facet normal 0 1 0
    outer loop
      vertex -3.75 5 -4.375
      vertex 1.7763568394002505e-15 5 -5
      vertex -4.375 5 -4.6875
    endloop
  endfacet
  facet normal -0 1 0
    outer loop
      vertex -3.75 5 -4.375
      vertex -3.75 5 -3.75
      vertex -2.5 5 -3.75
    endloop
  endfacet
  facet normal 0 1 -0
    outer loop
      vertex -4.9499998092651367 5 -5
      vertex -4.6875 5 -4.84375
      vertex -4.375 5 -4.6875
    endloop
  endfacet
  facet normal 0 1 0
    outer loop
      vertex 0 5 -2.5
      vertex -2.5 5 -3.75
      vertex -2.5 5 -2.5
    endloop
  endfacet
  facet normal -0 1 0
    outer loop
      vertex -4.375 5 -3.75
      vertex -4.375 5 -4.375
      vertex -4.6875 5 -4.375
    endloop
  endfacet
  facet normal -0 1 0
    outer loop
      vertex -2.5 5 0
      vertex -5 5 -3.5527136788005009e-15
      vertex -3.75 5 2.5
    endloop
  endfacet
  facet normal 0 1 -0
    outer loop
      vertex -2.5 5 -3.75
      vertex 1.7763568394002505e-15 5 -5
      vertex -3.75 5 -4.375
    endloop
  endfacet
  facet normal 0 1 -0
    outer loop
      vertex 3.75 5 4.375
      vertex 3.75 5 3.75
      vertex 2.5 5 3.75
    endloop
  endfacet
  facet normal 0 1 0
    outer loop
      vertex 3.75 5 4.375
      vertex 2.5 5 3.75
      vertex 1.7763568394002505e-15 5 5
    endloop
  endfacet
  facet normal -0 1 0
    outer loop
      vertex 4.9499998092651367 5 5
      vertex 4.6875 5 4.84375
      vertex 4.375 5 4.6875
    endloop
  endfacet
  facet normal -0 1 0
    outer loop
      vertex 4.6875 5 4.375
      vertex 4.375 5 3.75
      vertex 4.375 5 4.375
    endloop
  endfacet
  facet normal 0 1 -0
    outer loop
      vertex 3.75 5 4.375
      vertex 4.375 5 4.6875
      vertex 4.375 5 4.375
    endloop
  endfacet
  facet normal -0 1 -0
    outer loop
      vertex 3.75 5 4.375
      vertex 1.7763568394002505e-15 5 5
      vertex 4.375 5 4.6875
    endloop
  endfacet
  facet normal -0 1 0
    outer loop
      vertex 3.75 5 2.5
      vertex 2.5 5 0
      vertex 2.5 5 2.5
    endloop
  endfacet
  facet normal 0 1 -0
    outer loop
      vertex 3.75 5 2.5
      vertex 3.75 5 3.75
      vertex 4.375 5 3.75
    endloop
  endfacet
  facet normal 0 1 0
    outer loop
      vertex 5 5 -4.4408920985006262e-16
      vertex 3.75 5 2.5
      vertex 4.375 5 3.75
    endloop
  endfacet
  facet normal 0 1 0
    outer loop
      vertex 5 5 -4.4408920985006262e-16
      vertex 2.5 5 0
      vertex 3.75 5 2.5
    endloop
  endfacet
  facet normal 0 1 -0
    outer loop
      vertex 4.6875 5 4.84375
      vertex 4.6875 5 4.6875
      vertex 4.375 5 4.6875
    endloop
  endfacet
  facet normal -0 1 0
    outer loop
      vertex 4.9499998092651367 5 5
      vertex 4.921875 5 4.921875
      vertex 4.84375 5 4.921875
    endloop
  endfacet
  facet normal 0 1 0
    outer loop
      vertex 5 5 4.9499998092651367
      vertex 4.9499998092651367 5 5
      vertex 5 5 5
    endloop
  endfacet
  facet normal 0 1 -0
    outer loop
      vertex 4.921875 5 4.921875
      vertex 4.9499998092651367 5 5
      vertex 5 5 4.9499998092651367
    endloop
  endfacet
  facet normal -0 1 0
    outer loop
      vertex 4.9499998092651367 5 5
      vertex 4.84375 5 4.921875
      vertex 4.6875 5 4.84375
    endloop
  endfacet
  facet normal 0 1 0
    outer loop
      vertex 4.921875 5 4.84375
      vertex 4.921875 5 4.921875
      vertex 5 5 4.9499998092651367
    endloop
  endfacet
  facet normal -0 1 0
    outer loop
      vertex 4.84375 5 4.6875
      vertex 4.6875 5 4.375
      vertex 4.6875 5 4.6875
    endloop
  endfacet
  facet normal 0 1 0
    outer loop
      vertex 4.84375 5 4.6875
      vertex 4.921875 5 4.84375
      vertex 5 5 4.9499998092651367
    endloop
  endfacet
  facet normal 0 1 0
    outer loop
      vertex 4.84375 5 4.84375
      vertex 4.921875 5 4.84375
      vertex 4.84375 5 4.6875
    endloop
  endfacet
  facet normal 0 1 0
    outer loop
      vertex 4.6875 5 4.375
      vertex 5 5 4.9499998092651367
      vertex 5 5 -4.4408920985006262e-16
    endloop
  endfacet
  facet normal 0 1 0
    outer loop
      vertex 4.84375 5 4.6875
      vertex 5 5 4.9499998092651367
      vertex 4.6875 5 4.375
    endloop
  endfacet
  facet normal 0 1 0
    outer loop
      vertex 4.375 5 3.75
      vertex 4.6875 5 4.375
      vertex 5 5 -4.4408920985006262e-16
    endloop
  endfacet
  facet normal 0 1 -0
    outer loop
      vertex 4.84375 5 4.921875
      vertex 4.84375 5 4.84375
      vertex 4.6875 5 4.84375
    endloop
  endfacet
  facet normal -0 1 -0
    outer loop
      vertex 1.7763568394002505e-15 5 5
      vertex 4.9499998092651367 5 5
      vertex 4.375 5 4.6875
    endloop
  endfacet
  facet normal 0 1 0
    outer loop
      vertex 3.75 5 -2.5
      vertex 2.5 5 0
      vertex 5 5 -4.4408920985006262e-16
    endloop
  endfacet
  facet normal 0 1 0
    outer loop
      vertex 2.5 5 -3.75
      vertex 0 5 -2.5
      vertex 2.5 5 -2.5
    endloop
  endfacet
  facet normal -0 1 -0
    outer loop
      vertex 4.375 5 -3.75
      vertex 3.75 5 -3.75
      vertex 3.75 5 -2.5
    endloop
  endfacet
  facet normal 0 1 0
    outer loop
      vertex 3.75 5 -4.375
      vertex 2.5 5 -3.75
      vertex 3.75 5 -3.75
    endloop
  endfacet
  facet normal -0 1 -0
    outer loop
      vertex 3.75 5 -2.5
      vertex 2.5 5 -2.5
      vertex 2.5 5 0
    endloop
  endfacet
  facet normal 0 1 0
    outer loop
      vertex 1.7763568394002505e-15 5 -5
      vertex 0 5 -2.5
      vertex 2.5 5 -3.75
    endloop
  endfacet
  facet normal 0 1 -0
    outer loop
      vertex 4.375 5 -4.6875
      vertex 1.7763568394002505e-15 5 -5
      vertex 3.75 5 -4.375
    endloop
  endfacet
  facet normal 0 1 0
    outer loop
      vertex 3.75 5 -4.375
      vertex 1.7763568394002505e-15 5 -5
      vertex 2.5 5 -3.75
    endloop
  endfacet
  facet normal -0 1 -0
    outer loop
      vertex 4.6875 5 -4.375
      vertex 4.375 5 -4.375
      vertex 4.375 5 -3.75
    endloop
  endfacet
  facet normal -0 1 -0
    outer loop
      vertex 3.75 5 -4.375
      vertex 4.375 5 -4.375
      vertex 4.375 5 -4.6875
    endloop
  endfacet
  facet normal 0 1 0
    outer loop
      vertex 4.9499998092651367 5 -5
      vertex 1.7763568394002505e-15 5 -5
      vertex 4.375 5 -4.6875
    endloop
  endfacet
  facet normal 0 1 0
    outer loop
      vertex 3.75 5 -2.5
      vertex 5 5 -4.4408920985006262e-16
      vertex 4.375 5 -3.75
    endloop
  endfacet
  facet normal 0 1 -0
    outer loop
      vertex -2.5 5 -3.75
      vertex 0 5 -2.5
      vertex 1.7763568394002505e-15 5 -5
    endloop
  endfacet
  facet normal -0 1 -0
    outer loop
      vertex 4.84375 5 -4.6875
      vertex 4.6875 5 -4.6875
      vertex 4.6875 5 -4.375
    endloop
  endfacet
  facet normal -0 1 -0
    outer loop
      vertex 4.921875 5 -4.84375
      vertex 4.84375 5 -4.84375
      vertex 4.84375 5 -4.6875
    endloop
  endfacet
  facet normal 0 1 0
    outer loop
      vertex 4.84375 5 -4.921875
      vertex 4.6875 5 -4.84375
      vertex 4.84375 5 -4.84375
    endloop
  endfacet
  facet normal 0 1 0
    outer loop
      vertex 4.84375 5 -4.6875
      vertex 4.6875 5 -4.375
      vertex 5 5 -4.9499998092651367
    endloop
  endfacet
  facet normal -0 1 -0
    outer loop
      vertex 4.375 5 -4.6875
      vertex 4.6875 5 -4.6875
      vertex 4.6875 5 -4.84375
    endloop
  endfacet
  facet normal 0 1 0
    outer loop
      vertex 5 5 -4.9499998092651367
      vertex 4.921875 5 -4.921875
      vertex 4.921875 5 -4.84375
    endloop
  endfacet
  facet normal 0 1 0
    outer loop
      vertex 4.9499998092651367 5 -5
      vertex 4.84375 5 -4.921875
      vertex 4.921875 5 -4.921875
    endloop
  endfacet
  facet normal -0 1 0
    outer loop
      vertex 5 5 -5
      vertex 4.9499998092651367 5 -5
      vertex 5 5 -4.9499998092651367
    endloop
  endfacet
  facet normal -0 1 -0
    outer loop
      vertex 4.921875 5 -4.921875
      vertex 5 5 -4.9499998092651367
      vertex 4.9499998092651367 5 -5
    endloop
  endfacet
  facet normal 0 1 0
    outer loop
      vertex 5 5 -4.9499998092651367
      vertex 4.921875 5 -4.84375
      vertex 4.84375 5 -4.6875
    endloop
  endfacet
  facet normal 0 1 -0
    outer loop
      vertex 4.6875 5 -4.84375
      vertex 4.84375 5 -4.921875
      vertex 4.9499998092651367 5 -5
    endloop
  endfacet
  facet normal -0 1 0
    outer loop
      vertex 4.6875 5 -4.375
      vertex 4.375 5 -3.75
      vertex 5 5 -4.4408920985006262e-16
    endloop
  endfacet
  facet normal 0 1 -0
    outer loop
      vertex 4.375 5 -4.6875
      vertex 4.6875 5 -4.84375
      vertex 4.9499998092651367 5 -5
    endloop
  endfacet
  facet normal -0 1 0
    outer loop
      vertex 5 5 -4.4408920985006262e-16
      vertex 5 5 -4.9499998092651367
      vertex 4.6875 5 -4.375
    endloop
  endfacet
  facet normal 0 1 -0
    outer loop
      vertex 2.5 5 3.75
      vertex 2.5 5 2.5
      vertex 0 5 2.5
    endloop
  endfacet
  facet normal -0 0 -1
    outer loop
      vertex 4.921875 4.921875 -5
      vertex 4.921875 4.84375 -5
      vertex 4.84375 4.84375 -5
    endloop
  endfacet
  facet normal 0 -0 -1
    outer loop
      vertex 4.921875 4.921875 -5
      vertex 4.84375 4.84375 -5
      vertex 4.84375 4.921875 -5
    endloop
  endfacet
  facet normal -0 0 -1
    outer loop
      vertex 4.84375 4.84375 -5
      vertex 4.84375 4.6875 -5
      vertex 4.6875 4.6875 -5
    endloop
  endfacet
  facet normal 0 -0 -1
    outer loop
      vertex 4.84375 4.84375 -5
      vertex 4.6875 4.6875 -5
      vertex 4.6875 4.84375 -5
    endloop
  endfacet
  facet normal -0 0 -1
    outer loop
      vertex 4.6875 4.6875 -5
      vertex 4.6875 4.375 -5
      vertex 4.375 4.375 -5
    endloop
  endfacet
  facet normal 0 -0 -1
    outer loop
      vertex 4.6875 4.6875 -5
      vertex 4.375 4.375 -5
      vertex 4.375 4.6875 -5
    endloop
  endfacet
  facet normal -0 0 -1
    outer loop
      vertex 4.375 4.375 -5
      vertex 4.375 3.75 -5
      vertex 3.75 3.75 -5
    endloop
  endfacet
  facet normal 0 -0 -1
    outer loop
      vertex 4.375 4.375 -5
      vertex 3.75 3.75 -5
      vertex 3.75 4.375 -5
    endloop
  endfacet
  facet normal -0 0 -1
    outer loop
      vertex 3.75 3.75 -5
      vertex 3.75 2.5 -5
      vertex 2.5 2.5 -5
    endloop
  endfacet
  facet normal 0 -0 -1
    outer loop
      vertex 3.75 3.75 -5
      vertex 2.5 2.5 -5
      vertex 2.5 3.75 -5
    endloop
  endfacet
  facet normal -0 0 -1
    outer loop
      vertex 2.5 2.5 -5
      vertex 2.5 0 -5
      vertex 0 0 -5
    endloop
  endfacet
  facet normal 0 -0 -1
    outer loop
      vertex 2.5 2.5 -5
      vertex 0 0 -5
      vertex 0 2.5 -5
    endloop
  endfacet
  facet normal -0 0 -1
    outer loop
      vertex -4.84375 4.921875 -5
      vertex -4.84375 4.84375 -5
      vertex -4.921875 4.84375 -5
    endloop
  endfacet
  facet normal 0 -0 -1
    outer loop
      vertex -4.84375 4.921875 -5
      vertex -4.921875 4.84375 -5
      vertex -4.921875 4.921875 -5
    endloop
  endfacet
  facet normal -0 0 -1
    outer loop
      vertex -4.6875 4.84375 -5
      vertex -4.6875 4.6875 -5
      vertex -4.84375 4.6875 -5
    endloop
  endfacet
  facet normal 0 -0 -1
    outer loop
      vertex -4.6875 4.84375 -5
      vertex -4.84375 4.6875 -5
      vertex -4.84375 4.84375 -5
    endloop
  endfacet
  facet normal -0 0 -1
    outer loop
      vertex -4.375 4.6875 -5
      vertex -4.375 4.375 -5
      vertex -4.6875 4.375 -5
    endloop
  endfacet
  facet normal 0 -0 -1
    outer loop
      vertex -4.375 4.6875 -5
      vertex -4.6875 4.375 -5
      vertex -4.6875 4.6875 -5
    endloop
  endfacet
  facet normal -0 0 -1
    outer loop
      vertex -3.75 4.375 -5
      vertex -3.75 3.75 -5
      vertex -4.375 3.75 -5
    endloop
  endfacet
  facet normal 0 -0 -1
    outer loop
      vertex -3.75 4.375 -5
      vertex -4.375 3.75 -5
      vertex -4.375 4.375 -5
    endloop
  endfacet
  facet normal -0 0 -1
    outer loop
      vertex -2.5 3.75 -5
      vertex -2.5 2.5 -5
      vertex -3.75 2.5 -5
    endloop
  endfacet
  facet normal 0 -0 -1
    outer loop
      vertex -2.5 3.75 -5
      vertex -3.75 2.5 -5
      vertex -3.75 3.75 -5
    endloop
  endfacet
  facet normal -0 0 -1
    outer loop
      vertex 0 2.5 -5
      vertex 0 0 -5
      vertex -2.5 0 -5
    endloop
  endfacet
  facet normal 0 -0 -1
    outer loop
      vertex 0 2.5 -5
      vertex -2.5 0 -5
      vertex -2.5 2.5 -5
    endloop
  endfacet
  facet normal -0 0 -1
    outer loop
      vertex 0 0 -5
      vertex 0 -2.5 -5
      vertex -2.5 -2.5 -5
    endloop
  endfacet
  facet normal 0 -0 -1
    outer loop
      vertex 0 0 -5
      vertex -2.5 -2.5 -5
      vertex -2.5 0 -5
    endloop
  endfacet
  facet normal -0 0 -1
    outer loop
      vertex -2.5 -2.5 -5
      vertex -2.5 -3.75 -5
      vertex -3.75 -3.75 -5
    endloop
  endfacet
  facet normal 0 -0 -1
    outer loop
      vertex -2.5 -2.5 -5
      vertex -3.75 -3.75 -5
      vertex -3.75 -2.5 -5
    endloop
  endfacet
  facet normal -0 0 -1
    outer loop
      vertex -3.75 -3.75 -5
      vertex -3.75 -4.375 -5
      vertex -4.375 -4.375 -5
    endloop
  endfacet
  facet normal 0 -0 -1
    outer loop
      vertex -3.75 -3.75 -5
      vertex -4.375 -4.375 -5
      vertex -4.375 -3.75 -5
    endloop
  endfacet
  facet normal -0 0 -1
    outer loop
      vertex -4.375 -4.375 -5
      vertex -4.375 -4.6875 -5
      vertex -4.6875 -4.6875 -5
    endloop
  endfacet
  facet normal 0 -0 -1
    outer loop
      vertex -4.375 -4.375 -5
      vertex -4.6875 -4.6875 -5
      vertex -4.6875 -4.375 -5
    endloop
  endfacet
  facet normal -0 0 -1
    outer loop
      vertex -4.6875 -4.6875 -5
      vertex -4.6875 -4.84375 -5
      vertex -4.84375 -4.84375 -5
    endloop
  endfacet
  facet normal 0 -0 -1
    outer loop
      vertex -4.6875 -4.6875 -5
      vertex -4.84375 -4.84375 -5
      vertex -4.84375 -4.6875 -5
    endloop
  endfacet
  facet normal -0 0 -1
    outer loop
      vertex -4.84375 -4.84375 -5
      vertex -4.84375 -4.921875 -5
      vertex -4.921875 -4.921875 -5
    endloop
  endfacet
  facet normal 0 -0 -1
    outer loop
      vertex -4.84375 -4.84375 -5
      vertex -4.921875 -4.921875 -5
      vertex -4.921875 -4.84375 -5
    endloop
  endfacet
  facet normal -0 0 -1
    outer loop
      vertex 2.5 0 -5
      vertex 2.5 -2.5 -5
      vertex 0 -2.5 -5
    endloop
  endfacet
  facet normal 0 -0 -1
    outer loop
      vertex 2.5 0 -5
      vertex 0 -2.5 -5
      vertex 0 0 -5
    endloop
  endfacet
  facet normal -0 0 -1
    outer loop
      vertex 3.75 -2.5 -5
      vertex 3.75 -3.75 -5
      vertex 2.5 -3.75 -5
    endloop
  endfacet
  facet normal 0 -0 -1
    outer loop
      vertex 3.75 -2.5 -5
      vertex 2.5 -3.75 -5
      vertex 2.5 -2.5 -5
    endloop
  endfacet
  facet normal -0 0 -1
    outer loop
      vertex 4.375 -3.75 -5
      vertex 4.375 -4.375 -5
      vertex 3.75 -4.375 -5
    endloop
  endfacet
  facet normal 0 -0 -1
    outer loop
      vertex 4.375 -3.75 -5
      vertex 3.75 -4.375 -5
      vertex 3.75 -3.75 -5
    endloop
  endfacet
  facet normal -0 0 -1
    outer loop
      vertex 4.6875 -4.375 -5
      vertex 4.6875 -4.6875 -5
      vertex 4.375 -4.6875 -5
    endloop
  endfacet
  facet normal 0 -0 -1
    outer loop
      vertex 4.6875 -4.375 -5
      vertex 4.375 -4.6875 -5
      vertex 4.375 -4.375 -5
    endloop
  endfacet
  facet normal -0 0 -1
    outer loop
      vertex 4.84375 -4.6875 -5
      vertex 4.84375 -4.84375 -5
      vertex 4.6875 -4.84375 -5
    endloop
  endfacet
  facet normal 0 -0 -1
    outer loop
      vertex 4.84375 -4.6875 -5
      vertex 4.6875 -4.84375 -5
      vertex 4.6875 -4.6875 -5
    endloop
  endfacet
  facet normal -0 0 -1
    outer loop
      vertex 4.921875 -4.84375 -5
      vertex 4.921875 -4.921875 -5
      vertex 4.84375 -4.921875 -5
    endloop
  endfacet
  facet normal 0 -0 -1
    outer loop
      vertex 4.921875 -4.84375 -5
      vertex 4.84375 -4.921875 -5
      vertex 4.84375 -4.84375 -5
    endloop
  endfacet
  facet normal 0 -0 -1
    outer loop
      vertex -4.921875 -4.921875 -5
      vertex -4.9499998092651367 -5 -5
      vertex -5 -5 -5
    endloop
  endfacet
  facet normal -0 0 -1
    outer loop
      vertex -4.9499998092651367 -5 -5
      vertex -4.921875 -4.921875 -5
      vertex -4.84375 -4.921875 -5
    endloop
  endfacet
  facet normal -0 0 -1
    outer loop
      vertex -5 -5 -5
      vertex -4.921875 -4.84375 -5
      vertex -4.921875 -4.921875 -5
    endloop
  endfacet
  facet normal -0 0 -1
    outer loop
      vertex -4.84375 -4.921875 -5
      vertex -4.6875 -4.84375 -5
      vertex -4.9499998092651367 -5 -5
    endloop
  endfacet
  facet normal 0 0 -1
    outer loop
      vertex -5 0 -5
      vertex -4.921875 -4.84375 -5
      vertex -5 -5 -5
    endloop
  endfacet
  facet normal 0 0 -1
    outer loop
      vertex -5 0 -5
      vertex -4.84375 -4.6875 -5
      vertex -4.921875 -4.84375 -5
    endloop
  endfacet
  facet normal 0 0 -1
    outer loop
      vertex -4.84375 -4.84375 -5
      vertex -4.921875 -4.84375 -5
      vertex -4.84375 -4.6875 -5
    endloop
  endfacet
  facet normal 0 -0 -1
    outer loop
      vertex -4.375 -4.6875 -5
      vertex -4.6875 -4.84375 -5
      vertex -4.6875 -4.6875 -5
    endloop
  endfacet
  facet normal 0 0 -1
    outer loop
      vertex -4.6875 -4.375 -5
      vertex -4.84375 -4.6875 -5
      vertex -5 0 -5
    endloop
  endfacet
  facet normal 0 -0 -1
    outer loop
      vertex -4.6875 -4.84375 -5
      vertex -4.84375 -4.921875 -5
      vertex -4.84375 -4.84375 -5
    endloop
  endfacet
  facet normal 0 0 -1
    outer loop
      vertex -4.6875 -4.6875 -5
      vertex -4.84375 -4.6875 -5
      vertex -4.6875 -4.375 -5
    endloop
  endfacet
  facet normal -0 0 -1
    outer loop
      vertex -4.6875 -4.84375 -5
      vertex -4.375 -4.6875 -5
      vertex -4.9499998092651367 -5 -5
    endloop
  endfacet
  facet normal 0 -0 -1
    outer loop
      vertex -4.375 -4.6875 -5
      vertex -4.375 -4.375 -5
      vertex -3.75 -4.375 -5
    endloop
  endfacet
  facet normal -0 0 -1
    outer loop
      vertex -4.6875 -4.375 -5
      vertex -4.375 -3.75 -5
      vertex -4.375 -4.375 -5
    endloop
  endfacet
  facet normal 0 0 -1
    outer loop
      vertex 0.02500000037252903 -5 -5
      vertex -4.375 -4.6875 -5
      vertex -3.75 -4.375 -5
    endloop
  endfacet
  facet normal 0 0 -1
    outer loop
      vertex -5 0 -5
      vertex -4.375 -3.75 -5
      vertex -4.6875 -4.375 -5
    endloop
  endfacet
  facet normal -0 0 -1
    outer loop
      vertex -4.375 -3.75 -5
      vertex -3.75 -2.5 -5
      vertex -3.75 -3.75 -5
    endloop
  endfacet
  facet normal 0 0 -1
    outer loop
      vertex -2.5 -2.5 -5
      vertex 0 -2.5 -5
      vertex -2.5 -3.75 -5
    endloop
  endfacet
  facet normal 0 0 -1
    outer loop
      vertex -2.5 -3.75 -5
      vertex 0 -2.5 -5
      vertex 0.02500000037252903 -5 -5
    endloop
  endfacet
  facet normal 0 0 -1
    outer loop
      vertex -2.5 -2.5 -5
      vertex -3.75 -2.5 -5
      vertex -2.5 0 -5
    endloop
  endfacet
  facet normal 0 -0 -1
    outer loop
      vertex -2.5 -3.75 -5
      vertex -3.75 -4.375 -5
      vertex -3.75 -3.75 -5
    endloop
  endfacet
  facet normal 0 -0 -1
    outer loop
      vertex -2.5 0 -5
      vertex -3.75 -2.5 -5
      vertex -5 0 -5
    endloop
  endfacet
  facet normal -0 -0 -1
    outer loop
      vertex 0.02500000037252903 -5 -5
      vertex -3.75 -4.375 -5
      vertex -2.5 -3.75 -5
    endloop
  endfacet
  facet normal 0 0 -1
    outer loop
      vertex -5 0 -5
      vertex -3.75 -2.5 -5
      vertex -4.375 -3.75 -5
    endloop
  endfacet
  facet normal -0 0 -1
    outer loop
      vertex -4.375 -4.6875 -5
      vertex 0.02500000037252903 -5 -5
      vertex -4.9499998092651367 -5 -5
    endloop
  endfacet
  facet normal 0 -0 -1
    outer loop
      vertex -4.84375 4.84375 -5
      vertex -4.84375 4.6875 -5
      vertex -4.921875 4.84375 -5
    endloop
  endfacet
  facet normal -0 0 -1
    outer loop
      vertex -5 0 -5
      vertex -4.921875 4.84375 -5
      vertex -4.84375 4.6875 -5
    endloop
  endfacet
  facet normal -0 0 -1
    outer loop
      vertex -4.6875 4.375 -5
      vertex -4.84375 4.6875 -5
      vertex -4.6875 4.6875 -5
    endloop
  endfacet
  facet normal 0 0 -1
    outer loop
      vertex -4.6875 4.375 -5
      vertex -5 0 -5
      vertex -4.84375 4.6875 -5
    endloop
  endfacet
  facet normal -0 -0 -1
    outer loop
      vertex -4.921875 4.921875 -5
      vertex -5 5 -5
      vertex -4.9499998092651367 5 -5
    endloop
  endfacet
  facet normal -0 -0 -1
    outer loop
      vertex -4.6875 4.84375 -5
      vertex -4.84375 4.84375 -5
      vertex -4.84375 4.921875 -5
    endloop
  endfacet
  facet normal 0 0 -1
    outer loop
      vertex -4.9499998092651367 5 -5
      vertex -4.6875 4.84375 -5
      vertex -4.84375 4.921875 -5
    endloop
  endfacet
  facet normal 0 0 -1
    outer loop
      vertex -4.9499998092651367 5 -5
      vertex -4.84375 4.921875 -5
      vertex -4.921875 4.921875 -5
    endloop
  endfacet
  facet normal 0 0 -1
    outer loop
      vertex -4.921875 4.921875 -5
      vertex -4.921875 4.84375 -5
      vertex -5 5 -5
    endloop
  endfacet
  facet normal 0 -0 -1
    outer loop
      vertex -4.375 4.6875 -5
      vertex -4.6875 4.84375 -5
      vertex -4.9499998092651367 5 -5
    endloop
  endfacet
  facet normal 0 0 -1
    outer loop
      vertex -4.6875 4.84375 -5
      vertex -4.375 4.6875 -5
      vertex -4.6875 4.6875 -5
    endloop
  endfacet
  facet normal -0 0 -1
    outer loop
      vertex -5 0 -5
      vertex -5 5 -5
      vertex -4.921875 4.84375 -5
    endloop
  endfacet
  facet normal -0 0 -1
    outer loop
      vertex -3.75 2.5 -5
      vertex -4.375 3.75 -5
      vertex -3.75 3.75 -5
    endloop
  endfacet
  facet normal -0 0 -1
    outer loop
      vertex -5 0 -5
      vertex -4.375 3.75 -5
      vertex -3.75 2.5 -5
    endloop
  endfacet
  facet normal -0 -0 -1
    outer loop
      vertex -3.75 2.5 -5
      vertex -2.5 2.5 -5
      vertex -2.5 0 -5
    endloop
  endfacet
  facet normal -0 -0 -1
    outer loop
      vertex -2.5 0 -5
      vertex -5 0 -5
      vertex -3.75 2.5 -5
    endloop
  endfacet
  facet normal -0 -0 -1
    outer loop
      vertex 0 2.5 -5
      vertex -2.5 2.5 -5
      vertex -2.5 3.75 -5
    endloop
  endfacet
  facet normal -0 -0 -1
    outer loop
      vertex -3.75 4.375 -5
      vertex -4.375 4.375 -5
      vertex -4.375 4.6875 -5
    endloop
  endfacet
  facet normal 0 0 -1
    outer loop
      vertex -3.75 4.375 -5
      vertex -2.5 3.75 -5
      vertex -3.75 3.75 -5
    endloop
  endfacet
  facet normal 0 -0 -1
    outer loop
      vertex -3.75 4.375 -5
      vertex -4.375 4.6875 -5
      vertex 1.7763568394002505e-15 5 -5
    endloop
  endfacet
  facet normal 0 -0 -1
    outer loop
      vertex 1.7763568394002505e-15 5 -5
      vertex -4.375 4.6875 -5
      vertex -4.9499998092651367 5 -5
    endloop
  endfacet
  facet normal 0 -0 -1
    outer loop
      vertex 1.7763568394002505e-15 5 -5
      vertex -2.5 3.75 -5
      vertex -3.75 4.375 -5
    endloop
  endfacet
  facet normal -0 -0 -1
    outer loop
      vertex -4.6875 4.375 -5
      vertex -4.375 4.375 -5
      vertex -4.375 3.75 -5
    endloop
  endfacet
  facet normal 0 0 -1
    outer loop
      vertex -4.375 3.75 -5
      vertex -5 0 -5
      vertex -4.6875 4.375 -5
    endloop
  endfacet
  facet normal 0 -0 -1
    outer loop
      vertex 0 2.5 -5
      vertex -2.5 3.75 -5
      vertex 1.7763568394002505e-15 5 -5
    endloop
  endfacet
  facet normal 0 0 -1
    outer loop
      vertex 0 -2.5 -5
      vertex 2.5 -2.5 -5
      vertex 2.5 -3.75 -5
    endloop
  endfacet
  facet normal 0 -0 -1
    outer loop
      vertex 3.75 -4.375 -5
      vertex 0.02500000037252903 -5 -5
      vertex 2.5 -3.75 -5
    endloop
  endfacet
  facet normal 0 0 -1
    outer loop
      vertex 4.375 -4.375 -5
      vertex 4.375 -4.6875 -5
      vertex 3.75 -4.375 -5
    endloop
  endfacet
  facet normal -0 0 -1
    outer loop
      vertex 0.02500000037252903 -5 -5
      vertex 3.75 -4.375 -5
      vertex 4.375 -4.6875 -5
    endloop
  endfacet
  facet normal 0 0 -1
    outer loop
      vertex 3.75 -3.75 -5
      vertex 3.75 -4.375 -5
      vertex 2.5 -3.75 -5
    endloop
  endfacet
  facet normal -0 0 -1
    outer loop
      vertex 4.375 -4.6875 -5
      vertex 4.6875 -4.84375 -5
      vertex 0.02500000037252903 -5 -5
    endloop
  endfacet
  facet normal 0 0 -1
    outer loop
      vertex 3.75 -2.5 -5
      vertex 2.5 -2.5 -5
      vertex 2.5 0 -5
    endloop
  endfacet
  facet normal 0 0 -1
    outer loop
      vertex 3.75 -2.5 -5
      vertex 4.375 -3.75 -5
      vertex 3.75 -3.75 -5
    endloop
  endfacet
  facet normal -0 0 -1
    outer loop
      vertex 4.375 -3.75 -5
      vertex 3.75 -2.5 -5
      vertex 5 0.02500000037252903 -5
    endloop
  endfacet
  facet normal -0 0 -1
    outer loop
      vertex 3.75 -2.5 -5
      vertex 2.5 0 -5
      vertex 5 0.02500000037252903 -5
    endloop
  endfacet
  facet normal 0 0 -1
    outer loop
      vertex 4.375 -3.75 -5
      vertex 4.6875 -4.375 -5
      vertex 4.375 -4.375 -5
    endloop
  endfacet
  facet normal -0 -0 -1
    outer loop
      vertex 4.84375 -4.921875 -5
      vertex 4.6875 -4.84375 -5
      vertex 4.84375 -4.84375 -5
    endloop
  endfacet
  facet normal -0 0 -1
    outer loop
      vertex 0.02500000037252903 -5 -5
      vertex 4.6875 -4.84375 -5
      vertex 4.84375 -4.921875 -5
    endloop
  endfacet
  facet normal 0 0 -1
    outer loop
      vertex 5 -4.9499998092651367 -5
      vertex 5 -5 -5
      vertex 4.921875 -4.921875 -5
    endloop
  endfacet
  facet normal 0 0 -1
    outer loop
      vertex 4.84375 -4.921875 -5
      vertex 4.921875 -4.921875 -5
      vertex 5 -5 -5
    endloop
  endfacet
  facet normal 0 0 -1
    outer loop
      vertex 4.921875 -4.84375 -5
      vertex 5 -4.9499998092651367 -5
      vertex 4.921875 -4.921875 -5
    endloop
  endfacet
  facet normal -0 -0 -1
    outer loop
      vertex 5 -5 -5
      vertex 0.02500000037252903 -5 -5
      vertex 4.84375 -4.921875 -5
    endloop
  endfacet
  facet normal 0 0 -1
    outer loop
      vertex 4.84375 -4.6875 -5
      vertex 4.6875 -4.6875 -5
      vertex 4.6875 -4.375 -5
    endloop
  endfacet
  facet normal 0 0 -1
    outer loop
      vertex 4.84375 -4.6875 -5
      vertex 4.921875 -4.84375 -5
      vertex 4.84375 -4.84375 -5
    endloop
  endfacet
  facet normal -0 -0 -1
    outer loop
      vertex 5 -4.9499998092651367 -5
      vertex 4.921875 -4.84375 -5
      vertex 4.84375 -4.6875 -5
    endloop
  endfacet
  facet normal -0 -0 -1
    outer loop
      vertex 5 -4.9499998092651367 -5
      vertex 4.84375 -4.6875 -5
      vertex 4.6875 -4.375 -5
    endloop
  endfacet
  facet normal -0 0 -1
    outer loop
      vertex 4.375 -3.75 -5
      vertex 5 0.02500000037252903 -5
      vertex 4.6875 -4.375 -5
    endloop
  endfacet
  facet normal 0 0 -1
    outer loop
      vertex 4.375 -4.6875 -5
      vertex 4.6875 -4.6875 -5
      vertex 4.6875 -4.84375 -5
    endloop
  endfacet
  facet normal 0 -0 -1
    outer loop
      vertex 5 0.02500000037252903 -5
      vertex 5 -4.9499998092651367 -5
      vertex 4.6875 -4.375 -5
    endloop
  endfacet
  facet normal -0 0 -1
    outer loop
      vertex 0 2.5 -5
      vertex 1.7763568394002505e-15 5 -5
      vertex 2.5 3.75 -5
    endloop
  endfacet
  facet normal -0 0 -1
    outer loop
      vertex 3.75 3.75 -5
      vertex 4.375 3.75 -5
      vertex 3.75 2.5 -5
    endloop
  endfacet
  facet normal -0 -0 -1
    outer loop
      vertex 5 0.02500000037252903 -5
      vertex 3.75 2.5 -5
      vertex 4.375 3.75 -5
    endloop
  endfacet
  facet normal -0 0 -1
    outer loop
      vertex 2.5 2.5 -5
      vertex 3.75 2.5 -5
      vertex 2.5 0 -5
    endloop
  endfacet
  facet normal -0 0 -1
    outer loop
      vertex 3.75 4.375 -5
      vertex 3.75 3.75 -5
      vertex 2.5 3.75 -5
    endloop
  endfacet
  facet normal 0 0 -1
    outer loop
      vertex 4.375 4.6875 -5
      vertex 3.75 4.375 -5
      vertex 1.7763568394002505e-15 5 -5
    endloop
  endfacet
  facet normal 0 -0 -1
    outer loop
      vertex 2.5 3.75 -5
      vertex 1.7763568394002505e-15 5 -5
      vertex 3.75 4.375 -5
    endloop
  endfacet
  facet normal -0 0 -1
    outer loop
      vertex 4.375 3.75 -5
      vertex 4.375 4.375 -5
      vertex 4.6875 4.375 -5
    endloop
  endfacet
  facet normal 0 0 -1
    outer loop
      vertex 3.75 4.375 -5
      vertex 4.375 4.6875 -5
      vertex 4.375 4.375 -5
    endloop
  endfacet
  facet normal 0 -0 -1
    outer loop
      vertex 4.9499998092651367 5 -5
      vertex 4.375 4.6875 -5
      vertex 1.7763568394002505e-15 5 -5
    endloop
  endfacet
  facet normal 0 0 -1
    outer loop
      vertex 4.6875 4.375 -5
      vertex 5 0.02500000037252903 -5
      vertex 4.375 3.75 -5
    endloop
  endfacet
  facet normal -0 0 -1
    outer loop
      vertex 2.5 3.75 -5
      vertex 2.5 2.5 -5
      vertex 0 2.5 -5
    endloop
  endfacet
  facet normal 0 0 -1
    outer loop
      vertex 4.375 4.6875 -5
      vertex 4.6875 4.84375 -5
      vertex 4.6875 4.6875 -5
    endloop
  endfacet
  facet normal 0 -0 -1
    outer loop
      vertex 4.921875 4.84375 -5
      vertex 4.84375 4.6875 -5
      vertex 4.84375 4.84375 -5
    endloop
  endfacet
  facet normal -0 0 -1
    outer loop
      vertex 4.6875 4.375 -5
      vertex 4.6875 4.6875 -5
      vertex 4.84375 4.6875 -5
    endloop
  endfacet
  facet normal -0 -0 -1
    outer loop
      vertex 5 0.02500000037252903 -5
      vertex 4.84375 4.6875 -5
      vertex 4.921875 4.84375 -5
    endloop
  endfacet
  facet normal 0 0 -1
    outer loop
      vertex 4.84375 4.6875 -5
      vertex 5 0.02500000037252903 -5
      vertex 4.6875 4.375 -5
    endloop
  endfacet
  facet normal -0 0 -1
    outer loop
      vertex 4.84375 4.921875 -5
      vertex 4.84375 4.84375 -5
      vertex 4.6875 4.84375 -5
    endloop
  endfacet
  facet normal -0 0 -1
    outer loop
      vertex 4.9499998092651367 5 -5
      vertex 5 5 -5
      vertex 4.921875 4.921875 -5
    endloop
  endfacet
  facet normal -0 0 -1
    outer loop
      vertex 4.921875 4.84375 -5
      vertex 4.921875 4.921875 -5
      vertex 5 5 -5
    endloop
  endfacet
  facet normal 0 0 -1
    outer loop
      vertex 4.84375 4.921875 -5
      vertex 4.9499998092651367 5 -5
      vertex 4.921875 4.921875 -5
    endloop
  endfacet
  facet normal 0 -0 -1
    outer loop
      vertex 5 5 -5
      vertex 5 0.02500000037252903 -5
      vertex 4.921875 4.84375 -5
    endloop
  endfacet
  facet normal 0 0 -1
    outer loop
      vertex 4.6875 4.84375 -5
      vertex 4.9499998092651367 5 -5
      vertex 4.84375 4.921875 -5
    endloop
  endfacet
  facet normal 0 0 -1
    outer loop
      vertex 4.375 4.6875 -5
      vertex 4.9499998092651367 5 -5
      vertex 4.6875 4.84375 -5
    endloop
  endfacet
  facet normal -0 0 -1
    outer loop
      vertex 3.75 2.5 -5
      vertex 5 0.02500000037252903 -5
      vertex 2.5 0 -5
    endloop
  endfacet
  facet normal 0 0 -1
    outer loop
      vertex 0 -2.5 -5
      vertex 2.5 -3.75 -5
      vertex 0.02500000037252903 -5 -5
    endloop
  endfacet
  facet normal 0 -1 0
    outer loop
      vertex 4.921875 -5 -4.921875
      vertex 4.921875 -5 -4.84375
      vertex 4.84375 -5 -4.84375
    endloop
  endfacet
  facet normal 0 -1 0
    outer loop
      vertex 4.921875 -5 -4.921875
      vertex 4.84375 -5 -4.84375
      vertex 4.84375 -5 -4.921875
    endloop
  endfacet
  facet normal 0 -1 0
    outer loop
      vertex 4.84375 -5 -4.84375
      vertex 4.84375 -5 -4.6875
      vertex 4.6875 -5 -4.6875
    endloop
  endfacet
  facet normal 0 -1 0
    outer loop
      vertex 4.84375 -5 -4.84375
      vertex 4.6875 -5 -4.6875
      vertex 4.6875 -5 -4.84375
    endloop
  endfacet
  facet normal 0 -1 0
    outer loop
      vertex 4.6875 -5 -4.6875
      vertex 4.6875 -5 -4.375
      vertex 4.375 -5 -4.375
    endloop
  endfacet
  facet normal 0 -1 0
    outer loop
      vertex 4.6875 -5 -4.6875
      vertex 4.375 -5 -4.375
      vertex 4.375 -5 -4.6875
    endloop
  endfacet
  facet normal 0 -1 0
    outer loop
      vertex 4.375 -5 -4.375
      vertex 4.375 -5 -3.75
      vertex 3.75 -5 -3.75
    endloop
  endfacet
  facet normal 0 -1 0
    outer loop
      vertex 4.375 -5 -4.375
      vertex 3.75 -5 -3.75
      vertex 3.75 -5 -4.375
    endloop
  endfacet
  facet normal 0 -1 0
    outer loop
      vertex 3.75 -5 -3.75
      vertex 3.75 -5 -2.5
      vertex 2.5 -5 -2.5
    endloop
  endfacet
  facet normal 0 -1 0
    outer loop
      vertex 3.75 -5 -3.75
      vertex 2.5 -5 -2.5
      vertex 2.5 -5 -3.75
    endloop
  endfacet
  facet normal 0 -1 0
    outer loop
      vertex 2.5 -5 -2.5
      vertex 2.5 -5 0
      vertex 0 -5 0
    endloop
  endfacet
  facet normal 0 -1 0
    outer loop
      vertex 2.5 -5 -2.5
      vertex 0 -5 0
      vertex 0 -5 -2.5
    endloop
  endfacet
  facet normal 0 -1 0
    outer loop
      vertex -4.84375 -5 -4.921875
      vertex -4.84375 -5 -4.84375
      vertex -4.921875 -5 -4.84375
    endloop
  endfacet
  facet normal 0 -1 0
    outer loop
      vertex -4.84375 -5 -4.921875
      vertex -4.921875 -5 -4.84375
      vertex -4.921875 -5 -4.921875
    endloop
  endfacet
  facet normal 0 -1 0
    outer loop
      vertex -4.6875 -5 -4.84375
      vertex -4.6875 -5 -4.6875
      vertex -4.84375 -5 -4.6875
    endloop
  endfacet
  facet normal 0 -1 0
    outer loop
      vertex -4.6875 -5 -4.84375
      vertex -4.84375 -5 -4.6875
      vertex -4.84375 -5 -4.84375
    endloop
  endfacet
  facet normal 0 -1 0
    outer loop
      vertex -4.375 -5 -4.6875
      vertex -4.375 -5 -4.375
      vertex -4.6875 -5 -4.375
    endloop
  endfacet
  facet normal 0 -1 0
    outer loop
      vertex -4.375 -5 -4.6875
      vertex -4.6875 -5 -4.375
      vertex -4.6875 -5 -4.6875
    endloop
  endfacet
  facet normal 0 -1 0
    outer loop
      vertex -3.75 -5 -4.375
      vertex -3.75 -5 -3.75
      vertex -4.375 -5 -3.75
    endloop
  endfacet
  facet normal 0 -1 0
    outer loop
      vertex -3.75 -5 -4.375
      vertex -4.375 -5 -3.75
      vertex -4.375 -5 -4.375
    endloop
  endfacet
  facet normal 0 -1 0
    outer loop
      vertex -2.5 -5 -3.75
      vertex -2.5 -5 -2.5
      vertex -3.75 -5 -2.5
    endloop
  endfacet
  facet normal 0 -1 0
    outer loop
      vertex -2.5 -5 -3.75
      vertex -3.75 -5 -2.5
      vertex -3.75 -5 -3.75
    endloop
  endfacet
  facet normal 0 -1 0
    outer loop
      vertex 0 -5 -2.5
      vertex 0 -5 0
      vertex -2.5 -5 0
    endloop
  endfacet
  facet normal 0 -1 0
    outer loop
      vertex 0 -5 -2.5
      vertex -2.5 -5 0
      vertex -2.5 -5 -2.5
    endloop
  endfacet
  facet normal 0 -1 0
    outer loop
      vertex 0 -5 0
      vertex 0 -5 2.5
      vertex -2.5 -5 2.5
    endloop
  endfacet
  facet normal 0 -1 0
    outer loop
      vertex 0 -5 0
      vertex -2.5 -5 2.5
      vertex -2.5 -5 0
    endloop
  endfacet
  facet normal 0 -1 0
    outer loop
      vertex -2.5 -5 2.5
      vertex -2.5 -5 3.75
      vertex -3.75 -5 3.75
    endloop
  endfacet
  facet normal 0 -1 0
    outer loop
      vertex -2.5 -5 2.5
      vertex -3.75 -5 3.75
      vertex -3.75 -5 2.5
    endloop
  endfacet
  facet normal 0 -1 0
    outer loop
      vertex -3.75 -5 3.75
      vertex -3.75 -5 4.375
      vertex -4.375 -5 4.375
    endloop
  endfacet
  facet normal 0 -1 0
    outer loop
      vertex -3.75 -5 3.75
      vertex -4.375 -5 4.375
      vertex -4.375 -5 3.75
    endloop
  endfacet
  facet normal 0 -1 0
    outer loop
      vertex -4.375 -5 4.375
      vertex -4.375 -5 4.6875
      vertex -4.6875 -5 4.6875
    endloop
  endfacet
  facet normal 0 -1 0
    outer loop
      vertex -4.375 -5 4.375
      vertex -4.6875 -5 4.6875
      vertex -4.6875 -5 4.375
    endloop
  endfacet
  facet normal 0 -1 0
    outer loop
      vertex -4.6875 -5 4.6875
      vertex -4.6875 -5 4.84375
      vertex -4.84375 -5 4.84375
    endloop
  endfacet
  facet normal 0 -1 0
    outer loop
      vertex -4.6875 -5 4.6875
      vertex -4.84375 -5 4.84375
      vertex -4.84375 -5 4.6875
    endloop
  endfacet
  facet normal 0 -1 0
    outer loop
      vertex -4.84375 -5 4.84375
      vertex -4.84375 -5 4.921875
      vertex -4.921875 -5 4.921875
    endloop
  endfacet
  facet normal 0 -1 0
    outer loop
      vertex -4.84375 -5 4.84375
      vertex -4.921875 -5 4.921875
      vertex -4.921875 -5 4.84375
    endloop
  endfacet
  facet normal 0 -1 0
    outer loop
      vertex 2.5 -5 0
      vertex 2.5 -5 2.5
      vertex 0 -5 2.5
    endloop
  endfacet
  facet normal 0 -1 0
    outer loop
      vertex 2.5 -5 0
      vertex 0 -5 2.5
      vertex 0 -5 0
    endloop
  endfacet
  facet normal 0 -1 0
    outer loop
      vertex 3.75 -5 2.5
      vertex 3.75 -5 3.75
      vertex 2.5 -5 3.75
    endloop
  endfacet
  facet normal 0 -1 0
    outer loop
      vertex 3.75 -5 2.5
      vertex 2.5 -5 3.75
      vertex 2.5 -5 2.5
    endloop
  endfacet
  facet normal 0 -1 0
    outer loop
      vertex 4.375 -5 3.75
      vertex 4.375 -5 4.375
      vertex 3.75 -5 4.375
    endloop
  endfacet
  facet normal 0 -1 0
    outer loop
      vertex 4.375 -5 3.75
      vertex 3.75 -5 4.375
      vertex 3.75 -5 3.75
    endloop
  endfacet
  facet normal 0 -1 0
    outer loop
      vertex 4.6875 -5 4.375
      vertex 4.6875 -5 4.6875
      vertex 4.375 -5 4.6875
    endloop
  endfacet
  facet normal 0 -1 0
    outer loop
      vertex 4.6875 -5 4.375
      vertex 4.375 -5 4.6875
      vertex 4.375 -5 4.375
    endloop
  endfacet
  facet normal 0 -1 0
    outer loop
      vertex 4.84375 -5 4.6875
      vertex 4.84375 -5 4.84375
      vertex 4.6875 -5 4.84375
    endloop
  endfacet
  facet normal 0 -1 0
    outer loop
      vertex 4.84375 -5 4.6875
      vertex 4.6875 -5 4.84375
      vertex 4.6875 -5 4.6875
    endloop
  endfacet
  facet normal 0 -1 0
    outer loop
      vertex 4.921875 -5 4.84375
      vertex 4.921875 -5 4.921875
      vertex 4.84375 -5 4.921875
    endloop
  endfacet
  facet normal 0 -1 0
    outer loop
      vertex 4.921875 -5 4.84375
      vertex 4.84375 -5 4.921875
      vertex 4.84375 -5 4.84375
    endloop
  endfacet
  facet normal 0 -1 0
    outer loop
      vertex -4.921875 -5 4.921875
      vertex -4.9499998092651367 -5 5
      vertex -5 -5 5
    endloop
  endfacet
  facet normal -0 -1 -0
    outer loop
      vertex -4.9499998092651367 -5 5
      vertex -4.921875 -5 4.921875
      vertex -4.84375 -5 4.921875
    endloop
  endfacet
  facet normal -0 -1 -0
    outer loop
      vertex -5 -5 5
      vertex -4.921875 -5 4.84375
      vertex -4.921875 -5 4.921875
    endloop
  endfacet
  facet normal -0 -1 -0
    outer loop
      vertex -4.84375 -5 4.921875
      vertex -4.6875 -5 4.84375
      vertex -4.9499998092651367 -5 5
    endloop
  endfacet
  facet normal 0 -1 -0
    outer loop
      vertex -5 -5 0.02500000037252903
      vertex -4.921875 -5 4.84375
      vertex -5 -5 5
    endloop
  endfacet
  facet normal 0 -1 -0
    outer loop
      vertex -5 -5 0.02500000037252903
      vertex -4.84375 -5 4.6875
      vertex -4.921875 -5 4.84375
    endloop
  endfacet
  facet normal 0 -1 0
    outer loop
      vertex -4.84375 -5 4.84375
      vertex -4.921875 -5 4.84375
      vertex -4.84375 -5 4.6875
    endloop
  endfacet
  facet normal 0 -1 0
    outer loop
      vertex -4.375 -5 4.6875
      vertex -4.6875 -5 4.84375
      vertex -4.6875 -5 4.6875
    endloop
  endfacet
  facet normal 0 -1 -0
    outer loop
      vertex -4.6875 -5 4.375
      vertex -4.84375 -5 4.6875
      vertex -5 -5 0.02500000037252903
    endloop
  endfacet
  facet normal 0 -1 0
    outer loop
      vertex -4.6875 -5 4.84375
      vertex -4.84375 -5 4.921875
      vertex -4.84375 -5 4.84375
    endloop
  endfacet
  facet normal 0 -1 0
    outer loop
      vertex -4.6875 -5 4.6875
      vertex -4.84375 -5 4.6875
      vertex -4.6875 -5 4.375
    endloop
  endfacet
  facet normal -0 -1 -0
    outer loop
      vertex -4.6875 -5 4.84375
      vertex -4.375 -5 4.6875
      vertex -4.9499998092651367 -5 5
    endloop
  endfacet
  facet normal 0 -1 0
    outer loop
      vertex -4.375 -5 4.6875
      vertex -4.375 -5 4.375
      vertex -3.75 -5 4.375
    endloop
  endfacet
  facet normal -0 -1 -0
    outer loop
      vertex -4.6875 -5 4.375
      vertex -4.375 -5 3.75
      vertex -4.375 -5 4.375
    endloop
  endfacet
  facet normal 0 -1 -0
    outer loop
      vertex 0.02500000037252903 -5 5
      vertex -4.375 -5 4.6875
      vertex -3.75 -5 4.375
    endloop
  endfacet
  facet normal 0 -1 -0
    outer loop
      vertex -5 -5 0.02500000037252903
      vertex -4.375 -5 3.75
      vertex -4.6875 -5 4.375
    endloop
  endfacet
  facet normal -0 -1 -0
    outer loop
      vertex -4.375 -5 3.75
      vertex -3.75 -5 2.5
      vertex -3.75 -5 3.75
    endloop
  endfacet
  facet normal 0 -1 -0
    outer loop
      vertex -2.5 -5 2.5
      vertex 0 -5 2.5
      vertex -2.5 -5 3.75
    endloop
  endfacet
  facet normal 0 -1 -0
    outer loop
      vertex -2.5 -5 3.75
      vertex 0 -5 2.5
      vertex 0.02500000037252903 -5 5
    endloop
  endfacet
  facet normal 0 -1 0
    outer loop
      vertex -2.5 -5 2.5
      vertex -3.75 -5 2.5
      vertex -2.5 -5 0
    endloop
  endfacet
  facet normal 0 -1 0
    outer loop
      vertex -2.5 -5 3.75
      vertex -3.75 -5 4.375
      vertex -3.75 -5 3.75
    endloop
  endfacet
  facet normal 0 -1 0
    outer loop
      vertex -2.5 -5 0
      vertex -3.75 -5 2.5
      vertex -5 -5 0.02500000037252903
    endloop
  endfacet
  facet normal -0 -1 0
    outer loop
      vertex 0.02500000037252903 -5 5
      vertex -3.75 -5 4.375
      vertex -2.5 -5 3.75
    endloop
  endfacet
  facet normal 0 -1 -0
    outer loop
      vertex -5 -5 0.02500000037252903
      vertex -3.75 -5 2.5
      vertex -4.375 -5 3.75
    endloop
  endfacet
  facet normal -0 -1 -0
    outer loop
      vertex -4.375 -5 4.6875
      vertex 0.02500000037252903 -5 5
      vertex -4.9499998092651367 -5 5
    endloop
  endfacet
  facet normal 0 -1 0
    outer loop
      vertex -4.84375 -5 -4.84375
      vertex -4.84375 -5 -4.6875
      vertex -4.921875 -5 -4.84375
    endloop
  endfacet
  facet normal 0 -1 -0
    outer loop
      vertex -5 -5 -4.9499998092651367
      vertex -4.921875 -5 -4.84375
      vertex -4.84375 -5 -4.6875
    endloop
  endfacet
  facet normal -0 -1 0
    outer loop
      vertex -4.6875 -5 -4.375
      vertex -4.84375 -5 -4.6875
      vertex -4.6875 -5 -4.6875
    endloop
  endfacet
  facet normal -0 -1 0
    outer loop
      vertex -4.6875 -5 -4.84375
      vertex -4.84375 -5 -4.84375
      vertex -4.84375 -5 -4.921875
    endloop
  endfacet
  facet normal -0 -1 0
    outer loop
      vertex -4.6875 -5 -4.375
      vertex -5 -5 -4.9499998092651367
      vertex -4.84375 -5 -4.6875
    endloop
  endfacet
  facet normal 0 -1 0
    outer loop
      vertex -4.9499998092651367 -5 -5
      vertex -5 -5 -4.9499998092651367
      vertex -5 -5 -5
    endloop
  endfacet
  facet normal 0 -1 0
    outer loop
      vertex -4.84375 -5 -4.921875
      vertex -4.921875 -5 -4.921875
      vertex -4.9499998092651367 -5 -5
    endloop
  endfacet
  facet normal -0 -1 0
    outer loop
      vertex -5 -5 -4.9499998092651367
      vertex -4.9499998092651367 -5 -5
      vertex -4.921875 -5 -4.921875
    endloop
  endfacet
  facet normal 0 -1 0
    outer loop
      vertex -4.6875 -5 -4.84375
      vertex -4.84375 -5 -4.921875
      vertex -4.9499998092651367 -5 -5
    endloop
  endfacet
  facet normal 0 -1 -0
    outer loop
      vertex -4.921875 -5 -4.921875
      vertex -4.921875 -5 -4.84375
      vertex -5 -5 -4.9499998092651367
    endloop
  endfacet
  facet normal 0 -1 -0
    outer loop
      vertex -4.6875 -5 -4.375
      vertex -5 -5 0.02500000037252903
      vertex -5 -5 -4.9499998092651367
    endloop
  endfacet
  facet normal 0 -1 0
    outer loop
      vertex -3.75 -5 -3.75
      vertex -3.75 -5 -2.5
      vertex -4.375 -5 -3.75
    endloop
  endfacet
  facet normal 0 -1 0
    outer loop
      vertex -4.375 -5 -3.75
      vertex -5 -5 0.02500000037252903
      vertex -4.6875 -5 -4.375
    endloop
  endfacet
  facet normal -0 -1 0
    outer loop
      vertex -2.5 -5 0
      vertex -3.75 -5 -2.5
      vertex -2.5 -5 -2.5
    endloop
  endfacet
  facet normal 0 -1 0
    outer loop
      vertex -4.375 -5 -3.75
      vertex -3.75 -5 -2.5
      vertex -5 -5 0.02500000037252903
    endloop
  endfacet
  facet normal 0 -1 -0
    outer loop
      vertex -4.6875 -5 -4.84375
      vertex -4.375 -5 -4.6875
      vertex -4.6875 -5 -4.6875
    endloop
  endfacet
  facet normal 0 -1 0
    outer loop
      vertex 0.02500000037252903 -5 -5
      vertex -4.375 -5 -4.6875
      vertex -4.9499998092651367 -5 -5
    endloop
  endfacet
  facet normal 0 -1 0
    outer loop
      vertex -4.375 -5 -4.375
      vertex -4.375 -5 -4.6875
      vertex -3.75 -5 -4.375
    endloop
  endfacet
  facet normal 0 -1 -0
    outer loop
      vertex -3.75 -5 -4.375
      vertex -4.375 -5 -4.6875
      vertex 0.02500000037252903 -5 -5
    endloop
  endfacet
  facet normal 0 -1 -0
    outer loop
      vertex -3.75 -5 -4.375
      vertex -2.5 -5 -3.75
      vertex -3.75 -5 -3.75
    endloop
  endfacet
  facet normal 0 -1 -0
    outer loop
      vertex -4.9499998092651367 -5 -5
      vertex -4.375 -5 -4.6875
      vertex -4.6875 -5 -4.84375
    endloop
  endfacet
  facet normal -0 -1 0
    outer loop
      vertex 0 -5 -2.5
      vertex -2.5 -5 -2.5
      vertex -2.5 -5 -3.75
    endloop
  endfacet
  facet normal -0 -1 0
    outer loop
      vertex -4.375 -5 -3.75
      vertex -4.6875 -5 -4.375
      vertex -4.375 -5 -4.375
    endloop
  endfacet
  facet normal 0 -1 0
    outer loop
      vertex -3.75 -5 -2.5
      vertex -2.5 -5 0
      vertex -5 -5 0.02500000037252903
    endloop
  endfacet
  facet normal 0 -1 0
    outer loop
      vertex -2.5 -5 -3.75
      vertex -3.75 -5 -4.375
      vertex 0.02500000037252903 -5 -5
    endloop
  endfacet
  facet normal 0 -1 -0
    outer loop
      vertex 0 -5 2.5
      vertex 2.5 -5 2.5
      vertex 2.5 -5 3.75
    endloop
  endfacet
  facet normal 0 -1 0
    outer loop
      vertex 3.75 -5 4.375
      vertex 0.02500000037252903 -5 5
      vertex 2.5 -5 3.75
    endloop
  endfacet
  facet normal 0 -1 -0
    outer loop
      vertex 4.375 -5 4.375
      vertex 4.375 -5 4.6875
      vertex 3.75 -5 4.375
    endloop
  endfacet
  facet normal -0 -1 -0
    outer loop
      vertex 0.02500000037252903 -5 5
      vertex 3.75 -5 4.375
      vertex 4.375 -5 4.6875
    endloop
  endfacet
  facet normal 0 -1 -0
    outer loop
      vertex 3.75 -5 3.75
      vertex 3.75 -5 4.375
      vertex 2.5 -5 3.75
    endloop
  endfacet
  facet normal -0 -1 -0
    outer loop
      vertex 4.375 -5 4.6875
      vertex 4.6875 -5 4.84375
      vertex 0.02500000037252903 -5 5
    endloop
  endfacet
  facet normal 0 -1 -0
    outer loop
      vertex 3.75 -5 2.5
      vertex 2.5 -5 2.5
      vertex 2.5 -5 0
    endloop
  endfacet
  facet normal 0 -1 0
    outer loop
      vertex 3.75 -5 2.5
      vertex 4.375 -5 3.75
      vertex 3.75 -5 3.75
    endloop
  endfacet
  facet normal -0 -1 0
    outer loop
      vertex 4.375 -5 3.75
      vertex 3.75 -5 2.5
      vertex 5 -5 -4.4408920985006262e-16
    endloop
  endfacet
  facet normal -0 -1 0
    outer loop
      vertex 3.75 -5 2.5
      vertex 2.5 -5 0
      vertex 5 -5 -4.4408920985006262e-16
    endloop
  endfacet
  facet normal 0 -1 0
    outer loop
      vertex 4.375 -5 3.75
      vertex 4.6875 -5 4.375
      vertex 4.375 -5 4.375
    endloop
  endfacet
  facet normal -0 -1 0
    outer loop
      vertex 4.84375 -5 4.921875
      vertex 4.6875 -5 4.84375
      vertex 4.84375 -5 4.84375
    endloop
  endfacet
  facet normal -0 -1 -0
    outer loop
      vertex 0.02500000037252903 -5 5
      vertex 4.6875 -5 4.84375
      vertex 4.84375 -5 4.921875
    endloop
  endfacet
  facet normal 0 -1 -0
    outer loop
      vertex 5 -5 4.9499998092651367
      vertex 5 -5 5
      vertex 4.921875 -5 4.921875
    endloop
  endfacet
  facet normal 0 -1 -0
    outer loop
      vertex 4.84375 -5 4.921875
      vertex 4.921875 -5 4.921875
      vertex 5 -5 5
    endloop
  endfacet
  facet normal 0 -1 0
    outer loop
      vertex 4.921875 -5 4.84375
      vertex 5 -5 4.9499998092651367
      vertex 4.921875 -5 4.921875
    endloop
  endfacet
  facet normal -0 -1 0
    outer loop
      vertex 5 -5 5
      vertex 0.02500000037252903 -5 5
      vertex 4.84375 -5 4.921875
    endloop
  endfacet
  facet normal 0 -1 -0
    outer loop
      vertex 4.84375 -5 4.6875
      vertex 4.6875 -5 4.6875
      vertex 4.6875 -5 4.375
    endloop
  endfacet
  facet normal 0 -1 0
    outer loop
      vertex 4.84375 -5 4.6875
      vertex 4.921875 -5 4.84375
      vertex 4.84375 -5 4.84375
    endloop
  endfacet
  facet normal -0 -1 0
    outer loop
      vertex 5 -5 4.9499998092651367
      vertex 4.921875 -5 4.84375
      vertex 4.84375 -5 4.6875
    endloop
  endfacet
  facet normal -0 -1 0
    outer loop
      vertex 5 -5 4.9499998092651367
      vertex 4.84375 -5 4.6875
      vertex 4.6875 -5 4.375
    endloop
  endfacet
  facet normal -0 -1 0
    outer loop
      vertex 4.375 -5 3.75
      vertex 5 -5 -4.4408920985006262e-16
      vertex 4.6875 -5 4.375
    endloop
  endfacet
  facet normal 0 -1 -0
    outer loop
      vertex 4.375 -5 4.6875
      vertex 4.6875 -5 4.6875
      vertex 4.6875 -5 4.84375
    endloop
  endfacet
  facet normal 0 -1 0
    outer loop
      vertex 5 -5 -4.4408920985006262e-16
      vertex 5 -5 4.9499998092651367
      vertex 4.6875 -5 4.375
    endloop
  endfacet
  facet normal -0 -1 -0
    outer loop
      vertex 2.5 -5 -3.75
      vertex 2.5 -5 -2.5
      vertex 0 -5 -2.5
    endloop
  endfacet
  facet normal 0 -1 0
    outer loop
      vertex 4.375 -5 -3.75
      vertex 3.75 -5 -2.5
      vertex 3.75 -5 -3.75
    endloop
  endfacet
  facet normal -0 -1 -0
    outer loop
      vertex 3.75 -5 -4.375
      vertex 3.75 -5 -3.75
      vertex 2.5 -5 -3.75
    endloop
  endfacet
  facet normal -0 -1 0
    outer loop
      vertex 2.5 -5 -2.5
      vertex 3.75 -5 -2.5
      vertex 2.5 -5 0
    endloop
  endfacet
  facet normal 0 -1 0
    outer loop
      vertex 0.02500000037252903 -5 -5
      vertex 2.5 -5 -3.75
      vertex 0 -5 -2.5
    endloop
  endfacet
  facet normal 0 -1 0
    outer loop
      vertex 4.375 -5 -4.6875
      vertex 3.75 -5 -4.375
      vertex 0.02500000037252903 -5 -5
    endloop
  endfacet
  facet normal 0 -1 0
    outer loop
      vertex 3.75 -5 -4.375
      vertex 2.5 -5 -3.75
      vertex 0.02500000037252903 -5 -5
    endloop
  endfacet
  facet normal 0 -1 0
    outer loop
      vertex 4.6875 -5 -4.375
      vertex 4.375 -5 -3.75
      vertex 4.375 -5 -4.375
    endloop
  endfacet
  facet normal 0 -1 -0
    outer loop
      vertex 3.75 -5 -4.375
      vertex 4.375 -5 -4.6875
      vertex 4.375 -5 -4.375
    endloop
  endfacet
  facet normal 0 -1 0
    outer loop
      vertex 4.6875 -5 -4.84375
      vertex 4.375 -5 -4.6875
      vertex 0.02500000037252903 -5 -5
    endloop
  endfacet
  facet normal 0 -1 0
    outer loop
      vertex 4.375 -5 -3.75
      vertex 5 -5 -4.4408920985006262e-16
      vertex 3.75 -5 -2.5
    endloop
  endfacet
  facet normal 0 -1 -0
    outer loop
      vertex -2.5 -5 -3.75
      vertex 0.02500000037252903 -5 -5
      vertex 0 -5 -2.5
    endloop
  endfacet
  facet normal 0 -1 0
    outer loop
      vertex 4.84375 -5 -4.6875
      vertex 4.6875 -5 -4.375
      vertex 4.6875 -5 -4.6875
    endloop
  endfacet
  facet normal -0 -1 0
    outer loop
      vertex 4.6875 -5 -4.375
      vertex 4.84375 -5 -4.6875
      vertex 5 -5 -4.9499998092651367
    endloop
  endfacet
  facet normal -0 -1 0
    outer loop
      vertex 5 -5 -4.4408920985006262e-16
      vertex 4.6875 -5 -4.375
      vertex 5 -5 -4.9499998092651367
    endloop
  endfacet
  facet normal -0 -1 0
    outer loop
      vertex 5 -5 -4.4408920985006262e-16
      vertex 4.375 -5 -3.75
      vertex 4.6875 -5 -4.375
    endloop
  endfacet
  facet normal 0 -1 -0
    outer loop
      vertex 4.375 -5 -4.6875
      vertex 4.6875 -5 -4.84375
      vertex 4.6875 -5 -4.6875
    endloop
  endfacet
  facet normal -0 -1 -0
    outer loop
      vertex 4.84375 -5 -4.6875
      vertex 4.84375 -5 -4.84375
      vertex 4.921875 -5 -4.84375
    endloop
  endfacet
  facet normal 0 -1 -0
    outer loop
      vertex 4.6875 -5 -4.84375
      vertex 4.84375 -5 -4.921875
      vertex 4.84375 -5 -4.84375
    endloop
  endfacet
  facet normal 0 -1 0
    outer loop
      vertex 5 -5 -5
      vertex 5 -5 -4.9499998092651367
      vertex 4.921875 -5 -4.921875
    endloop
  endfacet
  facet normal -0 -1 0
    outer loop
      vertex 4.921875 -5 -4.84375
      vertex 4.921875 -5 -4.921875
      vertex 5 -5 -4.9499998092651367
    endloop
  endfacet
  facet normal 0 -1 -0
    outer loop
      vertex 4.84375 -5 -4.921875
      vertex 5 -5 -5
      vertex 4.921875 -5 -4.921875
    endloop
  endfacet
  facet normal 0 -1 0
    outer loop
      vertex 5 -5 -4.9499998092651367
      vertex 4.84375 -5 -4.6875
      vertex 4.921875 -5 -4.84375
    endloop
  endfacet
  facet normal 0 -1 -0
    outer loop
      vertex 0.02500000037252903 -5 -5
      vertex 5 -5 -5
      vertex 4.84375 -5 -4.921875
    endloop
  endfacet
  facet normal 0 -1 -0
    outer loop
      vertex 0.02500000037252903 -5 -5
      vertex 4.84375 -5 -4.921875
      vertex 4.6875 -5 -4.84375
    endloop
  endfacet
  facet normal -0 -1 -0
    outer loop
      vertex 2.5 -5 0
      vertex 3.75 -5 -2.5
      vertex 5 -5 -4.4408920985006262e-16
    endloop
  endfacet
  facet normal 0 -1 -0
    outer loop
      vertex 2.5 -5 3.75
      vertex 0.02500000037252903 -5 5
      vertex 0 -5 2.5
    endloop
  endfacet
endsolid OBJECT
