solid OBJECT
  facet normal 0.98974388837354232 0.14285319536930582 0
    outer loop
      vertex 0.19631604850292206 0.038210097700357437 -0.77777779102325439
      vertex 0.19910848140716553 0.018863009288907051 -0.77777779102325439
      vertex 0.19910848140716553 0.018863009288907051 -0.8888888955116272
    endloop
  endfacet
  facet normal 0.98974388837354232 0.14285319536930582 -0
    outer loop
      vertex 0.19631604850292206 0.038210097700357437 -0.77777779102325439
      vertex 0.19910848140716553 0.018863009288907051 -0.8888888955116272
      vertex 0.19631604850292206 0.038210097700357437 -0.8888888955116272
    endloop
  endfacet
  facet normal 0.99888497420778488 0.047210256321197214 0
    outer loop
      vertex 0.19910848140716553 0.018863009288907051 -0.77777779102325439
      vertex 0.20000000298023224 0 -0.77777779102325439
      vertex 0.20000000298023224 0 -0.8888888955116272
    endloop
  endfacet
  facet normal 0.99888497420778477 0.047210256321197207 -0
    outer loop
      vertex 0.19910848140716553 0.018863009288907051 -0.77777779102325439
      vertex 0.20000000298023224 0 -0.8888888955116272
      vertex 0.19910848140716553 0.018863009288907051 -0.8888888955116272
    endloop
  endfacet
  facet normal 0.98974388837354232 0.14285319536930582 -0
    outer loop
      vertex 0.19910848140716553 0.018863009288907051 -0.77777779102325439
      vertex 0.19631604850292206 0.038210097700357437 -0.77777779102325439
      vertex 0.19631604850292206 0.038210097700357437 -0.55555558204650879
    endloop
  endfacet
  facet normal 0.99888497420778488 0.047210256321197214 0
    outer loop
      vertex 0.20000000298023224 0 -0.55555558204650879
      vertex 0.20000000298023224 0 -0.77777779102325439
      vertex 0.19910848140716553 0.018863009288907051 -0.77777779102325439
    endloop
  endfacet
  facet normal 0.99537582621945053 0.095967282270863263 0.0041527474628752616
    outer loop
      vertex 0.19631604850292206 0.038210097700357437 -0.55555558204650879
      vertex 0.20000000298023224 0 -0.55555558204650879
      vertex 0.19910848140716553 0.018863009288907051 -0.77777779102325439
    endloop
  endfacet
  facet normal 0.99538440911354853 0.095968109774404037 0
    outer loop
      vertex 0.19631604850292206 0.038210097700357437 -0.3333333432674408
      vertex 0.20000000298023224 0 -0.3333333432674408
      vertex 0.20000000298023224 0 -0.55555558204650879
    endloop
  endfacet
  facet normal 0.99538440911354853 0.095968109774404037 0
    outer loop
      vertex 0.19631604850292206 0.038210097700357437 -0.3333333432674408
      vertex 0.20000000298023224 0 -0.55555558204650879
      vertex 0.19631604850292206 0.038210097700357437 -0.55555558204650879
    endloop
  endfacet
  facet normal 0.99538440911354853 0.095968109774404037 0
    outer loop
      vertex 0.19631604850292206 0.038210097700357437 -0.1111111119389534
      vertex 0.20000000298023224 0 -0.1111111119389534
      vertex 0.20000000298023224 0 -0.3333333432674408
    endloop
  endfacet
  facet normal 0.99538440911354853 0.095968109774404037 -0
    outer loop
      vertex 0.19631604850292206 0.038210097700357437 -0.1111111119389534
      vertex 0.20000000298023224 0 -0.3333333432674408
      vertex 0.19631604850292206 0.038210097700357437 -0.3333333432674408
    endloop
  endfacet
  facet normal 0.99538440911354853 0.095968109774404037 0
    outer loop
      vertex 0.19631604850292206 0.038210097700357437 0.3333333432674408
      vertex 0.20000000298023224 0 0.3333333432674408
      vertex 0.20000000298023224 0 0.1111111119389534
    endloop
  endfacet
  facet normal 0.99538440911354853 0.095968109774404037 -0
    outer loop
      vertex 0.19631604850292206 0.038210097700357437 0.3333333432674408
      vertex 0.20000000298023224 0 0.1111111119389534
      vertex 0.19631604850292206 0.038210097700357437 0.1111111119389534
    endloop
  endfacet
  facet normal 0.99538440911354853 0.095968109774404037 0
    outer loop
      vertex 0.19631604850292206 0.038210097700357437 0.55555558204650879
      vertex 0.20000000298023224 0 0.55555558204650879
      vertex 0.20000000298023224 0 0.3333333432674408
    endloop
  endfacet
  facet normal 0.99538440911354853 0.095968109774404037 0
    outer loop
      vertex 0.19631604850292206 0.038210097700357437 0.55555558204650879
      vertex 0.20000000298023224 0 0.3333333432674408
      vertex 0.19631604850292206 0.038210097700357437 0.3333333432674408
    endloop
  endfacet
  facet normal 0.99888497420778488 0.047210256321197214 0
    outer loop
      vertex 0.19910848140716553 0.018863009288907051 0.77777779102325439
      vertex 0.20000000298023224 0 0.77777779102325439
      vertex 0.20000000298023224 0 0.55555558204650879
    endloop
  endfacet
  facet normal 0.98974388837354232 0.14285319536930582 -0
    outer loop
      vertex 0.19631604850292206 0.038210097700357437 0.55555558204650879
      vertex 0.19631604850292206 0.038210097700357437 0.77777779102325439
      vertex 0.19910848140716553 0.018863009288907051 0.77777779102325439
    endloop
  endfacet
  facet normal 0.99537582621945053 0.095967282270863263 -0.0041527474628752616
    outer loop
      vertex 0.20000000298023224 0 0.55555558204650879
      vertex 0.19631604850292206 0.038210097700357437 0.55555558204650879
      vertex 0.19910848140716553 0.018863009288907051 0.77777779102325439
    endloop
  endfacet
  facet normal 0.99888497420778488 0.047210256321197214 0
    outer loop
      vertex 0.19910848140716553 0.018863009288907051 0.8888888955116272
      vertex 0.20000000298023224 0 0.8888888955116272
      vertex 0.20000000298023224 0 0.77777779102325439
    endloop
  endfacet
  facet normal 0.99888497420778477 0.047210256321197207 -0
    outer loop
      vertex 0.19910848140716553 0.018863009288907051 0.8888888955116272
      vertex 0.20000000298023224 0 0.77777779102325439
      vertex 0.19910848140716553 0.018863009288907051 0.77777779102325439
    endloop
  endfacet
  facet normal 0.98974388837354232 0.14285319536930582 0
    outer loop
      vertex 0.19631604850292206 0.038210097700357437 0.8888888955116272
      vertex 0.19910848140716553 0.018863009288907051 0.8888888955116272
      vertex 0.19910848140716553 0.018863009288907051 0.77777779102325439
    endloop
  endfacet
  facet normal 0.98974388837354232 0.14285319536930582 -0
    outer loop
      vertex 0.19631604850292206 0.038210097700357437 0.8888888955116272
      vertex 0.19910848140716553 0.018863009288907051 0.77777779102325439
      vertex 0.19631604850292206 0.038210097700357437 0.77777779102325439
    endloop
  endfacet
  facet normal 0.94284911945297556 0.33321995430458318 0
    outer loop
      vertex 0.18500465154647827 0.075982086360454559 -0.77777779102325439
      vertex 0.19166399538516998 0.057139407843351364 -0.77777779102325439
      vertex 0.19166399538516998 0.057139407843351364 -0.8888888955116272
    endloop
  endfacet
  facet normal 0.94284911945297556 0.33321995430458318 0
    outer loop
      vertex 0.18500465154647827 0.075982086360454559 -0.77777779102325439
      vertex 0.19166399538516998 0.057139407843351364 -0.8888888955116272
      vertex 0.18500465154647827 0.075982086360454559 -0.8888888955116272
    endloop
  endfacet
  facet normal 0.97110374692765311 0.2386577312870308 0
    outer loop
      vertex 0.19166399538516998 0.057139407843351364 -0.77777779102325439
      vertex 0.19631604850292206 0.038210097700357437 -0.77777779102325439
      vertex 0.19631604850292206 0.038210097700357437 -0.8888888955116272
    endloop
  endfacet
  facet normal 0.97110374692765311 0.2386577312870308 -0
    outer loop
      vertex 0.19166399538516998 0.057139407843351364 -0.77777779102325439
      vertex 0.19631604850292206 0.038210097700357437 -0.8888888955116272
      vertex 0.19166399538516998 0.057139407843351364 -0.8888888955116272
    endloop
  endfacet
  facet normal 0.94284911945297556 0.33321995430458318 -0
    outer loop
      vertex 0.19166399538516998 0.057139407843351364 -0.77777779102325439
      vertex 0.18500465154647827 0.075982086360454559 -0.77777779102325439
      vertex 0.18500465154647827 0.075982086360454559 -0.55555558204650879
    endloop
  endfacet
  facet normal 0.97110374692765311 0.2386577312870308 0
    outer loop
      vertex 0.19631604850292206 0.038210097700357437 -0.55555558204650879
      vertex 0.19631604850292206 0.038210097700357437 -0.77777779102325439
      vertex 0.19166399538516998 0.057139407843351364 -0.77777779102325439
    endloop
  endfacet
  facet normal 0.95795797062195098 0.2868750960084171 0.0043824436145313431
    outer loop
      vertex 0.18500465154647827 0.075982086360454559 -0.55555558204650879
      vertex 0.19631604850292206 0.038210097700357437 -0.55555558204650879
      vertex 0.19166399538516998 0.057139407843351364 -0.77777779102325439
    endloop
  endfacet
  facet normal 0.95796716993482189 0.28687785088268503 0
    outer loop
      vertex 0.18500465154647827 0.075982086360454559 -0.3333333432674408
      vertex 0.19631604850292206 0.038210097700357437 -0.3333333432674408
      vertex 0.19631604850292206 0.038210097700357437 -0.55555558204650879
    endloop
  endfacet
  facet normal 0.95796716993482189 0.28687785088268503 0
    outer loop
      vertex 0.18500465154647827 0.075982086360454559 -0.3333333432674408
      vertex 0.19631604850292206 0.038210097700357437 -0.55555558204650879
      vertex 0.18500465154647827 0.075982086360454559 -0.55555558204650879
    endloop
  endfacet
  facet normal 0.95796716993482189 0.28687785088268503 0
    outer loop
      vertex 0.18500465154647827 0.075982086360454559 -0.1111111119389534
      vertex 0.19631604850292206 0.038210097700357437 -0.1111111119389534
      vertex 0.19631604850292206 0.038210097700357437 -0.3333333432674408
    endloop
  endfacet
  facet normal 0.95796716993482189 0.28687785088268503 -0
    outer loop
      vertex 0.18500465154647827 0.075982086360454559 -0.1111111119389534
      vertex 0.19631604850292206 0.038210097700357437 -0.3333333432674408
      vertex 0.18500465154647827 0.075982086360454559 -0.3333333432674408
    endloop
  endfacet
  facet normal 0.95796716993482189 0.28687785088268503 0
    outer loop
      vertex 0.18500465154647827 0.075982086360454559 0.1111111119389534
      vertex 0.19631604850292206 0.038210097700357437 0.1111111119389534
      vertex 0.19631604850292206 0.038210097700357437 -0.1111111119389534
    endloop
  endfacet
  facet normal 0.95796716993482189 0.28687785088268503 -6.6472325556039955e-18
    outer loop
      vertex 0.18500465154647827 0.075982086360454559 0.1111111119389534
      vertex 0.19631604850292206 0.038210097700357437 -0.1111111119389534
      vertex 0.18500465154647827 0.075982086360454559 -0.1111111119389534
    endloop
  endfacet
  facet normal 0.95796716993482189 0.28687785088268503 0
    outer loop
      vertex 0.18500465154647827 0.075982086360454559 0.3333333432674408
      vertex 0.19631604850292206 0.038210097700357437 0.3333333432674408
      vertex 0.19631604850292206 0.038210097700357437 0.1111111119389534
    endloop
  endfacet
  facet normal 0.95796716993482189 0.28687785088268503 -0
    outer loop
      vertex 0.18500465154647827 0.075982086360454559 0.3333333432674408
      vertex 0.19631604850292206 0.038210097700357437 0.1111111119389534
      vertex 0.18500465154647827 0.075982086360454559 0.1111111119389534
    endloop
  endfacet
  facet normal 0.95796716993482189 0.28687785088268503 0
    outer loop
      vertex 0.18500465154647827 0.075982086360454559 0.55555558204650879
      vertex 0.19631604850292206 0.038210097700357437 0.55555558204650879
      vertex 0.19631604850292206 0.038210097700357437 0.3333333432674408
    endloop
  endfacet
  facet normal 0.95796716993482189 0.28687785088268503 0
    outer loop
      vertex 0.18500465154647827 0.075982086360454559 0.55555558204650879
      vertex 0.19631604850292206 0.038210097700357437 0.3333333432674408
      vertex 0.18500465154647827 0.075982086360454559 0.3333333432674408
    endloop
  endfacet
  facet normal 0.97110374692765311 0.2386577312870308 0
    outer loop
      vertex 0.19166399538516998 0.057139407843351364 0.77777779102325439
      vertex 0.19631604850292206 0.038210097700357437 0.77777779102325439
      vertex 0.19631604850292206 0.038210097700357437 0.55555558204650879
    endloop
  endfacet
  facet normal 0.94284911945297556 0.33321995430458318 -0
    outer loop
      vertex 0.18500465154647827 0.075982086360454559 0.55555558204650879
      vertex 0.18500465154647827 0.075982086360454559 0.77777779102325439
      vertex 0.19166399538516998 0.057139407843351364 0.77777779102325439
    endloop
  endfacet
  facet normal 0.95795797062195098 0.28687509600841704 -0.0043824436145313405
    outer loop
      vertex 0.19631604850292206 0.038210097700357437 0.55555558204650879
      vertex 0.18500465154647827 0.075982086360454559 0.55555558204650879
      vertex 0.19166399538516998 0.057139407843351364 0.77777779102325439
    endloop
  endfacet
  facet normal 0.97110374692765311 0.2386577312870308 0
    outer loop
      vertex 0.19166399538516998 0.057139407843351364 0.8888888955116272
      vertex 0.19631604850292206 0.038210097700357437 0.8888888955116272
      vertex 0.19631604850292206 0.038210097700357437 0.77777779102325439
    endloop
  endfacet
  facet normal 0.97110374692765311 0.2386577312870308 -0
    outer loop
      vertex 0.19166399538516998 0.057139407843351364 0.8888888955116272
      vertex 0.19631604850292206 0.038210097700357437 0.77777779102325439
      vertex 0.19166399538516998 0.057139407843351364 0.77777779102325439
    endloop
  endfacet
  facet normal 0.94284911945297556 0.33321995430458318 0
    outer loop
      vertex 0.18500465154647827 0.075982086360454559 0.8888888955116272
      vertex 0.19166399538516998 0.057139407843351364 0.8888888955116272
      vertex 0.19166399538516998 0.057139407843351364 0.77777779102325439
    endloop
  endfacet
  facet normal 0.94284911945297556 0.33321995430458318 0
    outer loop
      vertex 0.18500465154647827 0.075982086360454559 0.8888888955116272
      vertex 0.19166399538516998 0.057139407843351364 0.77777779102325439
      vertex 0.18500465154647827 0.075982086360454559 0.77777779102325439
    endloop
  endfacet
  facet normal 0.857202839126466 0.51497892441684068 0
    outer loop
      vertex 0.16597452759742737 0.11159056425094604 -0.77777779102325439
      vertex 0.17646200954914093 0.094133734703063965 -0.77777779102325439
      vertex 0.17646200954914093 0.094133734703063965 -0.8888888955116272
    endloop
  endfacet
  facet normal 0.857202839126466 0.51497892441684068 -0
    outer loop
      vertex 0.16597452759742737 0.11159056425094604 -0.77777779102325439
      vertex 0.17646200954914093 0.094133734703063965 -0.8888888955116272
      vertex 0.16597452759742737 0.11159056425094604 -0.8888888955116272
    endloop
  endfacet
  facet normal 0.90480545379514399 0.42582518805557235 0
    outer loop
      vertex 0.17646200954914093 0.094133734703063965 -0.77777779102325439
      vertex 0.18500465154647827 0.075982086360454559 -0.77777779102325439
      vertex 0.18500465154647827 0.075982086360454559 -0.8888888955116272
    endloop
  endfacet
  facet normal 0.90480545379514399 0.42582518805557235 0
    outer loop
      vertex 0.17646200954914093 0.094133734703063965 -0.77777779102325439
      vertex 0.18500465154647827 0.075982086360454559 -0.8888888955116272
      vertex 0.17646200954914093 0.094133734703063965 -0.8888888955116272
    endloop
  endfacet
  facet normal 0.857202839126466 0.51497892441684068 -0
    outer loop
      vertex 0.17646200954914093 0.094133734703063965 -0.77777779102325439
      vertex 0.16597452759742737 0.11159056425094604 -0.77777779102325439
      vertex 0.16597452759742737 0.11159056425094604 -0.55555558204650879
    endloop
  endfacet
  facet normal 0.90480545379514399 0.42582518805557235 0
    outer loop
      vertex 0.18500465154647827 0.075982086360454559 -0.55555558204650879
      vertex 0.18500465154647827 0.075982086360454559 -0.77777779102325439
      vertex 0.17646200954914093 0.094133734703063965 -0.77777779102325439
    endloop
  endfacet
  facet normal 0.88194287917225433 0.47133388734688125 0.0045961414068790623
    outer loop
      vertex 0.16597452759742737 0.11159056425094604 -0.55555558204650879
      vertex 0.18500465154647827 0.075982086360454559 -0.55555558204650879
      vertex 0.17646200954914093 0.094133734703063965 -0.77777779102325439
    endloop
  endfacet
  facet normal 0.8819521946279999 0.47133886577583922 0
    outer loop
      vertex 0.16597452759742737 0.11159056425094604 -0.3333333432674408
      vertex 0.18500465154647827 0.075982086360454559 -0.3333333432674408
      vertex 0.18500465154647827 0.075982086360454559 -0.55555558204650879
    endloop
  endfacet
  facet normal 0.8819521946279999 0.47133886577583922 -0
    outer loop
      vertex 0.16597452759742737 0.11159056425094604 -0.3333333432674408
      vertex 0.18500465154647827 0.075982086360454559 -0.55555558204650879
      vertex 0.16597452759742737 0.11159056425094604 -0.55555558204650879
    endloop
  endfacet
  facet normal 0.8819521946279999 0.47133886577583922 0
    outer loop
      vertex 0.16597452759742737 0.11159056425094604 -0.1111111119389534
      vertex 0.18500465154647827 0.075982086360454559 -0.1111111119389534
      vertex 0.18500465154647827 0.075982086360454559 -0.3333333432674408
    endloop
  endfacet
  facet normal 0.8819521946279999 0.47133886577583917 -0
    outer loop
      vertex 0.16597452759742737 0.11159056425094604 -0.1111111119389534
      vertex 0.18500465154647827 0.075982086360454559 -0.3333333432674408
      vertex 0.16597452759742737 0.11159056425094604 -0.3333333432674408
    endloop
  endfacet
  facet normal 0.8819521946279999 0.47133886577583922 0
    outer loop
      vertex 0.16597452759742737 0.11159056425094604 0.1111111119389534
      vertex 0.18500465154647827 0.075982086360454559 0.1111111119389534
      vertex 0.18500465154647827 0.075982086360454559 -0.1111111119389534
    endloop
  endfacet
  facet normal 0.8819521946279999 0.47133886577583922 0
    outer loop
      vertex 0.16597452759742737 0.11159056425094604 0.1111111119389534
      vertex 0.18500465154647827 0.075982086360454559 -0.1111111119389534
      vertex 0.16597452759742737 0.11159056425094604 -0.1111111119389534
    endloop
  endfacet
  facet normal 0.8819521946279999 0.47133886577583922 0
    outer loop
      vertex 0.16597452759742737 0.11159056425094604 0.3333333432674408
      vertex 0.18500465154647827 0.075982086360454559 0.3333333432674408
      vertex 0.18500465154647827 0.075982086360454559 0.1111111119389534
    endloop
  endfacet
  facet normal 0.8819521946279999 0.47133886577583917 -0
    outer loop
      vertex 0.16597452759742737 0.11159056425094604 0.3333333432674408
      vertex 0.18500465154647827 0.075982086360454559 0.1111111119389534
      vertex 0.16597452759742737 0.11159056425094604 0.1111111119389534
    endloop
  endfacet
  facet normal 0.8819521946279999 0.47133886577583922 0
    outer loop
      vertex 0.16597452759742737 0.11159056425094604 0.55555558204650879
      vertex 0.18500465154647827 0.075982086360454559 0.55555558204650879
      vertex 0.18500465154647827 0.075982086360454559 0.3333333432674408
    endloop
  endfacet
  facet normal 0.8819521946279999 0.47133886577583922 -0
    outer loop
      vertex 0.16597452759742737 0.11159056425094604 0.55555558204650879
      vertex 0.18500465154647827 0.075982086360454559 0.3333333432674408
      vertex 0.16597452759742737 0.11159056425094604 0.3333333432674408
    endloop
  endfacet
  facet normal 0.90480545379514399 0.42582518805557235 0
    outer loop
      vertex 0.17646200954914093 0.094133734703063965 0.77777779102325439
      vertex 0.18500465154647827 0.075982086360454559 0.77777779102325439
      vertex 0.18500465154647827 0.075982086360454559 0.55555558204650879
    endloop
  endfacet
  facet normal 0.857202839126466 0.51497892441684068 -0
    outer loop
      vertex 0.16597452759742737 0.11159056425094604 0.55555558204650879
      vertex 0.16597452759742737 0.11159056425094604 0.77777779102325439
      vertex 0.17646200954914093 0.094133734703063965 0.77777779102325439
    endloop
  endfacet
  facet normal 0.88194287917225433 0.47133388734688125 -0.0045961414068790623
    outer loop
      vertex 0.18500465154647827 0.075982086360454559 0.55555558204650879
      vertex 0.16597452759742737 0.11159056425094604 0.55555558204650879
      vertex 0.17646200954914093 0.094133734703063965 0.77777779102325439
    endloop
  endfacet
  facet normal 0.90480545379514399 0.42582518805557235 0
    outer loop
      vertex 0.17646200954914093 0.094133734703063965 0.8888888955116272
      vertex 0.18500465154647827 0.075982086360454559 0.8888888955116272
      vertex 0.18500465154647827 0.075982086360454559 0.77777779102325439
    endloop
  endfacet
  facet normal 0.90480545379514399 0.42582518805557235 0
    outer loop
      vertex 0.17646200954914093 0.094133734703063965 0.8888888955116272
      vertex 0.18500465154647827 0.075982086360454559 0.77777779102325439
      vertex 0.17646200954914093 0.094133734703063965 0.77777779102325439
    endloop
  endfacet
  facet normal 0.857202839126466 0.51497892441684068 0
    outer loop
      vertex 0.16597452759742737 0.11159056425094604 0.8888888955116272
      vertex 0.17646200954914093 0.094133734703063965 0.8888888955116272
      vertex 0.17646200954914093 0.094133734703063965 0.77777779102325439
    endloop
  endfacet
  facet normal 0.857202839126466 0.51497892441684068 -0
    outer loop
      vertex 0.16597452759742737 0.11159056425094604 0.8888888955116272
      vertex 0.17646200954914093 0.094133734703063965 0.77777779102325439
      vertex 0.16597452759742737 0.11159056425094604 0.77777779102325439
    endloop
  endfacet
  facet normal 0.76877998240330148 0.63951336081115562 0
    outer loop
      vertex 0.13994072377681732 0.14288665354251862 -0.55555558204650879
      vertex 0.16597452759742737 0.11159056425094604 -0.55555558204650879
      vertex 0.16597452759742737 0.11159056425094604 -0.77777779102325439
    endloop
  endfacet
  facet normal 0.76877998240330148 0.63951336081115562 0
    outer loop
      vertex 0.13994072377681732 0.14288665354251862 -0.55555558204650879
      vertex 0.16597452759742737 0.11159056425094604 -0.77777779102325439
      vertex 0.13994072377681732 0.14288665354251862 -0.77777779102325439
    endloop
  endfacet
  facet normal 0.76877998240330148 0.63951336081115562 0
    outer loop
      vertex 0.13994072377681732 0.14288665354251862 -0.3333333432674408
      vertex 0.16597452759742737 0.11159056425094604 -0.3333333432674408
      vertex 0.16597452759742737 0.11159056425094604 -0.55555558204650879
    endloop
  endfacet
  facet normal 0.76877998240330148 0.63951336081115562 0
    outer loop
      vertex 0.13994072377681732 0.14288665354251862 -0.3333333432674408
      vertex 0.16597452759742737 0.11159056425094604 -0.55555558204650879
      vertex 0.13994072377681732 0.14288665354251862 -0.55555558204650879
    endloop
  endfacet
  facet normal 0.76877998240330148 0.63951336081115562 0
    outer loop
      vertex 0.13994072377681732 0.14288665354251862 -0.1111111119389534
      vertex 0.16597452759742737 0.11159056425094604 -0.1111111119389534
      vertex 0.16597452759742737 0.11159056425094604 -0.3333333432674408
    endloop
  endfacet
  facet normal 0.76877998240330159 0.63951336081115573 -0
    outer loop
      vertex 0.13994072377681732 0.14288665354251862 -0.1111111119389534
      vertex 0.16597452759742737 0.11159056425094604 -0.3333333432674408
      vertex 0.13994072377681732 0.14288665354251862 -0.3333333432674408
    endloop
  endfacet
  facet normal 0.76877998240330148 0.63951336081115562 0
    outer loop
      vertex 0.13994072377681732 0.14288665354251862 0.1111111119389534
      vertex 0.16597452759742737 0.11159056425094604 0.1111111119389534
      vertex 0.16597452759742737 0.11159056425094604 -0.1111111119389534
    endloop
  endfacet
  facet normal 0.76877998240330148 0.63951336081115562 0
    outer loop
      vertex 0.13994072377681732 0.14288665354251862 0.1111111119389534
      vertex 0.16597452759742737 0.11159056425094604 -0.1111111119389534
      vertex 0.13994072377681732 0.14288665354251862 -0.1111111119389534
    endloop
  endfacet
  facet normal 0.76877998240330148 0.63951336081115562 0
    outer loop
      vertex 0.13994072377681732 0.14288665354251862 0.3333333432674408
      vertex 0.16597452759742737 0.11159056425094604 0.3333333432674408
      vertex 0.16597452759742737 0.11159056425094604 0.1111111119389534
    endloop
  endfacet
  facet normal 0.76877998240330159 0.63951336081115573 -0
    outer loop
      vertex 0.13994072377681732 0.14288665354251862 0.3333333432674408
      vertex 0.16597452759742737 0.11159056425094604 0.1111111119389534
      vertex 0.13994072377681732 0.14288665354251862 0.1111111119389534
    endloop
  endfacet
  facet normal 0.76877998240330148 0.63951336081115562 0
    outer loop
      vertex 0.13994072377681732 0.14288665354251862 0.55555558204650879
      vertex 0.16597452759742737 0.11159056425094604 0.55555558204650879
      vertex 0.16597452759742737 0.11159056425094604 0.3333333432674408
    endloop
  endfacet
  facet normal 0.76877998240330148 0.63951336081115562 0
    outer loop
      vertex 0.13994072377681732 0.14288665354251862 0.55555558204650879
      vertex 0.16597452759742737 0.11159056425094604 0.3333333432674408
      vertex 0.13994072377681732 0.14288665354251862 0.3333333432674408
    endloop
  endfacet
  facet normal 0.76877998240330148 0.63951336081115562 0
    outer loop
      vertex 0.13994072377681732 0.14288665354251862 0.77777779102325439
      vertex 0.16597452759742737 0.11159056425094604 0.77777779102325439
      vertex 0.16597452759742737 0.11159056425094604 0.55555558204650879
    endloop
  endfacet
  facet normal 0.76877998240330148 0.63951336081115562 0
    outer loop
      vertex 0.13994072377681732 0.14288665354251862 0.77777779102325439
      vertex 0.16597452759742737 0.11159056425094604 0.55555558204650879
      vertex 0.13994072377681732 0.14288665354251862 0.55555558204650879
    endloop
  endfacet
  facet normal 0.5827230987602352 0.81267077600420023 0
    outer loop
      vertex 0.10814540833234787 0.16823962330818176 -0.77777779102325439
      vertex 0.1246434673666954 0.15640974044799805 -0.77777779102325439
      vertex 0.1246434673666954 0.15640974044799805 -0.8888888955116272
    endloop
  endfacet
  facet normal 0.5827230987602352 0.81267077600420023 -0
    outer loop
      vertex 0.10814540833234787 0.16823962330818176 -0.77777779102325439
      vertex 0.1246434673666954 0.15640974044799805 -0.8888888955116272
      vertex 0.10814540833234787 0.16823962330818176 -0.8888888955116272
    endloop
  endfacet
  facet normal 0.6623237732600431 0.74921773829413485 0
    outer loop
      vertex 0.1246434673666954 0.15640974044799805 -0.77777779102325439
      vertex 0.13994072377681732 0.14288665354251862 -0.77777779102325439
      vertex 0.13994072377681732 0.14288665354251862 -0.8888888955116272
    endloop
  endfacet
  facet normal 0.66232377326004332 0.74921773829413507 0
    outer loop
      vertex 0.1246434673666954 0.15640974044799805 -0.77777779102325439
      vertex 0.13994072377681732 0.14288665354251862 -0.8888888955116272
      vertex 0.1246434673666954 0.15640974044799805 -0.8888888955116272
    endloop
  endfacet
  facet normal 0.5827230987602352 0.81267077600420023 -0
    outer loop
      vertex 0.1246434673666954 0.15640974044799805 -0.77777779102325439
      vertex 0.10814540833234787 0.16823962330818176 -0.77777779102325439
      vertex 0.10814540833234787 0.16823962330818176 -0.55555558204650879
    endloop
  endfacet
  facet normal 0.6623237732600431 0.74921773829413485 0
    outer loop
      vertex 0.13994072377681732 0.14288665354251862 -0.55555558204650879
      vertex 0.13994072377681732 0.14288665354251862 -0.77777779102325439
      vertex 0.1246434673666954 0.15640974044799805 -0.77777779102325439
    endloop
  endfacet
  facet normal 0.62343870756618691 0.78185832076389772 0.0046630634201636524
    outer loop
      vertex 0.10814540833234787 0.16823962330818176 -0.55555558204650879
      vertex 0.13994072377681732 0.14288665354251862 -0.55555558204650879
      vertex 0.1246434673666954 0.15640974044799805 -0.77777779102325439
    endloop
  endfacet
  facet normal 0.62344548575237391 0.78186682132891827 0
    outer loop
      vertex 0.10814540833234787 0.16823962330818176 -0.3333333432674408
      vertex 0.13994072377681732 0.14288665354251862 -0.3333333432674408
      vertex 0.13994072377681732 0.14288665354251862 -0.55555558204650879
    endloop
  endfacet
  facet normal 0.62344548575237391 0.78186682132891827 0
    outer loop
      vertex 0.10814540833234787 0.16823962330818176 -0.3333333432674408
      vertex 0.13994072377681732 0.14288665354251862 -0.55555558204650879
      vertex 0.10814540833234787 0.16823962330818176 -0.55555558204650879
    endloop
  endfacet
  facet normal 0.62344548575237391 0.78186682132891827 0
    outer loop
      vertex 0.10814540833234787 0.16823962330818176 -0.1111111119389534
      vertex 0.13994072377681732 0.14288665354251862 -0.1111111119389534
      vertex 0.13994072377681732 0.14288665354251862 -0.3333333432674408
    endloop
  endfacet
  facet normal 0.62344548575237391 0.78186682132891827 -1.0850581840373106e-17
    outer loop
      vertex 0.10814540833234787 0.16823962330818176 -0.1111111119389534
      vertex 0.13994072377681732 0.14288665354251862 -0.3333333432674408
      vertex 0.10814540833234787 0.16823962330818176 -0.3333333432674408
    endloop
  endfacet
  facet normal 0.62344548575237391 0.78186682132891827 0
    outer loop
      vertex 0.10814540833234787 0.16823962330818176 0.1111111119389534
      vertex 0.13994072377681732 0.14288665354251862 0.1111111119389534
      vertex 0.13994072377681732 0.14288665354251862 -0.1111111119389534
    endloop
  endfacet
  facet normal 0.62344548575237391 0.78186682132891827 0
    outer loop
      vertex 0.10814540833234787 0.16823962330818176 0.1111111119389534
      vertex 0.13994072377681732 0.14288665354251862 -0.1111111119389534
      vertex 0.10814540833234787 0.16823962330818176 -0.1111111119389534
    endloop
  endfacet
  facet normal 0.62344548575237391 0.78186682132891827 0
    outer loop
      vertex 0.10814540833234787 0.16823962330818176 0.3333333432674408
      vertex 0.13994072377681732 0.14288665354251862 0.3333333432674408
      vertex 0.13994072377681732 0.14288665354251862 0.1111111119389534
    endloop
  endfacet
  facet normal 0.62344548575237391 0.78186682132891827 -1.0850581840373106e-17
    outer loop
      vertex 0.10814540833234787 0.16823962330818176 0.3333333432674408
      vertex 0.13994072377681732 0.14288665354251862 0.1111111119389534
      vertex 0.10814540833234787 0.16823962330818176 0.1111111119389534
    endloop
  endfacet
  facet normal 0.62344548575237391 0.78186682132891827 0
    outer loop
      vertex 0.10814540833234787 0.16823962330818176 0.55555558204650879
      vertex 0.13994072377681732 0.14288665354251862 0.55555558204650879
      vertex 0.13994072377681732 0.14288665354251862 0.3333333432674408
    endloop
  endfacet
  facet normal 0.62344548575237391 0.78186682132891827 0
    outer loop
      vertex 0.10814540833234787 0.16823962330818176 0.55555558204650879
      vertex 0.13994072377681732 0.14288665354251862 0.3333333432674408
      vertex 0.10814540833234787 0.16823962330818176 0.3333333432674408
    endloop
  endfacet
  facet normal 0.6623237732600431 0.74921773829413485 0
    outer loop
      vertex 0.1246434673666954 0.15640974044799805 0.77777779102325439
      vertex 0.13994072377681732 0.14288665354251862 0.77777779102325439
      vertex 0.13994072377681732 0.14288665354251862 0.55555558204650879
    endloop
  endfacet
  facet normal 0.5827230987602352 0.81267077600420023 -0
    outer loop
      vertex 0.10814540833234787 0.16823962330818176 0.55555558204650879
      vertex 0.10814540833234787 0.16823962330818176 0.77777779102325439
      vertex 0.1246434673666954 0.15640974044799805 0.77777779102325439
    endloop
  endfacet
  facet normal 0.62343870756618691 0.78185832076389772 -0.0046630634201636541
    outer loop
      vertex 0.13994072377681732 0.14288665354251862 0.55555558204650879
      vertex 0.10814540833234787 0.16823962330818176 0.55555558204650879
      vertex 0.1246434673666954 0.15640974044799805 0.77777779102325439
    endloop
  endfacet
  facet normal 0.6623237732600431 0.74921773829413485 0
    outer loop
      vertex 0.1246434673666954 0.15640974044799805 0.8888888955116272
      vertex 0.13994072377681732 0.14288665354251862 0.8888888955116272
      vertex 0.13994072377681732 0.14288665354251862 0.77777779102325439
    endloop
  endfacet
  facet normal 0.66232377326004332 0.74921773829413507 0
    outer loop
      vertex 0.1246434673666954 0.15640974044799805 0.8888888955116272
      vertex 0.13994072377681732 0.14288665354251862 0.77777779102325439
      vertex 0.1246434673666954 0.15640974044799805 0.77777779102325439
    endloop
  endfacet
  facet normal 0.5827230987602352 0.81267077600420023 0
    outer loop
      vertex 0.10814540833234787 0.16823962330818176 0.8888888955116272
      vertex 0.1246434673666954 0.15640974044799805 0.8888888955116272
      vertex 0.1246434673666954 0.15640974044799805 0.77777779102325439
    endloop
  endfacet
  facet normal 0.5827230987602352 0.81267077600420023 -0
    outer loop
      vertex 0.10814540833234787 0.16823962330818176 0.8888888955116272
      vertex 0.1246434673666954 0.15640974044799805 0.77777779102325439
      vertex 0.10814540833234787 0.16823962330818176 0.77777779102325439
    endloop
  endfacet
  facet normal 0.40904503879530801 0.91251419508791465 0
    outer loop
      vertex 0.072689898312091827 0.18632277846336365 -0.77777779102325439
      vertex 0.090728364884853363 0.17823682725429535 -0.77777779102325439
      vertex 0.090728364884853363 0.17823682725429535 -0.8888888955116272
    endloop
  endfacet
  facet normal 0.40904503879530801 0.91251419508791465 0
    outer loop
      vertex 0.072689898312091827 0.18632277846336365 -0.77777779102325439
      vertex 0.090728364884853363 0.17823682725429535 -0.8888888955116272
      vertex 0.072689898312091827 0.18632277846336365 -0.8888888955116272
    endloop
  endfacet
  facet normal 0.49781249466611954 0.8672846823012007 0
    outer loop
      vertex 0.090728364884853363 0.17823682725429535 -0.77777779102325439
      vertex 0.10814540833234787 0.16823962330818176 -0.77777779102325439
      vertex 0.10814540833234787 0.16823962330818176 -0.8888888955116272
    endloop
  endfacet
  facet normal 0.49781249466611954 0.8672846823012007 0
    outer loop
      vertex 0.090728364884853363 0.17823682725429535 -0.77777779102325439
      vertex 0.10814540833234787 0.16823962330818176 -0.8888888955116272
      vertex 0.090728364884853363 0.17823682725429535 -0.8888888955116272
    endloop
  endfacet
  facet normal 0.40904503879530801 0.91251419508791465 -0
    outer loop
      vertex 0.090728364884853363 0.17823682725429535 -0.77777779102325439
      vertex 0.072689898312091827 0.18632277846336365 -0.77777779102325439
      vertex 0.072689898312091827 0.18632277846336365 -0.55555558204650879
    endloop
  endfacet
  facet normal 0.49781249466611954 0.8672846823012007 0
    outer loop
      vertex 0.10814540833234787 0.16823962330818176 -0.55555558204650879
      vertex 0.10814540833234787 0.16823962330818176 -0.77777779102325439
      vertex 0.090728364884853363 0.17823682725429535 -0.77777779102325439
    endloop
  endfacet
  facet normal 0.4543384009986724 0.89081797899518778 0.0044660583178903496
    outer loop
      vertex 0.072689898312091827 0.18632277846336365 -0.55555558204650879
      vertex 0.10814540833234787 0.16823962330818176 -0.55555558204650879
      vertex 0.090728364884853363 0.17823682725429535 -0.77777779102325439
    endloop
  endfacet
  facet normal 0.45434293210992899 0.89082686311187997 0
    outer loop
      vertex 0.072689898312091827 0.18632277846336365 -0.3333333432674408
      vertex 0.10814540833234787 0.16823962330818176 -0.3333333432674408
      vertex 0.10814540833234787 0.16823962330818176 -0.55555558204650879
    endloop
  endfacet
  facet normal 0.45434293210992899 0.89082686311187997 -0
    outer loop
      vertex 0.072689898312091827 0.18632277846336365 -0.3333333432674408
      vertex 0.10814540833234787 0.16823962330818176 -0.55555558204650879
      vertex 0.072689898312091827 0.18632277846336365 -0.55555558204650879
    endloop
  endfacet
  facet normal 0.45434293210992904 0.89082686311187997 0
    outer loop
      vertex 0.072689898312091827 0.18632277846336365 -0.1111111119389534
      vertex 0.10814540833234787 0.16823962330818176 -0.1111111119389534
      vertex 0.10814540833234787 0.16823962330818176 -0.3333333432674408
    endloop
  endfacet
  facet normal 0.45434293210992904 0.89082686311187997 -0
    outer loop
      vertex 0.072689898312091827 0.18632277846336365 -0.1111111119389534
      vertex 0.10814540833234787 0.16823962330818176 -0.3333333432674408
      vertex 0.072689898312091827 0.18632277846336365 -0.3333333432674408
    endloop
  endfacet
  facet normal 0.45434293210992904 0.89082686311187997 0
    outer loop
      vertex 0.072689898312091827 0.18632277846336365 0.1111111119389534
      vertex 0.10814540833234787 0.16823962330818176 0.1111111119389534
      vertex 0.10814540833234787 0.16823962330818176 -0.1111111119389534
    endloop
  endfacet
  facet normal 0.45434293210992904 0.89082686311187997 -0
    outer loop
      vertex 0.072689898312091827 0.18632277846336365 0.1111111119389534
      vertex 0.10814540833234787 0.16823962330818176 -0.1111111119389534
      vertex 0.072689898312091827 0.18632277846336365 -0.1111111119389534
    endloop
  endfacet
  facet normal 0.45434293210992904 0.89082686311187997 0
    outer loop
      vertex 0.072689898312091827 0.18632277846336365 0.3333333432674408
      vertex 0.10814540833234787 0.16823962330818176 0.3333333432674408
      vertex 0.10814540833234787 0.16823962330818176 0.1111111119389534
    endloop
  endfacet
  facet normal 0.45434293210992904 0.89082686311187997 -0
    outer loop
      vertex 0.072689898312091827 0.18632277846336365 0.3333333432674408
      vertex 0.10814540833234787 0.16823962330818176 0.1111111119389534
      vertex 0.072689898312091827 0.18632277846336365 0.1111111119389534
    endloop
  endfacet
  facet normal 0.45434293210992899 0.89082686311187997 0
    outer loop
      vertex 0.072689898312091827 0.18632277846336365 0.55555558204650879
      vertex 0.10814540833234787 0.16823962330818176 0.55555558204650879
      vertex 0.10814540833234787 0.16823962330818176 0.3333333432674408
    endloop
  endfacet
  facet normal 0.45434293210992899 0.89082686311187997 -0
    outer loop
      vertex 0.072689898312091827 0.18632277846336365 0.55555558204650879
      vertex 0.10814540833234787 0.16823962330818176 0.3333333432674408
      vertex 0.072689898312091827 0.18632277846336365 0.3333333432674408
    endloop
  endfacet
  facet normal 0.49781249466611954 0.8672846823012007 0
    outer loop
      vertex 0.090728364884853363 0.17823682725429535 0.77777779102325439
      vertex 0.10814540833234787 0.16823962330818176 0.77777779102325439
      vertex 0.10814540833234787 0.16823962330818176 0.55555558204650879
    endloop
  endfacet
  facet normal 0.40904503879530801 0.91251419508791465 -0
    outer loop
      vertex 0.072689898312091827 0.18632277846336365 0.55555558204650879
      vertex 0.072689898312091827 0.18632277846336365 0.77777779102325439
      vertex 0.090728364884853363 0.17823682725429535 0.77777779102325439
    endloop
  endfacet
  facet normal 0.4543384009986724 0.89081797899518766 -0.0044660583178903488
    outer loop
      vertex 0.10814540833234787 0.16823962330818176 0.55555558204650879
      vertex 0.072689898312091827 0.18632277846336365 0.55555558204650879
      vertex 0.090728364884853363 0.17823682725429535 0.77777779102325439
    endloop
  endfacet
  facet normal 0.49781249466611954 0.8672846823012007 0
    outer loop
      vertex 0.090728364884853363 0.17823682725429535 0.8888888955116272
      vertex 0.10814540833234787 0.16823962330818176 0.8888888955116272
      vertex 0.10814540833234787 0.16823962330818176 0.77777779102325439
    endloop
  endfacet
  facet normal 0.49781249466611954 0.8672846823012007 0
    outer loop
      vertex 0.090728364884853363 0.17823682725429535 0.8888888955116272
      vertex 0.10814540833234787 0.16823962330818176 0.77777779102325439
      vertex 0.090728364884853363 0.17823682725429535 0.77777779102325439
    endloop
  endfacet
  facet normal 0.40904503879530801 0.91251419508791465 0
    outer loop
      vertex 0.072689898312091827 0.18632277846336365 0.8888888955116272
      vertex 0.090728364884853363 0.17823682725429535 0.8888888955116272
      vertex 0.090728364884853363 0.17823682725429535 0.77777779102325439
    endloop
  endfacet
  facet normal 0.40904503879530801 0.91251419508791465 0
    outer loop
      vertex 0.072689898312091827 0.18632277846336365 0.8888888955116272
      vertex 0.090728364884853363 0.17823682725429535 0.77777779102325439
      vertex 0.072689898312091827 0.18632277846336365 0.77777779102325439
    endloop
  endfacet
  facet normal 0.22588616415790785 0.97415370493676556 0
    outer loop
      vertex 0.035925660282373428 0.19674691557884216 -0.77777779102325439
      vertex 0.05432775616645813 0.19247984886169434 -0.77777779102325439
      vertex 0.05432775616645813 0.19247984886169434 -0.8888888955116272
    endloop
  endfacet
  facet normal 0.22588616415790785 0.97415370493676556 -0
    outer loop
      vertex 0.035925660282373428 0.19674691557884216 -0.77777779102325439
      vertex 0.05432775616645813 0.19247984886169434 -0.8888888955116272
      vertex 0.035925660282373428 0.19674691557884216 -0.8888888955116272
    endloop
  endfacet
  facet normal 0.31791677978057464 0.94811862186856632 0
    outer loop
      vertex 0.05432775616645813 0.19247984886169434 -0.77777779102325439
      vertex 0.072689898312091827 0.18632277846336365 -0.77777779102325439
      vertex 0.072689898312091827 0.18632277846336365 -0.8888888955116272
    endloop
  endfacet
  facet normal 0.31791677978057464 0.94811862186856632 0
    outer loop
      vertex 0.05432775616645813 0.19247984886169434 -0.77777779102325439
      vertex 0.072689898312091827 0.18632277846336365 -0.8888888955116272
      vertex 0.05432775616645813 0.19247984886169434 -0.8888888955116272
    endloop
  endfacet
  facet normal 0.22588616415790785 0.97415370493676556 -0
    outer loop
      vertex 0.05432775616645813 0.19247984886169434 -0.77777779102325439
      vertex 0.035925660282373428 0.19674691557884216 -0.77777779102325439
      vertex 0.035925660282373428 0.19674691557884216 -0.55555558204650879
    endloop
  endfacet
  facet normal 0.31791677978057464 0.94811862186856632 0
    outer loop
      vertex 0.072689898312091827 0.18632277846336365 -0.55555558204650879
      vertex 0.072689898312091827 0.18632277846336365 -0.77777779102325439
      vertex 0.05432775616645813 0.19247984886169434 -0.77777779102325439
    endloop
  endfacet
  facet normal 0.2727844330920195 0.96206637709182075 0.0041157176876287834
    outer loop
      vertex 0.035925660282373428 0.19674691557884216 -0.55555558204650879
      vertex 0.072689898312091827 0.18632277846336365 -0.55555558204650879
      vertex 0.05432775616645813 0.19247984886169434 -0.77777779102325439
    endloop
  endfacet
  facet normal 0.27278674348714294 0.96207452548005845 0
    outer loop
      vertex 0.035925660282373428 0.19674691557884216 -0.3333333432674408
      vertex 0.072689898312091827 0.18632277846336365 -0.3333333432674408
      vertex 0.072689898312091827 0.18632277846336365 -0.55555558204650879
    endloop
  endfacet
  facet normal 0.27278674348714294 0.96207452548005845 -0
    outer loop
      vertex 0.035925660282373428 0.19674691557884216 -0.3333333432674408
      vertex 0.072689898312091827 0.18632277846336365 -0.55555558204650879
      vertex 0.035925660282373428 0.19674691557884216 -0.55555558204650879
    endloop
  endfacet
  facet normal 0.27278674348714294 0.96207452548005845 0
    outer loop
      vertex 0.035925660282373428 0.19674691557884216 -0.1111111119389534
      vertex 0.072689898312091827 0.18632277846336365 -0.1111111119389534
      vertex 0.072689898312091827 0.18632277846336365 -0.3333333432674408
    endloop
  endfacet
  facet normal 0.27278674348714294 0.96207452548005845 -0
    outer loop
      vertex 0.035925660282373428 0.19674691557884216 -0.1111111119389534
      vertex 0.072689898312091827 0.18632277846336365 -0.3333333432674408
      vertex 0.035925660282373428 0.19674691557884216 -0.3333333432674408
    endloop
  endfacet
  facet normal 0.27278674348714288 0.96207452548005834 0
    outer loop
      vertex 0.035925660282373428 0.19674691557884216 0.1111111119389534
      vertex 0.072689898312091827 0.18632277846336365 0.1111111119389534
      vertex 0.072689898312091827 0.18632277846336365 -0.1111111119389534
    endloop
  endfacet
  facet normal 0.27278674348714288 0.96207452548005834 0
    outer loop
      vertex 0.035925660282373428 0.19674691557884216 0.1111111119389534
      vertex 0.072689898312091827 0.18632277846336365 -0.1111111119389534
      vertex 0.035925660282373428 0.19674691557884216 -0.1111111119389534
    endloop
  endfacet
  facet normal 0.27278674348714294 0.96207452548005845 0
    outer loop
      vertex 0.035925660282373428 0.19674691557884216 0.3333333432674408
      vertex 0.072689898312091827 0.18632277846336365 0.3333333432674408
      vertex 0.072689898312091827 0.18632277846336365 0.1111111119389534
    endloop
  endfacet
  facet normal 0.27278674348714294 0.96207452548005845 -0
    outer loop
      vertex 0.035925660282373428 0.19674691557884216 0.3333333432674408
      vertex 0.072689898312091827 0.18632277846336365 0.1111111119389534
      vertex 0.035925660282373428 0.19674691557884216 0.1111111119389534
    endloop
  endfacet
  facet normal 0.27278674348714294 0.96207452548005845 0
    outer loop
      vertex 0.035925660282373428 0.19674691557884216 0.55555558204650879
      vertex 0.072689898312091827 0.18632277846336365 0.55555558204650879
      vertex 0.072689898312091827 0.18632277846336365 0.3333333432674408
    endloop
  endfacet
  facet normal 0.27278674348714294 0.96207452548005845 -0
    outer loop
      vertex 0.035925660282373428 0.19674691557884216 0.55555558204650879
      vertex 0.072689898312091827 0.18632277846336365 0.3333333432674408
      vertex 0.035925660282373428 0.19674691557884216 0.3333333432674408
    endloop
  endfacet
  facet normal 0.31791677978057464 0.94811862186856632 0
    outer loop
      vertex 0.05432775616645813 0.19247984886169434 0.77777779102325439
      vertex 0.072689898312091827 0.18632277846336365 0.77777779102325439
      vertex 0.072689898312091827 0.18632277846336365 0.55555558204650879
    endloop
  endfacet
  facet normal 0.22588616415790785 0.97415370493676556 -0
    outer loop
      vertex 0.035925660282373428 0.19674691557884216 0.55555558204650879
      vertex 0.035925660282373428 0.19674691557884216 0.77777779102325439
      vertex 0.05432775616645813 0.19247984886169434 0.77777779102325439
    endloop
  endfacet
  facet normal 0.2727844330920195 0.96206637709182075 -0.0041157176876287808
    outer loop
      vertex 0.072689898312091827 0.18632277846336365 0.55555558204650879
      vertex 0.035925660282373428 0.19674691557884216 0.55555558204650879
      vertex 0.05432775616645813 0.19247984886169434 0.77777779102325439
    endloop
  endfacet
  facet normal 0.31791677978057464 0.94811862186856632 0
    outer loop
      vertex 0.05432775616645813 0.19247984886169434 0.8888888955116272
      vertex 0.072689898312091827 0.18632277846336365 0.8888888955116272
      vertex 0.072689898312091827 0.18632277846336365 0.77777779102325439
    endloop
  endfacet
  facet normal 0.31791677978057464 0.94811862186856632 0
    outer loop
      vertex 0.05432775616645813 0.19247984886169434 0.8888888955116272
      vertex 0.072689898312091827 0.18632277846336365 0.77777779102325439
      vertex 0.05432775616645813 0.19247984886169434 0.77777779102325439
    endloop
  endfacet
  facet normal 0.22588616415790785 0.97415370493676556 0
    outer loop
      vertex 0.035925660282373428 0.19674691557884216 0.8888888955116272
      vertex 0.05432775616645813 0.19247984886169434 0.8888888955116272
      vertex 0.05432775616645813 0.19247984886169434 0.77777779102325439
    endloop
  endfacet
  facet normal 0.22588616415790785 0.97415370493676556 -0
    outer loop
      vertex 0.035925660282373428 0.19674691557884216 0.8888888955116272
      vertex 0.05432775616645813 0.19247984886169434 0.77777779102325439
      vertex 0.035925660282373428 0.19674691557884216 0.77777779102325439
    endloop
  endfacet
  facet normal 0.044398380520212145 0.9990139057126195 0
    outer loop
      vertex 1.2246467698671066e-17 0.20000000298023224 -0.77777779102325439
      vertex 0.017741695046424866 0.19921152293682098 -0.77777779102325439
      vertex 0.017741695046424866 0.19921152293682098 -0.8888888955116272
    endloop
  endfacet
  facet normal 0.044398380520212145 0.9990139057126195 0
    outer loop
      vertex 1.2246467698671066e-17 0.20000000298023224 -0.77777779102325439
      vertex 0.017741695046424866 0.19921152293682098 -0.8888888955116272
      vertex 1.2246467698671066e-17 0.20000000298023224 -0.8888888955116272
    endloop
  endfacet
  facet normal 0.13430935619166076 0.99093945165150299 0
    outer loop
      vertex 0.017741695046424866 0.19921152293682098 -0.77777779102325439
      vertex 0.035925660282373428 0.19674691557884216 -0.77777779102325439
      vertex 0.035925660282373428 0.19674691557884216 -0.8888888955116272
    endloop
  endfacet
  facet normal 0.13430935619166076 0.99093945165150299 0
    outer loop
      vertex 0.017741695046424866 0.19921152293682098 -0.77777779102325439
      vertex 0.035925660282373428 0.19674691557884216 -0.8888888955116272
      vertex 0.017741695046424866 0.19921152293682098 -0.8888888955116272
    endloop
  endfacet
  facet normal 0.044398380520212145 0.9990139057126195 -0
    outer loop
      vertex 0.017741695046424866 0.19921152293682098 -0.77777779102325439
      vertex 1.2246467698671066e-17 0.20000000298023224 -0.77777779102325439
      vertex 1.2246467698671066e-17 0.20000000298023224 -0.55555558204650879
    endloop
  endfacet
  facet normal 0.13430935619166076 0.99093945165150299 0
    outer loop
      vertex 0.035925660282373428 0.19674691557884216 -0.55555558204650879
      vertex 0.035925660282373428 0.19674691557884216 -0.77777779102325439
      vertex 0.017741695046424866 0.19921152293682098 -0.77777779102325439
    endloop
  endfacet
  facet normal 0.090180956528304351 0.99591864847865585 0.0036661549459208079
    outer loop
      vertex 1.2246467698671066e-17 0.20000000298023224 -0.55555558204650879
      vertex 0.035925660282373428 0.19674691557884216 -0.55555558204650879
      vertex 0.017741695046424866 0.19921152293682098 -0.77777779102325439
    endloop
  endfacet
  facet normal 0.090181562581648098 0.99592534146407374 0
    outer loop
      vertex 1.2246467698671066e-17 0.20000000298023224 -0.3333333432674408
      vertex 0.035925660282373428 0.19674691557884216 -0.3333333432674408
      vertex 0.035925660282373428 0.19674691557884216 -0.55555558204650879
    endloop
  endfacet
  facet normal 0.090181562581648098 0.99592534146407374 -0
    outer loop
      vertex 1.2246467698671066e-17 0.20000000298023224 -0.3333333432674408
      vertex 0.035925660282373428 0.19674691557884216 -0.55555558204650879
      vertex 1.2246467698671066e-17 0.20000000298023224 -0.55555558204650879
    endloop
  endfacet
  facet normal 0.090181562581648111 0.99592534146407385 0
    outer loop
      vertex 1.2246467698671066e-17 0.20000000298023224 -0.1111111119389534
      vertex 0.035925660282373428 0.19674691557884216 -0.1111111119389534
      vertex 0.035925660282373428 0.19674691557884216 -0.3333333432674408
    endloop
  endfacet
  facet normal 0.090181562581648111 0.99592534146407385 -0
    outer loop
      vertex 1.2246467698671066e-17 0.20000000298023224 -0.1111111119389534
      vertex 0.035925660282373428 0.19674691557884216 -0.3333333432674408
      vertex 1.2246467698671066e-17 0.20000000298023224 -0.3333333432674408
    endloop
  endfacet
  facet normal 0.090181562581648111 0.99592534146407385 0
    outer loop
      vertex 1.2246467698671066e-17 0.20000000298023224 0.1111111119389534
      vertex 0.035925660282373428 0.19674691557884216 0.1111111119389534
      vertex 0.035925660282373428 0.19674691557884216 -0.1111111119389534
    endloop
  endfacet
  facet normal 0.090181562581648111 0.99592534146407385 -0
    outer loop
      vertex 1.2246467698671066e-17 0.20000000298023224 0.1111111119389534
      vertex 0.035925660282373428 0.19674691557884216 -0.1111111119389534
      vertex 1.2246467698671066e-17 0.20000000298023224 -0.1111111119389534
    endloop
  endfacet
  facet normal 0.090181562581648111 0.99592534146407385 0
    outer loop
      vertex 1.2246467698671066e-17 0.20000000298023224 0.3333333432674408
      vertex 0.035925660282373428 0.19674691557884216 0.3333333432674408
      vertex 0.035925660282373428 0.19674691557884216 0.1111111119389534
    endloop
  endfacet
  facet normal 0.090181562581648111 0.99592534146407385 -0
    outer loop
      vertex 1.2246467698671066e-17 0.20000000298023224 0.3333333432674408
      vertex 0.035925660282373428 0.19674691557884216 0.1111111119389534
      vertex 1.2246467698671066e-17 0.20000000298023224 0.1111111119389534
    endloop
  endfacet
  facet normal 0.090181562581648098 0.99592534146407374 0
    outer loop
      vertex 1.2246467698671066e-17 0.20000000298023224 0.55555558204650879
      vertex 0.035925660282373428 0.19674691557884216 0.55555558204650879
      vertex 0.035925660282373428 0.19674691557884216 0.3333333432674408
    endloop
  endfacet
  facet normal 0.090181562581648098 0.99592534146407374 -0
    outer loop
      vertex 1.2246467698671066e-17 0.20000000298023224 0.55555558204650879
      vertex 0.035925660282373428 0.19674691557884216 0.3333333432674408
      vertex 1.2246467698671066e-17 0.20000000298023224 0.3333333432674408
    endloop
  endfacet
  facet normal 0.13430935619166076 0.99093945165150299 0
    outer loop
      vertex 0.017741695046424866 0.19921152293682098 0.77777779102325439
      vertex 0.035925660282373428 0.19674691557884216 0.77777779102325439
      vertex 0.035925660282373428 0.19674691557884216 0.55555558204650879
    endloop
  endfacet
  facet normal 0.044398380520212145 0.9990139057126195 -0
    outer loop
      vertex 1.2246467698671066e-17 0.20000000298023224 0.55555558204650879
      vertex 1.2246467698671066e-17 0.20000000298023224 0.77777779102325439
      vertex 0.017741695046424866 0.19921152293682098 0.77777779102325439
    endloop
  endfacet
  facet normal 0.090180956528304351 0.99591864847865585 -0.0036661549459208079
    outer loop
      vertex 0.035925660282373428 0.19674691557884216 0.55555558204650879
      vertex 1.2246467698671066e-17 0.20000000298023224 0.55555558204650879
      vertex 0.017741695046424866 0.19921152293682098 0.77777779102325439
    endloop
  endfacet
  facet normal 0.13430935619166076 0.99093945165150299 0
    outer loop
      vertex 0.017741695046424866 0.19921152293682098 0.8888888955116272
      vertex 0.035925660282373428 0.19674691557884216 0.8888888955116272
      vertex 0.035925660282373428 0.19674691557884216 0.77777779102325439
    endloop
  endfacet
  facet normal 0.13430935619166076 0.99093945165150299 0
    outer loop
      vertex 0.017741695046424866 0.19921152293682098 0.8888888955116272
      vertex 0.035925660282373428 0.19674691557884216 0.77777779102325439
      vertex 0.017741695046424866 0.19921152293682098 0.77777779102325439
    endloop
  endfacet
  facet normal 0.044398380520212145 0.9990139057126195 0
    outer loop
      vertex 1.2246467698671066e-17 0.20000000298023224 0.8888888955116272
      vertex 0.017741695046424866 0.19921152293682098 0.8888888955116272
      vertex 0.017741695046424866 0.19921152293682098 0.77777779102325439
    endloop
  endfacet
  facet normal 0.044398380520212145 0.9990139057126195 0
    outer loop
      vertex 1.2246467698671066e-17 0.20000000298023224 0.8888888955116272
      vertex 0.017741695046424866 0.19921152293682098 0.77777779102325439
      vertex 1.2246467698671066e-17 0.20000000298023224 0.77777779102325439
    endloop
  endfacet
  facet normal -0.14285319536930582 0.98974388837354232 0
    outer loop
      vertex -0.038210097700357437 0.19631604850292206 -0.77777779102325439
      vertex -0.018863009288907051 0.19910848140716553 -0.77777779102325439
      vertex -0.018863009288907051 0.19910848140716553 -0.8888888955116272
    endloop
  endfacet
  facet normal -0.14285319536930582 0.98974388837354232 0
    outer loop
      vertex -0.038210097700357437 0.19631604850292206 -0.77777779102325439
      vertex -0.018863009288907051 0.19910848140716553 -0.8888888955116272
      vertex -0.038210097700357437 0.19631604850292206 -0.8888888955116272
    endloop
  endfacet
  facet normal -0.047210256321197179 0.99888497420778488 0
    outer loop
      vertex -0.018863009288907051 0.19910848140716553 -0.77777779102325439
      vertex 1.2246467698671066e-17 0.20000000298023224 -0.77777779102325439
      vertex 1.2246467698671066e-17 0.20000000298023224 -0.8888888955116272
    endloop
  endfacet
  facet normal -0.047210256321197172 0.99888497420778477 0
    outer loop
      vertex -0.018863009288907051 0.19910848140716553 -0.77777779102325439
      vertex 1.2246467698671066e-17 0.20000000298023224 -0.8888888955116272
      vertex -0.018863009288907051 0.19910848140716553 -0.8888888955116272
    endloop
  endfacet
  facet normal -0.14285319536930582 0.98974388837354232 -0
    outer loop
      vertex -0.018863009288907051 0.19910848140716553 -0.77777779102325439
      vertex -0.038210097700357437 0.19631604850292206 -0.77777779102325439
      vertex -0.038210097700357437 0.19631604850292206 -0.55555558204650879
    endloop
  endfacet
  facet normal -0.047210256321197179 0.99888497420778488 0
    outer loop
      vertex 1.2246467698671066e-17 0.20000000298023224 -0.55555558204650879
      vertex 1.2246467698671066e-17 0.20000000298023224 -0.77777779102325439
      vertex -0.018863009288907051 0.19910848140716553 -0.77777779102325439
    endloop
  endfacet
  facet normal -0.095967282270863222 0.99537582621945053 0.0041527474628752642
    outer loop
      vertex -0.038210097700357437 0.19631604850292206 -0.55555558204650879
      vertex 1.2246467698671066e-17 0.20000000298023224 -0.55555558204650879
      vertex -0.018863009288907051 0.19910848140716553 -0.77777779102325439
    endloop
  endfacet
  facet normal -0.095968109774403995 0.99538440911354853 0
    outer loop
      vertex -0.038210097700357437 0.19631604850292206 -0.3333333432674408
      vertex 1.2246467698671066e-17 0.20000000298023224 -0.3333333432674408
      vertex 1.2246467698671066e-17 0.20000000298023224 -0.55555558204650879
    endloop
  endfacet
  facet normal -0.095968109774404009 0.99538440911354853 -3.4534334042211503e-18
    outer loop
      vertex -0.038210097700357437 0.19631604850292206 -0.3333333432674408
      vertex 1.2246467698671066e-17 0.20000000298023224 -0.55555558204650879
      vertex -0.038210097700357437 0.19631604850292206 -0.55555558204650879
    endloop
  endfacet
  facet normal -0.095968109774403995 0.99538440911354853 0
    outer loop
      vertex -0.038210097700357437 0.19631604850292206 -0.1111111119389534
      vertex 1.2246467698671066e-17 0.20000000298023224 -0.1111111119389534
      vertex 1.2246467698671066e-17 0.20000000298023224 -0.3333333432674408
    endloop
  endfacet
  facet normal -0.095968109774403995 0.99538440911354853 0
    outer loop
      vertex -0.038210097700357437 0.19631604850292206 -0.1111111119389534
      vertex 1.2246467698671066e-17 0.20000000298023224 -0.3333333432674408
      vertex -0.038210097700357437 0.19631604850292206 -0.3333333432674408
    endloop
  endfacet
  facet normal -0.095968109774403995 0.99538440911354842 0
    outer loop
      vertex -0.038210097700357437 0.19631604850292206 0.1111111119389534
      vertex 1.2246467698671066e-17 0.20000000298023224 0.1111111119389534
      vertex 1.2246467698671066e-17 0.20000000298023224 -0.1111111119389534
    endloop
  endfacet
  facet normal -0.095968109774403995 0.99538440911354842 0
    outer loop
      vertex -0.038210097700357437 0.19631604850292206 0.1111111119389534
      vertex 1.2246467698671066e-17 0.20000000298023224 -0.1111111119389534
      vertex -0.038210097700357437 0.19631604850292206 -0.1111111119389534
    endloop
  endfacet
  facet normal -0.095968109774403995 0.99538440911354853 0
    outer loop
      vertex -0.038210097700357437 0.19631604850292206 0.3333333432674408
      vertex 1.2246467698671066e-17 0.20000000298023224 0.3333333432674408
      vertex 1.2246467698671066e-17 0.20000000298023224 0.1111111119389534
    endloop
  endfacet
  facet normal -0.095968109774403995 0.99538440911354853 0
    outer loop
      vertex -0.038210097700357437 0.19631604850292206 0.3333333432674408
      vertex 1.2246467698671066e-17 0.20000000298023224 0.1111111119389534
      vertex -0.038210097700357437 0.19631604850292206 0.1111111119389534
    endloop
  endfacet
  facet normal -0.095968109774403995 0.99538440911354853 0
    outer loop
      vertex -0.038210097700357437 0.19631604850292206 0.55555558204650879
      vertex 1.2246467698671066e-17 0.20000000298023224 0.55555558204650879
      vertex 1.2246467698671066e-17 0.20000000298023224 0.3333333432674408
    endloop
  endfacet
  facet normal -0.095968109774404009 0.99538440911354853 -3.4534334042211503e-18
    outer loop
      vertex -0.038210097700357437 0.19631604850292206 0.55555558204650879
      vertex 1.2246467698671066e-17 0.20000000298023224 0.3333333432674408
      vertex -0.038210097700357437 0.19631604850292206 0.3333333432674408
    endloop
  endfacet
  facet normal -0.047210256321197179 0.99888497420778488 0
    outer loop
      vertex -0.018863009288907051 0.19910848140716553 0.77777779102325439
      vertex 1.2246467698671066e-17 0.20000000298023224 0.77777779102325439
      vertex 1.2246467698671066e-17 0.20000000298023224 0.55555558204650879
    endloop
  endfacet
  facet normal -0.14285319536930582 0.98974388837354232 -0
    outer loop
      vertex -0.038210097700357437 0.19631604850292206 0.55555558204650879
      vertex -0.038210097700357437 0.19631604850292206 0.77777779102325439
      vertex -0.018863009288907051 0.19910848140716553 0.77777779102325439
    endloop
  endfacet
  facet normal -0.095967282270863222 0.99537582621945053 -0.0041527474628752659
    outer loop
      vertex 1.2246467698671066e-17 0.20000000298023224 0.55555558204650879
      vertex -0.038210097700357437 0.19631604850292206 0.55555558204650879
      vertex -0.018863009288907051 0.19910848140716553 0.77777779102325439
    endloop
  endfacet
  facet normal -0.047210256321197179 0.99888497420778488 0
    outer loop
      vertex -0.018863009288907051 0.19910848140716553 0.8888888955116272
      vertex 1.2246467698671066e-17 0.20000000298023224 0.8888888955116272
      vertex 1.2246467698671066e-17 0.20000000298023224 0.77777779102325439
    endloop
  endfacet
  facet normal -0.047210256321197172 0.99888497420778477 0
    outer loop
      vertex -0.018863009288907051 0.19910848140716553 0.8888888955116272
      vertex 1.2246467698671066e-17 0.20000000298023224 0.77777779102325439
      vertex -0.018863009288907051 0.19910848140716553 0.77777779102325439
    endloop
  endfacet
  facet normal -0.14285319536930582 0.98974388837354232 0
    outer loop
      vertex -0.038210097700357437 0.19631604850292206 0.8888888955116272
      vertex -0.018863009288907051 0.19910848140716553 0.8888888955116272
      vertex -0.018863009288907051 0.19910848140716553 0.77777779102325439
    endloop
  endfacet
  facet normal -0.14285319536930582 0.98974388837354232 0
    outer loop
      vertex -0.038210097700357437 0.19631604850292206 0.8888888955116272
      vertex -0.018863009288907051 0.19910848140716553 0.77777779102325439
      vertex -0.038210097700357437 0.19631604850292206 0.77777779102325439
    endloop
  endfacet
  facet normal -0.33321995430458318 0.94284911945297556 0
    outer loop
      vertex -0.075982086360454559 0.18500465154647827 -0.77777779102325439
      vertex -0.057139407843351364 0.19166399538516998 -0.77777779102325439
      vertex -0.057139407843351364 0.19166399538516998 -0.8888888955116272
    endloop
  endfacet
  facet normal -0.33321995430458318 0.94284911945297556 0
    outer loop
      vertex -0.075982086360454559 0.18500465154647827 -0.77777779102325439
      vertex -0.057139407843351364 0.19166399538516998 -0.8888888955116272
      vertex -0.075982086360454559 0.18500465154647827 -0.8888888955116272
    endloop
  endfacet
  facet normal -0.2386577312870308 0.97110374692765311 0
    outer loop
      vertex -0.057139407843351364 0.19166399538516998 -0.77777779102325439
      vertex -0.038210097700357437 0.19631604850292206 -0.77777779102325439
      vertex -0.038210097700357437 0.19631604850292206 -0.8888888955116272
    endloop
  endfacet
  facet normal -0.2386577312870308 0.97110374692765311 0
    outer loop
      vertex -0.057139407843351364 0.19166399538516998 -0.77777779102325439
      vertex -0.038210097700357437 0.19631604850292206 -0.8888888955116272
      vertex -0.057139407843351364 0.19166399538516998 -0.8888888955116272
    endloop
  endfacet
  facet normal -0.33321995430458318 0.94284911945297556 -0
    outer loop
      vertex -0.057139407843351364 0.19166399538516998 -0.77777779102325439
      vertex -0.075982086360454559 0.18500465154647827 -0.77777779102325439
      vertex -0.075982086360454559 0.18500465154647827 -0.55555558204650879
    endloop
  endfacet
  facet normal -0.2386577312870308 0.97110374692765311 0
    outer loop
      vertex -0.038210097700357437 0.19631604850292206 -0.55555558204650879
      vertex -0.038210097700357437 0.19631604850292206 -0.77777779102325439
      vertex -0.057139407843351364 0.19166399538516998 -0.77777779102325439
    endloop
  endfacet
  facet normal -0.2868750960084171 0.95795797062195098 0.0043824436145313431
    outer loop
      vertex -0.075982086360454559 0.18500465154647827 -0.55555558204650879
      vertex -0.038210097700357437 0.19631604850292206 -0.55555558204650879
      vertex -0.057139407843351364 0.19166399538516998 -0.77777779102325439
    endloop
  endfacet
  facet normal -0.28687785088268503 0.95796716993482189 0
    outer loop
      vertex -0.075982086360454559 0.18500465154647827 -0.3333333432674408
      vertex -0.038210097700357437 0.19631604850292206 -0.3333333432674408
      vertex -0.038210097700357437 0.19631604850292206 -0.55555558204650879
    endloop
  endfacet
  facet normal -0.28687785088268503 0.95796716993482189 0
    outer loop
      vertex -0.075982086360454559 0.18500465154647827 -0.3333333432674408
      vertex -0.038210097700357437 0.19631604850292206 -0.55555558204650879
      vertex -0.075982086360454559 0.18500465154647827 -0.55555558204650879
    endloop
  endfacet
  facet normal -0.28687785088268503 0.95796716993482189 0
    outer loop
      vertex -0.075982086360454559 0.18500465154647827 -0.1111111119389534
      vertex -0.038210097700357437 0.19631604850292206 -0.1111111119389534
      vertex -0.038210097700357437 0.19631604850292206 -0.3333333432674408
    endloop
  endfacet
  facet normal -0.28687785088268503 0.95796716993482189 0
    outer loop
      vertex -0.075982086360454559 0.18500465154647827 -0.1111111119389534
      vertex -0.038210097700357437 0.19631604850292206 -0.3333333432674408
      vertex -0.075982086360454559 0.18500465154647827 -0.3333333432674408
    endloop
  endfacet
  facet normal -0.28687785088268503 0.95796716993482189 0
    outer loop
      vertex -0.075982086360454559 0.18500465154647827 0.1111111119389534
      vertex -0.038210097700357437 0.19631604850292206 0.1111111119389534
      vertex -0.038210097700357437 0.19631604850292206 -0.1111111119389534
    endloop
  endfacet
  facet normal -0.28687785088268503 0.95796716993482189 -6.6472325556039955e-18
    outer loop
      vertex -0.075982086360454559 0.18500465154647827 0.1111111119389534
      vertex -0.038210097700357437 0.19631604850292206 -0.1111111119389534
      vertex -0.075982086360454559 0.18500465154647827 -0.1111111119389534
    endloop
  endfacet
  facet normal -0.28687785088268503 0.95796716993482189 0
    outer loop
      vertex -0.075982086360454559 0.18500465154647827 0.3333333432674408
      vertex -0.038210097700357437 0.19631604850292206 0.3333333432674408
      vertex -0.038210097700357437 0.19631604850292206 0.1111111119389534
    endloop
  endfacet
  facet normal -0.28687785088268503 0.95796716993482189 0
    outer loop
      vertex -0.075982086360454559 0.18500465154647827 0.3333333432674408
      vertex -0.038210097700357437 0.19631604850292206 0.1111111119389534
      vertex -0.075982086360454559 0.18500465154647827 0.1111111119389534
    endloop
  endfacet
  facet normal -0.28687785088268503 0.95796716993482189 0
    outer loop
      vertex -0.075982086360454559 0.18500465154647827 0.55555558204650879
      vertex -0.038210097700357437 0.19631604850292206 0.55555558204650879
      vertex -0.038210097700357437 0.19631604850292206 0.3333333432674408
    endloop
  endfacet
  facet normal -0.28687785088268503 0.95796716993482189 0
    outer loop
      vertex -0.075982086360454559 0.18500465154647827 0.55555558204650879
      vertex -0.038210097700357437 0.19631604850292206 0.3333333432674408
      vertex -0.075982086360454559 0.18500465154647827 0.3333333432674408
    endloop
  endfacet
  facet normal -0.2386577312870308 0.97110374692765311 0
    outer loop
      vertex -0.057139407843351364 0.19166399538516998 0.77777779102325439
      vertex -0.038210097700357437 0.19631604850292206 0.77777779102325439
      vertex -0.038210097700357437 0.19631604850292206 0.55555558204650879
    endloop
  endfacet
  facet normal -0.33321995430458318 0.94284911945297556 -0
    outer loop
      vertex -0.075982086360454559 0.18500465154647827 0.55555558204650879
      vertex -0.075982086360454559 0.18500465154647827 0.77777779102325439
      vertex -0.057139407843351364 0.19166399538516998 0.77777779102325439
    endloop
  endfacet
  facet normal -0.28687509600841704 0.95795797062195098 -0.0043824436145313405
    outer loop
      vertex -0.038210097700357437 0.19631604850292206 0.55555558204650879
      vertex -0.075982086360454559 0.18500465154647827 0.55555558204650879
      vertex -0.057139407843351364 0.19166399538516998 0.77777779102325439
    endloop
  endfacet
  facet normal -0.2386577312870308 0.97110374692765311 0
    outer loop
      vertex -0.057139407843351364 0.19166399538516998 0.8888888955116272
      vertex -0.038210097700357437 0.19631604850292206 0.8888888955116272
      vertex -0.038210097700357437 0.19631604850292206 0.77777779102325439
    endloop
  endfacet
  facet normal -0.2386577312870308 0.97110374692765311 0
    outer loop
      vertex -0.057139407843351364 0.19166399538516998 0.8888888955116272
      vertex -0.038210097700357437 0.19631604850292206 0.77777779102325439
      vertex -0.057139407843351364 0.19166399538516998 0.77777779102325439
    endloop
  endfacet
  facet normal -0.33321995430458318 0.94284911945297556 0
    outer loop
      vertex -0.075982086360454559 0.18500465154647827 0.8888888955116272
      vertex -0.057139407843351364 0.19166399538516998 0.8888888955116272
      vertex -0.057139407843351364 0.19166399538516998 0.77777779102325439
    endloop
  endfacet
  facet normal -0.33321995430458318 0.94284911945297556 0
    outer loop
      vertex -0.075982086360454559 0.18500465154647827 0.8888888955116272
      vertex -0.057139407843351364 0.19166399538516998 0.77777779102325439
      vertex -0.075982086360454559 0.18500465154647827 0.77777779102325439
    endloop
  endfacet
  facet normal -0.51497892441684068 0.857202839126466 0
    outer loop
      vertex -0.11159056425094604 0.16597452759742737 -0.77777779102325439
      vertex -0.094133734703063965 0.17646200954914093 -0.77777779102325439
      vertex -0.094133734703063965 0.17646200954914093 -0.8888888955116272
    endloop
  endfacet
  facet normal -0.51497892441684068 0.857202839126466 0
    outer loop
      vertex -0.11159056425094604 0.16597452759742737 -0.77777779102325439
      vertex -0.094133734703063965 0.17646200954914093 -0.8888888955116272
      vertex -0.11159056425094604 0.16597452759742737 -0.8888888955116272
    endloop
  endfacet
  facet normal -0.42582518805557235 0.90480545379514399 0
    outer loop
      vertex -0.094133734703063965 0.17646200954914093 -0.77777779102325439
      vertex -0.075982086360454559 0.18500465154647827 -0.77777779102325439
      vertex -0.075982086360454559 0.18500465154647827 -0.8888888955116272
    endloop
  endfacet
  facet normal -0.42582518805557235 0.90480545379514399 0
    outer loop
      vertex -0.094133734703063965 0.17646200954914093 -0.77777779102325439
      vertex -0.075982086360454559 0.18500465154647827 -0.8888888955116272
      vertex -0.094133734703063965 0.17646200954914093 -0.8888888955116272
    endloop
  endfacet
  facet normal -0.51497892441684068 0.857202839126466 0
    outer loop
      vertex -0.094133734703063965 0.17646200954914093 -0.77777779102325439
      vertex -0.11159056425094604 0.16597452759742737 -0.77777779102325439
      vertex -0.11159056425094604 0.16597452759742737 -0.55555558204650879
    endloop
  endfacet
  facet normal -0.42582518805557235 0.90480545379514399 0
    outer loop
      vertex -0.075982086360454559 0.18500465154647827 -0.55555558204650879
      vertex -0.075982086360454559 0.18500465154647827 -0.77777779102325439
      vertex -0.094133734703063965 0.17646200954914093 -0.77777779102325439
    endloop
  endfacet
  facet normal -0.47133388734688125 0.88194287917225433 0.0045961414068790623
    outer loop
      vertex -0.11159056425094604 0.16597452759742737 -0.55555558204650879
      vertex -0.075982086360454559 0.18500465154647827 -0.55555558204650879
      vertex -0.094133734703063965 0.17646200954914093 -0.77777779102325439
    endloop
  endfacet
  facet normal -0.47133886577583922 0.8819521946279999 0
    outer loop
      vertex -0.11159056425094604 0.16597452759742737 -0.3333333432674408
      vertex -0.075982086360454559 0.18500465154647827 -0.3333333432674408
      vertex -0.075982086360454559 0.18500465154647827 -0.55555558204650879
    endloop
  endfacet
  facet normal -0.47133886577583922 0.8819521946279999 0
    outer loop
      vertex -0.11159056425094604 0.16597452759742737 -0.3333333432674408
      vertex -0.075982086360454559 0.18500465154647827 -0.55555558204650879
      vertex -0.11159056425094604 0.16597452759742737 -0.55555558204650879
    endloop
  endfacet
  facet normal -0.47133886577583922 0.8819521946279999 0
    outer loop
      vertex -0.11159056425094604 0.16597452759742737 -0.1111111119389534
      vertex -0.075982086360454559 0.18500465154647827 -0.1111111119389534
      vertex -0.075982086360454559 0.18500465154647827 -0.3333333432674408
    endloop
  endfacet
  facet normal -0.47133886577583917 0.8819521946279999 0
    outer loop
      vertex -0.11159056425094604 0.16597452759742737 -0.1111111119389534
      vertex -0.075982086360454559 0.18500465154647827 -0.3333333432674408
      vertex -0.11159056425094604 0.16597452759742737 -0.3333333432674408
    endloop
  endfacet
  facet normal -0.47133886577583922 0.8819521946279999 0
    outer loop
      vertex -0.11159056425094604 0.16597452759742737 0.1111111119389534
      vertex -0.075982086360454559 0.18500465154647827 0.1111111119389534
      vertex -0.075982086360454559 0.18500465154647827 -0.1111111119389534
    endloop
  endfacet
  facet normal -0.47133886577583922 0.8819521946279999 0
    outer loop
      vertex -0.11159056425094604 0.16597452759742737 0.1111111119389534
      vertex -0.075982086360454559 0.18500465154647827 -0.1111111119389534
      vertex -0.11159056425094604 0.16597452759742737 -0.1111111119389534
    endloop
  endfacet
  facet normal -0.47133886577583922 0.8819521946279999 0
    outer loop
      vertex -0.11159056425094604 0.16597452759742737 0.3333333432674408
      vertex -0.075982086360454559 0.18500465154647827 0.3333333432674408
      vertex -0.075982086360454559 0.18500465154647827 0.1111111119389534
    endloop
  endfacet
  facet normal -0.47133886577583917 0.8819521946279999 0
    outer loop
      vertex -0.11159056425094604 0.16597452759742737 0.3333333432674408
      vertex -0.075982086360454559 0.18500465154647827 0.1111111119389534
      vertex -0.11159056425094604 0.16597452759742737 0.1111111119389534
    endloop
  endfacet
  facet normal -0.47133886577583922 0.8819521946279999 0
    outer loop
      vertex -0.11159056425094604 0.16597452759742737 0.55555558204650879
      vertex -0.075982086360454559 0.18500465154647827 0.55555558204650879
      vertex -0.075982086360454559 0.18500465154647827 0.3333333432674408
    endloop
  endfacet
  facet normal -0.47133886577583922 0.8819521946279999 0
    outer loop
      vertex -0.11159056425094604 0.16597452759742737 0.55555558204650879
      vertex -0.075982086360454559 0.18500465154647827 0.3333333432674408
      vertex -0.11159056425094604 0.16597452759742737 0.3333333432674408
    endloop
  endfacet
  facet normal -0.42582518805557235 0.90480545379514399 0
    outer loop
      vertex -0.094133734703063965 0.17646200954914093 0.77777779102325439
      vertex -0.075982086360454559 0.18500465154647827 0.77777779102325439
      vertex -0.075982086360454559 0.18500465154647827 0.55555558204650879
    endloop
  endfacet
  facet normal -0.51497892441684068 0.857202839126466 0
    outer loop
      vertex -0.11159056425094604 0.16597452759742737 0.55555558204650879
      vertex -0.11159056425094604 0.16597452759742737 0.77777779102325439
      vertex -0.094133734703063965 0.17646200954914093 0.77777779102325439
    endloop
  endfacet
  facet normal -0.47133388734688125 0.88194287917225433 -0.0045961414068790623
    outer loop
      vertex -0.075982086360454559 0.18500465154647827 0.55555558204650879
      vertex -0.11159056425094604 0.16597452759742737 0.55555558204650879
      vertex -0.094133734703063965 0.17646200954914093 0.77777779102325439
    endloop
  endfacet
  facet normal -0.42582518805557235 0.90480545379514399 0
    outer loop
      vertex -0.094133734703063965 0.17646200954914093 0.8888888955116272
      vertex -0.075982086360454559 0.18500465154647827 0.8888888955116272
      vertex -0.075982086360454559 0.18500465154647827 0.77777779102325439
    endloop
  endfacet
  facet normal -0.42582518805557235 0.90480545379514399 0
    outer loop
      vertex -0.094133734703063965 0.17646200954914093 0.8888888955116272
      vertex -0.075982086360454559 0.18500465154647827 0.77777779102325439
      vertex -0.094133734703063965 0.17646200954914093 0.77777779102325439
    endloop
  endfacet
  facet normal -0.51497892441684068 0.857202839126466 0
    outer loop
      vertex -0.11159056425094604 0.16597452759742737 0.8888888955116272
      vertex -0.094133734703063965 0.17646200954914093 0.8888888955116272
      vertex -0.094133734703063965 0.17646200954914093 0.77777779102325439
    endloop
  endfacet
  facet normal -0.51497892441684068 0.857202839126466 0
    outer loop
      vertex -0.11159056425094604 0.16597452759742737 0.8888888955116272
      vertex -0.094133734703063965 0.17646200954914093 0.77777779102325439
      vertex -0.11159056425094604 0.16597452759742737 0.77777779102325439
    endloop
  endfacet
  facet normal -0.63951336081115562 0.76877998240330148 0
    outer loop
      vertex -0.14288665354251862 0.13994072377681732 -0.55555558204650879
      vertex -0.11159056425094604 0.16597452759742737 -0.55555558204650879
      vertex -0.11159056425094604 0.16597452759742737 -0.77777779102325439
    endloop
  endfacet
  facet normal -0.63951336081115562 0.76877998240330148 0
    outer loop
      vertex -0.14288665354251862 0.13994072377681732 -0.55555558204650879
      vertex -0.11159056425094604 0.16597452759742737 -0.77777779102325439
      vertex -0.14288665354251862 0.13994072377681732 -0.77777779102325439
    endloop
  endfacet
  facet normal -0.63951336081115562 0.76877998240330148 0
    outer loop
      vertex -0.14288665354251862 0.13994072377681732 -0.3333333432674408
      vertex -0.11159056425094604 0.16597452759742737 -0.3333333432674408
      vertex -0.11159056425094604 0.16597452759742737 -0.55555558204650879
    endloop
  endfacet
  facet normal -0.63951336081115562 0.76877998240330148 0
    outer loop
      vertex -0.14288665354251862 0.13994072377681732 -0.3333333432674408
      vertex -0.11159056425094604 0.16597452759742737 -0.55555558204650879
      vertex -0.14288665354251862 0.13994072377681732 -0.55555558204650879
    endloop
  endfacet
  facet normal -0.63951336081115562 0.76877998240330148 0
    outer loop
      vertex -0.14288665354251862 0.13994072377681732 -0.1111111119389534
      vertex -0.11159056425094604 0.16597452759742737 -0.1111111119389534
      vertex -0.11159056425094604 0.16597452759742737 -0.3333333432674408
    endloop
  endfacet
  facet normal -0.63951336081115573 0.76877998240330159 0
    outer loop
      vertex -0.14288665354251862 0.13994072377681732 -0.1111111119389534
      vertex -0.11159056425094604 0.16597452759742737 -0.3333333432674408
      vertex -0.14288665354251862 0.13994072377681732 -0.3333333432674408
    endloop
  endfacet
  facet normal -0.63951336081115562 0.76877998240330148 0
    outer loop
      vertex -0.14288665354251862 0.13994072377681732 0.1111111119389534
      vertex -0.11159056425094604 0.16597452759742737 0.1111111119389534
      vertex -0.11159056425094604 0.16597452759742737 -0.1111111119389534
    endloop
  endfacet
  facet normal -0.63951336081115562 0.76877998240330148 0
    outer loop
      vertex -0.14288665354251862 0.13994072377681732 0.1111111119389534
      vertex -0.11159056425094604 0.16597452759742737 -0.1111111119389534
      vertex -0.14288665354251862 0.13994072377681732 -0.1111111119389534
    endloop
  endfacet
  facet normal -0.63951336081115562 0.76877998240330148 0
    outer loop
      vertex -0.14288665354251862 0.13994072377681732 0.3333333432674408
      vertex -0.11159056425094604 0.16597452759742737 0.3333333432674408
      vertex -0.11159056425094604 0.16597452759742737 0.1111111119389534
    endloop
  endfacet
  facet normal -0.63951336081115573 0.76877998240330159 0
    outer loop
      vertex -0.14288665354251862 0.13994072377681732 0.3333333432674408
      vertex -0.11159056425094604 0.16597452759742737 0.1111111119389534
      vertex -0.14288665354251862 0.13994072377681732 0.1111111119389534
    endloop
  endfacet
  facet normal -0.63951336081115562 0.76877998240330148 0
    outer loop
      vertex -0.14288665354251862 0.13994072377681732 0.55555558204650879
      vertex -0.11159056425094604 0.16597452759742737 0.55555558204650879
      vertex -0.11159056425094604 0.16597452759742737 0.3333333432674408
    endloop
  endfacet
  facet normal -0.63951336081115562 0.76877998240330148 0
    outer loop
      vertex -0.14288665354251862 0.13994072377681732 0.55555558204650879
      vertex -0.11159056425094604 0.16597452759742737 0.3333333432674408
      vertex -0.14288665354251862 0.13994072377681732 0.3333333432674408
    endloop
  endfacet
  facet normal -0.63951336081115562 0.76877998240330148 0
    outer loop
      vertex -0.14288665354251862 0.13994072377681732 0.77777779102325439
      vertex -0.11159056425094604 0.16597452759742737 0.77777779102325439
      vertex -0.11159056425094604 0.16597452759742737 0.55555558204650879
    endloop
  endfacet
  facet normal -0.63951336081115562 0.76877998240330148 0
    outer loop
      vertex -0.14288665354251862 0.13994072377681732 0.77777779102325439
      vertex -0.11159056425094604 0.16597452759742737 0.55555558204650879
      vertex -0.14288665354251862 0.13994072377681732 0.55555558204650879
    endloop
  endfacet
  facet normal -0.81267077600420023 0.5827230987602352 0
    outer loop
      vertex -0.16823962330818176 0.10814540833234787 -0.77777779102325439
      vertex -0.15640974044799805 0.1246434673666954 -0.77777779102325439
      vertex -0.15640974044799805 0.1246434673666954 -0.8888888955116272
    endloop
  endfacet
  facet normal -0.81267077600420023 0.5827230987602352 0
    outer loop
      vertex -0.16823962330818176 0.10814540833234787 -0.77777779102325439
      vertex -0.15640974044799805 0.1246434673666954 -0.8888888955116272
      vertex -0.16823962330818176 0.10814540833234787 -0.8888888955116272
    endloop
  endfacet
  facet normal -0.74921773829413485 0.6623237732600431 0
    outer loop
      vertex -0.15640974044799805 0.1246434673666954 -0.77777779102325439
      vertex -0.14288665354251862 0.13994072377681732 -0.77777779102325439
      vertex -0.14288665354251862 0.13994072377681732 -0.8888888955116272
    endloop
  endfacet
  facet normal -0.74921773829413507 0.66232377326004332 0
    outer loop
      vertex -0.15640974044799805 0.1246434673666954 -0.77777779102325439
      vertex -0.14288665354251862 0.13994072377681732 -0.8888888955116272
      vertex -0.15640974044799805 0.1246434673666954 -0.8888888955116272
    endloop
  endfacet
  facet normal -0.81267077600420023 0.5827230987602352 0
    outer loop
      vertex -0.15640974044799805 0.1246434673666954 -0.77777779102325439
      vertex -0.16823962330818176 0.10814540833234787 -0.77777779102325439
      vertex -0.16823962330818176 0.10814540833234787 -0.55555558204650879
    endloop
  endfacet
  facet normal -0.74921773829413485 0.6623237732600431 0
    outer loop
      vertex -0.14288665354251862 0.13994072377681732 -0.55555558204650879
      vertex -0.14288665354251862 0.13994072377681732 -0.77777779102325439
      vertex -0.15640974044799805 0.1246434673666954 -0.77777779102325439
    endloop
  endfacet
  facet normal -0.78185832076389772 0.62343870756618691 0.0046630634201636524
    outer loop
      vertex -0.16823962330818176 0.10814540833234787 -0.55555558204650879
      vertex -0.14288665354251862 0.13994072377681732 -0.55555558204650879
      vertex -0.15640974044799805 0.1246434673666954 -0.77777779102325439
    endloop
  endfacet
  facet normal -0.78186682132891827 0.62344548575237391 -0
    outer loop
      vertex -0.16823962330818176 0.10814540833234787 -0.3333333432674408
      vertex -0.14288665354251862 0.13994072377681732 -0.3333333432674408
      vertex -0.14288665354251862 0.13994072377681732 -0.55555558204650879
    endloop
  endfacet
  facet normal -0.78186682132891827 0.62344548575237391 0
    outer loop
      vertex -0.16823962330818176 0.10814540833234787 -0.3333333432674408
      vertex -0.14288665354251862 0.13994072377681732 -0.55555558204650879
      vertex -0.16823962330818176 0.10814540833234787 -0.55555558204650879
    endloop
  endfacet
  facet normal -0.78186682132891827 0.62344548575237391 -0
    outer loop
      vertex -0.16823962330818176 0.10814540833234787 -0.1111111119389534
      vertex -0.14288665354251862 0.13994072377681732 -0.1111111119389534
      vertex -0.14288665354251862 0.13994072377681732 -0.3333333432674408
    endloop
  endfacet
  facet normal -0.78186682132891827 0.62344548575237391 -1.0850581840373106e-17
    outer loop
      vertex -0.16823962330818176 0.10814540833234787 -0.1111111119389534
      vertex -0.14288665354251862 0.13994072377681732 -0.3333333432674408
      vertex -0.16823962330818176 0.10814540833234787 -0.3333333432674408
    endloop
  endfacet
  facet normal -0.78186682132891827 0.62344548575237391 -0
    outer loop
      vertex -0.16823962330818176 0.10814540833234787 0.1111111119389534
      vertex -0.14288665354251862 0.13994072377681732 0.1111111119389534
      vertex -0.14288665354251862 0.13994072377681732 -0.1111111119389534
    endloop
  endfacet
  facet normal -0.78186682132891827 0.62344548575237391 0
    outer loop
      vertex -0.16823962330818176 0.10814540833234787 0.1111111119389534
      vertex -0.14288665354251862 0.13994072377681732 -0.1111111119389534
      vertex -0.16823962330818176 0.10814540833234787 -0.1111111119389534
    endloop
  endfacet
  facet normal -0.78186682132891827 0.62344548575237391 -0
    outer loop
      vertex -0.16823962330818176 0.10814540833234787 0.3333333432674408
      vertex -0.14288665354251862 0.13994072377681732 0.3333333432674408
      vertex -0.14288665354251862 0.13994072377681732 0.1111111119389534
    endloop
  endfacet
  facet normal -0.78186682132891827 0.62344548575237391 -1.0850581840373106e-17
    outer loop
      vertex -0.16823962330818176 0.10814540833234787 0.3333333432674408
      vertex -0.14288665354251862 0.13994072377681732 0.1111111119389534
      vertex -0.16823962330818176 0.10814540833234787 0.1111111119389534
    endloop
  endfacet
  facet normal -0.78186682132891827 0.62344548575237391 -0
    outer loop
      vertex -0.16823962330818176 0.10814540833234787 0.55555558204650879
      vertex -0.14288665354251862 0.13994072377681732 0.55555558204650879
      vertex -0.14288665354251862 0.13994072377681732 0.3333333432674408
    endloop
  endfacet
  facet normal -0.78186682132891827 0.62344548575237391 0
    outer loop
      vertex -0.16823962330818176 0.10814540833234787 0.55555558204650879
      vertex -0.14288665354251862 0.13994072377681732 0.3333333432674408
      vertex -0.16823962330818176 0.10814540833234787 0.3333333432674408
    endloop
  endfacet
  facet normal -0.74921773829413485 0.6623237732600431 0
    outer loop
      vertex -0.15640974044799805 0.1246434673666954 0.77777779102325439
      vertex -0.14288665354251862 0.13994072377681732 0.77777779102325439
      vertex -0.14288665354251862 0.13994072377681732 0.55555558204650879
    endloop
  endfacet
  facet normal -0.81267077600420023 0.5827230987602352 0
    outer loop
      vertex -0.16823962330818176 0.10814540833234787 0.55555558204650879
      vertex -0.16823962330818176 0.10814540833234787 0.77777779102325439
      vertex -0.15640974044799805 0.1246434673666954 0.77777779102325439
    endloop
  endfacet
  facet normal -0.78185832076389772 0.62343870756618691 -0.0046630634201636541
    outer loop
      vertex -0.14288665354251862 0.13994072377681732 0.55555558204650879
      vertex -0.16823962330818176 0.10814540833234787 0.55555558204650879
      vertex -0.15640974044799805 0.1246434673666954 0.77777779102325439
    endloop
  endfacet
  facet normal -0.74921773829413485 0.6623237732600431 0
    outer loop
      vertex -0.15640974044799805 0.1246434673666954 0.8888888955116272
      vertex -0.14288665354251862 0.13994072377681732 0.8888888955116272
      vertex -0.14288665354251862 0.13994072377681732 0.77777779102325439
    endloop
  endfacet
  facet normal -0.74921773829413507 0.66232377326004332 0
    outer loop
      vertex -0.15640974044799805 0.1246434673666954 0.8888888955116272
      vertex -0.14288665354251862 0.13994072377681732 0.77777779102325439
      vertex -0.15640974044799805 0.1246434673666954 0.77777779102325439
    endloop
  endfacet
  facet normal -0.81267077600420023 0.5827230987602352 0
    outer loop
      vertex -0.16823962330818176 0.10814540833234787 0.8888888955116272
      vertex -0.15640974044799805 0.1246434673666954 0.8888888955116272
      vertex -0.15640974044799805 0.1246434673666954 0.77777779102325439
    endloop
  endfacet
  facet normal -0.81267077600420023 0.5827230987602352 0
    outer loop
      vertex -0.16823962330818176 0.10814540833234787 0.8888888955116272
      vertex -0.15640974044799805 0.1246434673666954 0.77777779102325439
      vertex -0.16823962330818176 0.10814540833234787 0.77777779102325439
    endloop
  endfacet
  facet normal -0.91251419508791465 0.40904503879530801 -0
    outer loop
      vertex -0.18632277846336365 0.072689898312091827 -0.77777779102325439
      vertex -0.17823682725429535 0.090728364884853363 -0.77777779102325439
      vertex -0.17823682725429535 0.090728364884853363 -0.8888888955116272
    endloop
  endfacet
  facet normal -0.91251419508791465 0.40904503879530801 0
    outer loop
      vertex -0.18632277846336365 0.072689898312091827 -0.77777779102325439
      vertex -0.17823682725429535 0.090728364884853363 -0.8888888955116272
      vertex -0.18632277846336365 0.072689898312091827 -0.8888888955116272
    endloop
  endfacet
  facet normal -0.8672846823012007 0.49781249466611954 -0
    outer loop
      vertex -0.17823682725429535 0.090728364884853363 -0.77777779102325439
      vertex -0.16823962330818176 0.10814540833234787 -0.77777779102325439
      vertex -0.16823962330818176 0.10814540833234787 -0.8888888955116272
    endloop
  endfacet
  facet normal -0.8672846823012007 0.49781249466611954 0
    outer loop
      vertex -0.17823682725429535 0.090728364884853363 -0.77777779102325439
      vertex -0.16823962330818176 0.10814540833234787 -0.8888888955116272
      vertex -0.17823682725429535 0.090728364884853363 -0.8888888955116272
    endloop
  endfacet
  facet normal -0.91251419508791465 0.40904503879530801 0
    outer loop
      vertex -0.17823682725429535 0.090728364884853363 -0.77777779102325439
      vertex -0.18632277846336365 0.072689898312091827 -0.77777779102325439
      vertex -0.18632277846336365 0.072689898312091827 -0.55555558204650879
    endloop
  endfacet
  facet normal -0.8672846823012007 0.49781249466611954 -0
    outer loop
      vertex -0.16823962330818176 0.10814540833234787 -0.55555558204650879
      vertex -0.16823962330818176 0.10814540833234787 -0.77777779102325439
      vertex -0.17823682725429535 0.090728364884853363 -0.77777779102325439
    endloop
  endfacet
  facet normal -0.89081797899518778 0.4543384009986724 0.0044660583178903496
    outer loop
      vertex -0.18632277846336365 0.072689898312091827 -0.55555558204650879
      vertex -0.16823962330818176 0.10814540833234787 -0.55555558204650879
      vertex -0.17823682725429535 0.090728364884853363 -0.77777779102325439
    endloop
  endfacet
  facet normal -0.89082686311187997 0.45434293210992899 -0
    outer loop
      vertex -0.18632277846336365 0.072689898312091827 -0.3333333432674408
      vertex -0.16823962330818176 0.10814540833234787 -0.3333333432674408
      vertex -0.16823962330818176 0.10814540833234787 -0.55555558204650879
    endloop
  endfacet
  facet normal -0.89082686311187997 0.45434293210992899 0
    outer loop
      vertex -0.18632277846336365 0.072689898312091827 -0.3333333432674408
      vertex -0.16823962330818176 0.10814540833234787 -0.55555558204650879
      vertex -0.18632277846336365 0.072689898312091827 -0.55555558204650879
    endloop
  endfacet
  facet normal -0.89082686311187997 0.45434293210992904 0
    outer loop
      vertex -0.18632277846336365 0.072689898312091827 -0.1111111119389534
      vertex -0.16823962330818176 0.10814540833234787 -0.1111111119389534
      vertex -0.16823962330818176 0.10814540833234787 -0.3333333432674408
    endloop
  endfacet
  facet normal -0.89082686311187997 0.45434293210992904 0
    outer loop
      vertex -0.18632277846336365 0.072689898312091827 -0.1111111119389534
      vertex -0.16823962330818176 0.10814540833234787 -0.3333333432674408
      vertex -0.18632277846336365 0.072689898312091827 -0.3333333432674408
    endloop
  endfacet
  facet normal -0.89082686311187997 0.45434293210992904 0
    outer loop
      vertex -0.18632277846336365 0.072689898312091827 0.1111111119389534
      vertex -0.16823962330818176 0.10814540833234787 0.1111111119389534
      vertex -0.16823962330818176 0.10814540833234787 -0.1111111119389534
    endloop
  endfacet
  facet normal -0.89082686311187997 0.45434293210992904 0
    outer loop
      vertex -0.18632277846336365 0.072689898312091827 0.1111111119389534
      vertex -0.16823962330818176 0.10814540833234787 -0.1111111119389534
      vertex -0.18632277846336365 0.072689898312091827 -0.1111111119389534
    endloop
  endfacet
  facet normal -0.89082686311187997 0.45434293210992904 0
    outer loop
      vertex -0.18632277846336365 0.072689898312091827 0.3333333432674408
      vertex -0.16823962330818176 0.10814540833234787 0.3333333432674408
      vertex -0.16823962330818176 0.10814540833234787 0.1111111119389534
    endloop
  endfacet
  facet normal -0.89082686311187997 0.45434293210992904 0
    outer loop
      vertex -0.18632277846336365 0.072689898312091827 0.3333333432674408
      vertex -0.16823962330818176 0.10814540833234787 0.1111111119389534
      vertex -0.18632277846336365 0.072689898312091827 0.1111111119389534
    endloop
  endfacet
  facet normal -0.89082686311187997 0.45434293210992899 -0
    outer loop
      vertex -0.18632277846336365 0.072689898312091827 0.55555558204650879
      vertex -0.16823962330818176 0.10814540833234787 0.55555558204650879
      vertex -0.16823962330818176 0.10814540833234787 0.3333333432674408
    endloop
  endfacet
  facet normal -0.89082686311187997 0.45434293210992899 0
    outer loop
      vertex -0.18632277846336365 0.072689898312091827 0.55555558204650879
      vertex -0.16823962330818176 0.10814540833234787 0.3333333432674408
      vertex -0.18632277846336365 0.072689898312091827 0.3333333432674408
    endloop
  endfacet
  facet normal -0.8672846823012007 0.49781249466611954 -0
    outer loop
      vertex -0.17823682725429535 0.090728364884853363 0.77777779102325439
      vertex -0.16823962330818176 0.10814540833234787 0.77777779102325439
      vertex -0.16823962330818176 0.10814540833234787 0.55555558204650879
    endloop
  endfacet
  facet normal -0.91251419508791465 0.40904503879530801 0
    outer loop
      vertex -0.18632277846336365 0.072689898312091827 0.55555558204650879
      vertex -0.18632277846336365 0.072689898312091827 0.77777779102325439
      vertex -0.17823682725429535 0.090728364884853363 0.77777779102325439
    endloop
  endfacet
  facet normal -0.89081797899518766 0.4543384009986724 -0.0044660583178903488
    outer loop
      vertex -0.16823962330818176 0.10814540833234787 0.55555558204650879
      vertex -0.18632277846336365 0.072689898312091827 0.55555558204650879
      vertex -0.17823682725429535 0.090728364884853363 0.77777779102325439
    endloop
  endfacet
  facet normal -0.8672846823012007 0.49781249466611954 -0
    outer loop
      vertex -0.17823682725429535 0.090728364884853363 0.8888888955116272
      vertex -0.16823962330818176 0.10814540833234787 0.8888888955116272
      vertex -0.16823962330818176 0.10814540833234787 0.77777779102325439
    endloop
  endfacet
  facet normal -0.8672846823012007 0.49781249466611954 0
    outer loop
      vertex -0.17823682725429535 0.090728364884853363 0.8888888955116272
      vertex -0.16823962330818176 0.10814540833234787 0.77777779102325439
      vertex -0.17823682725429535 0.090728364884853363 0.77777779102325439
    endloop
  endfacet
  facet normal -0.91251419508791465 0.40904503879530801 -0
    outer loop
      vertex -0.18632277846336365 0.072689898312091827 0.8888888955116272
      vertex -0.17823682725429535 0.090728364884853363 0.8888888955116272
      vertex -0.17823682725429535 0.090728364884853363 0.77777779102325439
    endloop
  endfacet
  facet normal -0.91251419508791465 0.40904503879530801 0
    outer loop
      vertex -0.18632277846336365 0.072689898312091827 0.8888888955116272
      vertex -0.17823682725429535 0.090728364884853363 0.77777779102325439
      vertex -0.18632277846336365 0.072689898312091827 0.77777779102325439
    endloop
  endfacet
  facet normal -0.97415370493676556 0.22588616415790785 -0
    outer loop
      vertex -0.19674691557884216 0.035925660282373428 -0.77777779102325439
      vertex -0.19247984886169434 0.05432775616645813 -0.77777779102325439
      vertex -0.19247984886169434 0.05432775616645813 -0.8888888955116272
    endloop
  endfacet
  facet normal -0.97415370493676556 0.22588616415790785 0
    outer loop
      vertex -0.19674691557884216 0.035925660282373428 -0.77777779102325439
      vertex -0.19247984886169434 0.05432775616645813 -0.8888888955116272
      vertex -0.19674691557884216 0.035925660282373428 -0.8888888955116272
    endloop
  endfacet
  facet normal -0.94811862186856632 0.31791677978057464 -0
    outer loop
      vertex -0.19247984886169434 0.05432775616645813 -0.77777779102325439
      vertex -0.18632277846336365 0.072689898312091827 -0.77777779102325439
      vertex -0.18632277846336365 0.072689898312091827 -0.8888888955116272
    endloop
  endfacet
  facet normal -0.94811862186856632 0.31791677978057464 0
    outer loop
      vertex -0.19247984886169434 0.05432775616645813 -0.77777779102325439
      vertex -0.18632277846336365 0.072689898312091827 -0.8888888955116272
      vertex -0.19247984886169434 0.05432775616645813 -0.8888888955116272
    endloop
  endfacet
  facet normal -0.97415370493676556 0.22588616415790785 0
    outer loop
      vertex -0.19247984886169434 0.05432775616645813 -0.77777779102325439
      vertex -0.19674691557884216 0.035925660282373428 -0.77777779102325439
      vertex -0.19674691557884216 0.035925660282373428 -0.55555558204650879
    endloop
  endfacet
  facet normal -0.94811862186856632 0.31791677978057464 -0
    outer loop
      vertex -0.18632277846336365 0.072689898312091827 -0.55555558204650879
      vertex -0.18632277846336365 0.072689898312091827 -0.77777779102325439
      vertex -0.19247984886169434 0.05432775616645813 -0.77777779102325439
    endloop
  endfacet
  facet normal -0.96206637709182075 0.2727844330920195 0.0041157176876287834
    outer loop
      vertex -0.19674691557884216 0.035925660282373428 -0.55555558204650879
      vertex -0.18632277846336365 0.072689898312091827 -0.55555558204650879
      vertex -0.19247984886169434 0.05432775616645813 -0.77777779102325439
    endloop
  endfacet
  facet normal -0.96207452548005845 0.27278674348714294 0
    outer loop
      vertex -0.19674691557884216 0.035925660282373428 -0.3333333432674408
      vertex -0.18632277846336365 0.072689898312091827 -0.3333333432674408
      vertex -0.18632277846336365 0.072689898312091827 -0.55555558204650879
    endloop
  endfacet
  facet normal -0.96207452548005845 0.27278674348714294 0
    outer loop
      vertex -0.19674691557884216 0.035925660282373428 -0.3333333432674408
      vertex -0.18632277846336365 0.072689898312091827 -0.55555558204650879
      vertex -0.19674691557884216 0.035925660282373428 -0.55555558204650879
    endloop
  endfacet
  facet normal -0.96207452548005845 0.27278674348714294 0
    outer loop
      vertex -0.19674691557884216 0.035925660282373428 -0.1111111119389534
      vertex -0.18632277846336365 0.072689898312091827 -0.1111111119389534
      vertex -0.18632277846336365 0.072689898312091827 -0.3333333432674408
    endloop
  endfacet
  facet normal -0.96207452548005845 0.27278674348714294 0
    outer loop
      vertex -0.19674691557884216 0.035925660282373428 -0.1111111119389534
      vertex -0.18632277846336365 0.072689898312091827 -0.3333333432674408
      vertex -0.19674691557884216 0.035925660282373428 -0.3333333432674408
    endloop
  endfacet
  facet normal -0.96207452548005834 0.27278674348714288 -0
    outer loop
      vertex -0.19674691557884216 0.035925660282373428 0.1111111119389534
      vertex -0.18632277846336365 0.072689898312091827 0.1111111119389534
      vertex -0.18632277846336365 0.072689898312091827 -0.1111111119389534
    endloop
  endfacet
  facet normal -0.96207452548005834 0.27278674348714288 0
    outer loop
      vertex -0.19674691557884216 0.035925660282373428 0.1111111119389534
      vertex -0.18632277846336365 0.072689898312091827 -0.1111111119389534
      vertex -0.19674691557884216 0.035925660282373428 -0.1111111119389534
    endloop
  endfacet
  facet normal -0.96207452548005845 0.27278674348714294 0
    outer loop
      vertex -0.19674691557884216 0.035925660282373428 0.3333333432674408
      vertex -0.18632277846336365 0.072689898312091827 0.3333333432674408
      vertex -0.18632277846336365 0.072689898312091827 0.1111111119389534
    endloop
  endfacet
  facet normal -0.96207452548005845 0.27278674348714294 0
    outer loop
      vertex -0.19674691557884216 0.035925660282373428 0.3333333432674408
      vertex -0.18632277846336365 0.072689898312091827 0.1111111119389534
      vertex -0.19674691557884216 0.035925660282373428 0.1111111119389534
    endloop
  endfacet
  facet normal -0.96207452548005845 0.27278674348714294 0
    outer loop
      vertex -0.19674691557884216 0.035925660282373428 0.55555558204650879
      vertex -0.18632277846336365 0.072689898312091827 0.55555558204650879
      vertex -0.18632277846336365 0.072689898312091827 0.3333333432674408
    endloop
  endfacet
  facet normal -0.96207452548005845 0.27278674348714294 0
    outer loop
      vertex -0.19674691557884216 0.035925660282373428 0.55555558204650879
      vertex -0.18632277846336365 0.072689898312091827 0.3333333432674408
      vertex -0.19674691557884216 0.035925660282373428 0.3333333432674408
    endloop
  endfacet
  facet normal -0.94811862186856632 0.31791677978057464 -0
    outer loop
      vertex -0.19247984886169434 0.05432775616645813 0.77777779102325439
      vertex -0.18632277846336365 0.072689898312091827 0.77777779102325439
      vertex -0.18632277846336365 0.072689898312091827 0.55555558204650879
    endloop
  endfacet
  facet normal -0.97415370493676556 0.22588616415790785 0
    outer loop
      vertex -0.19674691557884216 0.035925660282373428 0.55555558204650879
      vertex -0.19674691557884216 0.035925660282373428 0.77777779102325439
      vertex -0.19247984886169434 0.05432775616645813 0.77777779102325439
    endloop
  endfacet
  facet normal -0.96206637709182075 0.2727844330920195 -0.0041157176876287808
    outer loop
      vertex -0.18632277846336365 0.072689898312091827 0.55555558204650879
      vertex -0.19674691557884216 0.035925660282373428 0.55555558204650879
      vertex -0.19247984886169434 0.05432775616645813 0.77777779102325439
    endloop
  endfacet
  facet normal -0.94811862186856632 0.31791677978057464 -0
    outer loop
      vertex -0.19247984886169434 0.05432775616645813 0.8888888955116272
      vertex -0.18632277846336365 0.072689898312091827 0.8888888955116272
      vertex -0.18632277846336365 0.072689898312091827 0.77777779102325439
    endloop
  endfacet
  facet normal -0.94811862186856632 0.31791677978057464 0
    outer loop
      vertex -0.19247984886169434 0.05432775616645813 0.8888888955116272
      vertex -0.18632277846336365 0.072689898312091827 0.77777779102325439
      vertex -0.19247984886169434 0.05432775616645813 0.77777779102325439
    endloop
  endfacet
  facet normal -0.97415370493676556 0.22588616415790785 -0
    outer loop
      vertex -0.19674691557884216 0.035925660282373428 0.8888888955116272
      vertex -0.19247984886169434 0.05432775616645813 0.8888888955116272
      vertex -0.19247984886169434 0.05432775616645813 0.77777779102325439
    endloop
  endfacet
  facet normal -0.97415370493676556 0.22588616415790785 0
    outer loop
      vertex -0.19674691557884216 0.035925660282373428 0.8888888955116272
      vertex -0.19247984886169434 0.05432775616645813 0.77777779102325439
      vertex -0.19674691557884216 0.035925660282373428 0.77777779102325439
    endloop
  endfacet
  facet normal -0.9990139057126195 0.044398380520212173 -0
    outer loop
      vertex -0.20000000298023224 2.4492935397342132e-17 -0.77777779102325439
      vertex -0.19921152293682098 0.017741695046424866 -0.77777779102325439
      vertex -0.19921152293682098 0.017741695046424866 -0.8888888955116272
    endloop
  endfacet
  facet normal -0.9990139057126195 0.044398380520212173 0
    outer loop
      vertex -0.20000000298023224 2.4492935397342132e-17 -0.77777779102325439
      vertex -0.19921152293682098 0.017741695046424866 -0.8888888955116272
      vertex -0.20000000298023224 2.4492935397342132e-17 -0.8888888955116272
    endloop
  endfacet
  facet normal -0.99093945165150299 0.13430935619166076 -0
    outer loop
      vertex -0.19921152293682098 0.017741695046424866 -0.77777779102325439
      vertex -0.19674691557884216 0.035925660282373428 -0.77777779102325439
      vertex -0.19674691557884216 0.035925660282373428 -0.8888888955116272
    endloop
  endfacet
  facet normal -0.99093945165150299 0.13430935619166076 0
    outer loop
      vertex -0.19921152293682098 0.017741695046424866 -0.77777779102325439
      vertex -0.19674691557884216 0.035925660282373428 -0.8888888955116272
      vertex -0.19921152293682098 0.017741695046424866 -0.8888888955116272
    endloop
  endfacet
  facet normal -0.9990139057126195 0.044398380520212173 0
    outer loop
      vertex -0.19921152293682098 0.017741695046424866 -0.77777779102325439
      vertex -0.20000000298023224 2.4492935397342132e-17 -0.77777779102325439
      vertex -0.20000000298023224 2.4492935397342132e-17 -0.55555558204650879
    endloop
  endfacet
  facet normal -0.99093945165150299 0.13430935619166076 -0
    outer loop
      vertex -0.19674691557884216 0.035925660282373428 -0.55555558204650879
      vertex -0.19674691557884216 0.035925660282373428 -0.77777779102325439
      vertex -0.19921152293682098 0.017741695046424866 -0.77777779102325439
    endloop
  endfacet
  facet normal -0.99591864847865574 0.090180956528304365 0.0036661549459208048
    outer loop
      vertex -0.20000000298023224 2.4492935397342132e-17 -0.55555558204650879
      vertex -0.19674691557884216 0.035925660282373428 -0.55555558204650879
      vertex -0.19921152293682098 0.017741695046424866 -0.77777779102325439
    endloop
  endfacet
  facet normal -0.99592534146407385 0.090181562581648139 -0
    outer loop
      vertex -0.20000000298023224 2.4492935397342132e-17 -0.3333333432674408
      vertex -0.19674691557884216 0.035925660282373428 -0.3333333432674408
      vertex -0.19674691557884216 0.035925660282373428 -0.55555558204650879
    endloop
  endfacet
  facet normal -0.99592534146407385 0.090181562581648139 0
    outer loop
      vertex -0.20000000298023224 2.4492935397342132e-17 -0.3333333432674408
      vertex -0.19674691557884216 0.035925660282373428 -0.55555558204650879
      vertex -0.20000000298023224 2.4492935397342132e-17 -0.55555558204650879
    endloop
  endfacet
  facet normal -0.99592534146407385 0.090181562581648139 -0
    outer loop
      vertex -0.20000000298023224 2.4492935397342132e-17 -0.1111111119389534
      vertex -0.19674691557884216 0.035925660282373428 -0.1111111119389534
      vertex -0.19674691557884216 0.035925660282373428 -0.3333333432674408
    endloop
  endfacet
  facet normal -0.99592534146407397 0.090181562581648153 0
    outer loop
      vertex -0.20000000298023224 2.4492935397342132e-17 -0.1111111119389534
      vertex -0.19674691557884216 0.035925660282373428 -0.3333333432674408
      vertex -0.20000000298023224 2.4492935397342132e-17 -0.3333333432674408
    endloop
  endfacet
  facet normal -0.99592534146407385 0.090181562581648139 -0
    outer loop
      vertex -0.20000000298023224 2.4492935397342132e-17 0.3333333432674408
      vertex -0.19674691557884216 0.035925660282373428 0.3333333432674408
      vertex -0.19674691557884216 0.035925660282373428 0.1111111119389534
    endloop
  endfacet
  facet normal -0.99592534146407397 0.090181562581648153 0
    outer loop
      vertex -0.20000000298023224 2.4492935397342132e-17 0.3333333432674408
      vertex -0.19674691557884216 0.035925660282373428 0.1111111119389534
      vertex -0.20000000298023224 2.4492935397342132e-17 0.1111111119389534
    endloop
  endfacet
  facet normal -0.99592534146407385 0.090181562581648139 -0
    outer loop
      vertex -0.20000000298023224 2.4492935397342132e-17 0.55555558204650879
      vertex -0.19674691557884216 0.035925660282373428 0.55555558204650879
      vertex -0.19674691557884216 0.035925660282373428 0.3333333432674408
    endloop
  endfacet
  facet normal -0.99592534146407385 0.090181562581648139 0
    outer loop
      vertex -0.20000000298023224 2.4492935397342132e-17 0.55555558204650879
      vertex -0.19674691557884216 0.035925660282373428 0.3333333432674408
      vertex -0.20000000298023224 2.4492935397342132e-17 0.3333333432674408
    endloop
  endfacet
  facet normal -0.99093945165150299 0.13430935619166076 -0
    outer loop
      vertex -0.19921152293682098 0.017741695046424866 0.77777779102325439
      vertex -0.19674691557884216 0.035925660282373428 0.77777779102325439
      vertex -0.19674691557884216 0.035925660282373428 0.55555558204650879
    endloop
  endfacet
  facet normal -0.9990139057126195 0.044398380520212173 0
    outer loop
      vertex -0.20000000298023224 2.4492935397342132e-17 0.55555558204650879
      vertex -0.20000000298023224 2.4492935397342132e-17 0.77777779102325439
      vertex -0.19921152293682098 0.017741695046424866 0.77777779102325439
    endloop
  endfacet
  facet normal -0.99591864847865574 0.090180956528304365 -0.003666154945920807
    outer loop
      vertex -0.19674691557884216 0.035925660282373428 0.55555558204650879
      vertex -0.20000000298023224 2.4492935397342132e-17 0.55555558204650879
      vertex -0.19921152293682098 0.017741695046424866 0.77777779102325439
    endloop
  endfacet
  facet normal -0.99093945165150299 0.13430935619166076 -0
    outer loop
      vertex -0.19921152293682098 0.017741695046424866 0.8888888955116272
      vertex -0.19674691557884216 0.035925660282373428 0.8888888955116272
      vertex -0.19674691557884216 0.035925660282373428 0.77777779102325439
    endloop
  endfacet
  facet normal -0.99093945165150299 0.13430935619166076 0
    outer loop
      vertex -0.19921152293682098 0.017741695046424866 0.8888888955116272
      vertex -0.19674691557884216 0.035925660282373428 0.77777779102325439
      vertex -0.19921152293682098 0.017741695046424866 0.77777779102325439
    endloop
  endfacet
  facet normal -0.9990139057126195 0.044398380520212173 -0
    outer loop
      vertex -0.20000000298023224 2.4492935397342132e-17 0.8888888955116272
      vertex -0.19921152293682098 0.017741695046424866 0.8888888955116272
      vertex -0.19921152293682098 0.017741695046424866 0.77777779102325439
    endloop
  endfacet
  facet normal -0.9990139057126195 0.044398380520212173 0
    outer loop
      vertex -0.20000000298023224 2.4492935397342132e-17 0.8888888955116272
      vertex -0.19921152293682098 0.017741695046424866 0.77777779102325439
      vertex -0.20000000298023224 2.4492935397342132e-17 0.77777779102325439
    endloop
  endfacet
  facet normal -0.98974388837354232 -0.14285319536930582 -0
    outer loop
      vertex -0.19631604850292206 -0.038210097700357437 -0.77777779102325439
      vertex -0.19910848140716553 -0.018863009288907051 -0.77777779102325439
      vertex -0.19910848140716553 -0.018863009288907051 -0.8888888955116272
    endloop
  endfacet
  facet normal -0.98974388837354232 -0.14285319536930582 0
    outer loop
      vertex -0.19631604850292206 -0.038210097700357437 -0.77777779102325439
      vertex -0.19910848140716553 -0.018863009288907051 -0.8888888955116272
      vertex -0.19631604850292206 -0.038210097700357437 -0.8888888955116272
    endloop
  endfacet
  facet normal -0.99888497420778477 -0.047210256321197144 -0
    outer loop
      vertex -0.19910848140716553 -0.018863009288907051 -0.77777779102325439
      vertex -0.20000000298023224 2.4492935397342132e-17 -0.77777779102325439
      vertex -0.20000000298023224 2.4492935397342132e-17 -0.8888888955116272
    endloop
  endfacet
  facet normal -0.99888497420778488 -0.047210256321197151 0
    outer loop
      vertex -0.19910848140716553 -0.018863009288907051 -0.77777779102325439
      vertex -0.20000000298023224 2.4492935397342132e-17 -0.8888888955116272
      vertex -0.19910848140716553 -0.018863009288907051 -0.8888888955116272
    endloop
  endfacet
  facet normal -0.98974388837354232 -0.14285319536930582 0
    outer loop
      vertex -0.19910848140716553 -0.018863009288907051 -0.77777779102325439
      vertex -0.19631604850292206 -0.038210097700357437 -0.77777779102325439
      vertex -0.19631604850292206 -0.038210097700357437 -0.55555558204650879
    endloop
  endfacet
  facet normal -0.99888497420778477 -0.047210256321197144 -0
    outer loop
      vertex -0.20000000298023224 2.4492935397342132e-17 -0.55555558204650879
      vertex -0.20000000298023224 2.4492935397342132e-17 -0.77777779102325439
      vertex -0.19910848140716553 -0.018863009288907051 -0.77777779102325439
    endloop
  endfacet
  facet normal -0.99537582621945053 -0.095967282270863194 0.0041527474628752668
    outer loop
      vertex -0.19631604850292206 -0.038210097700357437 -0.55555558204650879
      vertex -0.20000000298023224 2.4492935397342132e-17 -0.55555558204650879
      vertex -0.19910848140716553 -0.018863009288907051 -0.77777779102325439
    endloop
  endfacet
  facet normal -0.99538440911354853 -0.095968109774403954 -0
    outer loop
      vertex -0.19631604850292206 -0.038210097700357437 -0.3333333432674408
      vertex -0.20000000298023224 2.4492935397342132e-17 -0.3333333432674408
      vertex -0.20000000298023224 2.4492935397342132e-17 -0.55555558204650879
    endloop
  endfacet
  facet normal -0.99538440911354853 -0.095968109774403967 0
    outer loop
      vertex -0.19631604850292206 -0.038210097700357437 -0.3333333432674408
      vertex -0.20000000298023224 2.4492935397342132e-17 -0.55555558204650879
      vertex -0.19631604850292206 -0.038210097700357437 -0.55555558204650879
    endloop
  endfacet
  facet normal -0.99538440911354842 -0.095968109774403954 -0
    outer loop
      vertex -0.19631604850292206 -0.038210097700357437 -0.1111111119389534
      vertex -0.20000000298023224 2.4492935397342132e-17 -0.1111111119389534
      vertex -0.20000000298023224 2.4492935397342132e-17 -0.3333333432674408
    endloop
  endfacet
  facet normal -0.99538440911354842 -0.095968109774403954 0
    outer loop
      vertex -0.19631604850292206 -0.038210097700357437 -0.1111111119389534
      vertex -0.20000000298023224 2.4492935397342132e-17 -0.3333333432674408
      vertex -0.19631604850292206 -0.038210097700357437 -0.3333333432674408
    endloop
  endfacet
  facet normal -0.99538440911354842 -0.095968109774403954 -0
    outer loop
      vertex -0.19631604850292206 -0.038210097700357437 0.3333333432674408
      vertex -0.20000000298023224 2.4492935397342132e-17 0.3333333432674408
      vertex -0.20000000298023224 2.4492935397342132e-17 0.1111111119389534
    endloop
  endfacet
  facet normal -0.99538440911354842 -0.095968109774403954 0
    outer loop
      vertex -0.19631604850292206 -0.038210097700357437 0.3333333432674408
      vertex -0.20000000298023224 2.4492935397342132e-17 0.1111111119389534
      vertex -0.19631604850292206 -0.038210097700357437 0.1111111119389534
    endloop
  endfacet
  facet normal -0.99538440911354853 -0.095968109774403954 -0
    outer loop
      vertex -0.19631604850292206 -0.038210097700357437 0.55555558204650879
      vertex -0.20000000298023224 2.4492935397342132e-17 0.55555558204650879
      vertex -0.20000000298023224 2.4492935397342132e-17 0.3333333432674408
    endloop
  endfacet
  facet normal -0.99538440911354853 -0.095968109774403967 0
    outer loop
      vertex -0.19631604850292206 -0.038210097700357437 0.55555558204650879
      vertex -0.20000000298023224 2.4492935397342132e-17 0.3333333432674408
      vertex -0.19631604850292206 -0.038210097700357437 0.3333333432674408
    endloop
  endfacet
  facet normal -0.99888497420778477 -0.047210256321197144 -0
    outer loop
      vertex -0.19910848140716553 -0.018863009288907051 0.77777779102325439
      vertex -0.20000000298023224 2.4492935397342132e-17 0.77777779102325439
      vertex -0.20000000298023224 2.4492935397342132e-17 0.55555558204650879
    endloop
  endfacet
  facet normal -0.98974388837354232 -0.14285319536930582 0
    outer loop
      vertex -0.19631604850292206 -0.038210097700357437 0.55555558204650879
      vertex -0.19631604850292206 -0.038210097700357437 0.77777779102325439
      vertex -0.19910848140716553 -0.018863009288907051 0.77777779102325439
    endloop
  endfacet
  facet normal -0.99537582621945053 -0.095967282270863194 -0.0041527474628752668
    outer loop
      vertex -0.20000000298023224 2.4492935397342132e-17 0.55555558204650879
      vertex -0.19631604850292206 -0.038210097700357437 0.55555558204650879
      vertex -0.19910848140716553 -0.018863009288907051 0.77777779102325439
    endloop
  endfacet
  facet normal -0.99888497420778477 -0.047210256321197144 -0
    outer loop
      vertex -0.19910848140716553 -0.018863009288907051 0.8888888955116272
      vertex -0.20000000298023224 2.4492935397342132e-17 0.8888888955116272
      vertex -0.20000000298023224 2.4492935397342132e-17 0.77777779102325439
    endloop
  endfacet
  facet normal -0.99888497420778488 -0.047210256321197151 0
    outer loop
      vertex -0.19910848140716553 -0.018863009288907051 0.8888888955116272
      vertex -0.20000000298023224 2.4492935397342132e-17 0.77777779102325439
      vertex -0.19910848140716553 -0.018863009288907051 0.77777779102325439
    endloop
  endfacet
  facet normal -0.98974388837354232 -0.14285319536930582 -0
    outer loop
      vertex -0.19631604850292206 -0.038210097700357437 0.8888888955116272
      vertex -0.19910848140716553 -0.018863009288907051 0.8888888955116272
      vertex -0.19910848140716553 -0.018863009288907051 0.77777779102325439
    endloop
  endfacet
  facet normal -0.98974388837354232 -0.14285319536930582 0
    outer loop
      vertex -0.19631604850292206 -0.038210097700357437 0.8888888955116272
      vertex -0.19910848140716553 -0.018863009288907051 0.77777779102325439
      vertex -0.19631604850292206 -0.038210097700357437 0.77777779102325439
    endloop
  endfacet
  facet normal -0.94284911945297556 -0.33321995430458318 -0
    outer loop
      vertex -0.18500465154647827 -0.075982086360454559 -0.77777779102325439
      vertex -0.19166399538516998 -0.057139407843351364 -0.77777779102325439
      vertex -0.19166399538516998 -0.057139407843351364 -0.8888888955116272
    endloop
  endfacet
  facet normal -0.94284911945297556 -0.33321995430458318 0
    outer loop
      vertex -0.18500465154647827 -0.075982086360454559 -0.77777779102325439
      vertex -0.19166399538516998 -0.057139407843351364 -0.8888888955116272
      vertex -0.18500465154647827 -0.075982086360454559 -0.8888888955116272
    endloop
  endfacet
  facet normal -0.97110374692765311 -0.2386577312870308 -0
    outer loop
      vertex -0.19166399538516998 -0.057139407843351364 -0.77777779102325439
      vertex -0.19631604850292206 -0.038210097700357437 -0.77777779102325439
      vertex -0.19631604850292206 -0.038210097700357437 -0.8888888955116272
    endloop
  endfacet
  facet normal -0.97110374692765311 -0.2386577312870308 0
    outer loop
      vertex -0.19166399538516998 -0.057139407843351364 -0.77777779102325439
      vertex -0.19631604850292206 -0.038210097700357437 -0.8888888955116272
      vertex -0.19166399538516998 -0.057139407843351364 -0.8888888955116272
    endloop
  endfacet
  facet normal -0.94284911945297556 -0.33321995430458318 0
    outer loop
      vertex -0.19166399538516998 -0.057139407843351364 -0.77777779102325439
      vertex -0.18500465154647827 -0.075982086360454559 -0.77777779102325439
      vertex -0.18500465154647827 -0.075982086360454559 -0.55555558204650879
    endloop
  endfacet
  facet normal -0.97110374692765311 -0.2386577312870308 -0
    outer loop
      vertex -0.19631604850292206 -0.038210097700357437 -0.55555558204650879
      vertex -0.19631604850292206 -0.038210097700357437 -0.77777779102325439
      vertex -0.19166399538516998 -0.057139407843351364 -0.77777779102325439
    endloop
  endfacet
  facet normal -0.95795797062195098 -0.2868750960084171 0.0043824436145313431
    outer loop
      vertex -0.18500465154647827 -0.075982086360454559 -0.55555558204650879
      vertex -0.19631604850292206 -0.038210097700357437 -0.55555558204650879
      vertex -0.19166399538516998 -0.057139407843351364 -0.77777779102325439
    endloop
  endfacet
  facet normal -0.95796716993482189 -0.28687785088268503 -0
    outer loop
      vertex -0.18500465154647827 -0.075982086360454559 -0.3333333432674408
      vertex -0.19631604850292206 -0.038210097700357437 -0.3333333432674408
      vertex -0.19631604850292206 -0.038210097700357437 -0.55555558204650879
    endloop
  endfacet
  facet normal -0.95796716993482189 -0.28687785088268503 0
    outer loop
      vertex -0.18500465154647827 -0.075982086360454559 -0.3333333432674408
      vertex -0.19631604850292206 -0.038210097700357437 -0.55555558204650879
      vertex -0.18500465154647827 -0.075982086360454559 -0.55555558204650879
    endloop
  endfacet
  facet normal -0.95796716993482189 -0.28687785088268503 -0
    outer loop
      vertex -0.18500465154647827 -0.075982086360454559 0.55555558204650879
      vertex -0.19631604850292206 -0.038210097700357437 0.55555558204650879
      vertex -0.19631604850292206 -0.038210097700357437 0.3333333432674408
    endloop
  endfacet
  facet normal -0.95796716993482189 -0.28687785088268503 0
    outer loop
      vertex -0.18500465154647827 -0.075982086360454559 0.55555558204650879
      vertex -0.19631604850292206 -0.038210097700357437 0.3333333432674408
      vertex -0.18500465154647827 -0.075982086360454559 0.3333333432674408
    endloop
  endfacet
  facet normal -0.97110374692765311 -0.2386577312870308 -0
    outer loop
      vertex -0.19166399538516998 -0.057139407843351364 0.77777779102325439
      vertex -0.19631604850292206 -0.038210097700357437 0.77777779102325439
      vertex -0.19631604850292206 -0.038210097700357437 0.55555558204650879
    endloop
  endfacet
  facet normal -0.94284911945297556 -0.33321995430458318 0
    outer loop
      vertex -0.18500465154647827 -0.075982086360454559 0.55555558204650879
      vertex -0.18500465154647827 -0.075982086360454559 0.77777779102325439
      vertex -0.19166399538516998 -0.057139407843351364 0.77777779102325439
    endloop
  endfacet
  facet normal -0.95795797062195098 -0.28687509600841704 -0.0043824436145313405
    outer loop
      vertex -0.19631604850292206 -0.038210097700357437 0.55555558204650879
      vertex -0.18500465154647827 -0.075982086360454559 0.55555558204650879
      vertex -0.19166399538516998 -0.057139407843351364 0.77777779102325439
    endloop
  endfacet
  facet normal -0.97110374692765311 -0.2386577312870308 -0
    outer loop
      vertex -0.19166399538516998 -0.057139407843351364 0.8888888955116272
      vertex -0.19631604850292206 -0.038210097700357437 0.8888888955116272
      vertex -0.19631604850292206 -0.038210097700357437 0.77777779102325439
    endloop
  endfacet
  facet normal -0.97110374692765311 -0.2386577312870308 0
    outer loop
      vertex -0.19166399538516998 -0.057139407843351364 0.8888888955116272
      vertex -0.19631604850292206 -0.038210097700357437 0.77777779102325439
      vertex -0.19166399538516998 -0.057139407843351364 0.77777779102325439
    endloop
  endfacet
  facet normal -0.94284911945297556 -0.33321995430458318 -0
    outer loop
      vertex -0.18500465154647827 -0.075982086360454559 0.8888888955116272
      vertex -0.19166399538516998 -0.057139407843351364 0.8888888955116272
      vertex -0.19166399538516998 -0.057139407843351364 0.77777779102325439
    endloop
  endfacet
  facet normal -0.94284911945297556 -0.33321995430458318 0
    outer loop
      vertex -0.18500465154647827 -0.075982086360454559 0.8888888955116272
      vertex -0.19166399538516998 -0.057139407843351364 0.77777779102325439
      vertex -0.18500465154647827 -0.075982086360454559 0.77777779102325439
    endloop
  endfacet
  facet normal -0.857202839126466 -0.51497892441684068 -0
    outer loop
      vertex -0.16597452759742737 -0.11159056425094604 -0.77777779102325439
      vertex -0.17646200954914093 -0.094133734703063965 -0.77777779102325439
      vertex -0.17646200954914093 -0.094133734703063965 -0.8888888955116272
    endloop
  endfacet
  facet normal -0.857202839126466 -0.51497892441684068 0
    outer loop
      vertex -0.16597452759742737 -0.11159056425094604 -0.77777779102325439
      vertex -0.17646200954914093 -0.094133734703063965 -0.8888888955116272
      vertex -0.16597452759742737 -0.11159056425094604 -0.8888888955116272
    endloop
  endfacet
  facet normal -0.90480545379514399 -0.42582518805557235 -0
    outer loop
      vertex -0.17646200954914093 -0.094133734703063965 -0.77777779102325439
      vertex -0.18500465154647827 -0.075982086360454559 -0.77777779102325439
      vertex -0.18500465154647827 -0.075982086360454559 -0.8888888955116272
    endloop
  endfacet
  facet normal -0.90480545379514399 -0.42582518805557235 0
    outer loop
      vertex -0.17646200954914093 -0.094133734703063965 -0.77777779102325439
      vertex -0.18500465154647827 -0.075982086360454559 -0.8888888955116272
      vertex -0.17646200954914093 -0.094133734703063965 -0.8888888955116272
    endloop
  endfacet
  facet normal -0.857202839126466 -0.51497892441684068 0
    outer loop
      vertex -0.17646200954914093 -0.094133734703063965 -0.77777779102325439
      vertex -0.16597452759742737 -0.11159056425094604 -0.77777779102325439
      vertex -0.16597452759742737 -0.11159056425094604 -0.55555558204650879
    endloop
  endfacet
  facet normal -0.90480545379514399 -0.42582518805557235 -0
    outer loop
      vertex -0.18500465154647827 -0.075982086360454559 -0.55555558204650879
      vertex -0.18500465154647827 -0.075982086360454559 -0.77777779102325439
      vertex -0.17646200954914093 -0.094133734703063965 -0.77777779102325439
    endloop
  endfacet
  facet normal -0.88194287917225433 -0.47133388734688125 0.0045961414068790623
    outer loop
      vertex -0.16597452759742737 -0.11159056425094604 -0.55555558204650879
      vertex -0.18500465154647827 -0.075982086360454559 -0.55555558204650879
      vertex -0.17646200954914093 -0.094133734703063965 -0.77777779102325439
    endloop
  endfacet
  facet normal -0.8819521946279999 -0.47133886577583922 -0
    outer loop
      vertex -0.16597452759742737 -0.11159056425094604 -0.3333333432674408
      vertex -0.18500465154647827 -0.075982086360454559 -0.3333333432674408
      vertex -0.18500465154647827 -0.075982086360454559 -0.55555558204650879
    endloop
  endfacet
  facet normal -0.8819521946279999 -0.47133886577583922 0
    outer loop
      vertex -0.16597452759742737 -0.11159056425094604 -0.3333333432674408
      vertex -0.18500465154647827 -0.075982086360454559 -0.55555558204650879
      vertex -0.16597452759742737 -0.11159056425094604 -0.55555558204650879
    endloop
  endfacet
  facet normal -0.8819521946279999 -0.47133886577583922 -0
    outer loop
      vertex -0.16597452759742737 -0.11159056425094604 0.55555558204650879
      vertex -0.18500465154647827 -0.075982086360454559 0.55555558204650879
      vertex -0.18500465154647827 -0.075982086360454559 0.3333333432674408
    endloop
  endfacet
  facet normal -0.8819521946279999 -0.47133886577583922 0
    outer loop
      vertex -0.16597452759742737 -0.11159056425094604 0.55555558204650879
      vertex -0.18500465154647827 -0.075982086360454559 0.3333333432674408
      vertex -0.16597452759742737 -0.11159056425094604 0.3333333432674408
    endloop
  endfacet
  facet normal -0.90480545379514399 -0.42582518805557235 -0
    outer loop
      vertex -0.17646200954914093 -0.094133734703063965 0.77777779102325439
      vertex -0.18500465154647827 -0.075982086360454559 0.77777779102325439
      vertex -0.18500465154647827 -0.075982086360454559 0.55555558204650879
    endloop
  endfacet
  facet normal -0.857202839126466 -0.51497892441684068 0
    outer loop
      vertex -0.16597452759742737 -0.11159056425094604 0.55555558204650879
      vertex -0.16597452759742737 -0.11159056425094604 0.77777779102325439
      vertex -0.17646200954914093 -0.094133734703063965 0.77777779102325439
    endloop
  endfacet
  facet normal -0.88194287917225433 -0.47133388734688125 -0.0045961414068790623
    outer loop
      vertex -0.18500465154647827 -0.075982086360454559 0.55555558204650879
      vertex -0.16597452759742737 -0.11159056425094604 0.55555558204650879
      vertex -0.17646200954914093 -0.094133734703063965 0.77777779102325439
    endloop
  endfacet
  facet normal -0.90480545379514399 -0.42582518805557235 -0
    outer loop
      vertex -0.17646200954914093 -0.094133734703063965 0.8888888955116272
      vertex -0.18500465154647827 -0.075982086360454559 0.8888888955116272
      vertex -0.18500465154647827 -0.075982086360454559 0.77777779102325439
    endloop
  endfacet
  facet normal -0.90480545379514399 -0.42582518805557235 0
    outer loop
      vertex -0.17646200954914093 -0.094133734703063965 0.8888888955116272
      vertex -0.18500465154647827 -0.075982086360454559 0.77777779102325439
      vertex -0.17646200954914093 -0.094133734703063965 0.77777779102325439
    endloop
  endfacet
  facet normal -0.857202839126466 -0.51497892441684068 -0
    outer loop
      vertex -0.16597452759742737 -0.11159056425094604 0.8888888955116272
      vertex -0.17646200954914093 -0.094133734703063965 0.8888888955116272
      vertex -0.17646200954914093 -0.094133734703063965 0.77777779102325439
    endloop
  endfacet
  facet normal -0.857202839126466 -0.51497892441684068 0
    outer loop
      vertex -0.16597452759742737 -0.11159056425094604 0.8888888955116272
      vertex -0.17646200954914093 -0.094133734703063965 0.77777779102325439
      vertex -0.16597452759742737 -0.11159056425094604 0.77777779102325439
    endloop
  endfacet
  facet normal -0.76877998240330148 -0.63951336081115562 -0
    outer loop
      vertex -0.13994072377681732 -0.14288665354251862 -0.55555558204650879
      vertex -0.16597452759742737 -0.11159056425094604 -0.55555558204650879
      vertex -0.16597452759742737 -0.11159056425094604 -0.77777779102325439
    endloop
  endfacet
  facet normal -0.76877998240330148 -0.63951336081115562 0
    outer loop
      vertex -0.13994072377681732 -0.14288665354251862 -0.55555558204650879
      vertex -0.16597452759742737 -0.11159056425094604 -0.77777779102325439
      vertex -0.13994072377681732 -0.14288665354251862 -0.77777779102325439
    endloop
  endfacet
  facet normal -0.76877998240330148 -0.63951336081115562 -0
    outer loop
      vertex -0.13994072377681732 -0.14288665354251862 -0.3333333432674408
      vertex -0.16597452759742737 -0.11159056425094604 -0.3333333432674408
      vertex -0.16597452759742737 -0.11159056425094604 -0.55555558204650879
    endloop
  endfacet
  facet normal -0.76877998240330148 -0.63951336081115562 0
    outer loop
      vertex -0.13994072377681732 -0.14288665354251862 -0.3333333432674408
      vertex -0.16597452759742737 -0.11159056425094604 -0.55555558204650879
      vertex -0.13994072377681732 -0.14288665354251862 -0.55555558204650879
    endloop
  endfacet
  facet normal -0.76877998240330148 -0.63951336081115562 -0
    outer loop
      vertex -0.13994072377681732 -0.14288665354251862 0.55555558204650879
      vertex -0.16597452759742737 -0.11159056425094604 0.55555558204650879
      vertex -0.16597452759742737 -0.11159056425094604 0.3333333432674408
    endloop
  endfacet
  facet normal -0.76877998240330148 -0.63951336081115562 0
    outer loop
      vertex -0.13994072377681732 -0.14288665354251862 0.55555558204650879
      vertex -0.16597452759742737 -0.11159056425094604 0.3333333432674408
      vertex -0.13994072377681732 -0.14288665354251862 0.3333333432674408
    endloop
  endfacet
  facet normal -0.76877998240330148 -0.63951336081115562 -0
    outer loop
      vertex -0.13994072377681732 -0.14288665354251862 0.77777779102325439
      vertex -0.16597452759742737 -0.11159056425094604 0.77777779102325439
      vertex -0.16597452759742737 -0.11159056425094604 0.55555558204650879
    endloop
  endfacet
  facet normal -0.76877998240330148 -0.63951336081115562 0
    outer loop
      vertex -0.13994072377681732 -0.14288665354251862 0.77777779102325439
      vertex -0.16597452759742737 -0.11159056425094604 0.55555558204650879
      vertex -0.13994072377681732 -0.14288665354251862 0.55555558204650879
    endloop
  endfacet
  facet normal -0.5827230987602352 -0.81267077600420023 -0
    outer loop
      vertex -0.10814540833234787 -0.16823962330818176 -0.77777779102325439
      vertex -0.1246434673666954 -0.15640974044799805 -0.77777779102325439
      vertex -0.1246434673666954 -0.15640974044799805 -0.8888888955116272
    endloop
  endfacet
  facet normal -0.5827230987602352 -0.81267077600420023 0
    outer loop
      vertex -0.10814540833234787 -0.16823962330818176 -0.77777779102325439
      vertex -0.1246434673666954 -0.15640974044799805 -0.8888888955116272
      vertex -0.10814540833234787 -0.16823962330818176 -0.8888888955116272
    endloop
  endfacet
  facet normal -0.6623237732600431 -0.74921773829413485 -0
    outer loop
      vertex -0.1246434673666954 -0.15640974044799805 -0.77777779102325439
      vertex -0.13994072377681732 -0.14288665354251862 -0.77777779102325439
      vertex -0.13994072377681732 -0.14288665354251862 -0.8888888955116272
    endloop
  endfacet
  facet normal -0.66232377326004332 -0.74921773829413507 0
    outer loop
      vertex -0.1246434673666954 -0.15640974044799805 -0.77777779102325439
      vertex -0.13994072377681732 -0.14288665354251862 -0.8888888955116272
      vertex -0.1246434673666954 -0.15640974044799805 -0.8888888955116272
    endloop
  endfacet
  facet normal -0.5827230987602352 -0.81267077600420023 0
    outer loop
      vertex -0.1246434673666954 -0.15640974044799805 -0.77777779102325439
      vertex -0.10814540833234787 -0.16823962330818176 -0.77777779102325439
      vertex -0.10814540833234787 -0.16823962330818176 -0.55555558204650879
    endloop
  endfacet
  facet normal -0.6623237732600431 -0.74921773829413485 -0
    outer loop
      vertex -0.13994072377681732 -0.14288665354251862 -0.55555558204650879
      vertex -0.13994072377681732 -0.14288665354251862 -0.77777779102325439
      vertex -0.1246434673666954 -0.15640974044799805 -0.77777779102325439
    endloop
  endfacet
  facet normal -0.62343870756618691 -0.78185832076389772 0.0046630634201636524
    outer loop
      vertex -0.10814540833234787 -0.16823962330818176 -0.55555558204650879
      vertex -0.13994072377681732 -0.14288665354251862 -0.55555558204650879
      vertex -0.1246434673666954 -0.15640974044799805 -0.77777779102325439
    endloop
  endfacet
  facet normal -0.62344548575237391 -0.78186682132891827 -0
    outer loop
      vertex -0.10814540833234787 -0.16823962330818176 -0.3333333432674408
      vertex -0.13994072377681732 -0.14288665354251862 -0.3333333432674408
      vertex -0.13994072377681732 -0.14288665354251862 -0.55555558204650879
    endloop
  endfacet
  facet normal -0.62344548575237391 -0.78186682132891827 0
    outer loop
      vertex -0.10814540833234787 -0.16823962330818176 -0.3333333432674408
      vertex -0.13994072377681732 -0.14288665354251862 -0.55555558204650879
      vertex -0.10814540833234787 -0.16823962330818176 -0.55555558204650879
    endloop
  endfacet
  facet normal -0.62344548575237391 -0.78186682132891827 -0
    outer loop
      vertex -0.10814540833234787 -0.16823962330818176 0.55555558204650879
      vertex -0.13994072377681732 -0.14288665354251862 0.55555558204650879
      vertex -0.13994072377681732 -0.14288665354251862 0.3333333432674408
    endloop
  endfacet
  facet normal -0.62344548575237391 -0.78186682132891827 0
    outer loop
      vertex -0.10814540833234787 -0.16823962330818176 0.55555558204650879
      vertex -0.13994072377681732 -0.14288665354251862 0.3333333432674408
      vertex -0.10814540833234787 -0.16823962330818176 0.3333333432674408
    endloop
  endfacet
  facet normal -0.6623237732600431 -0.74921773829413485 -0
    outer loop
      vertex -0.1246434673666954 -0.15640974044799805 0.77777779102325439
      vertex -0.13994072377681732 -0.14288665354251862 0.77777779102325439
      vertex -0.13994072377681732 -0.14288665354251862 0.55555558204650879
    endloop
  endfacet
  facet normal -0.5827230987602352 -0.81267077600420023 0
    outer loop
      vertex -0.10814540833234787 -0.16823962330818176 0.55555558204650879
      vertex -0.10814540833234787 -0.16823962330818176 0.77777779102325439
      vertex -0.1246434673666954 -0.15640974044799805 0.77777779102325439
    endloop
  endfacet
  facet normal -0.62343870756618691 -0.78185832076389772 -0.0046630634201636541
    outer loop
      vertex -0.13994072377681732 -0.14288665354251862 0.55555558204650879
      vertex -0.10814540833234787 -0.16823962330818176 0.55555558204650879
      vertex -0.1246434673666954 -0.15640974044799805 0.77777779102325439
    endloop
  endfacet
  facet normal -0.6623237732600431 -0.74921773829413485 -0
    outer loop
      vertex -0.1246434673666954 -0.15640974044799805 0.8888888955116272
      vertex -0.13994072377681732 -0.14288665354251862 0.8888888955116272
      vertex -0.13994072377681732 -0.14288665354251862 0.77777779102325439
    endloop
  endfacet
  facet normal -0.66232377326004332 -0.74921773829413507 0
    outer loop
      vertex -0.1246434673666954 -0.15640974044799805 0.8888888955116272
      vertex -0.13994072377681732 -0.14288665354251862 0.77777779102325439
      vertex -0.1246434673666954 -0.15640974044799805 0.77777779102325439
    endloop
  endfacet
  facet normal -0.5827230987602352 -0.81267077600420023 -0
    outer loop
      vertex -0.10814540833234787 -0.16823962330818176 0.8888888955116272
      vertex -0.1246434673666954 -0.15640974044799805 0.8888888955116272
      vertex -0.1246434673666954 -0.15640974044799805 0.77777779102325439
    endloop
  endfacet
  facet normal -0.5827230987602352 -0.81267077600420023 0
    outer loop
      vertex -0.10814540833234787 -0.16823962330818176 0.8888888955116272
      vertex -0.1246434673666954 -0.15640974044799805 0.77777779102325439
      vertex -0.10814540833234787 -0.16823962330818176 0.77777779102325439
    endloop
  endfacet
  facet normal -0.40904503879530801 -0.91251419508791465 -0
    outer loop
      vertex -0.072689898312091827 -0.18632277846336365 -0.77777779102325439
      vertex -0.090728364884853363 -0.17823682725429535 -0.77777779102325439
      vertex -0.090728364884853363 -0.17823682725429535 -0.8888888955116272
    endloop
  endfacet
  facet normal -0.40904503879530801 -0.91251419508791465 0
    outer loop
      vertex -0.072689898312091827 -0.18632277846336365 -0.77777779102325439
      vertex -0.090728364884853363 -0.17823682725429535 -0.8888888955116272
      vertex -0.072689898312091827 -0.18632277846336365 -0.8888888955116272
    endloop
  endfacet
  facet normal -0.49781249466611954 -0.8672846823012007 -0
    outer loop
      vertex -0.090728364884853363 -0.17823682725429535 -0.77777779102325439
      vertex -0.10814540833234787 -0.16823962330818176 -0.77777779102325439
      vertex -0.10814540833234787 -0.16823962330818176 -0.8888888955116272
    endloop
  endfacet
  facet normal -0.49781249466611954 -0.8672846823012007 0
    outer loop
      vertex -0.090728364884853363 -0.17823682725429535 -0.77777779102325439
      vertex -0.10814540833234787 -0.16823962330818176 -0.8888888955116272
      vertex -0.090728364884853363 -0.17823682725429535 -0.8888888955116272
    endloop
  endfacet
  facet normal -0.40904503879530801 -0.91251419508791465 0
    outer loop
      vertex -0.090728364884853363 -0.17823682725429535 -0.77777779102325439
      vertex -0.072689898312091827 -0.18632277846336365 -0.77777779102325439
      vertex -0.072689898312091827 -0.18632277846336365 -0.55555558204650879
    endloop
  endfacet
  facet normal -0.49781249466611954 -0.8672846823012007 -0
    outer loop
      vertex -0.10814540833234787 -0.16823962330818176 -0.55555558204650879
      vertex -0.10814540833234787 -0.16823962330818176 -0.77777779102325439
      vertex -0.090728364884853363 -0.17823682725429535 -0.77777779102325439
    endloop
  endfacet
  facet normal -0.4543384009986724 -0.89081797899518778 0.0044660583178903496
    outer loop
      vertex -0.072689898312091827 -0.18632277846336365 -0.55555558204650879
      vertex -0.10814540833234787 -0.16823962330818176 -0.55555558204650879
      vertex -0.090728364884853363 -0.17823682725429535 -0.77777779102325439
    endloop
  endfacet
  facet normal -0.49781249466611954 -0.8672846823012007 -0
    outer loop
      vertex -0.090728364884853363 -0.17823682725429535 -0.3333333432674408
      vertex -0.10814540833234787 -0.16823962330818176 -0.3333333432674408
      vertex -0.10814540833234787 -0.16823962330818176 -0.55555558204650879
    endloop
  endfacet
  facet normal -0.40904503879530801 -0.91251419508791465 0
    outer loop
      vertex -0.072689898312091827 -0.18632277846336365 -0.55555558204650879
      vertex -0.072689898312091827 -0.18632277846336365 -0.3333333432674408
      vertex -0.090728364884853363 -0.17823682725429535 -0.3333333432674408
    endloop
  endfacet
  facet normal -0.45433840099988765 -0.89081797899757054 -0.0044660577189572399
    outer loop
      vertex -0.10814540833234787 -0.16823962330818176 -0.55555558204650879
      vertex -0.072689898312091827 -0.18632277846336365 -0.55555558204650879
      vertex -0.090728364884853363 -0.17823682725429535 -0.3333333432674408
    endloop
  endfacet
  facet normal -0.49781249466611954 -0.8672846823012007 -0
    outer loop
      vertex -0.090728364884853363 -0.17823682725429535 -0.2222222238779068
      vertex -0.10814540833234787 -0.16823962330818176 -0.2222222238779068
      vertex -0.10814540833234787 -0.16823962330818176 -0.3333333432674408
    endloop
  endfacet
  facet normal -0.4978124946661196 -0.86728468230120082 0
    outer loop
      vertex -0.090728364884853363 -0.17823682725429535 -0.2222222238779068
      vertex -0.10814540833234787 -0.16823962330818176 -0.3333333432674408
      vertex -0.090728364884853363 -0.17823682725429535 -0.3333333432674408
    endloop
  endfacet
  facet normal -0.40904503879530801 -0.91251419508791465 -0
    outer loop
      vertex -0.072689898312091827 -0.18632277846336365 -0.2222222238779068
      vertex -0.090728364884853363 -0.17823682725429535 -0.2222222238779068
      vertex -0.090728364884853363 -0.17823682725429535 -0.3333333432674408
    endloop
  endfacet
  facet normal -0.40904503879530801 -0.91251419508791465 0
    outer loop
      vertex -0.072689898312091827 -0.18632277846336365 -0.2222222238779068
      vertex -0.090728364884853363 -0.17823682725429535 -0.3333333432674408
      vertex -0.072689898312091827 -0.18632277846336365 -0.3333333432674408
    endloop
  endfacet
  facet normal -0.40904503879530801 -0.91251419508791465 -0
    outer loop
      vertex -0.072689898312091827 -0.18632277846336365 0.3333333432674408
      vertex -0.090728364884853363 -0.17823682725429535 0.3333333432674408
      vertex -0.090728364884853363 -0.17823682725429535 0.2222222238779068
    endloop
  endfacet
  facet normal -0.40904503879530801 -0.91251419508791465 0
    outer loop
      vertex -0.072689898312091827 -0.18632277846336365 0.3333333432674408
      vertex -0.090728364884853363 -0.17823682725429535 0.2222222238779068
      vertex -0.072689898312091827 -0.18632277846336365 0.2222222238779068
    endloop
  endfacet
  facet normal -0.49781249466611954 -0.8672846823012007 -0
    outer loop
      vertex -0.090728364884853363 -0.17823682725429535 0.3333333432674408
      vertex -0.10814540833234787 -0.16823962330818176 0.3333333432674408
      vertex -0.10814540833234787 -0.16823962330818176 0.2222222238779068
    endloop
  endfacet
  facet normal -0.4978124946661196 -0.86728468230120082 0
    outer loop
      vertex -0.090728364884853363 -0.17823682725429535 0.3333333432674408
      vertex -0.10814540833234787 -0.16823962330818176 0.2222222238779068
      vertex -0.090728364884853363 -0.17823682725429535 0.2222222238779068
    endloop
  endfacet
  facet normal -0.40904503879530801 -0.91251419508791465 0
    outer loop
      vertex -0.090728364884853363 -0.17823682725429535 0.3333333432674408
      vertex -0.072689898312091827 -0.18632277846336365 0.3333333432674408
      vertex -0.072689898312091827 -0.18632277846336365 0.55555558204650879
    endloop
  endfacet
  facet normal -0.49781249466611954 -0.8672846823012007 -0
    outer loop
      vertex -0.10814540833234787 -0.16823962330818176 0.55555558204650879
      vertex -0.10814540833234787 -0.16823962330818176 0.3333333432674408
      vertex -0.090728364884853363 -0.17823682725429535 0.3333333432674408
    endloop
  endfacet
  facet normal -0.45433840099988776 -0.89081797899757065 0.004466057718957246
    outer loop
      vertex -0.072689898312091827 -0.18632277846336365 0.55555558204650879
      vertex -0.10814540833234787 -0.16823962330818176 0.55555558204650879
      vertex -0.090728364884853363 -0.17823682725429535 0.3333333432674408
    endloop
  endfacet
  facet normal -0.49781249466611954 -0.8672846823012007 -0
    outer loop
      vertex -0.090728364884853363 -0.17823682725429535 0.77777779102325439
      vertex -0.10814540833234787 -0.16823962330818176 0.77777779102325439
      vertex -0.10814540833234787 -0.16823962330818176 0.55555558204650879
    endloop
  endfacet
  facet normal -0.40904503879530801 -0.91251419508791465 0
    outer loop
      vertex -0.072689898312091827 -0.18632277846336365 0.55555558204650879
      vertex -0.072689898312091827 -0.18632277846336365 0.77777779102325439
      vertex -0.090728364884853363 -0.17823682725429535 0.77777779102325439
    endloop
  endfacet
  facet normal -0.4543384009986724 -0.89081797899518766 -0.0044660583178903488
    outer loop
      vertex -0.10814540833234787 -0.16823962330818176 0.55555558204650879
      vertex -0.072689898312091827 -0.18632277846336365 0.55555558204650879
      vertex -0.090728364884853363 -0.17823682725429535 0.77777779102325439
    endloop
  endfacet
  facet normal -0.49781249466611954 -0.8672846823012007 -0
    outer loop
      vertex -0.090728364884853363 -0.17823682725429535 0.8888888955116272
      vertex -0.10814540833234787 -0.16823962330818176 0.8888888955116272
      vertex -0.10814540833234787 -0.16823962330818176 0.77777779102325439
    endloop
  endfacet
  facet normal -0.49781249466611954 -0.8672846823012007 0
    outer loop
      vertex -0.090728364884853363 -0.17823682725429535 0.8888888955116272
      vertex -0.10814540833234787 -0.16823962330818176 0.77777779102325439
      vertex -0.090728364884853363 -0.17823682725429535 0.77777779102325439
    endloop
  endfacet
  facet normal -0.40904503879530801 -0.91251419508791465 -0
    outer loop
      vertex -0.072689898312091827 -0.18632277846336365 0.8888888955116272
      vertex -0.090728364884853363 -0.17823682725429535 0.8888888955116272
      vertex -0.090728364884853363 -0.17823682725429535 0.77777779102325439
    endloop
  endfacet
  facet normal -0.40904503879530801 -0.91251419508791465 0
    outer loop
      vertex -0.072689898312091827 -0.18632277846336365 0.8888888955116272
      vertex -0.090728364884853363 -0.17823682725429535 0.77777779102325439
      vertex -0.072689898312091827 -0.18632277846336365 0.77777779102325439
    endloop
  endfacet
  facet normal -0.22588616415790785 -0.97415370493676556 -0
    outer loop
      vertex -0.035925660282373428 -0.19674691557884216 -0.77777779102325439
      vertex -0.05432775616645813 -0.19247984886169434 -0.77777779102325439
      vertex -0.05432775616645813 -0.19247984886169434 -0.8888888955116272
    endloop
  endfacet
  facet normal -0.22588616415790785 -0.97415370493676556 0
    outer loop
      vertex -0.035925660282373428 -0.19674691557884216 -0.77777779102325439
      vertex -0.05432775616645813 -0.19247984886169434 -0.8888888955116272
      vertex -0.035925660282373428 -0.19674691557884216 -0.8888888955116272
    endloop
  endfacet
  facet normal -0.31791677978057464 -0.94811862186856632 -0
    outer loop
      vertex -0.05432775616645813 -0.19247984886169434 -0.77777779102325439
      vertex -0.072689898312091827 -0.18632277846336365 -0.77777779102325439
      vertex -0.072689898312091827 -0.18632277846336365 -0.8888888955116272
    endloop
  endfacet
  facet normal -0.31791677978057464 -0.94811862186856632 0
    outer loop
      vertex -0.05432775616645813 -0.19247984886169434 -0.77777779102325439
      vertex -0.072689898312091827 -0.18632277846336365 -0.8888888955116272
      vertex -0.05432775616645813 -0.19247984886169434 -0.8888888955116272
    endloop
  endfacet
  facet normal -0.22588616415790785 -0.97415370493676556 0
    outer loop
      vertex -0.05432775616645813 -0.19247984886169434 -0.77777779102325439
      vertex -0.035925660282373428 -0.19674691557884216 -0.77777779102325439
      vertex -0.035925660282373428 -0.19674691557884216 -0.55555558204650879
    endloop
  endfacet
  facet normal -0.31791677978057464 -0.94811862186856632 -0
    outer loop
      vertex -0.072689898312091827 -0.18632277846336365 -0.55555558204650879
      vertex -0.072689898312091827 -0.18632277846336365 -0.77777779102325439
      vertex -0.05432775616645813 -0.19247984886169434 -0.77777779102325439
    endloop
  endfacet
  facet normal -0.2727844330920195 -0.96206637709182075 0.0041157176876287834
    outer loop
      vertex -0.035925660282373428 -0.19674691557884216 -0.55555558204650879
      vertex -0.072689898312091827 -0.18632277846336365 -0.55555558204650879
      vertex -0.05432775616645813 -0.19247984886169434 -0.77777779102325439
    endloop
  endfacet
  facet normal -0.31791677978057464 -0.94811862186856632 -0
    outer loop
      vertex -0.05432775616645813 -0.19247984886169434 -0.3333333432674408
      vertex -0.072689898312091827 -0.18632277846336365 -0.3333333432674408
      vertex -0.072689898312091827 -0.18632277846336365 -0.55555558204650879
    endloop
  endfacet
  facet normal -0.22588616415790785 -0.97415370493676556 0
    outer loop
      vertex -0.035925660282373428 -0.19674691557884216 -0.55555558204650879
      vertex -0.035925660282373428 -0.19674691557884216 -0.3333333432674408
      vertex -0.05432775616645813 -0.19247984886169434 -0.3333333432674408
    endloop
  endfacet
  facet normal -0.27278443309263917 -0.96206637709400622 -0.0041157171356774177
    outer loop
      vertex -0.072689898312091827 -0.18632277846336365 -0.55555558204650879
      vertex -0.035925660282373428 -0.19674691557884216 -0.55555558204650879
      vertex -0.05432775616645813 -0.19247984886169434 -0.3333333432674408
    endloop
  endfacet
  facet normal -0.31791677978057464 -0.94811862186856632 -0
    outer loop
      vertex -0.05432775616645813 -0.19247984886169434 -0.2222222238779068
      vertex -0.072689898312091827 -0.18632277846336365 -0.2222222238779068
      vertex -0.072689898312091827 -0.18632277846336365 -0.3333333432674408
    endloop
  endfacet
  facet normal -0.31791677978057464 -0.94811862186856632 0
    outer loop
      vertex -0.05432775616645813 -0.19247984886169434 -0.2222222238779068
      vertex -0.072689898312091827 -0.18632277846336365 -0.3333333432674408
      vertex -0.05432775616645813 -0.19247984886169434 -0.3333333432674408
    endloop
  endfacet
  facet normal -0.22588616415790785 -0.97415370493676556 -0
    outer loop
      vertex -0.035925660282373428 -0.19674691557884216 -0.2222222238779068
      vertex -0.05432775616645813 -0.19247984886169434 -0.2222222238779068
      vertex -0.05432775616645813 -0.19247984886169434 -0.3333333432674408
    endloop
  endfacet
  facet normal -0.22588616415790785 -0.97415370493676556 -6.7595492046543635e-18
    outer loop
      vertex -0.035925660282373428 -0.19674691557884216 -0.2222222238779068
      vertex -0.05432775616645813 -0.19247984886169434 -0.3333333432674408
      vertex -0.035925660282373428 -0.19674691557884216 -0.3333333432674408
    endloop
  endfacet
  facet normal -0.22588616415790785 -0.97415370493676556 -0
    outer loop
      vertex -0.035925660282373428 -0.19674691557884216 0.3333333432674408
      vertex -0.05432775616645813 -0.19247984886169434 0.3333333432674408
      vertex -0.05432775616645813 -0.19247984886169434 0.2222222238779068
    endloop
  endfacet
  facet normal -0.22588616415790785 -0.97415370493676556 -6.7595492046543635e-18
    outer loop
      vertex -0.035925660282373428 -0.19674691557884216 0.3333333432674408
      vertex -0.05432775616645813 -0.19247984886169434 0.2222222238779068
      vertex -0.035925660282373428 -0.19674691557884216 0.2222222238779068
    endloop
  endfacet
  facet normal -0.31791677978057464 -0.94811862186856632 -0
    outer loop
      vertex -0.05432775616645813 -0.19247984886169434 0.3333333432674408
      vertex -0.072689898312091827 -0.18632277846336365 0.3333333432674408
      vertex -0.072689898312091827 -0.18632277846336365 0.2222222238779068
    endloop
  endfacet
  facet normal -0.31791677978057464 -0.94811862186856632 0
    outer loop
      vertex -0.05432775616645813 -0.19247984886169434 0.3333333432674408
      vertex -0.072689898312091827 -0.18632277846336365 0.2222222238779068
      vertex -0.05432775616645813 -0.19247984886169434 0.2222222238779068
    endloop
  endfacet
  facet normal -0.22588616415790785 -0.97415370493676556 0
    outer loop
      vertex -0.05432775616645813 -0.19247984886169434 0.3333333432674408
      vertex -0.035925660282373428 -0.19674691557884216 0.3333333432674408
      vertex -0.035925660282373428 -0.19674691557884216 0.55555558204650879
    endloop
  endfacet
  facet normal -0.31791677978057464 -0.94811862186856632 -0
    outer loop
      vertex -0.072689898312091827 -0.18632277846336365 0.55555558204650879
      vertex -0.072689898312091827 -0.18632277846336365 0.3333333432674408
      vertex -0.05432775616645813 -0.19247984886169434 0.3333333432674408
    endloop
  endfacet
  facet normal -0.27278443309263917 -0.96206637709400622 0.0041157171356774203
    outer loop
      vertex -0.035925660282373428 -0.19674691557884216 0.55555558204650879
      vertex -0.072689898312091827 -0.18632277846336365 0.55555558204650879
      vertex -0.05432775616645813 -0.19247984886169434 0.3333333432674408
    endloop
  endfacet
  facet normal -0.31791677978057464 -0.94811862186856632 -0
    outer loop
      vertex -0.05432775616645813 -0.19247984886169434 0.77777779102325439
      vertex -0.072689898312091827 -0.18632277846336365 0.77777779102325439
      vertex -0.072689898312091827 -0.18632277846336365 0.55555558204650879
    endloop
  endfacet
  facet normal -0.22588616415790785 -0.97415370493676556 0
    outer loop
      vertex -0.035925660282373428 -0.19674691557884216 0.55555558204650879
      vertex -0.035925660282373428 -0.19674691557884216 0.77777779102325439
      vertex -0.05432775616645813 -0.19247984886169434 0.77777779102325439
    endloop
  endfacet
  facet normal -0.2727844330920195 -0.96206637709182075 -0.0041157176876287808
    outer loop
      vertex -0.072689898312091827 -0.18632277846336365 0.55555558204650879
      vertex -0.035925660282373428 -0.19674691557884216 0.55555558204650879
      vertex -0.05432775616645813 -0.19247984886169434 0.77777779102325439
    endloop
  endfacet
  facet normal -0.31791677978057464 -0.94811862186856632 -0
    outer loop
      vertex -0.05432775616645813 -0.19247984886169434 0.8888888955116272
      vertex -0.072689898312091827 -0.18632277846336365 0.8888888955116272
      vertex -0.072689898312091827 -0.18632277846336365 0.77777779102325439
    endloop
  endfacet
  facet normal -0.31791677978057464 -0.94811862186856632 0
    outer loop
      vertex -0.05432775616645813 -0.19247984886169434 0.8888888955116272
      vertex -0.072689898312091827 -0.18632277846336365 0.77777779102325439
      vertex -0.05432775616645813 -0.19247984886169434 0.77777779102325439
    endloop
  endfacet
  facet normal -0.22588616415790785 -0.97415370493676556 -0
    outer loop
      vertex -0.035925660282373428 -0.19674691557884216 0.8888888955116272
      vertex -0.05432775616645813 -0.19247984886169434 0.8888888955116272
      vertex -0.05432775616645813 -0.19247984886169434 0.77777779102325439
    endloop
  endfacet
  facet normal -0.22588616415790785 -0.97415370493676556 0
    outer loop
      vertex -0.035925660282373428 -0.19674691557884216 0.8888888955116272
      vertex -0.05432775616645813 -0.19247984886169434 0.77777779102325439
      vertex -0.035925660282373428 -0.19674691557884216 0.77777779102325439
    endloop
  endfacet
  facet normal -0.044398380520212208 -0.9990139057126195 -0
    outer loop
      vertex -3.6739405577555036e-17 -0.20000000298023224 -0.77777779102325439
      vertex -0.017741695046424866 -0.19921152293682098 -0.77777779102325439
      vertex -0.017741695046424866 -0.19921152293682098 -0.8888888955116272
    endloop
  endfacet
  facet normal -0.044398380520212208 -0.9990139057126195 0
    outer loop
      vertex -3.6739405577555036e-17 -0.20000000298023224 -0.77777779102325439
      vertex -0.017741695046424866 -0.19921152293682098 -0.8888888955116272
      vertex -3.6739405577555036e-17 -0.20000000298023224 -0.8888888955116272
    endloop
  endfacet
  facet normal -0.13430935619166076 -0.99093945165150299 -0
    outer loop
      vertex -0.017741695046424866 -0.19921152293682098 -0.77777779102325439
      vertex -0.035925660282373428 -0.19674691557884216 -0.77777779102325439
      vertex -0.035925660282373428 -0.19674691557884216 -0.8888888955116272
    endloop
  endfacet
  facet normal -0.13430935619166076 -0.99093945165150299 0
    outer loop
      vertex -0.017741695046424866 -0.19921152293682098 -0.77777779102325439
      vertex -0.035925660282373428 -0.19674691557884216 -0.8888888955116272
      vertex -0.017741695046424866 -0.19921152293682098 -0.8888888955116272
    endloop
  endfacet
  facet normal -0.044398380520212208 -0.9990139057126195 0
    outer loop
      vertex -0.017741695046424866 -0.19921152293682098 -0.77777779102325439
      vertex -3.6739405577555036e-17 -0.20000000298023224 -0.77777779102325439
      vertex -3.6739405577555036e-17 -0.20000000298023224 -0.55555558204650879
    endloop
  endfacet
  facet normal -0.13430935619166076 -0.99093945165150299 -0
    outer loop
      vertex -0.035925660282373428 -0.19674691557884216 -0.55555558204650879
      vertex -0.035925660282373428 -0.19674691557884216 -0.77777779102325439
      vertex -0.017741695046424866 -0.19921152293682098 -0.77777779102325439
    endloop
  endfacet
  facet normal -0.090180956528304407 -0.99591864847865585 0.0036661549459208027
    outer loop
      vertex -3.6739405577555036e-17 -0.20000000298023224 -0.55555558204650879
      vertex -0.035925660282373428 -0.19674691557884216 -0.55555558204650879
      vertex -0.017741695046424866 -0.19921152293682098 -0.77777779102325439
    endloop
  endfacet
  facet normal -0.13430935619166076 -0.99093945165150299 -0
    outer loop
      vertex -0.017741695046424866 -0.19921152293682098 -0.3333333432674408
      vertex -0.035925660282373428 -0.19674691557884216 -0.3333333432674408
      vertex -0.035925660282373428 -0.19674691557884216 -0.55555558204650879
    endloop
  endfacet
  facet normal -0.044398380520212208 -0.9990139057126195 0
    outer loop
      vertex -3.6739405577555036e-17 -0.20000000298023224 -0.55555558204650879
      vertex -3.6739405577555036e-17 -0.20000000298023224 -0.3333333432674408
      vertex -0.017741695046424866 -0.19921152293682098 -0.3333333432674408
    endloop
  endfacet
  facet normal -0.090180956528466957 -0.99591864848045109 -0.0036661544542577556
    outer loop
      vertex -0.035925660282373428 -0.19674691557884216 -0.55555558204650879
      vertex -3.6739405577555036e-17 -0.20000000298023224 -0.55555558204650879
      vertex -0.017741695046424866 -0.19921152293682098 -0.3333333432674408
    endloop
  endfacet
  facet normal -0.13430935619166076 -0.99093945165150299 -0
    outer loop
      vertex -0.017741695046424866 -0.19921152293682098 -0.2222222238779068
      vertex -0.035925660282373428 -0.19674691557884216 -0.2222222238779068
      vertex -0.035925660282373428 -0.19674691557884216 -0.3333333432674408
    endloop
  endfacet
  facet normal -0.13430935619166076 -0.99093945165150299 0
    outer loop
      vertex -0.017741695046424866 -0.19921152293682098 -0.2222222238779068
      vertex -0.035925660282373428 -0.19674691557884216 -0.3333333432674408
      vertex -0.017741695046424866 -0.19921152293682098 -0.3333333432674408
    endloop
  endfacet
  facet normal -0.044398380520212208 -0.9990139057126195 -0
    outer loop
      vertex -3.6739405577555036e-17 -0.20000000298023224 -0.2222222238779068
      vertex -0.017741695046424866 -0.19921152293682098 -0.2222222238779068
      vertex -0.017741695046424866 -0.19921152293682098 -0.3333333432674408
    endloop
  endfacet
  facet normal -0.044398380520212215 -0.99901390571261961 0
    outer loop
      vertex -3.6739405577555036e-17 -0.20000000298023224 -0.2222222238779068
      vertex -0.017741695046424866 -0.19921152293682098 -0.3333333432674408
      vertex -3.6739405577555036e-17 -0.20000000298023224 -0.3333333432674408
    endloop
  endfacet
  facet normal -0.044398380520212208 -0.9990139057126195 -0
    outer loop
      vertex -3.6739405577555036e-17 -0.20000000298023224 0.3333333432674408
      vertex -0.017741695046424866 -0.19921152293682098 0.3333333432674408
      vertex -0.017741695046424866 -0.19921152293682098 0.2222222238779068
    endloop
  endfacet
  facet normal -0.044398380520212215 -0.99901390571261961 0
    outer loop
      vertex -3.6739405577555036e-17 -0.20000000298023224 0.3333333432674408
      vertex -0.017741695046424866 -0.19921152293682098 0.2222222238779068
      vertex -3.6739405577555036e-17 -0.20000000298023224 0.2222222238779068
    endloop
  endfacet
  facet normal -0.13430935619166076 -0.99093945165150299 -0
    outer loop
      vertex -0.017741695046424866 -0.19921152293682098 0.3333333432674408
      vertex -0.035925660282373428 -0.19674691557884216 0.3333333432674408
      vertex -0.035925660282373428 -0.19674691557884216 0.2222222238779068
    endloop
  endfacet
  facet normal -0.13430935619166076 -0.99093945165150299 0
    outer loop
      vertex -0.017741695046424866 -0.19921152293682098 0.3333333432674408
      vertex -0.035925660282373428 -0.19674691557884216 0.2222222238779068
      vertex -0.017741695046424866 -0.19921152293682098 0.2222222238779068
    endloop
  endfacet
  facet normal -0.044398380520212208 -0.9990139057126195 0
    outer loop
      vertex -0.017741695046424866 -0.19921152293682098 0.3333333432674408
      vertex -3.6739405577555036e-17 -0.20000000298023224 0.3333333432674408
      vertex -3.6739405577555036e-17 -0.20000000298023224 0.55555558204650879
    endloop
  endfacet
  facet normal -0.13430935619166076 -0.99093945165150299 -0
    outer loop
      vertex -0.035925660282373428 -0.19674691557884216 0.55555558204650879
      vertex -0.035925660282373428 -0.19674691557884216 0.3333333432674408
      vertex -0.017741695046424866 -0.19921152293682098 0.3333333432674408
    endloop
  endfacet
  facet normal -0.090180956528466957 -0.99591864848045109 0.0036661544542577556
    outer loop
      vertex -3.6739405577555036e-17 -0.20000000298023224 0.55555558204650879
      vertex -0.035925660282373428 -0.19674691557884216 0.55555558204650879
      vertex -0.017741695046424866 -0.19921152293682098 0.3333333432674408
    endloop
  endfacet
  facet normal -0.13430935619166076 -0.99093945165150299 -0
    outer loop
      vertex -0.017741695046424866 -0.19921152293682098 0.77777779102325439
      vertex -0.035925660282373428 -0.19674691557884216 0.77777779102325439
      vertex -0.035925660282373428 -0.19674691557884216 0.55555558204650879
    endloop
  endfacet
  facet normal -0.044398380520212208 -0.9990139057126195 0
    outer loop
      vertex -3.6739405577555036e-17 -0.20000000298023224 0.55555558204650879
      vertex -3.6739405577555036e-17 -0.20000000298023224 0.77777779102325439
      vertex -0.017741695046424866 -0.19921152293682098 0.77777779102325439
    endloop
  endfacet
  facet normal -0.090180956528304407 -0.99591864847865585 -0.0036661549459208027
    outer loop
      vertex -0.035925660282373428 -0.19674691557884216 0.55555558204650879
      vertex -3.6739405577555036e-17 -0.20000000298023224 0.55555558204650879
      vertex -0.017741695046424866 -0.19921152293682098 0.77777779102325439
    endloop
  endfacet
  facet normal -0.13430935619166076 -0.99093945165150299 -0
    outer loop
      vertex -0.017741695046424866 -0.19921152293682098 0.8888888955116272
      vertex -0.035925660282373428 -0.19674691557884216 0.8888888955116272
      vertex -0.035925660282373428 -0.19674691557884216 0.77777779102325439
    endloop
  endfacet
  facet normal -0.13430935619166076 -0.99093945165150299 0
    outer loop
      vertex -0.017741695046424866 -0.19921152293682098 0.8888888955116272
      vertex -0.035925660282373428 -0.19674691557884216 0.77777779102325439
      vertex -0.017741695046424866 -0.19921152293682098 0.77777779102325439
    endloop
  endfacet
  facet normal -0.044398380520212208 -0.9990139057126195 -0
    outer loop
      vertex -3.6739405577555036e-17 -0.20000000298023224 0.8888888955116272
      vertex -0.017741695046424866 -0.19921152293682098 0.8888888955116272
      vertex -0.017741695046424866 -0.19921152293682098 0.77777779102325439
    endloop
  endfacet
  facet normal -0.044398380520212208 -0.9990139057126195 0
    outer loop
      vertex -3.6739405577555036e-17 -0.20000000298023224 0.8888888955116272
      vertex -0.017741695046424866 -0.19921152293682098 0.77777779102325439
      vertex -3.6739405577555036e-17 -0.20000000298023224 0.77777779102325439
    endloop
  endfacet
  facet normal 0.14285319536930582 -0.98974388837354232 -0
    outer loop
      vertex 0.038210097700357437 -0.19631604850292206 -0.77777779102325439
      vertex 0.018863009288907051 -0.19910848140716553 -0.77777779102325439
      vertex 0.018863009288907051 -0.19910848140716553 -0.8888888955116272
    endloop
  endfacet
  facet normal 0.14285319536930582 -0.98974388837354232 0
    outer loop
      vertex 0.038210097700357437 -0.19631604850292206 -0.77777779102325439
      vertex 0.018863009288907051 -0.19910848140716553 -0.8888888955116272
      vertex 0.038210097700357437 -0.19631604850292206 -0.8888888955116272
    endloop
  endfacet
  facet normal 0.047210256321197117 -0.99888497420778488 0
    outer loop
      vertex 0.018863009288907051 -0.19910848140716553 -0.77777779102325439
      vertex -3.6739405577555036e-17 -0.20000000298023224 -0.77777779102325439
      vertex -3.6739405577555036e-17 -0.20000000298023224 -0.8888888955116272
    endloop
  endfacet
  facet normal 0.047210256321197117 -0.99888497420778488 0
    outer loop
      vertex 0.018863009288907051 -0.19910848140716553 -0.77777779102325439
      vertex -3.6739405577555036e-17 -0.20000000298023224 -0.8888888955116272
      vertex 0.018863009288907051 -0.19910848140716553 -0.8888888955116272
    endloop
  endfacet
  facet normal 0.14285319536930582 -0.98974388837354232 0
    outer loop
      vertex 0.018863009288907051 -0.19910848140716553 -0.77777779102325439
      vertex 0.038210097700357437 -0.19631604850292206 -0.77777779102325439
      vertex 0.038210097700357437 -0.19631604850292206 -0.55555558204650879
    endloop
  endfacet
  facet normal 0.047210256321197117 -0.99888497420778488 0
    outer loop
      vertex -3.6739405577555036e-17 -0.20000000298023224 -0.55555558204650879
      vertex -3.6739405577555036e-17 -0.20000000298023224 -0.77777779102325439
      vertex 0.018863009288907051 -0.19910848140716553 -0.77777779102325439
    endloop
  endfacet
  facet normal 0.095967282270863166 -0.99537582621945064 0.0041527474628752703
    outer loop
      vertex 0.038210097700357437 -0.19631604850292206 -0.55555558204650879
      vertex -3.6739405577555036e-17 -0.20000000298023224 -0.55555558204650879
      vertex 0.018863009288907051 -0.19910848140716553 -0.77777779102325439
    endloop
  endfacet
  facet normal 0.04721025632119711 -0.99888497420778477 0
    outer loop
      vertex 0.018863009288907051 -0.19910848140716553 -0.3333333432674408
      vertex -3.6739405577555036e-17 -0.20000000298023224 -0.3333333432674408
      vertex -3.6739405577555036e-17 -0.20000000298023224 -0.55555558204650879
    endloop
  endfacet
  facet normal 0.14285319536930582 -0.98974388837354232 0
    outer loop
      vertex 0.038210097700357437 -0.19631604850292206 -0.55555558204650879
      vertex 0.038210097700357437 -0.19631604850292206 -0.3333333432674408
      vertex 0.018863009288907051 -0.19910848140716553 -0.3333333432674408
    endloop
  endfacet
  facet normal 0.095967282271085114 -0.99537582622175269 -0.0041527469059580817
    outer loop
      vertex -3.6739405577555036e-17 -0.20000000298023224 -0.55555558204650879
      vertex 0.038210097700357437 -0.19631604850292206 -0.55555558204650879
      vertex 0.018863009288907051 -0.19910848140716553 -0.3333333432674408
    endloop
  endfacet
  facet normal 0.04721025632119711 -0.99888497420778477 0
    outer loop
      vertex 0.018863009288907051 -0.19910848140716553 -0.2222222238779068
      vertex -3.6739405577555036e-17 -0.20000000298023224 -0.2222222238779068
      vertex -3.6739405577555036e-17 -0.20000000298023224 -0.3333333432674408
    endloop
  endfacet
  facet normal 0.04721025632119711 -0.99888497420778477 0
    outer loop
      vertex 0.018863009288907051 -0.19910848140716553 -0.2222222238779068
      vertex -3.6739405577555036e-17 -0.20000000298023224 -0.3333333432674408
      vertex 0.018863009288907051 -0.19910848140716553 -0.3333333432674408
    endloop
  endfacet
  facet normal 0.14285319536930582 -0.98974388837354232 -0
    outer loop
      vertex 0.038210097700357437 -0.19631604850292206 -0.2222222238779068
      vertex 0.018863009288907051 -0.19910848140716553 -0.2222222238779068
      vertex 0.018863009288907051 -0.19910848140716553 -0.3333333432674408
    endloop
  endfacet
  facet normal 0.14285319536930582 -0.98974388837354232 0
    outer loop
      vertex 0.038210097700357437 -0.19631604850292206 -0.2222222238779068
      vertex 0.018863009288907051 -0.19910848140716553 -0.3333333432674408
      vertex 0.038210097700357437 -0.19631604850292206 -0.3333333432674408
    endloop
  endfacet
  facet normal 0.14285319536930582 -0.98974388837354232 -0
    outer loop
      vertex 0.038210097700357437 -0.19631604850292206 0.3333333432674408
      vertex 0.018863009288907051 -0.19910848140716553 0.3333333432674408
      vertex 0.018863009288907051 -0.19910848140716553 0.2222222238779068
    endloop
  endfacet
  facet normal 0.14285319536930582 -0.98974388837354232 0
    outer loop
      vertex 0.038210097700357437 -0.19631604850292206 0.3333333432674408
      vertex 0.018863009288907051 -0.19910848140716553 0.2222222238779068
      vertex 0.038210097700357437 -0.19631604850292206 0.2222222238779068
    endloop
  endfacet
  facet normal 0.04721025632119711 -0.99888497420778477 0
    outer loop
      vertex 0.018863009288907051 -0.19910848140716553 0.3333333432674408
      vertex -3.6739405577555036e-17 -0.20000000298023224 0.3333333432674408
      vertex -3.6739405577555036e-17 -0.20000000298023224 0.2222222238779068
    endloop
  endfacet
  facet normal 0.04721025632119711 -0.99888497420778477 0
    outer loop
      vertex 0.018863009288907051 -0.19910848140716553 0.3333333432674408
      vertex -3.6739405577555036e-17 -0.20000000298023224 0.2222222238779068
      vertex 0.018863009288907051 -0.19910848140716553 0.2222222238779068
    endloop
  endfacet
  facet normal 0.14285319536930582 -0.98974388837354232 0
    outer loop
      vertex 0.018863009288907051 -0.19910848140716553 0.3333333432674408
      vertex 0.038210097700357437 -0.19631604850292206 0.3333333432674408
      vertex 0.038210097700357437 -0.19631604850292206 0.55555558204650879
    endloop
  endfacet
  facet normal 0.04721025632119711 -0.99888497420778477 0
    outer loop
      vertex -3.6739405577555036e-17 -0.20000000298023224 0.55555558204650879
      vertex -3.6739405577555036e-17 -0.20000000298023224 0.3333333432674408
      vertex 0.018863009288907051 -0.19910848140716553 0.3333333432674408
    endloop
  endfacet
  facet normal 0.095967282271085114 -0.99537582622175269 0.0041527469059580817
    outer loop
      vertex 0.038210097700357437 -0.19631604850292206 0.55555558204650879
      vertex -3.6739405577555036e-17 -0.20000000298023224 0.55555558204650879
      vertex 0.018863009288907051 -0.19910848140716553 0.3333333432674408
    endloop
  endfacet
  facet normal 0.047210256321197117 -0.99888497420778488 0
    outer loop
      vertex 0.018863009288907051 -0.19910848140716553 0.77777779102325439
      vertex -3.6739405577555036e-17 -0.20000000298023224 0.77777779102325439
      vertex -3.6739405577555036e-17 -0.20000000298023224 0.55555558204650879
    endloop
  endfacet
  facet normal 0.14285319536930582 -0.98974388837354232 0
    outer loop
      vertex 0.038210097700357437 -0.19631604850292206 0.55555558204650879
      vertex 0.038210097700357437 -0.19631604850292206 0.77777779102325439
      vertex 0.018863009288907051 -0.19910848140716553 0.77777779102325439
    endloop
  endfacet
  facet normal 0.095967282270863166 -0.99537582621945064 -0.0041527474628752703
    outer loop
      vertex -3.6739405577555036e-17 -0.20000000298023224 0.55555558204650879
      vertex 0.038210097700357437 -0.19631604850292206 0.55555558204650879
      vertex 0.018863009288907051 -0.19910848140716553 0.77777779102325439
    endloop
  endfacet
  facet normal 0.047210256321197117 -0.99888497420778488 0
    outer loop
      vertex 0.018863009288907051 -0.19910848140716553 0.8888888955116272
      vertex -3.6739405577555036e-17 -0.20000000298023224 0.8888888955116272
      vertex -3.6739405577555036e-17 -0.20000000298023224 0.77777779102325439
    endloop
  endfacet
  facet normal 0.047210256321197117 -0.99888497420778488 0
    outer loop
      vertex 0.018863009288907051 -0.19910848140716553 0.8888888955116272
      vertex -3.6739405577555036e-17 -0.20000000298023224 0.77777779102325439
      vertex 0.018863009288907051 -0.19910848140716553 0.77777779102325439
    endloop
  endfacet
  facet normal 0.14285319536930582 -0.98974388837354232 -0
    outer loop
      vertex 0.038210097700357437 -0.19631604850292206 0.8888888955116272
      vertex 0.018863009288907051 -0.19910848140716553 0.8888888955116272
      vertex 0.018863009288907051 -0.19910848140716553 0.77777779102325439
    endloop
  endfacet
  facet normal 0.14285319536930582 -0.98974388837354232 0
    outer loop
      vertex 0.038210097700357437 -0.19631604850292206 0.8888888955116272
      vertex 0.018863009288907051 -0.19910848140716553 0.77777779102325439
      vertex 0.038210097700357437 -0.19631604850292206 0.77777779102325439
    endloop
  endfacet
  facet normal 0.33321995430458318 -0.94284911945297556 -0
    outer loop
      vertex 0.075982086360454559 -0.18500465154647827 -0.77777779102325439
      vertex 0.057139407843351364 -0.19166399538516998 -0.77777779102325439
      vertex 0.057139407843351364 -0.19166399538516998 -0.8888888955116272
    endloop
  endfacet
  facet normal 0.33321995430458318 -0.94284911945297556 0
    outer loop
      vertex 0.075982086360454559 -0.18500465154647827 -0.77777779102325439
      vertex 0.057139407843351364 -0.19166399538516998 -0.8888888955116272
      vertex 0.075982086360454559 -0.18500465154647827 -0.8888888955116272
    endloop
  endfacet
  facet normal 0.2386577312870308 -0.97110374692765311 -0
    outer loop
      vertex 0.057139407843351364 -0.19166399538516998 -0.77777779102325439
      vertex 0.038210097700357437 -0.19631604850292206 -0.77777779102325439
      vertex 0.038210097700357437 -0.19631604850292206 -0.8888888955116272
    endloop
  endfacet
  facet normal 0.2386577312870308 -0.97110374692765311 0
    outer loop
      vertex 0.057139407843351364 -0.19166399538516998 -0.77777779102325439
      vertex 0.038210097700357437 -0.19631604850292206 -0.8888888955116272
      vertex 0.057139407843351364 -0.19166399538516998 -0.8888888955116272
    endloop
  endfacet
  facet normal 0.33321995430458318 -0.94284911945297556 0
    outer loop
      vertex 0.057139407843351364 -0.19166399538516998 -0.77777779102325439
      vertex 0.075982086360454559 -0.18500465154647827 -0.77777779102325439
      vertex 0.075982086360454559 -0.18500465154647827 -0.55555558204650879
    endloop
  endfacet
  facet normal 0.2386577312870308 -0.97110374692765311 -0
    outer loop
      vertex 0.038210097700357437 -0.19631604850292206 -0.55555558204650879
      vertex 0.038210097700357437 -0.19631604850292206 -0.77777779102325439
      vertex 0.057139407843351364 -0.19166399538516998 -0.77777779102325439
    endloop
  endfacet
  facet normal 0.2868750960084171 -0.95795797062195098 0.0043824436145313431
    outer loop
      vertex 0.075982086360454559 -0.18500465154647827 -0.55555558204650879
      vertex 0.038210097700357437 -0.19631604850292206 -0.55555558204650879
      vertex 0.057139407843351364 -0.19166399538516998 -0.77777779102325439
    endloop
  endfacet
  facet normal 0.2386577312870308 -0.97110374692765311 -0
    outer loop
      vertex 0.057139407843351364 -0.19166399538516998 -0.3333333432674408
      vertex 0.038210097700357437 -0.19631604850292206 -0.3333333432674408
      vertex 0.038210097700357437 -0.19631604850292206 -0.55555558204650879
    endloop
  endfacet
  facet normal 0.33321995430458323 -0.94284911945297567 0
    outer loop
      vertex 0.075982086360454559 -0.18500465154647827 -0.55555558204650879
      vertex 0.075982086360454559 -0.18500465154647827 -0.3333333432674408
      vertex 0.057139407843351364 -0.19166399538516998 -0.3333333432674408
    endloop
  endfacet
  facet normal 0.28687509600915595 -0.95795797062441834 -0.0043824430268111832
    outer loop
      vertex 0.038210097700357437 -0.19631604850292206 -0.55555558204650879
      vertex 0.075982086360454559 -0.18500465154647827 -0.55555558204650879
      vertex 0.057139407843351364 -0.19166399538516998 -0.3333333432674408
    endloop
  endfacet
  facet normal 0.2386577312870308 -0.97110374692765311 -0
    outer loop
      vertex 0.057139407843351364 -0.19166399538516998 -0.2222222238779068
      vertex 0.038210097700357437 -0.19631604850292206 -0.2222222238779068
      vertex 0.038210097700357437 -0.19631604850292206 -0.3333333432674408
    endloop
  endfacet
  facet normal 0.23865773128703077 -0.971103746927653 0
    outer loop
      vertex 0.057139407843351364 -0.19166399538516998 -0.2222222238779068
      vertex 0.038210097700357437 -0.19631604850292206 -0.3333333432674408
      vertex 0.057139407843351364 -0.19166399538516998 -0.3333333432674408
    endloop
  endfacet
  facet normal 0.33321995430458323 -0.94284911945297567 0
    outer loop
      vertex 0.075982086360454559 -0.18500465154647827 -0.2222222238779068
      vertex 0.057139407843351364 -0.19166399538516998 -0.2222222238779068
      vertex 0.057139407843351364 -0.19166399538516998 -0.3333333432674408
    endloop
  endfacet
  facet normal 0.33321995430458323 -0.94284911945297567 0
    outer loop
      vertex 0.075982086360454559 -0.18500465154647827 -0.2222222238779068
      vertex 0.057139407843351364 -0.19166399538516998 -0.3333333432674408
      vertex 0.075982086360454559 -0.18500465154647827 -0.3333333432674408
    endloop
  endfacet
  facet normal 0.33321995430458323 -0.94284911945297567 0
    outer loop
      vertex 0.075982086360454559 -0.18500465154647827 0.3333333432674408
      vertex 0.057139407843351364 -0.19166399538516998 0.3333333432674408
      vertex 0.057139407843351364 -0.19166399538516998 0.2222222238779068
    endloop
  endfacet
  facet normal 0.33321995430458323 -0.94284911945297567 0
    outer loop
      vertex 0.075982086360454559 -0.18500465154647827 0.3333333432674408
      vertex 0.057139407843351364 -0.19166399538516998 0.2222222238779068
      vertex 0.075982086360454559 -0.18500465154647827 0.2222222238779068
    endloop
  endfacet
  facet normal 0.2386577312870308 -0.97110374692765311 -0
    outer loop
      vertex 0.057139407843351364 -0.19166399538516998 0.3333333432674408
      vertex 0.038210097700357437 -0.19631604850292206 0.3333333432674408
      vertex 0.038210097700357437 -0.19631604850292206 0.2222222238779068
    endloop
  endfacet
  facet normal 0.23865773128703077 -0.971103746927653 0
    outer loop
      vertex 0.057139407843351364 -0.19166399538516998 0.3333333432674408
      vertex 0.038210097700357437 -0.19631604850292206 0.2222222238779068
      vertex 0.057139407843351364 -0.19166399538516998 0.2222222238779068
    endloop
  endfacet
  facet normal 0.33321995430458323 -0.94284911945297567 0
    outer loop
      vertex 0.057139407843351364 -0.19166399538516998 0.3333333432674408
      vertex 0.075982086360454559 -0.18500465154647827 0.3333333432674408
      vertex 0.075982086360454559 -0.18500465154647827 0.55555558204650879
    endloop
  endfacet
  facet normal 0.2386577312870308 -0.97110374692765311 -0
    outer loop
      vertex 0.038210097700357437 -0.19631604850292206 0.55555558204650879
      vertex 0.038210097700357437 -0.19631604850292206 0.3333333432674408
      vertex 0.057139407843351364 -0.19166399538516998 0.3333333432674408
    endloop
  endfacet
  facet normal 0.28687509600915595 -0.95795797062441834 0.0043824430268111832
    outer loop
      vertex 0.075982086360454559 -0.18500465154647827 0.55555558204650879
      vertex 0.038210097700357437 -0.19631604850292206 0.55555558204650879
      vertex 0.057139407843351364 -0.19166399538516998 0.3333333432674408
    endloop
  endfacet
  facet normal 0.2386577312870308 -0.97110374692765311 -0
    outer loop
      vertex 0.057139407843351364 -0.19166399538516998 0.77777779102325439
      vertex 0.038210097700357437 -0.19631604850292206 0.77777779102325439
      vertex 0.038210097700357437 -0.19631604850292206 0.55555558204650879
    endloop
  endfacet
  facet normal 0.33321995430458318 -0.94284911945297556 0
    outer loop
      vertex 0.075982086360454559 -0.18500465154647827 0.55555558204650879
      vertex 0.075982086360454559 -0.18500465154647827 0.77777779102325439
      vertex 0.057139407843351364 -0.19166399538516998 0.77777779102325439
    endloop
  endfacet
  facet normal 0.28687509600841704 -0.95795797062195098 -0.0043824436145313405
    outer loop
      vertex 0.038210097700357437 -0.19631604850292206 0.55555558204650879
      vertex 0.075982086360454559 -0.18500465154647827 0.55555558204650879
      vertex 0.057139407843351364 -0.19166399538516998 0.77777779102325439
    endloop
  endfacet
  facet normal 0.2386577312870308 -0.97110374692765311 -0
    outer loop
      vertex 0.057139407843351364 -0.19166399538516998 0.8888888955116272
      vertex 0.038210097700357437 -0.19631604850292206 0.8888888955116272
      vertex 0.038210097700357437 -0.19631604850292206 0.77777779102325439
    endloop
  endfacet
  facet normal 0.2386577312870308 -0.97110374692765311 0
    outer loop
      vertex 0.057139407843351364 -0.19166399538516998 0.8888888955116272
      vertex 0.038210097700357437 -0.19631604850292206 0.77777779102325439
      vertex 0.057139407843351364 -0.19166399538516998 0.77777779102325439
    endloop
  endfacet
  facet normal 0.33321995430458318 -0.94284911945297556 -0
    outer loop
      vertex 0.075982086360454559 -0.18500465154647827 0.8888888955116272
      vertex 0.057139407843351364 -0.19166399538516998 0.8888888955116272
      vertex 0.057139407843351364 -0.19166399538516998 0.77777779102325439
    endloop
  endfacet
  facet normal 0.33321995430458318 -0.94284911945297556 0
    outer loop
      vertex 0.075982086360454559 -0.18500465154647827 0.8888888955116272
      vertex 0.057139407843351364 -0.19166399538516998 0.77777779102325439
      vertex 0.075982086360454559 -0.18500465154647827 0.77777779102325439
    endloop
  endfacet
  facet normal 0.51497892441684068 -0.857202839126466 0
    outer loop
      vertex 0.11159056425094604 -0.16597452759742737 -0.77777779102325439
      vertex 0.094133734703063965 -0.17646200954914093 -0.77777779102325439
      vertex 0.094133734703063965 -0.17646200954914093 -0.8888888955116272
    endloop
  endfacet
  facet normal 0.51497892441684068 -0.857202839126466 0
    outer loop
      vertex 0.11159056425094604 -0.16597452759742737 -0.77777779102325439
      vertex 0.094133734703063965 -0.17646200954914093 -0.8888888955116272
      vertex 0.11159056425094604 -0.16597452759742737 -0.8888888955116272
    endloop
  endfacet
  facet normal 0.42582518805557235 -0.90480545379514399 -0
    outer loop
      vertex 0.094133734703063965 -0.17646200954914093 -0.77777779102325439
      vertex 0.075982086360454559 -0.18500465154647827 -0.77777779102325439
      vertex 0.075982086360454559 -0.18500465154647827 -0.8888888955116272
    endloop
  endfacet
  facet normal 0.42582518805557235 -0.90480545379514399 0
    outer loop
      vertex 0.094133734703063965 -0.17646200954914093 -0.77777779102325439
      vertex 0.075982086360454559 -0.18500465154647827 -0.8888888955116272
      vertex 0.094133734703063965 -0.17646200954914093 -0.8888888955116272
    endloop
  endfacet
  facet normal 0.51497892441684068 -0.857202839126466 0
    outer loop
      vertex 0.094133734703063965 -0.17646200954914093 -0.77777779102325439
      vertex 0.11159056425094604 -0.16597452759742737 -0.77777779102325439
      vertex 0.11159056425094604 -0.16597452759742737 -0.55555558204650879
    endloop
  endfacet
  facet normal 0.42582518805557235 -0.90480545379514399 -0
    outer loop
      vertex 0.075982086360454559 -0.18500465154647827 -0.55555558204650879
      vertex 0.075982086360454559 -0.18500465154647827 -0.77777779102325439
      vertex 0.094133734703063965 -0.17646200954914093 -0.77777779102325439
    endloop
  endfacet
  facet normal 0.47133388734688125 -0.88194287917225433 0.0045961414068790623
    outer loop
      vertex 0.11159056425094604 -0.16597452759742737 -0.55555558204650879
      vertex 0.075982086360454559 -0.18500465154647827 -0.55555558204650879
      vertex 0.094133734703063965 -0.17646200954914093 -0.77777779102325439
    endloop
  endfacet
  facet normal 0.42582518805557235 -0.90480545379514399 -0
    outer loop
      vertex 0.094133734703063965 -0.17646200954914093 -0.3333333432674408
      vertex 0.075982086360454559 -0.18500465154647827 -0.3333333432674408
      vertex 0.075982086360454559 -0.18500465154647827 -0.55555558204650879
    endloop
  endfacet
  facet normal 0.51497892441684068 -0.857202839126466 0
    outer loop
      vertex 0.11159056425094604 -0.16597452759742737 -0.55555558204650879
      vertex 0.11159056425094604 -0.16597452759742737 -0.3333333432674408
      vertex 0.094133734703063965 -0.17646200954914093 -0.3333333432674408
    endloop
  endfacet
  facet normal 0.47133388734821646 -0.88194287917475278 -0.0045961407905015326
    outer loop
      vertex 0.075982086360454559 -0.18500465154647827 -0.55555558204650879
      vertex 0.11159056425094604 -0.16597452759742737 -0.55555558204650879
      vertex 0.094133734703063965 -0.17646200954914093 -0.3333333432674408
    endloop
  endfacet
  facet normal 0.42582518805557235 -0.90480545379514399 -0
    outer loop
      vertex 0.094133734703063965 -0.17646200954914093 -0.2222222238779068
      vertex 0.075982086360454559 -0.18500465154647827 -0.2222222238779068
      vertex 0.075982086360454559 -0.18500465154647827 -0.3333333432674408
    endloop
  endfacet
  facet normal 0.42582518805557235 -0.90480545379514399 0
    outer loop
      vertex 0.094133734703063965 -0.17646200954914093 -0.2222222238779068
      vertex 0.075982086360454559 -0.18500465154647827 -0.3333333432674408
      vertex 0.094133734703063965 -0.17646200954914093 -0.3333333432674408
    endloop
  endfacet
  facet normal 0.51497892441684068 -0.857202839126466 0
    outer loop
      vertex 0.11159056425094604 -0.16597452759742737 -0.2222222238779068
      vertex 0.094133734703063965 -0.17646200954914093 -0.2222222238779068
      vertex 0.094133734703063965 -0.17646200954914093 -0.3333333432674408
    endloop
  endfacet
  facet normal 0.51497892441684068 -0.857202839126466 0
    outer loop
      vertex 0.11159056425094604 -0.16597452759742737 -0.2222222238779068
      vertex 0.094133734703063965 -0.17646200954914093 -0.3333333432674408
      vertex 0.11159056425094604 -0.16597452759742737 -0.3333333432674408
    endloop
  endfacet
  facet normal 0.51497892441684068 -0.857202839126466 0
    outer loop
      vertex 0.11159056425094604 -0.16597452759742737 0.3333333432674408
      vertex 0.094133734703063965 -0.17646200954914093 0.3333333432674408
      vertex 0.094133734703063965 -0.17646200954914093 0.2222222238779068
    endloop
  endfacet
  facet normal 0.51497892441684068 -0.857202839126466 0
    outer loop
      vertex 0.11159056425094604 -0.16597452759742737 0.3333333432674408
      vertex 0.094133734703063965 -0.17646200954914093 0.2222222238779068
      vertex 0.11159056425094604 -0.16597452759742737 0.2222222238779068
    endloop
  endfacet
  facet normal 0.42582518805557235 -0.90480545379514399 -0
    outer loop
      vertex 0.094133734703063965 -0.17646200954914093 0.3333333432674408
      vertex 0.075982086360454559 -0.18500465154647827 0.3333333432674408
      vertex 0.075982086360454559 -0.18500465154647827 0.2222222238779068
    endloop
  endfacet
  facet normal 0.42582518805557235 -0.90480545379514399 0
    outer loop
      vertex 0.094133734703063965 -0.17646200954914093 0.3333333432674408
      vertex 0.075982086360454559 -0.18500465154647827 0.2222222238779068
      vertex 0.094133734703063965 -0.17646200954914093 0.2222222238779068
    endloop
  endfacet
  facet normal 0.51497892441684068 -0.857202839126466 0
    outer loop
      vertex 0.094133734703063965 -0.17646200954914093 0.3333333432674408
      vertex 0.11159056425094604 -0.16597452759742737 0.3333333432674408
      vertex 0.11159056425094604 -0.16597452759742737 0.55555558204650879
    endloop
  endfacet
  facet normal 0.42582518805557235 -0.90480545379514399 -0
    outer loop
      vertex 0.075982086360454559 -0.18500465154647827 0.55555558204650879
      vertex 0.075982086360454559 -0.18500465154647827 0.3333333432674408
      vertex 0.094133734703063965 -0.17646200954914093 0.3333333432674408
    endloop
  endfacet
  facet normal 0.47133388734821646 -0.88194287917475278 0.0045961407905015326
    outer loop
      vertex 0.11159056425094604 -0.16597452759742737 0.55555558204650879
      vertex 0.075982086360454559 -0.18500465154647827 0.55555558204650879
      vertex 0.094133734703063965 -0.17646200954914093 0.3333333432674408
    endloop
  endfacet
  facet normal 0.42582518805557235 -0.90480545379514399 -0
    outer loop
      vertex 0.094133734703063965 -0.17646200954914093 0.77777779102325439
      vertex 0.075982086360454559 -0.18500465154647827 0.77777779102325439
      vertex 0.075982086360454559 -0.18500465154647827 0.55555558204650879
    endloop
  endfacet
  facet normal 0.51497892441684068 -0.857202839126466 0
    outer loop
      vertex 0.11159056425094604 -0.16597452759742737 0.55555558204650879
      vertex 0.11159056425094604 -0.16597452759742737 0.77777779102325439
      vertex 0.094133734703063965 -0.17646200954914093 0.77777779102325439
    endloop
  endfacet
  facet normal 0.47133388734688125 -0.88194287917225433 -0.0045961414068790623
    outer loop
      vertex 0.075982086360454559 -0.18500465154647827 0.55555558204650879
      vertex 0.11159056425094604 -0.16597452759742737 0.55555558204650879
      vertex 0.094133734703063965 -0.17646200954914093 0.77777779102325439
    endloop
  endfacet
  facet normal 0.42582518805557235 -0.90480545379514399 -0
    outer loop
      vertex 0.094133734703063965 -0.17646200954914093 0.8888888955116272
      vertex 0.075982086360454559 -0.18500465154647827 0.8888888955116272
      vertex 0.075982086360454559 -0.18500465154647827 0.77777779102325439
    endloop
  endfacet
  facet normal 0.42582518805557235 -0.90480545379514399 0
    outer loop
      vertex 0.094133734703063965 -0.17646200954914093 0.8888888955116272
      vertex 0.075982086360454559 -0.18500465154647827 0.77777779102325439
      vertex 0.094133734703063965 -0.17646200954914093 0.77777779102325439
    endloop
  endfacet
  facet normal 0.51497892441684068 -0.857202839126466 0
    outer loop
      vertex 0.11159056425094604 -0.16597452759742737 0.8888888955116272
      vertex 0.094133734703063965 -0.17646200954914093 0.8888888955116272
      vertex 0.094133734703063965 -0.17646200954914093 0.77777779102325439
    endloop
  endfacet
  facet normal 0.51497892441684068 -0.857202839126466 0
    outer loop
      vertex 0.11159056425094604 -0.16597452759742737 0.8888888955116272
      vertex 0.094133734703063965 -0.17646200954914093 0.77777779102325439
      vertex 0.11159056425094604 -0.16597452759742737 0.77777779102325439
    endloop
  endfacet
  facet normal 0.63951336081115562 -0.76877998240330148 -0
    outer loop
      vertex 0.14288665354251862 -0.13994072377681732 -0.55555558204650879
      vertex 0.11159056425094604 -0.16597452759742737 -0.55555558204650879
      vertex 0.11159056425094604 -0.16597452759742737 -0.77777779102325439
    endloop
  endfacet
  facet normal 0.63951336081115562 -0.76877998240330148 0
    outer loop
      vertex 0.14288665354251862 -0.13994072377681732 -0.55555558204650879
      vertex 0.11159056425094604 -0.16597452759742737 -0.77777779102325439
      vertex 0.14288665354251862 -0.13994072377681732 -0.77777779102325439
    endloop
  endfacet
  facet normal 0.63951336081115562 -0.76877998240330148 -0
    outer loop
      vertex 0.14288665354251862 -0.13994072377681732 -0.3333333432674408
      vertex 0.11159056425094604 -0.16597452759742737 -0.3333333432674408
      vertex 0.11159056425094604 -0.16597452759742737 -0.55555558204650879
    endloop
  endfacet
  facet normal 0.63951336081115562 -0.76877998240330148 0
    outer loop
      vertex 0.14288665354251862 -0.13994072377681732 -0.3333333432674408
      vertex 0.11159056425094604 -0.16597452759742737 -0.55555558204650879
      vertex 0.14288665354251862 -0.13994072377681732 -0.55555558204650879
    endloop
  endfacet
  facet normal 0.63951336081115562 -0.76877998240330148 -0
    outer loop
      vertex 0.14288665354251862 -0.13994072377681732 0.55555558204650879
      vertex 0.11159056425094604 -0.16597452759742737 0.55555558204650879
      vertex 0.11159056425094604 -0.16597452759742737 0.3333333432674408
    endloop
  endfacet
  facet normal 0.63951336081115562 -0.76877998240330148 0
    outer loop
      vertex 0.14288665354251862 -0.13994072377681732 0.55555558204650879
      vertex 0.11159056425094604 -0.16597452759742737 0.3333333432674408
      vertex 0.14288665354251862 -0.13994072377681732 0.3333333432674408
    endloop
  endfacet
  facet normal 0.63951336081115562 -0.76877998240330148 -0
    outer loop
      vertex 0.14288665354251862 -0.13994072377681732 0.77777779102325439
      vertex 0.11159056425094604 -0.16597452759742737 0.77777779102325439
      vertex 0.11159056425094604 -0.16597452759742737 0.55555558204650879
    endloop
  endfacet
  facet normal 0.63951336081115562 -0.76877998240330148 0
    outer loop
      vertex 0.14288665354251862 -0.13994072377681732 0.77777779102325439
      vertex 0.11159056425094604 -0.16597452759742737 0.55555558204650879
      vertex 0.14288665354251862 -0.13994072377681732 0.55555558204650879
    endloop
  endfacet
  facet normal 0.81267077600420023 -0.5827230987602352 0
    outer loop
      vertex 0.16823962330818176 -0.10814540833234787 -0.77777779102325439
      vertex 0.15640974044799805 -0.1246434673666954 -0.77777779102325439
      vertex 0.15640974044799805 -0.1246434673666954 -0.8888888955116272
    endloop
  endfacet
  facet normal 0.81267077600420023 -0.5827230987602352 0
    outer loop
      vertex 0.16823962330818176 -0.10814540833234787 -0.77777779102325439
      vertex 0.15640974044799805 -0.1246434673666954 -0.8888888955116272
      vertex 0.16823962330818176 -0.10814540833234787 -0.8888888955116272
    endloop
  endfacet
  facet normal 0.74921773829413485 -0.6623237732600431 0
    outer loop
      vertex 0.15640974044799805 -0.1246434673666954 -0.77777779102325439
      vertex 0.14288665354251862 -0.13994072377681732 -0.77777779102325439
      vertex 0.14288665354251862 -0.13994072377681732 -0.8888888955116272
    endloop
  endfacet
  facet normal 0.74921773829413507 -0.66232377326004332 0
    outer loop
      vertex 0.15640974044799805 -0.1246434673666954 -0.77777779102325439
      vertex 0.14288665354251862 -0.13994072377681732 -0.8888888955116272
      vertex 0.15640974044799805 -0.1246434673666954 -0.8888888955116272
    endloop
  endfacet
  facet normal 0.81267077600420023 -0.5827230987602352 0
    outer loop
      vertex 0.15640974044799805 -0.1246434673666954 -0.77777779102325439
      vertex 0.16823962330818176 -0.10814540833234787 -0.77777779102325439
      vertex 0.16823962330818176 -0.10814540833234787 -0.55555558204650879
    endloop
  endfacet
  facet normal 0.74921773829413485 -0.6623237732600431 0
    outer loop
      vertex 0.14288665354251862 -0.13994072377681732 -0.55555558204650879
      vertex 0.14288665354251862 -0.13994072377681732 -0.77777779102325439
      vertex 0.15640974044799805 -0.1246434673666954 -0.77777779102325439
    endloop
  endfacet
  facet normal 0.78185832076389772 -0.62343870756618691 0.0046630634201636524
    outer loop
      vertex 0.16823962330818176 -0.10814540833234787 -0.55555558204650879
      vertex 0.14288665354251862 -0.13994072377681732 -0.55555558204650879
      vertex 0.15640974044799805 -0.1246434673666954 -0.77777779102325439
    endloop
  endfacet
  facet normal 0.78186682132891827 -0.62344548575237391 0
    outer loop
      vertex 0.16823962330818176 -0.10814540833234787 -0.3333333432674408
      vertex 0.14288665354251862 -0.13994072377681732 -0.3333333432674408
      vertex 0.14288665354251862 -0.13994072377681732 -0.55555558204650879
    endloop
  endfacet
  facet normal 0.78186682132891827 -0.62344548575237391 0
    outer loop
      vertex 0.16823962330818176 -0.10814540833234787 -0.3333333432674408
      vertex 0.14288665354251862 -0.13994072377681732 -0.55555558204650879
      vertex 0.16823962330818176 -0.10814540833234787 -0.55555558204650879
    endloop
  endfacet
  facet normal 0.78186682132891827 -0.62344548575237391 0
    outer loop
      vertex 0.16823962330818176 -0.10814540833234787 0.55555558204650879
      vertex 0.14288665354251862 -0.13994072377681732 0.55555558204650879
      vertex 0.14288665354251862 -0.13994072377681732 0.3333333432674408
    endloop
  endfacet
  facet normal 0.78186682132891827 -0.62344548575237391 0
    outer loop
      vertex 0.16823962330818176 -0.10814540833234787 0.55555558204650879
      vertex 0.14288665354251862 -0.13994072377681732 0.3333333432674408
      vertex 0.16823962330818176 -0.10814540833234787 0.3333333432674408
    endloop
  endfacet
  facet normal 0.74921773829413485 -0.6623237732600431 0
    outer loop
      vertex 0.15640974044799805 -0.1246434673666954 0.77777779102325439
      vertex 0.14288665354251862 -0.13994072377681732 0.77777779102325439
      vertex 0.14288665354251862 -0.13994072377681732 0.55555558204650879
    endloop
  endfacet
  facet normal 0.81267077600420023 -0.5827230987602352 0
    outer loop
      vertex 0.16823962330818176 -0.10814540833234787 0.55555558204650879
      vertex 0.16823962330818176 -0.10814540833234787 0.77777779102325439
      vertex 0.15640974044799805 -0.1246434673666954 0.77777779102325439
    endloop
  endfacet
  facet normal 0.78185832076389772 -0.62343870756618691 -0.0046630634201636541
    outer loop
      vertex 0.14288665354251862 -0.13994072377681732 0.55555558204650879
      vertex 0.16823962330818176 -0.10814540833234787 0.55555558204650879
      vertex 0.15640974044799805 -0.1246434673666954 0.77777779102325439
    endloop
  endfacet
  facet normal 0.74921773829413485 -0.6623237732600431 0
    outer loop
      vertex 0.15640974044799805 -0.1246434673666954 0.8888888955116272
      vertex 0.14288665354251862 -0.13994072377681732 0.8888888955116272
      vertex 0.14288665354251862 -0.13994072377681732 0.77777779102325439
    endloop
  endfacet
  facet normal 0.74921773829413507 -0.66232377326004332 0
    outer loop
      vertex 0.15640974044799805 -0.1246434673666954 0.8888888955116272
      vertex 0.14288665354251862 -0.13994072377681732 0.77777779102325439
      vertex 0.15640974044799805 -0.1246434673666954 0.77777779102325439
    endloop
  endfacet
  facet normal 0.81267077600420023 -0.5827230987602352 0
    outer loop
      vertex 0.16823962330818176 -0.10814540833234787 0.8888888955116272
      vertex 0.15640974044799805 -0.1246434673666954 0.8888888955116272
      vertex 0.15640974044799805 -0.1246434673666954 0.77777779102325439
    endloop
  endfacet
  facet normal 0.81267077600420023 -0.5827230987602352 0
    outer loop
      vertex 0.16823962330818176 -0.10814540833234787 0.8888888955116272
      vertex 0.15640974044799805 -0.1246434673666954 0.77777779102325439
      vertex 0.16823962330818176 -0.10814540833234787 0.77777779102325439
    endloop
  endfacet
  facet normal 0.91251419508791465 -0.40904503879530801 0
    outer loop
      vertex 0.18632277846336365 -0.072689898312091827 -0.77777779102325439
      vertex 0.17823682725429535 -0.090728364884853363 -0.77777779102325439
      vertex 0.17823682725429535 -0.090728364884853363 -0.8888888955116272
    endloop
  endfacet
  facet normal 0.91251419508791465 -0.40904503879530801 0
    outer loop
      vertex 0.18632277846336365 -0.072689898312091827 -0.77777779102325439
      vertex 0.17823682725429535 -0.090728364884853363 -0.8888888955116272
      vertex 0.18632277846336365 -0.072689898312091827 -0.8888888955116272
    endloop
  endfacet
  facet normal 0.8672846823012007 -0.49781249466611954 0
    outer loop
      vertex 0.17823682725429535 -0.090728364884853363 -0.77777779102325439
      vertex 0.16823962330818176 -0.10814540833234787 -0.77777779102325439
      vertex 0.16823962330818176 -0.10814540833234787 -0.8888888955116272
    endloop
  endfacet
  facet normal 0.8672846823012007 -0.49781249466611954 0
    outer loop
      vertex 0.17823682725429535 -0.090728364884853363 -0.77777779102325439
      vertex 0.16823962330818176 -0.10814540833234787 -0.8888888955116272
      vertex 0.17823682725429535 -0.090728364884853363 -0.8888888955116272
    endloop
  endfacet
  facet normal 0.91251419508791465 -0.40904503879530801 -0
    outer loop
      vertex 0.17823682725429535 -0.090728364884853363 -0.77777779102325439
      vertex 0.18632277846336365 -0.072689898312091827 -0.77777779102325439
      vertex 0.18632277846336365 -0.072689898312091827 -0.55555558204650879
    endloop
  endfacet
  facet normal 0.8672846823012007 -0.49781249466611954 0
    outer loop
      vertex 0.16823962330818176 -0.10814540833234787 -0.55555558204650879
      vertex 0.16823962330818176 -0.10814540833234787 -0.77777779102325439
      vertex 0.17823682725429535 -0.090728364884853363 -0.77777779102325439
    endloop
  endfacet
  facet normal 0.89081797899518778 -0.4543384009986724 0.0044660583178903496
    outer loop
      vertex 0.18632277846336365 -0.072689898312091827 -0.55555558204650879
      vertex 0.16823962330818176 -0.10814540833234787 -0.55555558204650879
      vertex 0.17823682725429535 -0.090728364884853363 -0.77777779102325439
    endloop
  endfacet
  facet normal 0.89082686311187997 -0.45434293210992899 0
    outer loop
      vertex 0.18632277846336365 -0.072689898312091827 -0.3333333432674408
      vertex 0.16823962330818176 -0.10814540833234787 -0.3333333432674408
      vertex 0.16823962330818176 -0.10814540833234787 -0.55555558204650879
    endloop
  endfacet
  facet normal 0.89082686311187997 -0.45434293210992899 0
    outer loop
      vertex 0.18632277846336365 -0.072689898312091827 -0.3333333432674408
      vertex 0.16823962330818176 -0.10814540833234787 -0.55555558204650879
      vertex 0.18632277846336365 -0.072689898312091827 -0.55555558204650879
    endloop
  endfacet
  facet normal 0.89082686311187997 -0.45434293210992899 0
    outer loop
      vertex 0.18632277846336365 -0.072689898312091827 0.55555558204650879
      vertex 0.16823962330818176 -0.10814540833234787 0.55555558204650879
      vertex 0.16823962330818176 -0.10814540833234787 0.3333333432674408
    endloop
  endfacet
  facet normal 0.89082686311187997 -0.45434293210992899 0
    outer loop
      vertex 0.18632277846336365 -0.072689898312091827 0.55555558204650879
      vertex 0.16823962330818176 -0.10814540833234787 0.3333333432674408
      vertex 0.18632277846336365 -0.072689898312091827 0.3333333432674408
    endloop
  endfacet
  facet normal 0.8672846823012007 -0.49781249466611954 0
    outer loop
      vertex 0.17823682725429535 -0.090728364884853363 0.77777779102325439
      vertex 0.16823962330818176 -0.10814540833234787 0.77777779102325439
      vertex 0.16823962330818176 -0.10814540833234787 0.55555558204650879
    endloop
  endfacet
  facet normal 0.91251419508791465 -0.40904503879530801 -0
    outer loop
      vertex 0.18632277846336365 -0.072689898312091827 0.55555558204650879
      vertex 0.18632277846336365 -0.072689898312091827 0.77777779102325439
      vertex 0.17823682725429535 -0.090728364884853363 0.77777779102325439
    endloop
  endfacet
  facet normal 0.89081797899518766 -0.4543384009986724 -0.0044660583178903488
    outer loop
      vertex 0.16823962330818176 -0.10814540833234787 0.55555558204650879
      vertex 0.18632277846336365 -0.072689898312091827 0.55555558204650879
      vertex 0.17823682725429535 -0.090728364884853363 0.77777779102325439
    endloop
  endfacet
  facet normal 0.8672846823012007 -0.49781249466611954 0
    outer loop
      vertex 0.17823682725429535 -0.090728364884853363 0.8888888955116272
      vertex 0.16823962330818176 -0.10814540833234787 0.8888888955116272
      vertex 0.16823962330818176 -0.10814540833234787 0.77777779102325439
    endloop
  endfacet
  facet normal 0.8672846823012007 -0.49781249466611954 0
    outer loop
      vertex 0.17823682725429535 -0.090728364884853363 0.8888888955116272
      vertex 0.16823962330818176 -0.10814540833234787 0.77777779102325439
      vertex 0.17823682725429535 -0.090728364884853363 0.77777779102325439
    endloop
  endfacet
  facet normal 0.91251419508791465 -0.40904503879530801 0
    outer loop
      vertex 0.18632277846336365 -0.072689898312091827 0.8888888955116272
      vertex 0.17823682725429535 -0.090728364884853363 0.8888888955116272
      vertex 0.17823682725429535 -0.090728364884853363 0.77777779102325439
    endloop
  endfacet
  facet normal 0.91251419508791465 -0.40904503879530801 0
    outer loop
      vertex 0.18632277846336365 -0.072689898312091827 0.8888888955116272
      vertex 0.17823682725429535 -0.090728364884853363 0.77777779102325439
      vertex 0.18632277846336365 -0.072689898312091827 0.77777779102325439
    endloop
  endfacet
  facet normal 0.97415370493676556 -0.22588616415790785 0
    outer loop
      vertex 0.19674691557884216 -0.035925660282373428 -0.77777779102325439
      vertex 0.19247984886169434 -0.05432775616645813 -0.77777779102325439
      vertex 0.19247984886169434 -0.05432775616645813 -0.8888888955116272
    endloop
  endfacet
  facet normal 0.97415370493676556 -0.22588616415790785 0
    outer loop
      vertex 0.19674691557884216 -0.035925660282373428 -0.77777779102325439
      vertex 0.19247984886169434 -0.05432775616645813 -0.8888888955116272
      vertex 0.19674691557884216 -0.035925660282373428 -0.8888888955116272
    endloop
  endfacet
  facet normal 0.94811862186856632 -0.31791677978057464 0
    outer loop
      vertex 0.19247984886169434 -0.05432775616645813 -0.77777779102325439
      vertex 0.18632277846336365 -0.072689898312091827 -0.77777779102325439
      vertex 0.18632277846336365 -0.072689898312091827 -0.8888888955116272
    endloop
  endfacet
  facet normal 0.94811862186856632 -0.31791677978057464 0
    outer loop
      vertex 0.19247984886169434 -0.05432775616645813 -0.77777779102325439
      vertex 0.18632277846336365 -0.072689898312091827 -0.8888888955116272
      vertex 0.19247984886169434 -0.05432775616645813 -0.8888888955116272
    endloop
  endfacet
  facet normal 0.97415370493676556 -0.22588616415790785 -0
    outer loop
      vertex 0.19247984886169434 -0.05432775616645813 -0.77777779102325439
      vertex 0.19674691557884216 -0.035925660282373428 -0.77777779102325439
      vertex 0.19674691557884216 -0.035925660282373428 -0.55555558204650879
    endloop
  endfacet
  facet normal 0.94811862186856632 -0.31791677978057464 0
    outer loop
      vertex 0.18632277846336365 -0.072689898312091827 -0.55555558204650879
      vertex 0.18632277846336365 -0.072689898312091827 -0.77777779102325439
      vertex 0.19247984886169434 -0.05432775616645813 -0.77777779102325439
    endloop
  endfacet
  facet normal 0.96206637709182075 -0.2727844330920195 0.0041157176876287834
    outer loop
      vertex 0.19674691557884216 -0.035925660282373428 -0.55555558204650879
      vertex 0.18632277846336365 -0.072689898312091827 -0.55555558204650879
      vertex 0.19247984886169434 -0.05432775616645813 -0.77777779102325439
    endloop
  endfacet
  facet normal 0.96207452548005845 -0.27278674348714294 0
    outer loop
      vertex 0.19674691557884216 -0.035925660282373428 -0.3333333432674408
      vertex 0.18632277846336365 -0.072689898312091827 -0.3333333432674408
      vertex 0.18632277846336365 -0.072689898312091827 -0.55555558204650879
    endloop
  endfacet
  facet normal 0.96207452548005845 -0.27278674348714294 0
    outer loop
      vertex 0.19674691557884216 -0.035925660282373428 -0.3333333432674408
      vertex 0.18632277846336365 -0.072689898312091827 -0.55555558204650879
      vertex 0.19674691557884216 -0.035925660282373428 -0.55555558204650879
    endloop
  endfacet
  facet normal 0.96207452548005845 -0.27278674348714294 0
    outer loop
      vertex 0.18632277846336365 -0.072689898312091827 -0.3333333432674408
      vertex 0.19674691557884216 -0.035925660282373428 -0.3333333432674408
      vertex 0.19674691557884216 -0.035925660282373428 -0.1111111119389534
    endloop
  endfacet
  facet normal 0.96207452548005845 -0.27278674348714294 0
    outer loop
      vertex 0.19674691557884216 -0.035925660282373428 0.1111111119389534
      vertex 0.19674691557884216 -0.035925660282373428 0.3333333432674408
      vertex 0.18632277846336365 -0.072689898312091827 0.3333333432674408
    endloop
  endfacet
  facet normal 0.96207452548005845 -0.27278674348714294 0
    outer loop
      vertex 0.19674691557884216 -0.035925660282373428 0.55555558204650879
      vertex 0.18632277846336365 -0.072689898312091827 0.55555558204650879
      vertex 0.18632277846336365 -0.072689898312091827 0.3333333432674408
    endloop
  endfacet
  facet normal 0.96207452548005845 -0.27278674348714294 0
    outer loop
      vertex 0.19674691557884216 -0.035925660282373428 0.55555558204650879
      vertex 0.18632277846336365 -0.072689898312091827 0.3333333432674408
      vertex 0.19674691557884216 -0.035925660282373428 0.3333333432674408
    endloop
  endfacet
  facet normal 0.94811862186856632 -0.31791677978057464 0
    outer loop
      vertex 0.19247984886169434 -0.05432775616645813 0.77777779102325439
      vertex 0.18632277846336365 -0.072689898312091827 0.77777779102325439
      vertex 0.18632277846336365 -0.072689898312091827 0.55555558204650879
    endloop
  endfacet
  facet normal 0.97415370493676556 -0.22588616415790785 -0
    outer loop
      vertex 0.19674691557884216 -0.035925660282373428 0.55555558204650879
      vertex 0.19674691557884216 -0.035925660282373428 0.77777779102325439
      vertex 0.19247984886169434 -0.05432775616645813 0.77777779102325439
    endloop
  endfacet
  facet normal 0.96206637709182075 -0.2727844330920195 -0.0041157176876287808
    outer loop
      vertex 0.18632277846336365 -0.072689898312091827 0.55555558204650879
      vertex 0.19674691557884216 -0.035925660282373428 0.55555558204650879
      vertex 0.19247984886169434 -0.05432775616645813 0.77777779102325439
    endloop
  endfacet
  facet normal 0.94811862186856632 -0.31791677978057464 0
    outer loop
      vertex 0.19247984886169434 -0.05432775616645813 0.8888888955116272
      vertex 0.18632277846336365 -0.072689898312091827 0.8888888955116272
      vertex 0.18632277846336365 -0.072689898312091827 0.77777779102325439
    endloop
  endfacet
  facet normal 0.94811862186856632 -0.31791677978057464 0
    outer loop
      vertex 0.19247984886169434 -0.05432775616645813 0.8888888955116272
      vertex 0.18632277846336365 -0.072689898312091827 0.77777779102325439
      vertex 0.19247984886169434 -0.05432775616645813 0.77777779102325439
    endloop
  endfacet
  facet normal 0.97415370493676556 -0.22588616415790785 0
    outer loop
      vertex 0.19674691557884216 -0.035925660282373428 0.8888888955116272
      vertex 0.19247984886169434 -0.05432775616645813 0.8888888955116272
      vertex 0.19247984886169434 -0.05432775616645813 0.77777779102325439
    endloop
  endfacet
  facet normal 0.97415370493676556 -0.22588616415790785 0
    outer loop
      vertex 0.19674691557884216 -0.035925660282373428 0.8888888955116272
      vertex 0.19247984886169434 -0.05432775616645813 0.77777779102325439
      vertex 0.19674691557884216 -0.035925660282373428 0.77777779102325439
    endloop
  endfacet
  facet normal 0.9990139057126195 -0.044398380520212111 0
    outer loop
      vertex 0.20000000298023224 0 -0.77777779102325439
      vertex 0.19921152293682098 -0.017741695046424866 -0.77777779102325439
      vertex 0.19921152293682098 -0.017741695046424866 -0.8888888955116272
    endloop
  endfacet
  facet normal 0.9990139057126195 -0.044398380520212111 0
    outer loop
      vertex 0.20000000298023224 0 -0.77777779102325439
      vertex 0.19921152293682098 -0.017741695046424866 -0.8888888955116272
      vertex 0.20000000298023224 0 -0.8888888955116272
    endloop
  endfacet
  facet normal 0.99093945165150299 -0.13430935619166076 0
    outer loop
      vertex 0.19921152293682098 -0.017741695046424866 -0.77777779102325439
      vertex 0.19674691557884216 -0.035925660282373428 -0.77777779102325439
      vertex 0.19674691557884216 -0.035925660282373428 -0.8888888955116272
    endloop
  endfacet
  facet normal 0.99093945165150299 -0.13430935619166076 0
    outer loop
      vertex 0.19921152293682098 -0.017741695046424866 -0.77777779102325439
      vertex 0.19674691557884216 -0.035925660282373428 -0.8888888955116272
      vertex 0.19921152293682098 -0.017741695046424866 -0.8888888955116272
    endloop
  endfacet
  facet normal 0.9990139057126195 -0.044398380520212111 -0
    outer loop
      vertex 0.19921152293682098 -0.017741695046424866 -0.77777779102325439
      vertex 0.20000000298023224 0 -0.77777779102325439
      vertex 0.20000000298023224 0 -0.55555558204650879
    endloop
  endfacet
  facet normal 0.99093945165150299 -0.13430935619166076 0
    outer loop
      vertex 0.19674691557884216 -0.035925660282373428 -0.55555558204650879
      vertex 0.19674691557884216 -0.035925660282373428 -0.77777779102325439
      vertex 0.19921152293682098 -0.017741695046424866 -0.77777779102325439
    endloop
  endfacet
  facet normal 0.99591864847865585 -0.09018095652830431 0.0036661549459208105
    outer loop
      vertex 0.20000000298023224 0 -0.55555558204650879
      vertex 0.19674691557884216 -0.035925660282373428 -0.55555558204650879
      vertex 0.19921152293682098 -0.017741695046424866 -0.77777779102325439
    endloop
  endfacet
  facet normal 0.99592534146407385 -0.09018156258164807 0
    outer loop
      vertex 0.20000000298023224 0 -0.3333333432674408
      vertex 0.19674691557884216 -0.035925660282373428 -0.3333333432674408
      vertex 0.19674691557884216 -0.035925660282373428 -0.55555558204650879
    endloop
  endfacet
  facet normal 0.99592534146407385 -0.09018156258164807 0
    outer loop
      vertex 0.20000000298023224 0 -0.3333333432674408
      vertex 0.19674691557884216 -0.035925660282373428 -0.55555558204650879
      vertex 0.20000000298023224 0 -0.55555558204650879
    endloop
  endfacet
  facet normal 0.99592534146407385 -0.09018156258164807 0
    outer loop
      vertex 0.20000000298023224 0 -0.1111111119389534
      vertex 0.19674691557884216 -0.035925660282373428 -0.1111111119389534
      vertex 0.19674691557884216 -0.035925660282373428 -0.3333333432674408
    endloop
  endfacet
  facet normal 0.99592534146407385 -0.09018156258164807 0
    outer loop
      vertex 0.20000000298023224 0 -0.1111111119389534
      vertex 0.19674691557884216 -0.035925660282373428 -0.3333333432674408
      vertex 0.20000000298023224 0 -0.3333333432674408
    endloop
  endfacet
  facet normal 0.99592534146407385 -0.09018156258164807 0
    outer loop
      vertex 0.20000000298023224 0 0.55555558204650879
      vertex 0.19674691557884216 -0.035925660282373428 0.55555558204650879
      vertex 0.19674691557884216 -0.035925660282373428 0.3333333432674408
    endloop
  endfacet
  facet normal 0.99592534146407385 -0.09018156258164807 0
    outer loop
      vertex 0.20000000298023224 0 0.55555558204650879
      vertex 0.19674691557884216 -0.035925660282373428 0.3333333432674408
      vertex 0.20000000298023224 0 0.3333333432674408
    endloop
  endfacet
  facet normal 0.99093945165150299 -0.13430935619166076 0
    outer loop
      vertex 0.19921152293682098 -0.017741695046424866 0.77777779102325439
      vertex 0.19674691557884216 -0.035925660282373428 0.77777779102325439
      vertex 0.19674691557884216 -0.035925660282373428 0.55555558204650879
    endloop
  endfacet
  facet normal 0.9990139057126195 -0.044398380520212111 -0
    outer loop
      vertex 0.20000000298023224 0 0.55555558204650879
      vertex 0.20000000298023224 0 0.77777779102325439
      vertex 0.19921152293682098 -0.017741695046424866 0.77777779102325439
    endloop
  endfacet
  facet normal 0.99591864847865585 -0.09018095652830431 -0.0036661549459208105
    outer loop
      vertex 0.19674691557884216 -0.035925660282373428 0.55555558204650879
      vertex 0.20000000298023224 0 0.55555558204650879
      vertex 0.19921152293682098 -0.017741695046424866 0.77777779102325439
    endloop
  endfacet
  facet normal 0.99093945165150299 -0.13430935619166076 0
    outer loop
      vertex 0.19921152293682098 -0.017741695046424866 0.8888888955116272
      vertex 0.19674691557884216 -0.035925660282373428 0.8888888955116272
      vertex 0.19674691557884216 -0.035925660282373428 0.77777779102325439
    endloop
  endfacet
  facet normal 0.99093945165150299 -0.13430935619166076 0
    outer loop
      vertex 0.19921152293682098 -0.017741695046424866 0.8888888955116272
      vertex 0.19674691557884216 -0.035925660282373428 0.77777779102325439
      vertex 0.19921152293682098 -0.017741695046424866 0.77777779102325439
    endloop
  endfacet
  facet normal 0.9990139057126195 -0.044398380520212111 0
    outer loop
      vertex 0.20000000298023224 0 0.8888888955116272
      vertex 0.19921152293682098 -0.017741695046424866 0.8888888955116272
      vertex 0.19921152293682098 -0.017741695046424866 0.77777779102325439
    endloop
  endfacet
  facet normal 0.9990139057126195 -0.044398380520212111 0
    outer loop
      vertex 0.20000000298023224 0 0.8888888955116272
      vertex 0.19921152293682098 -0.017741695046424866 0.77777779102325439
      vertex 0.20000000298023224 0 0.77777779102325439
    endloop
  endfacet
  facet normal 0.99888497420778477 0.047210256321197207 0
    outer loop
      vertex 0.20000000298023224 0 -1
      vertex 0.19910848140716553 0.018863009288907051 -0.8888888955116272
      vertex 0.20000000298023224 0 -0.8888888955116272
    endloop
  endfacet
  facet normal 0.99535007886923388 0.09596479988867064 -0.0083052800878160027
    outer loop
      vertex 0.19631604850292206 0.038210097700357437 -1
      vertex 0.19910848140716553 0.018863009288907051 -0.8888888955116272
      vertex 0.20000000298023224 0 -1
    endloop
  endfacet
  facet normal 0.95793037427338723 0.28686683186177758 -0.0087646347348087437
    outer loop
      vertex 0.18500465154647827 0.075982086360454559 -1
      vertex 0.19166399538516998 0.057139407843351364 -0.8888888955116272
      vertex 0.19631604850292206 0.038210097700357437 -1
    endloop
  endfacet
  facet normal 0.98974388837354232 0.14285319536930582 -0
    outer loop
      vertex 0.19631604850292206 0.038210097700357437 -1
      vertex 0.19631604850292206 0.038210097700357437 -0.8888888955116272
      vertex 0.19910848140716553 0.018863009288907051 -0.8888888955116272
    endloop
  endfacet
  facet normal 0.94284911945297556 0.33321995430458318 -0
    outer loop
      vertex 0.18500465154647827 0.075982086360454559 -1
      vertex 0.18500465154647827 0.075982086360454559 -0.8888888955116272
      vertex 0.19166399538516998 0.057139407843351364 -0.8888888955116272
    endloop
  endfacet
  facet normal 0.97110374692765311 0.2386577312870308 0
    outer loop
      vertex 0.19166399538516998 0.057139407843351364 -0.8888888955116272
      vertex 0.19631604850292206 0.038210097700357437 -0.8888888955116272
      vertex 0.19631604850292206 0.038210097700357437 -1
    endloop
  endfacet
  facet normal 0.90480545379514399 0.42582518805557235 0
    outer loop
      vertex 0.18500465154647827 0.075982086360454559 -0.8888888955116272
      vertex 0.18500465154647827 0.075982086360454559 -1
      vertex 0.17646200954914093 0.094133734703063965 -0.8888888955116272
    endloop
  endfacet
  facet normal 0.857202839126466 0.51497892441684068 -0
    outer loop
      vertex 0.16597452759742737 0.11159056425094604 -0.8888888955116272
      vertex 0.17646200954914093 0.094133734703063965 -0.8888888955116272
      vertex 0.16597452759742737 0.11159056425094604 -1
    endloop
  endfacet
  facet normal 0.62341837433403002 0.78183282073228766 -0.009325822672010731
    outer loop
      vertex 0.10814540833234787 0.16823962330818176 -1
      vertex 0.1246434673666954 0.15640974044799805 -0.8888888955116272
      vertex 0.13994072377681732 0.14288665354251862 -1
    endloop
  endfacet
  facet normal 0.76877998240330148 0.63951336081115562 -0
    outer loop
      vertex 0.13994072377681732 0.14288665354251862 -1
      vertex 0.13994072377681732 0.14288665354251862 -0.8888888955116272
      vertex 0.16597452759742737 0.11159056425094604 -0.8888888955116272
    endloop
  endfacet
  facet normal 0.76877998240330148 0.63951336081115562 0
    outer loop
      vertex 0.13994072377681732 0.14288665354251862 -1
      vertex 0.16597452759742737 0.11159056425094604 -0.8888888955116272
      vertex 0.16597452759742737 0.11159056425094604 -1
    endloop
  endfacet
  facet normal 0.27277750225885949 0.96204193316929587 -0.0082312262331719795
    outer loop
      vertex 0.072689898312091827 0.18632277846336365 -1
      vertex 0.035925660282373428 0.19674691557884216 -1
      vertex 0.05432775616645813 0.19247984886169434 -0.8888888955116272
    endloop
  endfacet
  facet normal 0.4543248084782478 0.89079132823983131 -0.0089318494121043701
    outer loop
      vertex 0.10814540833234787 0.16823962330818176 -1
      vertex 0.072689898312091827 0.18632277846336365 -1
      vertex 0.090728364884853363 0.17823682725429535 -0.8888888955116272
    endloop
  endfacet
  facet normal 0.49781249466611954 0.8672846823012007 0
    outer loop
      vertex 0.10814540833234787 0.16823962330818176 -1
      vertex 0.090728364884853363 0.17823682725429535 -0.8888888955116272
      vertex 0.10814540833234787 0.16823962330818176 -0.8888888955116272
    endloop
  endfacet
  facet normal 0.090179138441582651 0.99589857033200058 -0.0073321620693326634
    outer loop
      vertex 1.2246467698671066e-17 0.20000000298023224 -1
      vertex 0.017741695046424866 0.19921152293682098 -0.8888888955116272
      vertex 0.035925660282373428 0.19674691557884216 -1
    endloop
  endfacet
  facet normal -0.095964799888670599 0.99535007886923388 -0.0083052800878160096
    outer loop
      vertex -0.038210097700357437 0.19631604850292206 -1
      vertex -0.018863009288907051 0.19910848140716553 -0.8888888955116272
      vertex 1.2246467698671066e-17 0.20000000298023224 -1
    endloop
  endfacet
  facet normal -0.28687785088268503 0.95796716993482189 -0
    outer loop
      vertex -0.038210097700357437 0.19631604850292206 -1
      vertex -0.075982086360454559 0.18500465154647827 -1
      vertex -0.075982086360454559 0.18500465154647827 -0.8888888955116272
    endloop
  endfacet
  facet normal -0.33317014136270379 0.94270817324677847 -0.017290372988396925
    outer loop
      vertex -0.038210097700357437 0.19631604850292206 -1
      vertex -0.075982086360454559 0.18500465154647827 -0.8888888955116272
      vertex -0.057139407843351364 0.19166399538516998 -0.8888888955116272
    endloop
  endfacet
  facet normal 0.88191493457598735 0.47131895300646087 -0.0091919915538159341
    outer loop
      vertex 0.18500465154647827 0.075982086360454559 -1
      vertex 0.16597452759742737 0.11159056425094604 -1
      vertex 0.17646200954914093 0.094133734703063965 -0.8888888955116272
    endloop
  endfacet
  facet normal 0.76877998240330148 0.63951336081115562 -0
    outer loop
      vertex 0.13994072377681732 0.14288665354251862 -0.8888888955116272
      vertex 0.13994072377681732 0.14288665354251862 -0.77777779102325439
      vertex 0.16597452759742737 0.11159056425094604 -0.77777779102325439
    endloop
  endfacet
  facet normal 0.76877998240330148 0.63951336081115562 0
    outer loop
      vertex 0.13994072377681732 0.14288665354251862 -0.8888888955116272
      vertex 0.16597452759742737 0.11159056425094604 -0.77777779102325439
      vertex 0.16597452759742737 0.11159056425094604 -0.8888888955116272
    endloop
  endfacet
  facet normal 0.5827230987602352 0.81267077600420023 -0
    outer loop
      vertex 0.10814540833234787 0.16823962330818176 -1
      vertex 0.10814540833234787 0.16823962330818176 -0.8888888955116272
      vertex 0.1246434673666954 0.15640974044799805 -0.8888888955116272
    endloop
  endfacet
  facet normal 0.6623237732600431 0.74921773829413485 0
    outer loop
      vertex 0.1246434673666954 0.15640974044799805 -0.8888888955116272
      vertex 0.13994072377681732 0.14288665354251862 -0.8888888955116272
      vertex 0.13994072377681732 0.14288665354251862 -1
    endloop
  endfacet
  facet normal 0.31791677978057464 0.94811862186856632 0
    outer loop
      vertex 0.072689898312091827 0.18632277846336365 -1
      vertex 0.05432775616645813 0.19247984886169434 -0.8888888955116272
      vertex 0.072689898312091827 0.18632277846336365 -0.8888888955116272
    endloop
  endfacet
  facet normal 0.13430935619166076 0.99093945165150299 0
    outer loop
      vertex 0.035925660282373428 0.19674691557884216 -1
      vertex 0.017741695046424866 0.19921152293682098 -0.8888888955116272
      vertex 0.035925660282373428 0.19674691557884216 -0.8888888955116272
    endloop
  endfacet
  facet normal 0.22588616415790785 0.97415370493676556 -0
    outer loop
      vertex 0.035925660282373428 0.19674691557884216 -0.8888888955116272
      vertex 0.05432775616645813 0.19247984886169434 -0.8888888955116272
      vertex 0.035925660282373428 0.19674691557884216 -1
    endloop
  endfacet
  facet normal -0.047210256321197172 0.99888497420778477 0
    outer loop
      vertex 1.2246467698671066e-17 0.20000000298023224 -1
      vertex -0.018863009288907051 0.19910848140716553 -0.8888888955116272
      vertex 1.2246467698671066e-17 0.20000000298023224 -0.8888888955116272
    endloop
  endfacet
  facet normal -0.2386577312870308 0.97110374692765311 0
    outer loop
      vertex -0.038210097700357437 0.19631604850292206 -1
      vertex -0.057139407843351364 0.19166399538516998 -0.8888888955116272
      vertex -0.038210097700357437 0.19631604850292206 -0.8888888955116272
    endloop
  endfacet
  facet normal -0.14285319536930582 0.98974388837354232 0
    outer loop
      vertex -0.038210097700357437 0.19631604850292206 -0.8888888955116272
      vertex -0.018863009288907051 0.19910848140716553 -0.8888888955116272
      vertex -0.038210097700357437 0.19631604850292206 -1
    endloop
  endfacet
  facet normal 0.044398380520212145 0.9990139057126195 0
    outer loop
      vertex 1.2246467698671066e-17 0.20000000298023224 -0.8888888955116272
      vertex 0.017741695046424866 0.19921152293682098 -0.8888888955116272
      vertex 1.2246467698671066e-17 0.20000000298023224 -1
    endloop
  endfacet
  facet normal 0.40904503879530801 0.91251419508791465 0
    outer loop
      vertex 0.072689898312091827 0.18632277846336365 -0.8888888955116272
      vertex 0.090728364884853363 0.17823682725429535 -0.8888888955116272
      vertex 0.072689898312091827 0.18632277846336365 -1
    endloop
  endfacet
  facet normal -0.42582518805557235 0.90480545379514399 0
    outer loop
      vertex -0.075982086360454559 0.18500465154647827 -0.8888888955116272
      vertex -0.075982086360454559 0.18500465154647827 -1
      vertex -0.094133734703063965 0.17646200954914093 -0.8888888955116272
    endloop
  endfacet
  facet normal -0.51497892441684068 0.857202839126466 0
    outer loop
      vertex -0.11159056425094604 0.16597452759742737 -1
      vertex -0.11159056425094604 0.16597452759742737 -0.8888888955116272
      vertex -0.094133734703063965 0.17646200954914093 -0.8888888955116272
    endloop
  endfacet
  facet normal -0.47131895300646087 0.88191493457598735 -0.0091919915538159341
    outer loop
      vertex -0.075982086360454559 0.18500465154647827 -1
      vertex -0.11159056425094604 0.16597452759742737 -1
      vertex -0.094133734703063965 0.17646200954914093 -0.8888888955116272
    endloop
  endfacet
  facet normal -0.63951336081115562 0.76877998240330148 -0
    outer loop
      vertex -0.14288665354251862 0.13994072377681732 -1
      vertex -0.14288665354251862 0.13994072377681732 -0.8888888955116272
      vertex -0.11159056425094604 0.16597452759742737 -0.8888888955116272
    endloop
  endfacet
  facet normal -0.63951336081115562 0.76877998240330148 0
    outer loop
      vertex -0.14288665354251862 0.13994072377681732 -1
      vertex -0.11159056425094604 0.16597452759742737 -0.8888888955116272
      vertex -0.11159056425094604 0.16597452759742737 -1
    endloop
  endfacet
  facet normal -0.78183282073228766 0.62341837433403002 -0.009325822672010731
    outer loop
      vertex -0.16823962330818176 0.10814540833234787 -1
      vertex -0.15640974044799805 0.1246434673666954 -0.8888888955116272
      vertex -0.14288665354251862 0.13994072377681732 -1
    endloop
  endfacet
  facet normal -0.63951336081115562 0.76877998240330148 -0
    outer loop
      vertex -0.14288665354251862 0.13994072377681732 -0.8888888955116272
      vertex -0.14288665354251862 0.13994072377681732 -0.77777779102325439
      vertex -0.11159056425094604 0.16597452759742737 -0.77777779102325439
    endloop
  endfacet
  facet normal -0.63951336081115562 0.76877998240330148 0
    outer loop
      vertex -0.14288665354251862 0.13994072377681732 -0.8888888955116272
      vertex -0.11159056425094604 0.16597452759742737 -0.77777779102325439
      vertex -0.11159056425094604 0.16597452759742737 -0.8888888955116272
    endloop
  endfacet
  facet normal -0.81267077600420023 0.5827230987602352 0
    outer loop
      vertex -0.16823962330818176 0.10814540833234787 -1
      vertex -0.16823962330818176 0.10814540833234787 -0.8888888955116272
      vertex -0.15640974044799805 0.1246434673666954 -0.8888888955116272
    endloop
  endfacet
  facet normal -0.8672846823012007 0.49781249466611954 0
    outer loop
      vertex -0.16823962330818176 0.10814540833234787 -1
      vertex -0.17823682725429535 0.090728364884853363 -0.8888888955116272
      vertex -0.16823962330818176 0.10814540833234787 -0.8888888955116272
    endloop
  endfacet
  facet normal -0.74921773829413485 0.6623237732600431 0
    outer loop
      vertex -0.15640974044799805 0.1246434673666954 -0.8888888955116272
      vertex -0.14288665354251862 0.13994072377681732 -0.8888888955116272
      vertex -0.14288665354251862 0.13994072377681732 -1
    endloop
  endfacet
  facet normal -0.89079132823983154 0.45432480847824791 -0.008931849412104384
    outer loop
      vertex -0.17823682725429535 0.090728364884853363 -0.8888888955116272
      vertex -0.16823962330818176 0.10814540833234787 -1
      vertex -0.18632277846336365 0.072689898312091827 -1
    endloop
  endfacet
  facet normal -0.96204193316929587 0.27277750225885949 -0.0082312262331719795
    outer loop
      vertex -0.18632277846336365 0.072689898312091827 -1
      vertex -0.19674691557884216 0.035925660282373428 -1
      vertex -0.19247984886169434 0.05432775616645813 -0.8888888955116272
    endloop
  endfacet
  facet normal -0.94811862186856632 0.31791677978057464 0
    outer loop
      vertex -0.18632277846336365 0.072689898312091827 -1
      vertex -0.19247984886169434 0.05432775616645813 -0.8888888955116272
      vertex -0.18632277846336365 0.072689898312091827 -0.8888888955116272
    endloop
  endfacet
  facet normal -0.99589857033200058 0.090179138441582679 -0.0073321620693326591
    outer loop
      vertex -0.20000000298023224 2.4492935397342132e-17 -1
      vertex -0.19921152293682098 0.017741695046424866 -0.8888888955116272
      vertex -0.19674691557884216 0.035925660282373428 -1
    endloop
  endfacet
  facet normal -0.99093945165150299 0.13430935619166076 -0
    outer loop
      vertex -0.19921152293682098 0.017741695046424866 -0.8888888955116272
      vertex -0.19674691557884216 0.035925660282373428 -0.8888888955116272
      vertex -0.19674691557884216 0.035925660282373428 -1
    endloop
  endfacet
  facet normal -0.95793037427338723 -0.28686683186177758 -0.0087646347348087437
    outer loop
      vertex -0.19631604850292206 -0.038210097700357437 -1
      vertex -0.18500465154647827 -0.075982086360454559 -1
      vertex -0.19166399538516998 -0.057139407843351364 -0.8888888955116272
    endloop
  endfacet
  facet normal -0.97110374692765311 -0.2386577312870308 -0
    outer loop
      vertex -0.19631604850292206 -0.038210097700357437 -1
      vertex -0.19166399538516998 -0.057139407843351364 -0.8888888955116272
      vertex -0.19631604850292206 -0.038210097700357437 -0.8888888955116272
    endloop
  endfacet
  facet normal -0.97415370493676556 0.22588616415790785 0
    outer loop
      vertex -0.19674691557884216 0.035925660282373428 -1
      vertex -0.19674691557884216 0.035925660282373428 -0.8888888955116272
      vertex -0.19247984886169434 0.05432775616645813 -0.8888888955116272
    endloop
  endfacet
  facet normal -0.88191493457598735 -0.47131895300646087 -0.0091919915538159341
    outer loop
      vertex -0.16597452759742737 -0.11159056425094604 -1
      vertex -0.17646200954914093 -0.094133734703063965 -0.8888888955116272
      vertex -0.18500465154647827 -0.075982086360454559 -1
    endloop
  endfacet
  facet normal -0.99535007886923388 -0.095964799888670571 -0.0083052800878160131
    outer loop
      vertex -0.20000000298023224 2.4492935397342132e-17 -1
      vertex -0.19631604850292206 -0.038210097700357437 -1
      vertex -0.19910848140716553 -0.018863009288907051 -0.8888888955116272
    endloop
  endfacet
  facet normal -0.99888497420778488 -0.047210256321197151 0
    outer loop
      vertex -0.20000000298023224 2.4492935397342132e-17 -1
      vertex -0.19910848140716553 -0.018863009288907051 -0.8888888955116272
      vertex -0.20000000298023224 2.4492935397342132e-17 -0.8888888955116272
    endloop
  endfacet
  facet normal -0.91251419508791465 0.40904503879530801 0
    outer loop
      vertex -0.17823682725429535 0.090728364884853363 -0.8888888955116272
      vertex -0.18632277846336365 0.072689898312091827 -1
      vertex -0.18632277846336365 0.072689898312091827 -0.8888888955116272
    endloop
  endfacet
  facet normal -0.9990139057126195 0.044398380520212173 0
    outer loop
      vertex -0.20000000298023224 2.4492935397342132e-17 -1
      vertex -0.20000000298023224 2.4492935397342132e-17 -0.8888888955116272
      vertex -0.19921152293682098 0.017741695046424866 -0.8888888955116272
    endloop
  endfacet
  facet normal -0.98974388837354232 -0.14285319536930582 0
    outer loop
      vertex -0.19631604850292206 -0.038210097700357437 -1
      vertex -0.19631604850292206 -0.038210097700357437 -0.8888888955116272
      vertex -0.19910848140716553 -0.018863009288907051 -0.8888888955116272
    endloop
  endfacet
  facet normal -0.99592534146407385 0.090181562581648139 9.9396502644903683e-18
    outer loop
      vertex -0.20000000298023224 1.2246467698671066e-17 1.8369702788777518e-17
      vertex -0.19674691557884216 0.035925660282373428 -0.1111111119389534
      vertex -0.20000000298023224 2.4492935397342132e-17 -0.1111111119389534
    endloop
  endfacet
  facet normal -0.94284911945297556 -0.33321995430458318 0
    outer loop
      vertex -0.18500465154647827 -0.075982086360454559 -1
      vertex -0.18500465154647827 -0.075982086360454559 -0.8888888955116272
      vertex -0.19166399538516998 -0.057139407843351364 -0.8888888955116272
    endloop
  endfacet
  facet normal -0.857202839126466 -0.51497892441684068 0
    outer loop
      vertex -0.16597452759742737 -0.11159056425094604 -1
      vertex -0.16597452759742737 -0.11159056425094604 -0.8888888955116272
      vertex -0.17646200954914093 -0.094133734703063965 -0.8888888955116272
    endloop
  endfacet
  facet normal -0.90480545379514399 -0.42582518805557235 -0
    outer loop
      vertex -0.17646200954914093 -0.094133734703063965 -0.8888888955116272
      vertex -0.18500465154647827 -0.075982086360454559 -0.8888888955116272
      vertex -0.18500465154647827 -0.075982086360454559 -1
    endloop
  endfacet
  facet normal -0.95796716993482189 -0.28687785088268503 0
    outer loop
      vertex -0.18500465154647827 -0.075982086360454559 -0.3333333432674408
      vertex -0.18500465154647827 -0.075982086360454559 -0.1111111119389534
      vertex -0.19631604850292206 -0.038210097700357437 -0.1111111119389534
    endloop
  endfacet
  facet normal -0.95796716993482189 -0.28687785088268503 -0
    outer loop
      vertex -0.18500465154647827 -0.075982086360454559 -0.3333333432674408
      vertex -0.19631604850292206 -0.038210097700357437 -0.1111111119389534
      vertex -0.19631604850292206 -0.038210097700357437 -0.3333333432674408
    endloop
  endfacet
  facet normal -0.8819521946279999 -0.47133886577583922 -0
    outer loop
      vertex -0.18500465154647827 -0.075982086360454559 -0.1111111119389534
      vertex -0.18500465154647827 -0.075982086360454559 -0.3333333432674408
      vertex -0.16597452759742737 -0.11159056425094604 -0.3333333432674408
    endloop
  endfacet
  facet normal -0.95782484580334493 -0.28683522975510545 -0.017237045371358253
    outer loop
      vertex -0.18890319764614105 -0.065693072974681854 -0.065693072974681854
      vertex -0.19631604850292206 -0.038210097700357437 -0.1111111119389534
      vertex -0.18500465154647827 -0.075982086360454559 -0.1111111119389534
    endloop
  endfacet
  facet normal -0.76877998240330148 -0.63951336081115562 -0
    outer loop
      vertex -0.16597452759742737 -0.11159056425094604 -0.77777779102325439
      vertex -0.16597452759742737 -0.11159056425094604 -0.8888888955116272
      vertex -0.13994072377681732 -0.14288665354251862 -0.8888888955116272
    endloop
  endfacet
  facet normal -0.76877998240330148 -0.63951336081115562 0
    outer loop
      vertex -0.16597452759742737 -0.11159056425094604 -0.77777779102325439
      vertex -0.13994072377681732 -0.14288665354251862 -0.8888888955116272
      vertex -0.13994072377681732 -0.14288665354251862 -0.77777779102325439
    endloop
  endfacet
  facet normal -0.99538440911354853 -0.095968109774403967 -1.0577433129284796e-17
    outer loop
      vertex -0.20000000298023224 1.2246467698671066e-17 1.8369702788777518e-17
      vertex -0.20000000298023224 2.4492935397342132e-17 -0.1111111119389534
      vertex -0.19631604850292206 -0.038210097700357437 -0.1111111119389534
    endloop
  endfacet
  facet normal -0.76877998240330148 -0.63951336081115562 -0
    outer loop
      vertex -0.16597452759742737 -0.11159056425094604 -0.8888888955116272
      vertex -0.16597452759742737 -0.11159056425094604 -1
      vertex -0.13994072377681732 -0.14288665354251862 -1
    endloop
  endfacet
  facet normal -0.76877998240330148 -0.63951336081115562 0
    outer loop
      vertex -0.16597452759742737 -0.11159056425094604 -0.8888888955116272
      vertex -0.13994072377681732 -0.14288665354251862 -1
      vertex -0.13994072377681732 -0.14288665354251862 -0.8888888955116272
    endloop
  endfacet
  facet normal 0.98974388837354232 0.14285319536930582 -0
    outer loop
      vertex 0.19631604850292206 0.038210097700357437 1
      vertex 0.19910848140716553 0.018863009288907051 0.8888888955116272
      vertex 0.19631604850292206 0.038210097700357437 0.8888888955116272
    endloop
  endfacet
  facet normal 0.94284911945297556 0.33321995430458318 0
    outer loop
      vertex 0.18500465154647827 0.075982086360454559 1
      vertex 0.19166399538516998 0.057139407843351364 0.8888888955116272
      vertex 0.18500465154647827 0.075982086360454559 0.8888888955116272
    endloop
  endfacet
  facet normal 0.90480545379514399 0.42582518805557235 0
    outer loop
      vertex 0.18500465154647827 0.075982086360454559 1
      vertex 0.18500465154647827 0.075982086360454559 0.8888888955116272
      vertex 0.17646200954914093 0.094133734703063965 0.8888888955116272
    endloop
  endfacet
  facet normal 0.97110374692765311 0.2386577312870308 0
    outer loop
      vertex 0.19631604850292206 0.038210097700357437 1
      vertex 0.19631604850292206 0.038210097700357437 0.8888888955116272
      vertex 0.19166399538516998 0.057139407843351364 0.8888888955116272
    endloop
  endfacet
  facet normal 0.99888497420778488 0.047210256321197214 0
    outer loop
      vertex 0.20000000298023224 0 1
      vertex 0.20000000298023224 0 0.8888888955116272
      vertex 0.19910848140716553 0.018863009288907051 0.8888888955116272
    endloop
  endfacet
  facet normal 0.76877998240330148 0.63951336081115562 -0
    outer loop
      vertex 0.13994072377681732 0.14288665354251862 0.77777779102325439
      vertex 0.13994072377681732 0.14288665354251862 0.8888888955116272
      vertex 0.16597452759742737 0.11159056425094604 0.8888888955116272
    endloop
  endfacet
  facet normal 0.76877998240330148 0.63951336081115562 0
    outer loop
      vertex 0.13994072377681732 0.14288665354251862 0.77777779102325439
      vertex 0.16597452759742737 0.11159056425094604 0.8888888955116272
      vertex 0.16597452759742737 0.11159056425094604 0.77777779102325439
    endloop
  endfacet
  facet normal 0.6623237732600431 0.74921773829413485 0
    outer loop
      vertex 0.13994072377681732 0.14288665354251862 1
      vertex 0.13994072377681732 0.14288665354251862 0.8888888955116272
      vertex 0.1246434673666954 0.15640974044799805 0.8888888955116272
    endloop
  endfacet
  facet normal 0.76877998240330148 0.63951336081115562 -0
    outer loop
      vertex 0.13994072377681732 0.14288665354251862 0.8888888955116272
      vertex 0.13994072377681732 0.14288665354251862 1
      vertex 0.16597452759742737 0.11159056425094604 1
    endloop
  endfacet
  facet normal 0.76877998240330148 0.63951336081115562 0
    outer loop
      vertex 0.13994072377681732 0.14288665354251862 0.8888888955116272
      vertex 0.16597452759742737 0.11159056425094604 1
      vertex 0.16597452759742737 0.11159056425094604 0.8888888955116272
    endloop
  endfacet
  facet normal 0.49781249466611954 0.8672846823012007 0
    outer loop
      vertex 0.10814540833234787 0.16823962330818176 1
      vertex 0.10814540833234787 0.16823962330818176 0.8888888955116272
      vertex 0.090728364884853363 0.17823682725429535 0.8888888955116272
    endloop
  endfacet
  facet normal 0.31791677978057464 0.94811862186856632 0
    outer loop
      vertex 0.072689898312091827 0.18632277846336365 1
      vertex 0.072689898312091827 0.18632277846336365 0.8888888955116272
      vertex 0.05432775616645813 0.19247984886169434 0.8888888955116272
    endloop
  endfacet
  facet normal 0.22588616415790785 0.97415370493676556 -0
    outer loop
      vertex 0.035925660282373428 0.19674691557884216 1
      vertex 0.05432775616645813 0.19247984886169434 0.8888888955116272
      vertex 0.035925660282373428 0.19674691557884216 0.8888888955116272
    endloop
  endfacet
  facet normal 0.40904503879530801 0.91251419508791465 0
    outer loop
      vertex 0.072689898312091827 0.18632277846336365 1
      vertex 0.090728364884853363 0.17823682725429535 0.8888888955116272
      vertex 0.072689898312091827 0.18632277846336365 0.8888888955116272
    endloop
  endfacet
  facet normal 0.5827230987602352 0.81267077600420023 -0
    outer loop
      vertex 0.10814540833234787 0.16823962330818176 1
      vertex 0.1246434673666954 0.15640974044799805 0.8888888955116272
      vertex 0.10814540833234787 0.16823962330818176 0.8888888955116272
    endloop
  endfacet
  facet normal 0.857202839126466 0.51497892441684068 -0
    outer loop
      vertex 0.16597452759742737 0.11159056425094604 1
      vertex 0.17646200954914093 0.094133734703063965 0.8888888955116272
      vertex 0.16597452759742737 0.11159056425094604 0.8888888955116272
    endloop
  endfacet
  facet normal 0.99535007886923388 0.09596479988867064 0.0083052800878160027
    outer loop
      vertex 0.19631604850292206 0.038210097700357437 1
      vertex 0.20000000298023224 0 1
      vertex 0.19910848140716553 0.018863009288907051 0.8888888955116272
    endloop
  endfacet
  facet normal 0.88191493457598735 0.47131895300646093 0.0091919915538159393
    outer loop
      vertex 0.18500465154647827 0.075982086360454559 1
      vertex 0.17646200954914093 0.094133734703063965 0.8888888955116272
      vertex 0.16597452759742737 0.11159056425094604 1
    endloop
  endfacet
  facet normal 0.95793037427338723 0.28686683186177758 0.0087646347348087437
    outer loop
      vertex 0.19166399538516998 0.057139407843351364 0.8888888955116272
      vertex 0.18500465154647827 0.075982086360454559 1
      vertex 0.19631604850292206 0.038210097700357437 1
    endloop
  endfacet
  facet normal 0.13430935619166076 0.99093945165150299 0
    outer loop
      vertex 0.035925660282373428 0.19674691557884216 1
      vertex 0.035925660282373428 0.19674691557884216 0.8888888955116272
      vertex 0.017741695046424866 0.19921152293682098 0.8888888955116272
    endloop
  endfacet
  facet normal 0.45432480847824791 0.89079132823983154 0.008931849412104384
    outer loop
      vertex 0.072689898312091827 0.18632277846336365 1
      vertex 0.10814540833234787 0.16823962330818176 1
      vertex 0.090728364884853363 0.17823682725429535 0.8888888955116272
    endloop
  endfacet
  facet normal 0.27277750225885949 0.96204193316929587 0.0082312262331719795
    outer loop
      vertex 0.035925660282373428 0.19674691557884216 1
      vertex 0.072689898312091827 0.18632277846336365 1
      vertex 0.05432775616645813 0.19247984886169434 0.8888888955116272
    endloop
  endfacet
  facet normal 0.62341837433403002 0.78183282073228766 0.0093258226720107206
    outer loop
      vertex 0.13994072377681732 0.14288665354251862 1
      vertex 0.1246434673666954 0.15640974044799805 0.8888888955116272
      vertex 0.10814540833234787 0.16823962330818176 1
    endloop
  endfacet
  facet normal 0.090179138441582651 0.99589857033200058 0.0073321620693326634
    outer loop
      vertex 0.035925660282373428 0.19674691557884216 1
      vertex 0.017741695046424866 0.19921152293682098 0.8888888955116272
      vertex 1.2246467698671066e-17 0.20000000298023224 1
    endloop
  endfacet
  facet normal -0.047210256321197179 0.99888497420778488 0
    outer loop
      vertex 1.2246467698671066e-17 0.20000000298023224 1
      vertex 1.2246467698671066e-17 0.20000000298023224 0.8888888955116272
      vertex -0.018863009288907051 0.19910848140716553 0.8888888955116272
    endloop
  endfacet
  facet normal -0.2386577312870308 0.97110374692765311 0
    outer loop
      vertex -0.038210097700357437 0.19631604850292206 1
      vertex -0.038210097700357437 0.19631604850292206 0.8888888955116272
      vertex -0.057139407843351364 0.19166399538516998 0.8888888955116272
    endloop
  endfacet
  facet normal -0.14285319536930582 0.98974388837354232 0
    outer loop
      vertex -0.038210097700357437 0.19631604850292206 1
      vertex -0.018863009288907051 0.19910848140716553 0.8888888955116272
      vertex -0.038210097700357437 0.19631604850292206 0.8888888955116272
    endloop
  endfacet
  facet normal -0.095964799888670613 0.99535007886923399 0.0083052800878160096
    outer loop
      vertex -0.038210097700357437 0.19631604850292206 1
      vertex 1.2246467698671066e-17 0.20000000298023224 1
      vertex -0.018863009288907051 0.19910848140716553 0.8888888955116272
    endloop
  endfacet
  facet normal -0.42582518805557235 0.90480545379514399 0
    outer loop
      vertex -0.075982086360454559 0.18500465154647827 1
      vertex -0.075982086360454559 0.18500465154647827 0.8888888955116272
      vertex -0.094133734703063965 0.17646200954914093 0.8888888955116272
    endloop
  endfacet
  facet normal -0.47131895300646093 0.88191493457598735 0.0091919915538159393
    outer loop
      vertex -0.11159056425094604 0.16597452759742737 1
      vertex -0.075982086360454559 0.18500465154647827 1
      vertex -0.094133734703063965 0.17646200954914093 0.8888888955116272
    endloop
  endfacet
  facet normal -0.28686683186177758 0.95793037427338723 0.0087646347348087437
    outer loop
      vertex -0.075982086360454559 0.18500465154647827 1
      vertex -0.038210097700357437 0.19631604850292206 1
      vertex -0.057139407843351364 0.19166399538516998 0.8888888955116272
    endloop
  endfacet
  facet normal -0.33321995430458318 0.94284911945297556 0
    outer loop
      vertex -0.075982086360454559 0.18500465154647827 1
      vertex -0.057139407843351364 0.19166399538516998 0.8888888955116272
      vertex -0.075982086360454559 0.18500465154647827 0.8888888955116272
    endloop
  endfacet
  facet normal 0.044398380520212145 0.9990139057126195 -0
    outer loop
      vertex 0.017741695046424866 0.19921152293682098 0.8888888955116272
      vertex 1.2246467698671066e-17 0.20000000298023224 0.8888888955116272
      vertex 1.2246467698671066e-17 0.20000000298023224 1
    endloop
  endfacet
  facet normal -0.63951336081115562 0.76877998240330148 -0
    outer loop
      vertex -0.14288665354251862 0.13994072377681732 0.77777779102325439
      vertex -0.14288665354251862 0.13994072377681732 0.8888888955116272
      vertex -0.11159056425094604 0.16597452759742737 0.8888888955116272
    endloop
  endfacet
  facet normal -0.63951336081115562 0.76877998240330148 0
    outer loop
      vertex -0.14288665354251862 0.13994072377681732 0.77777779102325439
      vertex -0.11159056425094604 0.16597452759742737 0.8888888955116272
      vertex -0.11159056425094604 0.16597452759742737 0.77777779102325439
    endloop
  endfacet
  facet normal -0.63951336081115562 0.76877998240330148 -0
    outer loop
      vertex -0.14288665354251862 0.13994072377681732 0.8888888955116272
      vertex -0.14288665354251862 0.13994072377681732 1
      vertex -0.11159056425094604 0.16597452759742737 1
    endloop
  endfacet
  facet normal -0.63951336081115562 0.76877998240330148 0
    outer loop
      vertex -0.14288665354251862 0.13994072377681732 0.8888888955116272
      vertex -0.11159056425094604 0.16597452759742737 1
      vertex -0.11159056425094604 0.16597452759742737 0.8888888955116272
    endloop
  endfacet
  facet normal -0.81267077600420023 0.5827230987602352 0
    outer loop
      vertex -0.16823962330818176 0.10814540833234787 1
      vertex -0.15640974044799805 0.1246434673666954 0.8888888955116272
      vertex -0.16823962330818176 0.10814540833234787 0.8888888955116272
    endloop
  endfacet
  facet normal -0.8672846823012007 0.49781249466611954 -0
    outer loop
      vertex -0.16823962330818176 0.10814540833234787 1
      vertex -0.16823962330818176 0.10814540833234787 0.8888888955116272
      vertex -0.17823682725429535 0.090728364884853363 0.8888888955116272
    endloop
  endfacet
  facet normal -0.74921773829413485 0.6623237732600431 0
    outer loop
      vertex -0.14288665354251862 0.13994072377681732 1
      vertex -0.14288665354251862 0.13994072377681732 0.8888888955116272
      vertex -0.15640974044799805 0.1246434673666954 0.8888888955116272
    endloop
  endfacet
  facet normal -0.99592534146407385 0.090181562581648139 -9.9396502644903699e-18
    outer loop
      vertex -0.20000000298023224 2.4492935397342132e-17 0.1111111119389534
      vertex -0.19674691557884216 0.035925660282373428 0.1111111119389534
      vertex -0.20000000298023224 1.2246467698671066e-17 1.8369702788777518e-17
    endloop
  endfacet
  facet normal -0.99538440911354842 -0.095968109774403954 1.0577433129284797e-17
    outer loop
      vertex -0.19631604850292206 -0.038210097700357437 0.1111111119389534
      vertex -0.20000000298023224 2.4492935397342132e-17 0.1111111119389534
      vertex -0.20000000298023224 1.2246467698671066e-17 1.8369702788777518e-17
    endloop
  endfacet
  facet normal -0.8507385846090193 -0.52360777358704025 0.04559342163805348
    outer loop
      vertex -0.18890319764614105 -0.065693072974681854 -0.065693072974681854
      vertex -0.18500465154647827 -0.075982086360454559 -0.1111111119389534
      vertex -0.15435595810413361 -0.12717798352241516 -0.12717798352241516
    endloop
  endfacet
  facet normal -0.97857809277359775 -0.20248926812604956 -0.037188877871814768
    outer loop
      vertex -0.18890319764614105 -0.065693072974681854 0.065693072974681854
      vertex -0.19631604850292206 -0.038210097700357437 0.1111111119389534
      vertex -0.20000000298023224 1.2246467698671066e-17 1.8369702788777518e-17
    endloop
  endfacet
  facet normal -0.97857809277359775 -0.20248926812604959 0.037188877871814761
    outer loop
      vertex -0.18890319764614105 -0.065693072974681854 -0.065693072974681854
      vertex -0.20000000298023224 1.2246467698671066e-17 1.8369702788777518e-17
      vertex -0.19631604850292206 -0.038210097700357437 -0.1111111119389534
    endloop
  endfacet
  facet normal -0.95782484580334493 -0.28683522975510545 0.017237045371358253
    outer loop
      vertex -0.18500465154647827 -0.075982086360454559 0.1111111119389534
      vertex -0.19631604850292206 -0.038210097700357437 0.1111111119389534
      vertex -0.18890319764614105 -0.065693072974681854 0.065693072974681854
    endloop
  endfacet
  facet normal -0.95796716993482189 -0.28687785088268503 0
    outer loop
      vertex -0.18500465154647827 -0.075982086360454559 0.1111111119389534
      vertex -0.18500465154647827 -0.075982086360454559 0.3333333432674408
      vertex -0.19631604850292206 -0.038210097700357437 0.3333333432674408
    endloop
  endfacet
  facet normal -0.95796716993482189 -0.28687785088268503 -0
    outer loop
      vertex -0.18500465154647827 -0.075982086360454559 0.1111111119389534
      vertex -0.19631604850292206 -0.038210097700357437 0.3333333432674408
      vertex -0.19631604850292206 -0.038210097700357437 0.1111111119389534
    endloop
  endfacet
  facet normal -0.8819521946279999 -0.47133886577583917 -0
    outer loop
      vertex -0.18500465154647827 -0.075982086360454559 0.1111111119389534
      vertex -0.16597452759742737 -0.11159056425094604 0.3333333432674408
      vertex -0.18500465154647827 -0.075982086360454559 0.3333333432674408
    endloop
  endfacet
  facet normal -0.85667786306887816 -0.51576821598637701 -0.0092836580058939747
    outer loop
      vertex -0.16597452759742737 -0.11159056425094604 0.3333333432674408
      vertex -0.18500465154647827 -0.075982086360454559 0.1111111119389534
      vertex -0.15435595810413361 -0.12717798352241516 0.12717798352241516
    endloop
  endfacet
  facet normal -0.99592534146407385 0.090181562581648111 0
    outer loop
      vertex -0.19674691557884216 0.035925660282373428 0.1111111119389534
      vertex -0.19674691557884216 0.035925660282373428 -0.1111111119389534
      vertex -0.20000000298023224 1.2246467698671066e-17 1.8369702788777518e-17
    endloop
  endfacet
  facet normal -0.94811862186856632 0.31791677978057464 -0
    outer loop
      vertex -0.18632277846336365 0.072689898312091827 1
      vertex -0.18632277846336365 0.072689898312091827 0.8888888955116272
      vertex -0.19247984886169434 0.05432775616645813 0.8888888955116272
    endloop
  endfacet
  facet normal -0.99093945165150299 0.13430935619166076 -0
    outer loop
      vertex -0.19674691557884216 0.035925660282373428 1
      vertex -0.19674691557884216 0.035925660282373428 0.8888888955116272
      vertex -0.19921152293682098 0.017741695046424866 0.8888888955116272
    endloop
  endfacet
  facet normal -0.97415370493676556 0.22588616415790785 0
    outer loop
      vertex -0.19674691557884216 0.035925660282373428 1
      vertex -0.19247984886169434 0.05432775616645813 0.8888888955116272
      vertex -0.19674691557884216 0.035925660282373428 0.8888888955116272
    endloop
  endfacet
  facet normal -0.89079132823983154 0.45432480847824791 0.008931849412104384
    outer loop
      vertex -0.18632277846336365 0.072689898312091827 1
      vertex -0.16823962330818176 0.10814540833234787 1
      vertex -0.17823682725429535 0.090728364884853363 0.8888888955116272
    endloop
  endfacet
  facet normal -0.96204193316929587 0.27277750225885949 0.0082312262331719795
    outer loop
      vertex -0.19247984886169434 0.05432775616645813 0.8888888955116272
      vertex -0.19674691557884216 0.035925660282373428 1
      vertex -0.18632277846336365 0.072689898312091827 1
    endloop
  endfacet
  facet normal -0.78183282073228766 0.62341837433403002 0.0093258226720107206
    outer loop
      vertex -0.14288665354251862 0.13994072377681732 1
      vertex -0.15640974044799805 0.1246434673666954 0.8888888955116272
      vertex -0.16823962330818176 0.10814540833234787 1
    endloop
  endfacet
  facet normal -0.99589857033200069 0.090179138441582693 0.0073321620693326591
    outer loop
      vertex -0.19674691557884216 0.035925660282373428 1
      vertex -0.19921152293682098 0.017741695046424866 0.8888888955116272
      vertex -0.20000000298023224 2.4492935397342132e-17 1
    endloop
  endfacet
  facet normal -0.91251419508791465 0.40904503879530801 0
    outer loop
      vertex -0.17823682725429535 0.090728364884853363 0.8888888955116272
      vertex -0.18632277846336365 0.072689898312091827 0.8888888955116272
      vertex -0.18632277846336365 0.072689898312091827 1
    endloop
  endfacet
  facet normal -0.99888497420778477 -0.047210256321197144 -0
    outer loop
      vertex -0.20000000298023224 2.4492935397342132e-17 1
      vertex -0.20000000298023224 2.4492935397342132e-17 0.8888888955116272
      vertex -0.19910848140716553 -0.018863009288907051 0.8888888955116272
    endloop
  endfacet
  facet normal -0.97110374692765311 -0.2386577312870308 -0
    outer loop
      vertex -0.19631604850292206 -0.038210097700357437 1
      vertex -0.19631604850292206 -0.038210097700357437 0.8888888955116272
      vertex -0.19166399538516998 -0.057139407843351364 0.8888888955116272
    endloop
  endfacet
  facet normal -0.98974388837354232 -0.14285319536930582 0
    outer loop
      vertex -0.19631604850292206 -0.038210097700357437 1
      vertex -0.19910848140716553 -0.018863009288907051 0.8888888955116272
      vertex -0.19631604850292206 -0.038210097700357437 0.8888888955116272
    endloop
  endfacet
  facet normal -0.99535007886923388 -0.095964799888670571 0.0083052800878160131
    outer loop
      vertex -0.19631604850292206 -0.038210097700357437 1
      vertex -0.20000000298023224 2.4492935397342132e-17 1
      vertex -0.19910848140716553 -0.018863009288907051 0.8888888955116272
    endloop
  endfacet
  facet normal -0.90480545379514399 -0.42582518805557235 -0
    outer loop
      vertex -0.18500465154647827 -0.075982086360454559 1
      vertex -0.18500465154647827 -0.075982086360454559 0.8888888955116272
      vertex -0.17646200954914093 -0.094133734703063965 0.8888888955116272
    endloop
  endfacet
  facet normal -0.88191493457598735 -0.47131895300646093 0.0091919915538159393
    outer loop
      vertex -0.16597452759742737 -0.11159056425094604 1
      vertex -0.18500465154647827 -0.075982086360454559 1
      vertex -0.17646200954914093 -0.094133734703063965 0.8888888955116272
    endloop
  endfacet
  facet normal -0.95793037427338723 -0.28686683186177758 0.0087646347348087437
    outer loop
      vertex -0.19166399538516998 -0.057139407843351364 0.8888888955116272
      vertex -0.18500465154647827 -0.075982086360454559 1
      vertex -0.19631604850292206 -0.038210097700357437 1
    endloop
  endfacet
  facet normal -0.94284911945297556 -0.33321995430458318 0
    outer loop
      vertex -0.19166399538516998 -0.057139407843351364 0.8888888955116272
      vertex -0.18500465154647827 -0.075982086360454559 0.8888888955116272
      vertex -0.18500465154647827 -0.075982086360454559 1
    endloop
  endfacet
  facet normal -0.9990139057126195 0.044398380520212173 0
    outer loop
      vertex -0.19921152293682098 0.017741695046424866 0.8888888955116272
      vertex -0.20000000298023224 2.4492935397342132e-17 0.8888888955116272
      vertex -0.20000000298023224 2.4492935397342132e-17 1
    endloop
  endfacet
  facet normal -0.51497892441684068 0.857202839126466 0
    outer loop
      vertex -0.094133734703063965 0.17646200954914093 0.8888888955116272
      vertex -0.11159056425094604 0.16597452759742737 0.8888888955116272
      vertex -0.11159056425094604 0.16597452759742737 1
    endloop
  endfacet
  facet normal -0.85667786306887816 -0.51576821598637701 0.0092836580058939747
    outer loop
      vertex -0.15435595810413361 -0.12717798352241516 -0.12717798352241516
      vertex -0.18500465154647827 -0.075982086360454559 -0.1111111119389534
      vertex -0.16597452759742737 -0.11159056425094604 -0.3333333432674408
    endloop
  endfacet
  facet normal -0.66232377326004332 -0.74921773829413507 0
    outer loop
      vertex -0.13994072377681732 -0.14288665354251862 -1
      vertex -0.1246434673666954 -0.15640974044799805 -0.8888888955116272
      vertex -0.13994072377681732 -0.14288665354251862 -0.8888888955116272
    endloop
  endfacet
  facet normal -0.62341837433403002 -0.78183282073228766 -0.009325822672010731
    outer loop
      vertex -0.10814540833234787 -0.16823962330818176 -1
      vertex -0.1246434673666954 -0.15640974044799805 -0.8888888955116272
      vertex -0.13994072377681732 -0.14288665354251862 -1
    endloop
  endfacet
  facet normal -0.4543248084782478 -0.89079132823983131 -0.0089318494121043701
    outer loop
      vertex -0.072689898312091827 -0.18632277846336365 -1
      vertex -0.090728364884853363 -0.17823682725429535 -0.8888888955116272
      vertex -0.10814540833234787 -0.16823962330818176 -1
    endloop
  endfacet
  facet normal -0.5827230987602352 -0.81267077600420023 0
    outer loop
      vertex -0.10814540833234787 -0.16823962330818176 -1
      vertex -0.10814540833234787 -0.16823962330818176 -0.8888888955116272
      vertex -0.1246434673666954 -0.15640974044799805 -0.8888888955116272
    endloop
  endfacet
  facet normal -0.40904503879530801 -0.91251419508791465 0
    outer loop
      vertex -0.072689898312091827 -0.18632277846336365 -1
      vertex -0.072689898312091827 -0.18632277846336365 -0.8888888955116272
      vertex -0.090728364884853363 -0.17823682725429535 -0.8888888955116272
    endloop
  endfacet
  facet normal -0.31791677978057464 -0.94811862186856632 0
    outer loop
      vertex -0.072689898312091827 -0.18632277846336365 -1
      vertex -0.05432775616645813 -0.19247984886169434 -0.8888888955116272
      vertex -0.072689898312091827 -0.18632277846336365 -0.8888888955116272
    endloop
  endfacet
  facet normal -0.49781249466611954 -0.8672846823012007 -0
    outer loop
      vertex -0.090728364884853363 -0.17823682725429535 -0.8888888955116272
      vertex -0.10814540833234787 -0.16823962330818176 -0.8888888955116272
      vertex -0.10814540833234787 -0.16823962330818176 -1
    endloop
  endfacet
  facet normal -0.27278674348714294 -0.96207452548005834 0
    outer loop
      vertex -0.072689898312091827 -0.18632277846336365 -1
      vertex -0.035925660282373428 -0.19674691557884216 -1
      vertex -0.035925660282373428 -0.19674691557884216 -0.8888888955116272
    endloop
  endfacet
  facet normal -0.22585485423942203 -0.97401867819350341 -0.016649304690282713
    outer loop
      vertex -0.072689898312091827 -0.18632277846336365 -1
      vertex -0.035925660282373428 -0.19674691557884216 -0.8888888955116272
      vertex -0.05432775616645813 -0.19247984886169434 -0.8888888955116272
    endloop
  endfacet
  facet normal -0.13430935619166076 -0.99093945165150299 0
    outer loop
      vertex -0.035925660282373428 -0.19674691557884216 -1
      vertex -0.017741695046424866 -0.19921152293682098 -0.8888888955116272
      vertex -0.035925660282373428 -0.19674691557884216 -0.8888888955116272
    endloop
  endfacet
  facet normal -0.090179138441582707 -0.99589857033200069 -0.007332162069332653
    outer loop
      vertex -3.6739405577555036e-17 -0.20000000298023224 -1
      vertex -0.017741695046424866 -0.19921152293682098 -0.8888888955116272
      vertex -0.035925660282373428 -0.19674691557884216 -1
    endloop
  endfacet
  facet normal 0.095964799888670543 -0.99535007886923388 -0.00830528008781602
    outer loop
      vertex 0.038210097700357437 -0.19631604850292206 -1
      vertex 0.018863009288907051 -0.19910848140716553 -0.8888888955116272
      vertex -3.6739405577555036e-17 -0.20000000298023224 -1
    endloop
  endfacet
  facet normal -0.044398380520212208 -0.9990139057126195 0
    outer loop
      vertex -3.6739405577555036e-17 -0.20000000298023224 -1
      vertex -3.6739405577555036e-17 -0.20000000298023224 -0.8888888955116272
      vertex -0.017741695046424866 -0.19921152293682098 -0.8888888955116272
    endloop
  endfacet
  facet normal 0.14285319536930582 -0.98974388837354232 0
    outer loop
      vertex 0.038210097700357437 -0.19631604850292206 -1
      vertex 0.038210097700357437 -0.19631604850292206 -0.8888888955116272
      vertex 0.018863009288907051 -0.19910848140716553 -0.8888888955116272
    endloop
  endfacet
  facet normal 0.2386577312870308 -0.97110374692765311 0
    outer loop
      vertex 0.038210097700357437 -0.19631604850292206 -1
      vertex 0.057139407843351364 -0.19166399538516998 -0.8888888955116272
      vertex 0.038210097700357437 -0.19631604850292206 -0.8888888955116272
    endloop
  endfacet
  facet normal 0.047210256321197117 -0.99888497420778488 0
    outer loop
      vertex 0.018863009288907051 -0.19910848140716553 -0.8888888955116272
      vertex -3.6739405577555036e-17 -0.20000000298023224 -0.8888888955116272
      vertex -3.6739405577555036e-17 -0.20000000298023224 -1
    endloop
  endfacet
  facet normal 0.28686683186177758 -0.95793037427338723 -0.0087646347348087437
    outer loop
      vertex 0.057139407843351364 -0.19166399538516998 -0.8888888955116272
      vertex 0.038210097700357437 -0.19631604850292206 -1
      vertex 0.075982086360454559 -0.18500465154647827 -1
    endloop
  endfacet
  facet normal -0.76877027071704274 -0.63950528209779078 -0.0050264331955996227
    outer loop
      vertex -0.16597452759742737 -0.11159056425094604 -0.3333333432674408
      vertex -0.13994072377681732 -0.14288665354251862 -0.3333333432674408
      vertex -0.15435595810413361 -0.12717798352241516 -0.12717798352241516
    endloop
  endfacet
  facet normal -0.62344548575237391 -0.78186682132891827 0
    outer loop
      vertex -0.13994072377681732 -0.14288665354251862 -0.3333333432674408
      vertex -0.10814540833234787 -0.16823962330818176 -0.3333333432674408
      vertex -0.10814540833234787 -0.16823962330818176 -0.2222222238779068
    endloop
  endfacet
  facet normal -0.64970865118960319 -0.76008075644518691 0.012486482735297622
    outer loop
      vertex -0.15435595810413361 -0.12717798352241516 -0.12717798352241516
      vertex -0.13994072377681732 -0.14288665354251862 -0.3333333432674408
      vertex -0.10814540833234787 -0.16823962330818176 -0.2222222238779068
    endloop
  endfacet
  facet normal -0.40904502773181906 -0.91251417040703664 0.0002325816691041097
    outer loop
      vertex -0.090911164879798889 -0.17814365029335022 -0.17814365029335022
      vertex -0.090728364884853363 -0.17823682725429535 -0.2222222238779068
      vertex -0.072689898312091827 -0.18632277846336365 -0.2222222238779068
    endloop
  endfacet
  facet normal -0.34096443240455659 -0.9394833786504827 0.033380189851349849
    outer loop
      vertex -0.048561934381723404 -0.19407956302165985 -0.19407956302165985
      vertex -0.090911164879798889 -0.17814365029335022 -0.17814365029335022
      vertex -0.072689898312091827 -0.18632277846336365 -0.2222222238779068
    endloop
  endfacet
  facet normal -0.49781248136591333 -0.86728465912969488 -0.00023115925577594522
    outer loop
      vertex -0.090911164879798889 -0.17814365029335022 -0.17814365029335022
      vertex -0.10814540833234787 -0.16823962330818176 -0.2222222238779068
      vertex -0.090728364884853363 -0.17823682725429535 -0.2222222238779068
    endloop
  endfacet
  facet normal -0.31789669809358034 -0.948058732543407 0.011239616959117175
    outer loop
      vertex -0.05432775616645813 -0.19247984886169434 -0.2222222238779068
      vertex -0.048561934381723404 -0.19407956302165985 -0.19407956302165985
      vertex -0.072689898312091827 -0.18632277846336365 -0.2222222238779068
    endloop
  endfacet
  facet normal -0.13423353786809403 -0.99038006122546929 0.033596006287214555
    outer loop
      vertex -0.035925660282373428 -0.19674691557884216 -0.2222222238779068
      vertex -0.017741695046424866 -0.19921152293682098 -0.2222222238779068
      vertex -0.048561934381723404 -0.19407956302165985 -0.19407956302165985
    endloop
  endfacet
  facet normal 0.047210256321197124 -0.99888497420778488 -3.9025729300222563e-17
    outer loop
      vertex -1.8369702788777518e-17 -0.20000000298023224 -0.20000000298023224
      vertex -3.6739405577555036e-17 -0.20000000298023224 -0.2222222238779068
      vertex 0.018863009288907051 -0.19910848140716553 -0.2222222238779068
    endloop
  endfacet
  facet normal -0.044398380520212208 -0.9990139057126195 3.6701329638240356e-17
    outer loop
      vertex -1.8369702788777518e-17 -0.20000000298023224 -0.20000000298023224
      vertex -0.017741695046424866 -0.19921152293682098 -0.2222222238779068
      vertex -3.6739405577555036e-17 -0.20000000298023224 -0.2222222238779068
    endloop
  endfacet
  facet normal 0.23864429097092216 -0.97104905797514107 -0.010612699589503163
    outer loop
      vertex 0.048561934381723404 -0.19407956302165985 -0.19407956302165985
      vertex 0.038210097700357437 -0.19631604850292206 -0.2222222238779068
      vertex 0.057139407843351364 -0.19166399538516998 -0.2222222238779068
    endloop
  endfacet
  facet normal 0.33314904714728721 -0.94264848695796499 0.020628679567867871
    outer loop
      vertex 0.075982086360454559 -0.18500465154647827 -0.2222222238779068
      vertex 0.048561934381723404 -0.19407956302165985 -0.19407956302165985
      vertex 0.057139407843351364 -0.19166399538516998 -0.2222222238779068
    endloop
  endfacet
  facet normal 0.11397764546782459 -0.99184929325967652 0.056956788830580328
    outer loop
      vertex 0.018863009288907051 -0.19910848140716553 -0.2222222238779068
      vertex 0.048561934381723404 -0.19407956302165985 -0.19407956302165985
      vertex -1.8369702788777518e-17 -0.20000000298023224 -0.20000000298023224
    endloop
  endfacet
  facet normal 0.14280453306579113 -0.98940673653473798 0.026099330174180244
    outer loop
      vertex 0.018863009288907051 -0.19910848140716553 -0.2222222238779068
      vertex 0.038210097700357437 -0.19631604850292206 -0.2222222238779068
      vertex 0.048561934381723404 -0.19407956302165985 -0.19407956302165985
    endloop
  endfacet
  facet normal -0.22587682288128635 -0.97411341986988864 -0.009094290211221958
    outer loop
      vertex -0.05432775616645813 -0.19247984886169434 -0.2222222238779068
      vertex -0.035925660282373428 -0.19674691557884216 -0.2222222238779068
      vertex -0.048561934381723404 -0.19407956302165985 -0.19407956302165985
    endloop
  endfacet
  facet normal 0.11397764546782463 -0.99184929325967652 -0.056956788830580314
    outer loop
      vertex -6.123233849335533e-18 -0.20000000298023224 0.20000000298023224
      vertex 0.048561934381723404 -0.19407956302165985 0.19407956302165985
      vertex 0.018863009288907051 -0.19910848140716553 0.2222222238779068
    endloop
  endfacet
  facet normal 0.47131895300646093 -0.88191493457598735 -0.0091919915538159393
    outer loop
      vertex 0.094133734703063965 -0.17646200954914093 -0.8888888955116272
      vertex 0.075982086360454559 -0.18500465154647827 -1
      vertex 0.11159056425094604 -0.16597452759742737 -1
    endloop
  endfacet
  facet normal 0.78186682132891827 -0.62344548575237391 -0
    outer loop
      vertex 0.14288665354251862 -0.13994072377681732 -1
      vertex 0.16823962330818176 -0.10814540833234787 -1
      vertex 0.16823962330818176 -0.10814540833234787 -0.8888888955116272
    endloop
  endfacet
  facet normal 0.81252899849209304 -0.58262143762804108 -0.018678517758933078
    outer loop
      vertex 0.14288665354251862 -0.13994072377681732 -1
      vertex 0.16823962330818176 -0.10814540833234787 -0.8888888955116272
      vertex 0.15640974044799805 -0.1246434673666954 -0.8888888955116272
    endloop
  endfacet
  facet normal 0.63951336081115562 -0.76877998240330148 0
    outer loop
      vertex 0.14288665354251862 -0.13994072377681732 -1
      vertex 0.14288665354251862 -0.13994072377681732 -0.8888888955116272
      vertex 0.11159056425094604 -0.16597452759742737 -0.8888888955116272
    endloop
  endfacet
  facet normal 0.63951336081115562 -0.76877998240330148 0
    outer loop
      vertex 0.14288665354251862 -0.13994072377681732 -1
      vertex 0.11159056425094604 -0.16597452759742737 -0.8888888955116272
      vertex 0.11159056425094604 -0.16597452759742737 -1
    endloop
  endfacet
  facet normal 0.42582518805557235 -0.90480545379514399 0
    outer loop
      vertex 0.075982086360454559 -0.18500465154647827 -1
      vertex 0.094133734703063965 -0.17646200954914093 -0.8888888955116272
      vertex 0.075982086360454559 -0.18500465154647827 -0.8888888955116272
    endloop
  endfacet
  facet normal 0.63951336081115562 -0.76877998240330148 0
    outer loop
      vertex 0.14288665354251862 -0.13994072377681732 -0.8888888955116272
      vertex 0.14288665354251862 -0.13994072377681732 -0.77777779102325439
      vertex 0.11159056425094604 -0.16597452759742737 -0.77777779102325439
    endloop
  endfacet
  facet normal 0.63951336081115562 -0.76877998240330148 0
    outer loop
      vertex 0.14288665354251862 -0.13994072377681732 -0.8888888955116272
      vertex 0.11159056425094604 -0.16597452759742737 -0.77777779102325439
      vertex 0.11159056425094604 -0.16597452759742737 -0.8888888955116272
    endloop
  endfacet
  facet normal 0.74921773829413507 -0.66232377326004332 0
    outer loop
      vertex 0.14288665354251862 -0.13994072377681732 -1
      vertex 0.15640974044799805 -0.1246434673666954 -0.8888888955116272
      vertex 0.14288665354251862 -0.13994072377681732 -0.8888888955116272
    endloop
  endfacet
  facet normal 0.51497892441684068 -0.857202839126466 0
    outer loop
      vertex 0.11159056425094604 -0.16597452759742737 -0.8888888955116272
      vertex 0.094133734703063965 -0.17646200954914093 -0.8888888955116272
      vertex 0.11159056425094604 -0.16597452759742737 -1
    endloop
  endfacet
  facet normal 0.33321995430458318 -0.94284911945297556 0
    outer loop
      vertex 0.057139407843351364 -0.19166399538516998 -0.8888888955116272
      vertex 0.075982086360454559 -0.18500465154647827 -1
      vertex 0.075982086360454559 -0.18500465154647827 -0.8888888955116272
    endloop
  endfacet
  facet normal 0.8672846823012007 -0.49781249466611954 0
    outer loop
      vertex 0.17823682725429535 -0.090728364884853363 -0.8888888955116272
      vertex 0.16823962330818176 -0.10814540833234787 -0.8888888955116272
      vertex 0.16823962330818176 -0.10814540833234787 -1
    endloop
  endfacet
  facet normal 0.89079132823983131 -0.4543248084782478 -0.0089318494121043701
    outer loop
      vertex 0.18632277846336365 -0.072689898312091827 -1
      vertex 0.17823682725429535 -0.090728364884853363 -0.8888888955116272
      vertex 0.16823962330818176 -0.10814540833234787 -1
    endloop
  endfacet
  facet normal 0.96204193316929587 -0.27277750225885949 -0.0082312262331719795
    outer loop
      vertex 0.19674691557884216 -0.035925660282373428 -1
      vertex 0.19247984886169434 -0.05432775616645813 -0.8888888955116272
      vertex 0.18632277846336365 -0.072689898312091827 -1
    endloop
  endfacet
  facet normal 0.99589857033200069 -0.090179138441582624 -0.0073321620693326695
    outer loop
      vertex 0.20000000298023224 0 -1
      vertex 0.19921152293682098 -0.017741695046424866 -0.8888888955116272
      vertex 0.19674691557884216 -0.035925660282373428 -1
    endloop
  endfacet
  facet normal 0.91251419508791465 -0.40904503879530801 -0
    outer loop
      vertex 0.18632277846336365 -0.072689898312091827 -1
      vertex 0.18632277846336365 -0.072689898312091827 -0.8888888955116272
      vertex 0.17823682725429535 -0.090728364884853363 -0.8888888955116272
    endloop
  endfacet
  facet normal 0.97415370493676556 -0.22588616415790785 -0
    outer loop
      vertex 0.19674691557884216 -0.035925660282373428 -1
      vertex 0.19674691557884216 -0.035925660282373428 -0.8888888955116272
      vertex 0.19247984886169434 -0.05432775616645813 -0.8888888955116272
    endloop
  endfacet
  facet normal 0.99093945165150299 -0.13430935619166076 0
    outer loop
      vertex 0.19674691557884216 -0.035925660282373428 -1
      vertex 0.19921152293682098 -0.017741695046424866 -0.8888888955116272
      vertex 0.19674691557884216 -0.035925660282373428 -0.8888888955116272
    endloop
  endfacet
  facet normal 0.94811862186856632 -0.31791677978057464 0
    outer loop
      vertex 0.19247984886169434 -0.05432775616645813 -0.8888888955116272
      vertex 0.18632277846336365 -0.072689898312091827 -0.8888888955116272
      vertex 0.18632277846336365 -0.072689898312091827 -1
    endloop
  endfacet
  facet normal 0.9990139057126195 -0.044398380520212111 0
    outer loop
      vertex 0.19921152293682098 -0.017741695046424866 -0.8888888955116272
      vertex 0.20000000298023224 0 -1
      vertex 0.20000000298023224 0 -0.8888888955116272
    endloop
  endfacet
  facet normal 0.78185742710803996 -0.62343799498228503 -0.0049020494147157647
    outer loop
      vertex 0.16823962330818176 -0.10814540833234787 -0.3333333432674408
      vertex 0.15435595810413361 -0.12717798352241516 -0.12717798352241516
      vertex 0.14288665354251862 -0.13994072377681732 -0.3333333432674408
    endloop
  endfacet
  facet normal 0.63951336081115562 -0.76877998240330148 -0
    outer loop
      vertex 0.11159056425094604 -0.16597452759742737 -0.2222222238779068
      vertex 0.11159056425094604 -0.16597452759742737 -0.3333333432674408
      vertex 0.14288665354251862 -0.13994072377681732 -0.3333333432674408
    endloop
  endfacet
  facet normal 0.34199826201583128 -0.93921003566549155 0.03035947435936524
    outer loop
      vertex 0.048561934381723404 -0.19407956302165985 -0.19407956302165985
      vertex 0.075982086360454559 -0.18500465154647827 -0.2222222238779068
      vertex 0.090911164879798889 -0.17814365029335022 -0.17814365029335022
    endloop
  endfacet
  facet normal 0.4258227451937196 -0.90480026313289752 -0.0033872570501397368
    outer loop
      vertex 0.094133734703063965 -0.17646200954914093 -0.2222222238779068
      vertex 0.090911164879798889 -0.17814365029335022 -0.17814365029335022
      vertex 0.075982086360454559 -0.18500465154647827 -0.2222222238779068
    endloop
  endfacet
  facet normal 0.59614702911584638 -0.80073265242871317 0.0586168833257791
    outer loop
      vertex 0.090911164879798889 -0.17814365029335022 -0.17814365029335022
      vertex 0.11159056425094604 -0.16597452759742737 -0.2222222238779068
      vertex 0.15435595810413361 -0.12717798352241516 -0.12717798352241516
    endloop
  endfacet
  facet normal 0.65982925612043208 -0.75135158125830248 0.0098058201189878732
    outer loop
      vertex 0.14288665354251862 -0.13994072377681732 -0.3333333432674408
      vertex 0.15435595810413361 -0.12717798352241516 -0.12717798352241516
      vertex 0.11159056425094604 -0.16597452759742737 -0.2222222238779068
    endloop
  endfacet
  facet normal 0.51497262352652073 -0.85719235104469182 0.0049467493049571102
    outer loop
      vertex 0.094133734703063965 -0.17646200954914093 -0.2222222238779068
      vertex 0.11159056425094604 -0.16597452759742737 -0.2222222238779068
      vertex 0.090911164879798889 -0.17814365029335022 -0.17814365029335022
    endloop
  endfacet
  facet normal 0.59614702911584638 -0.80073265242871317 -0.0586168833257791
    outer loop
      vertex 0.15435595810413361 -0.12717798352241516 0.12717798352241516
      vertex 0.11159056425094604 -0.16597452759742737 0.2222222238779068
      vertex 0.090911164879798889 -0.17814365029335022 0.17814365029335022
    endloop
  endfacet
  facet normal 0.89082686311187997 -0.45434293210992904 0
    outer loop
      vertex 0.18632277846336365 -0.072689898312091827 -0.1111111119389534
      vertex 0.16823962330818176 -0.10814540833234787 -0.3333333432674408
      vertex 0.18632277846336365 -0.072689898312091827 -0.3333333432674408
    endloop
  endfacet
  facet normal 0.96207452548005845 -0.27278674348714294 0
    outer loop
      vertex 0.18632277846336365 -0.072689898312091827 -0.1111111119389534
      vertex 0.18632277846336365 -0.072689898312091827 -0.3333333432674408
      vertex 0.19674691557884216 -0.035925660282373428 -0.1111111119389534
    endloop
  endfacet
  facet normal 0.85821973290954212 -0.5123946267166527 0.030176755236043674
    outer loop
      vertex 0.15435595810413361 -0.12717798352241516 -0.12717798352241516
      vertex 0.18632277846336365 -0.072689898312091827 -0.1111111119389534
      vertex 0.18890319764614105 -0.065693072974681854 -0.065693072974681854
    endloop
  endfacet
  facet normal 0.99592534146407385 -0.09018156258164807 0
    outer loop
      vertex 0.20000000298023224 0 -6.123233849335533e-18
      vertex 0.19674691557884216 -0.035925660282373428 -0.1111111119389534
      vertex 0.20000000298023224 0 -0.1111111119389534
    endloop
  endfacet
  facet normal 0.97870553196959098 -0.20197108712044495 0.036649169970209748
    outer loop
      vertex 0.20000000298023224 0 -6.123233849335533e-18
      vertex 0.18890319764614105 -0.065693072974681854 -0.065693072974681854
      vertex 0.19674691557884216 -0.035925660282373428 -0.1111111119389534
    endloop
  endfacet
  facet normal 0.96199772496315905 -0.27276496745800149 -0.012635255966613711
    outer loop
      vertex 0.19674691557884216 -0.035925660282373428 -0.1111111119389534
      vertex 0.18890319764614105 -0.065693072974681854 -0.065693072974681854
      vertex 0.18632277846336365 -0.072689898312091827 -0.1111111119389534
    endloop
  endfacet
  facet normal 0.97870553196959098 -0.20197108712044495 -0.036649169970209748
    outer loop
      vertex 0.18890319764614105 -0.065693072974681854 0.065693072974681854
      vertex 0.20000000298023224 0 -6.123233849335533e-18
      vertex 0.19674691557884216 -0.035925660282373428 0.1111111119389534
    endloop
  endfacet
  facet normal 0.86104341509583471 -0.50841137881170129 0.011050213341233848
    outer loop
      vertex 0.16823962330818176 -0.10814540833234787 -0.3333333432674408
      vertex 0.18632277846336365 -0.072689898312091827 -0.1111111119389534
      vertex 0.15435595810413361 -0.12717798352241516 -0.12717798352241516
    endloop
  endfacet
  facet normal -0.64970865118960319 -0.76008075644518691 -0.012486482735297622
    outer loop
      vertex -0.13994072377681732 -0.14288665354251862 0.3333333432674408
      vertex -0.15435595810413361 -0.12717798352241516 0.12717798352241516
      vertex -0.10814540833234787 -0.16823962330818176 0.2222222238779068
    endloop
  endfacet
  facet normal -0.59842665498869452 -0.79933017190387812 0.054376602350265452
    outer loop
      vertex -0.15435595810413361 -0.12717798352241516 -0.12717798352241516
      vertex -0.10814540833234787 -0.16823962330818176 -0.2222222238779068
      vertex -0.090911164879798889 -0.17814365029335022 -0.17814365029335022
    endloop
  endfacet
  facet normal -0.49781248136591333 -0.86728465912969488 0.00023115925577594522
    outer loop
      vertex -0.10814540833234787 -0.16823962330818176 0.2222222238779068
      vertex -0.090911164879798889 -0.17814365029335022 0.17814365029335022
      vertex -0.090728364884853363 -0.17823682725429535 0.2222222238779068
    endloop
  endfacet
  facet normal -0.40904502773181906 -0.91251417040703664 -0.0002325816691041097
    outer loop
      vertex -0.072689898312091827 -0.18632277846336365 0.2222222238779068
      vertex -0.090728364884853363 -0.17823682725429535 0.2222222238779068
      vertex -0.090911164879798889 -0.17814365029335022 0.17814365029335022
    endloop
  endfacet
  facet normal -0.59842665498869452 -0.79933017190387812 -0.054376602350265452
    outer loop
      vertex -0.090911164879798889 -0.17814365029335022 0.17814365029335022
      vertex -0.10814540833234787 -0.16823962330818176 0.2222222238779068
      vertex -0.15435595810413361 -0.12717798352241516 0.12717798352241516
    endloop
  endfacet
  facet normal -0.76877998240330148 -0.63951336081115562 -0
    outer loop
      vertex -0.16597452759742737 -0.11159056425094604 0.8888888955116272
      vertex -0.16597452759742737 -0.11159056425094604 0.77777779102325439
      vertex -0.13994072377681732 -0.14288665354251862 0.77777779102325439
    endloop
  endfacet
  facet normal -0.76877998240330148 -0.63951336081115562 0
    outer loop
      vertex -0.16597452759742737 -0.11159056425094604 0.8888888955116272
      vertex -0.13994072377681732 -0.14288665354251862 0.77777779102325439
      vertex -0.13994072377681732 -0.14288665354251862 0.8888888955116272
    endloop
  endfacet
  facet normal -0.62344548575237391 -0.78186682132891827 0
    outer loop
      vertex -0.10814540833234787 -0.16823962330818176 0.2222222238779068
      vertex -0.10814540833234787 -0.16823962330818176 0.3333333432674408
      vertex -0.13994072377681732 -0.14288665354251862 0.3333333432674408
    endloop
  endfacet
  facet normal -0.76877027071704274 -0.63950528209779078 0.0050264331955996193
    outer loop
      vertex -0.13994072377681732 -0.14288665354251862 0.3333333432674408
      vertex -0.16597452759742737 -0.11159056425094604 0.3333333432674408
      vertex -0.15435595810413361 -0.12717798352241516 0.12717798352241516
    endloop
  endfacet
  facet normal -0.22587682288128635 -0.97411341986988864 0.009094290211221958
    outer loop
      vertex -0.048561934381723404 -0.19407956302165985 0.19407956302165985
      vertex -0.035925660282373428 -0.19674691557884216 0.2222222238779068
      vertex -0.05432775616645813 -0.19247984886169434 0.2222222238779068
    endloop
  endfacet
  facet normal -0.31789669809358034 -0.948058732543407 -0.011239616959117175
    outer loop
      vertex -0.072689898312091827 -0.18632277846336365 0.2222222238779068
      vertex -0.048561934381723404 -0.19407956302165985 0.19407956302165985
      vertex -0.05432775616645813 -0.19247984886169434 0.2222222238779068
    endloop
  endfacet
  facet normal -0.13423353786809403 -0.99038006122546929 -0.033596006287214555
    outer loop
      vertex -0.048561934381723404 -0.19407956302165985 0.19407956302165985
      vertex -0.017741695046424866 -0.19921152293682098 0.2222222238779068
      vertex -0.035925660282373428 -0.19674691557884216 0.2222222238779068
    endloop
  endfacet
  facet normal -0.34096443240455659 -0.9394833786504827 -0.033380189851349849
    outer loop
      vertex -0.072689898312091827 -0.18632277846336365 0.2222222238779068
      vertex -0.090911164879798889 -0.17814365029335022 0.17814365029335022
      vertex -0.048561934381723404 -0.19407956302165985 0.19407956302165985
    endloop
  endfacet
  facet normal -0.11411074503056526 -0.99189358470102729 0.055909341773226227
    outer loop
      vertex -0.017741695046424866 -0.19921152293682098 -0.2222222238779068
      vertex -1.8369702788777518e-17 -0.20000000298023224 -0.20000000298023224
      vertex -0.048561934381723404 -0.19407956302165985 -0.19407956302165985
    endloop
  endfacet
  facet normal 0.047210256321197117 -0.99888497420778488 6.5042883045694338e-17
    outer loop
      vertex -6.123233849335533e-18 -0.20000000298023224 0.20000000298023224
      vertex 0.018863009288907051 -0.19910848140716553 0.2222222238779068
      vertex -3.6739405577555036e-17 -0.20000000298023224 0.2222222238779068
    endloop
  endfacet
  facet normal 0.14280453306579113 -0.98940673653473798 -0.026099330174180244
    outer loop
      vertex 0.048561934381723404 -0.19407956302165985 0.19407956302165985
      vertex 0.038210097700357437 -0.19631604850292206 0.2222222238779068
      vertex 0.018863009288907051 -0.19910848140716553 0.2222222238779068
    endloop
  endfacet
  facet normal -0.044398380520212215 -0.99901390571261961 -6.1168883556723946e-17
    outer loop
      vertex -3.6739405577555036e-17 -0.20000000298023224 0.2222222238779068
      vertex -0.017741695046424866 -0.19921152293682098 0.2222222238779068
      vertex -6.123233849335533e-18 -0.20000000298023224 0.20000000298023224
    endloop
  endfacet
  facet normal -0.11411074503056523 -0.99189358470102729 -0.055909341773226262
    outer loop
      vertex -0.017741695046424866 -0.19921152293682098 0.2222222238779068
      vertex -0.048561934381723404 -0.19407956302165985 0.19407956302165985
      vertex -6.123233849335533e-18 -0.20000000298023224 0.20000000298023224
    endloop
  endfacet
  facet normal -0.6623237732600431 -0.74921773829413485 -0
    outer loop
      vertex -0.13994072377681732 -0.14288665354251862 1
      vertex -0.13994072377681732 -0.14288665354251862 0.8888888955116272
      vertex -0.1246434673666954 -0.15640974044799805 0.8888888955116272
    endloop
  endfacet
  facet normal -0.49781249466611954 -0.8672846823012007 -0
    outer loop
      vertex -0.10814540833234787 -0.16823962330818176 1
      vertex -0.10814540833234787 -0.16823962330818176 0.8888888955116272
      vertex -0.090728364884853363 -0.17823682725429535 0.8888888955116272
    endloop
  endfacet
  facet normal -0.5827230987602352 -0.81267077600420023 0
    outer loop
      vertex -0.10814540833234787 -0.16823962330818176 1
      vertex -0.1246434673666954 -0.15640974044799805 0.8888888955116272
      vertex -0.10814540833234787 -0.16823962330818176 0.8888888955116272
    endloop
  endfacet
  facet normal -0.76877998240330148 -0.63951336081115562 0
    outer loop
      vertex -0.13994072377681732 -0.14288665354251862 0.8888888955116272
      vertex -0.13994072377681732 -0.14288665354251862 1
      vertex -0.16597452759742737 -0.11159056425094604 1
    endloop
  endfacet
  facet normal -0.76877998240330148 -0.63951336081115562 0
    outer loop
      vertex -0.13994072377681732 -0.14288665354251862 0.8888888955116272
      vertex -0.16597452759742737 -0.11159056425094604 1
      vertex -0.16597452759742737 -0.11159056425094604 0.8888888955116272
    endloop
  endfacet
  facet normal -0.45432480847824791 -0.89079132823983154 0.008931849412104384
    outer loop
      vertex -0.10814540833234787 -0.16823962330818176 1
      vertex -0.090728364884853363 -0.17823682725429535 0.8888888955116272
      vertex -0.072689898312091827 -0.18632277846336365 1
    endloop
  endfacet
  facet normal -0.62341837433403002 -0.78183282073228766 0.009325822672010731
    outer loop
      vertex -0.1246434673666954 -0.15640974044799805 0.8888888955116272
      vertex -0.10814540833234787 -0.16823962330818176 1
      vertex -0.13994072377681732 -0.14288665354251862 1
    endloop
  endfacet
  facet normal -0.31791677978057464 -0.94811862186856632 0
    outer loop
      vertex -0.05432775616645813 -0.19247984886169434 0.8888888955116272
      vertex -0.072689898312091827 -0.18632277846336365 1
      vertex -0.072689898312091827 -0.18632277846336365 0.8888888955116272
    endloop
  endfacet
  facet normal -0.40904503879530801 -0.91251419508791465 0
    outer loop
      vertex -0.072689898312091827 -0.18632277846336365 0.8888888955116272
      vertex -0.072689898312091827 -0.18632277846336365 1
      vertex -0.090728364884853363 -0.17823682725429535 0.8888888955116272
    endloop
  endfacet
  facet normal -0.22588616415790785 -0.97415370493676556 0
    outer loop
      vertex -0.035925660282373428 -0.19674691557884216 1
      vertex -0.05432775616645813 -0.19247984886169434 0.8888888955116272
      vertex -0.035925660282373428 -0.19674691557884216 0.8888888955116272
    endloop
  endfacet
  facet normal -0.044398380520212208 -0.9990139057126195 0
    outer loop
      vertex -3.6739405577555036e-17 -0.20000000298023224 1
      vertex -0.017741695046424866 -0.19921152293682098 0.8888888955116272
      vertex -3.6739405577555036e-17 -0.20000000298023224 0.8888888955116272
    endloop
  endfacet
  facet normal -0.13430935619166076 -0.99093945165150299 -0
    outer loop
      vertex -0.035925660282373428 -0.19674691557884216 1
      vertex -0.035925660282373428 -0.19674691557884216 0.8888888955116272
      vertex -0.017741695046424866 -0.19921152293682098 0.8888888955116272
    endloop
  endfacet
  facet normal -0.090179138441582707 -0.99589857033200069 0.0073321620693326574
    outer loop
      vertex -3.6739405577555036e-17 -0.20000000298023224 1
      vertex -0.035925660282373428 -0.19674691557884216 1
      vertex -0.017741695046424866 -0.19921152293682098 0.8888888955116272
    endloop
  endfacet
  facet normal 0.14285319536930582 -0.98974388837354232 0
    outer loop
      vertex 0.038210097700357437 -0.19631604850292206 1
      vertex 0.018863009288907051 -0.19910848140716553 0.8888888955116272
      vertex 0.038210097700357437 -0.19631604850292206 0.8888888955116272
    endloop
  endfacet
  facet normal 0.2386577312870308 -0.97110374692765311 0
    outer loop
      vertex 0.038210097700357437 -0.19631604850292206 0.8888888955116272
      vertex 0.057139407843351364 -0.19166399538516998 0.8888888955116272
      vertex 0.038210097700357437 -0.19631604850292206 1
    endloop
  endfacet
  facet normal 0.095964799888670543 -0.99535007886923388 0.00830528008781602
    outer loop
      vertex -3.6739405577555036e-17 -0.20000000298023224 1
      vertex 0.018863009288907051 -0.19910848140716553 0.8888888955116272
      vertex 0.038210097700357437 -0.19631604850292206 1
    endloop
  endfacet
  facet normal 0.047210256321197117 -0.99888497420778488 0
    outer loop
      vertex -3.6739405577555036e-17 -0.20000000298023224 1
      vertex -3.6739405577555036e-17 -0.20000000298023224 0.8888888955116272
      vertex 0.018863009288907051 -0.19910848140716553 0.8888888955116272
    endloop
  endfacet
  facet normal -0.27277750225885949 -0.96204193316929587 0.0082312262331719795
    outer loop
      vertex -0.072689898312091827 -0.18632277846336365 1
      vertex -0.05432775616645813 -0.19247984886169434 0.8888888955116272
      vertex -0.035925660282373428 -0.19674691557884216 1
    endloop
  endfacet
  facet normal 0.23864429097092216 -0.97104905797514107 0.010612699589503163
    outer loop
      vertex 0.048561934381723404 -0.19407956302165985 0.19407956302165985
      vertex 0.057139407843351364 -0.19166399538516998 0.2222222238779068
      vertex 0.038210097700357437 -0.19631604850292206 0.2222222238779068
    endloop
  endfacet
  facet normal -0.857202839126466 -0.51497892441684068 0
    outer loop
      vertex -0.17646200954914093 -0.094133734703063965 0.8888888955116272
      vertex -0.16597452759742737 -0.11159056425094604 0.8888888955116272
      vertex -0.16597452759742737 -0.11159056425094604 1
    endloop
  endfacet
  facet normal 0.33314904714728721 -0.94264848695796499 -0.020628679567867871
    outer loop
      vertex 0.075982086360454559 -0.18500465154647827 0.2222222238779068
      vertex 0.057139407843351364 -0.19166399538516998 0.2222222238779068
      vertex 0.048561934381723404 -0.19407956302165985 0.19407956302165985
    endloop
  endfacet
  facet normal 0.4258227451937196 -0.90480026313289752 0.0033872570501397368
    outer loop
      vertex 0.075982086360454559 -0.18500465154647827 0.2222222238779068
      vertex 0.090911164879798889 -0.17814365029335022 0.17814365029335022
      vertex 0.094133734703063965 -0.17646200954914093 0.2222222238779068
    endloop
  endfacet
  facet normal 0.51497262352652073 -0.85719235104469182 -0.0049467493049571111
    outer loop
      vertex 0.11159056425094604 -0.16597452759742737 0.2222222238779068
      vertex 0.094133734703063965 -0.17646200954914093 0.2222222238779068
      vertex 0.090911164879798889 -0.17814365029335022 0.17814365029335022
    endloop
  endfacet
  facet normal 0.34199826201583122 -0.93921003566549155 -0.030359474359365254
    outer loop
      vertex 0.075982086360454559 -0.18500465154647827 0.2222222238779068
      vertex 0.048561934381723404 -0.19407956302165985 0.19407956302165985
      vertex 0.090911164879798889 -0.17814365029335022 0.17814365029335022
    endloop
  endfacet
  facet normal 0.33321995430458318 -0.94284911945297556 0
    outer loop
      vertex 0.075982086360454559 -0.18500465154647827 1
      vertex 0.057139407843351364 -0.19166399538516998 0.8888888955116272
      vertex 0.075982086360454559 -0.18500465154647827 0.8888888955116272
    endloop
  endfacet
  facet normal 0.63951336081115562 -0.76877998240330148 -0
    outer loop
      vertex 0.14288665354251862 -0.13994072377681732 0.3333333432674408
      vertex 0.11159056425094604 -0.16597452759742737 0.3333333432674408
      vertex 0.11159056425094604 -0.16597452759742737 0.2222222238779068
    endloop
  endfacet
  facet normal 0.78185742710803996 -0.62343799498228503 0.0049020494147157647
    outer loop
      vertex 0.15435595810413361 -0.12717798352241516 0.12717798352241516
      vertex 0.16823962330818176 -0.10814540833234787 0.3333333432674408
      vertex 0.14288665354251862 -0.13994072377681732 0.3333333432674408
    endloop
  endfacet
  facet normal 0.65982925612043208 -0.75135158125830248 -0.0098058201189878732
    outer loop
      vertex 0.11159056425094604 -0.16597452759742737 0.2222222238779068
      vertex 0.15435595810413361 -0.12717798352241516 0.12717798352241516
      vertex 0.14288665354251862 -0.13994072377681732 0.3333333432674408
    endloop
  endfacet
  facet normal 0.89082204507269136 -0.45434047479510992 -0.0032889170652378725
    outer loop
      vertex 0.16823962330818176 -0.10814540833234787 0.3333333432674408
      vertex 0.18890319764614105 -0.065693072974681854 0.065693072974681854
      vertex 0.18632277846336365 -0.072689898312091827 0.3333333432674408
    endloop
  endfacet
  facet normal 0.99592534146407385 -0.09018156258164807 -0
    outer loop
      vertex 0.20000000298023224 0 -6.123233849335533e-18
      vertex 0.20000000298023224 0 0.1111111119389534
      vertex 0.19674691557884216 -0.035925660282373428 0.1111111119389534
    endloop
  endfacet
  facet normal 0.99592534146407385 -0.09018156258164807 -0
    outer loop
      vertex 0.20000000298023224 0 0.1111111119389534
      vertex 0.20000000298023224 0 0.3333333432674408
      vertex 0.19674691557884216 -0.035925660282373428 0.3333333432674408
    endloop
  endfacet
  facet normal 0.99592534146407385 -0.09018156258164807 0
    outer loop
      vertex 0.20000000298023224 0 0.1111111119389534
      vertex 0.19674691557884216 -0.035925660282373428 0.3333333432674408
      vertex 0.19674691557884216 -0.035925660282373428 0.1111111119389534
    endloop
  endfacet
  facet normal 0.86644917769953933 -0.49911442206851214 -0.012272577032032961
    outer loop
      vertex 0.16823962330818176 -0.10814540833234787 0.3333333432674408
      vertex 0.15435595810413361 -0.12717798352241516 0.12717798352241516
      vertex 0.18890319764614105 -0.065693072974681854 0.065693072974681854
    endloop
  endfacet
  facet normal 0.63951336081115562 -0.76877998240330148 0
    outer loop
      vertex 0.14288665354251862 -0.13994072377681732 0.77777779102325439
      vertex 0.14288665354251862 -0.13994072377681732 0.8888888955116272
      vertex 0.11159056425094604 -0.16597452759742737 0.8888888955116272
    endloop
  endfacet
  facet normal 0.63951336081115562 -0.76877998240330148 0
    outer loop
      vertex 0.14288665354251862 -0.13994072377681732 0.77777779102325439
      vertex 0.11159056425094604 -0.16597452759742737 0.8888888955116272
      vertex 0.11159056425094604 -0.16597452759742737 0.77777779102325439
    endloop
  endfacet
  facet normal 0.51497892441684068 -0.857202839126466 0
    outer loop
      vertex 0.11159056425094604 -0.16597452759742737 1
      vertex 0.094133734703063965 -0.17646200954914093 0.8888888955116272
      vertex 0.11159056425094604 -0.16597452759742737 0.8888888955116272
    endloop
  endfacet
  facet normal 0.74921773829413485 -0.6623237732600431 0
    outer loop
      vertex 0.14288665354251862 -0.13994072377681732 1
      vertex 0.14288665354251862 -0.13994072377681732 0.8888888955116272
      vertex 0.15640974044799805 -0.1246434673666954 0.8888888955116272
    endloop
  endfacet
  facet normal 0.63951336081115562 -0.76877998240330148 0
    outer loop
      vertex 0.14288665354251862 -0.13994072377681732 0.8888888955116272
      vertex 0.14288665354251862 -0.13994072377681732 1
      vertex 0.11159056425094604 -0.16597452759742737 1
    endloop
  endfacet
  facet normal 0.63951336081115562 -0.76877998240330148 0
    outer loop
      vertex 0.14288665354251862 -0.13994072377681732 0.8888888955116272
      vertex 0.11159056425094604 -0.16597452759742737 1
      vertex 0.11159056425094604 -0.16597452759742737 0.8888888955116272
    endloop
  endfacet
  facet normal 0.47131895300646093 -0.88191493457598735 0.0091919915538159393
    outer loop
      vertex 0.11159056425094604 -0.16597452759742737 1
      vertex 0.075982086360454559 -0.18500465154647827 1
      vertex 0.094133734703063965 -0.17646200954914093 0.8888888955116272
    endloop
  endfacet
  facet normal 0.78183282073228766 -0.62341837433403002 0.0093258226720107206
    outer loop
      vertex 0.16823962330818176 -0.10814540833234787 1
      vertex 0.14288665354251862 -0.13994072377681732 1
      vertex 0.15640974044799805 -0.1246434673666954 0.8888888955116272
    endloop
  endfacet
  facet normal 0.81267077600420023 -0.5827230987602352 0
    outer loop
      vertex 0.16823962330818176 -0.10814540833234787 1
      vertex 0.15640974044799805 -0.1246434673666954 0.8888888955116272
      vertex 0.16823962330818176 -0.10814540833234787 0.8888888955116272
    endloop
  endfacet
  facet normal 0.8672846823012007 -0.49781249466611954 0
    outer loop
      vertex 0.17823682725429535 -0.090728364884853363 0.8888888955116272
      vertex 0.16823962330818176 -0.10814540833234787 1
      vertex 0.16823962330818176 -0.10814540833234787 0.8888888955116272
    endloop
  endfacet
  facet normal 0.42582518805557235 -0.90480545379514399 0
    outer loop
      vertex 0.075982086360454559 -0.18500465154647827 0.8888888955116272
      vertex 0.094133734703063965 -0.17646200954914093 0.8888888955116272
      vertex 0.075982086360454559 -0.18500465154647827 1
    endloop
  endfacet
  facet normal 0.91251419508791465 -0.40904503879530801 0
    outer loop
      vertex 0.18632277846336365 -0.072689898312091827 1
      vertex 0.17823682725429535 -0.090728364884853363 0.8888888955116272
      vertex 0.18632277846336365 -0.072689898312091827 0.8888888955116272
    endloop
  endfacet
  facet normal 0.97415370493676556 -0.22588616415790785 0
    outer loop
      vertex 0.19674691557884216 -0.035925660282373428 1
      vertex 0.19247984886169434 -0.05432775616645813 0.8888888955116272
      vertex 0.19674691557884216 -0.035925660282373428 0.8888888955116272
    endloop
  endfacet
  facet normal 0.94811862186856632 -0.31791677978057464 0
    outer loop
      vertex 0.18632277846336365 -0.072689898312091827 1
      vertex 0.18632277846336365 -0.072689898312091827 0.8888888955116272
      vertex 0.19247984886169434 -0.05432775616645813 0.8888888955116272
    endloop
  endfacet
  facet normal 0.96204193316929587 -0.27277750225885949 0.0082312262331719795
    outer loop
      vertex 0.19674691557884216 -0.035925660282373428 1
      vertex 0.18632277846336365 -0.072689898312091827 1
      vertex 0.19247984886169434 -0.05432775616645813 0.8888888955116272
    endloop
  endfacet
  facet normal 0.9990139057126195 -0.044398380520212111 0
    outer loop
      vertex 0.20000000298023224 0 1
      vertex 0.19921152293682098 -0.017741695046424866 0.8888888955116272
      vertex 0.20000000298023224 0 0.8888888955116272
    endloop
  endfacet
  facet normal 0.99589857033200069 -0.090179138441582624 0.0073321620693326695
    outer loop
      vertex 0.19674691557884216 -0.035925660282373428 1
      vertex 0.19921152293682098 -0.017741695046424866 0.8888888955116272
      vertex 0.20000000298023224 0 1
    endloop
  endfacet
  facet normal 0.99093945165150299 -0.13430935619166076 0
    outer loop
      vertex 0.19674691557884216 -0.035925660282373428 1
      vertex 0.19674691557884216 -0.035925660282373428 0.8888888955116272
      vertex 0.19921152293682098 -0.017741695046424866 0.8888888955116272
    endloop
  endfacet
  facet normal 0.89079132823983154 -0.45432480847824791 0.008931849412104384
    outer loop
      vertex 0.16823962330818176 -0.10814540833234787 1
      vertex 0.17823682725429535 -0.090728364884853363 0.8888888955116272
      vertex 0.18632277846336365 -0.072689898312091827 1
    endloop
  endfacet
  facet normal 0.28686683186177758 -0.95793037427338723 0.0087646347348087437
    outer loop
      vertex 0.038210097700357437 -0.19631604850292206 1
      vertex 0.057139407843351364 -0.19166399538516998 0.8888888955116272
      vertex 0.075982086360454559 -0.18500465154647827 1
    endloop
  endfacet
  facet normal 0.96602162632481037 -0.25844859834079564 0.0025572423518655813
    outer loop
      vertex 0.18890319764614105 -0.065693072974681854 0.065693072974681854
      vertex 0.19674691557884216 -0.035925660282373428 0.1111111119389534
      vertex 0.18632277846336365 -0.072689898312091827 0.3333333432674408
    endloop
  endfacet
  facet normal -0.8507385846090193 -0.52360777358704025 -0.04559342163805348
    outer loop
      vertex -0.15435595810413361 -0.12717798352241516 0.12717798352241516
      vertex -0.18500465154647827 -0.075982086360454559 0.1111111119389534
      vertex -0.18890319764614105 -0.065693072974681854 0.065693072974681854
    endloop
  endfacet
  facet normal -0 0 -1
    outer loop
      vertex 0.10000000149011612 0.10000000149011612 -1
      vertex 0.10000000149011612 0 -1
      vertex 0 0 -1
    endloop
  endfacet
  facet normal 0 -0 -1
    outer loop
      vertex 0.10000000149011612 0.10000000149011612 -1
      vertex 0 0 -1
      vertex 0 0.10000000149011612 -1
    endloop
  endfacet
  facet normal -0 0 -1
    outer loop
      vertex 0 0.10000000149011612 -1
      vertex 0 0 -1
      vertex -0.10000000149011612 0 -1
    endloop
  endfacet
  facet normal 0 -0 -1
    outer loop
      vertex 0 0.10000000149011612 -1
      vertex -0.10000000149011612 0 -1
      vertex -0.10000000149011612 0.10000000149011612 -1
    endloop
  endfacet
  facet normal -0 0 -1
    outer loop
      vertex 0 0 -1
      vertex -6.9388939039072284e-18 -0.10000000149011612 -1
      vertex -0.10000000149011612 -0.10000000149011612 -1
    endloop
  endfacet
  facet normal 0 -0 -1
    outer loop
      vertex 0 0 -1
      vertex -0.10000000149011612 -0.10000000149011612 -1
      vertex -0.10000000149011612 0 -1
    endloop
  endfacet
  facet normal -0 0 -1
    outer loop
      vertex 0.10000000149011612 0 -1
      vertex 0.10000000149011612 -0.10000000149011612 -1
      vertex -6.9388939039072284e-18 -0.10000000149011612 -1
    endloop
  endfacet
  facet normal 0 -0 -1
    outer loop
      vertex 0.10000000149011612 0 -1
      vertex -6.9388939039072284e-18 -0.10000000149011612 -1
      vertex 0 0 -1
    endloop
  endfacet
  facet normal 0 -0 -1
    outer loop
      vertex -0.13994072377681732 -0.14288665354251862 -1
      vertex -0.16597452759742737 -0.11159056425094604 -1
      vertex -0.10000000149011612 -0.10000000149011612 -1
    endloop
  endfacet
  facet normal 0 -0 -1
    outer loop
      vertex -0.16597452759742737 -0.11159056425094604 -1
      vertex -0.18500465154647827 -0.075982086360454559 -1
      vertex -0.10000000149011612 -0.10000000149011612 -1
    endloop
  endfacet
  facet normal 0 -0 -1
    outer loop
      vertex -0.18500465154647827 -0.075982086360454559 -1
      vertex -0.19631604850292206 -0.038210097700357437 -1
      vertex -0.10000000149011612 0 -1
    endloop
  endfacet
  facet normal -0 0 -1
    outer loop
      vertex -0.10814540833234787 -0.16823962330818176 -1
      vertex -0.13994072377681732 -0.14288665354251862 -1
      vertex -0.10000000149011612 -0.10000000149011612 -1
    endloop
  endfacet
  facet normal 0 -0 -1
    outer loop
      vertex -6.9388939039072284e-18 -0.10000000149011612 -1
      vertex -3.6739405577555036e-17 -0.20000000298023224 -1
      vertex -0.035925660282373428 -0.19674691557884216 -1
    endloop
  endfacet
  facet normal 0 -0 -1
    outer loop
      vertex -6.9388939039072284e-18 -0.10000000149011612 -1
      vertex -0.072689898312091827 -0.18632277846336365 -1
      vertex -0.10000000149011612 -0.10000000149011612 -1
    endloop
  endfacet
  facet normal -0 -0 -1
    outer loop
      vertex -0.10814540833234787 -0.16823962330818176 -1
      vertex -0.10000000149011612 -0.10000000149011612 -1
      vertex -0.072689898312091827 -0.18632277846336365 -1
    endloop
  endfacet
  facet normal 0 -0 -1
    outer loop
      vertex -0.035925660282373428 -0.19674691557884216 -1
      vertex -0.072689898312091827 -0.18632277846336365 -1
      vertex -6.9388939039072284e-18 -0.10000000149011612 -1
    endloop
  endfacet
  facet normal -0 -0 -1
    outer loop
      vertex -0.10000000149011612 -0.10000000149011612 -1
      vertex -0.18500465154647827 -0.075982086360454559 -1
      vertex -0.10000000149011612 0 -1
    endloop
  endfacet
  facet normal 0 0 -1
    outer loop
      vertex -6.9388939039072284e-18 -0.10000000149011612 -1
      vertex 0.038210097700357437 -0.19631604850292206 -1
      vertex -3.6739405577555036e-17 -0.20000000298023224 -1
    endloop
  endfacet
  facet normal 0 0 -1
    outer loop
      vertex -0.19674691557884216 0.035925660282373428 -1
      vertex -0.18632277846336365 0.072689898312091827 -1
      vertex -0.10000000149011612 0 -1
    endloop
  endfacet
  facet normal 0 0 -1
    outer loop
      vertex -0.14288665354251862 0.13994072377681732 -1
      vertex -0.10000000149011612 0.10000000149011612 -1
      vertex -0.16823962330818176 0.10814540833234787 -1
    endloop
  endfacet
  facet normal -0 0 -1
    outer loop
      vertex -0.16823962330818176 0.10814540833234787 -1
      vertex -0.10000000149011612 0.10000000149011612 -1
      vertex -0.18632277846336365 0.072689898312091827 -1
    endloop
  endfacet
  facet normal -0 -0 -1
    outer loop
      vertex -0.10000000149011612 0 -1
      vertex -0.20000000298023224 2.4492935397342132e-17 -1
      vertex -0.19674691557884216 0.035925660282373428 -1
    endloop
  endfacet
  facet normal -0 -0 -1
    outer loop
      vertex -0.14288665354251862 0.13994072377681732 -1
      vertex -0.11159056425094604 0.16597452759742737 -1
      vertex -0.10000000149011612 0.10000000149011612 -1
    endloop
  endfacet
  facet normal -0 0 -1
    outer loop
      vertex -0.11159056425094604 0.16597452759742737 -1
      vertex -0.075982086360454559 0.18500465154647827 -1
      vertex -0.10000000149011612 0.10000000149011612 -1
    endloop
  endfacet
  facet normal -0 -0 -1
    outer loop
      vertex 0 0.10000000149011612 -1
      vertex -0.075982086360454559 0.18500465154647827 -1
      vertex -0.038210097700357437 0.19631604850292206 -1
    endloop
  endfacet
  facet normal -0 -0 -1
    outer loop
      vertex 0 0.10000000149011612 -1
      vertex -0.10000000149011612 0.10000000149011612 -1
      vertex -0.075982086360454559 0.18500465154647827 -1
    endloop
  endfacet
  facet normal -0 -0 -1
    outer loop
      vertex -0.10000000149011612 0 -1
      vertex -0.18632277846336365 0.072689898312091827 -1
      vertex -0.10000000149011612 0.10000000149011612 -1
    endloop
  endfacet
  facet normal 0 0 -1
    outer loop
      vertex -0.10000000149011612 0 -1
      vertex -0.19631604850292206 -0.038210097700357437 -1
      vertex -0.20000000298023224 2.4492935397342132e-17 -1
    endloop
  endfacet
  facet normal 0 0 -1
    outer loop
      vertex -6.9388939039072284e-18 -0.10000000149011612 -1
      vertex 0.10000000149011612 -0.10000000149011612 -1
      vertex 0.075982086360454559 -0.18500465154647827 -1
    endloop
  endfacet
  facet normal 0 0 -1
    outer loop
      vertex 0.18632277846336365 -0.072689898312091827 -1
      vertex 0.10000000149011612 -0.10000000149011612 -1
      vertex 0.10000000149011612 0 -1
    endloop
  endfacet
  facet normal -0 0 -1
    outer loop
      vertex 0.075982086360454559 -0.18500465154647827 -1
      vertex 0.10000000149011612 -0.10000000149011612 -1
      vertex 0.11159056425094604 -0.16597452759742737 -1
    endloop
  endfacet
  facet normal -0 0 -1
    outer loop
      vertex 0.11159056425094604 -0.16597452759742737 -1
      vertex 0.10000000149011612 -0.10000000149011612 -1
      vertex 0.14288665354251862 -0.13994072377681732 -1
    endloop
  endfacet
  facet normal 0 0 -1
    outer loop
      vertex 0.10000000149011612 -0.10000000149011612 -1
      vertex 0.18632277846336365 -0.072689898312091827 -1
      vertex 0.16823962330818176 -0.10814540833234787 -1
    endloop
  endfacet
  facet normal 0 0 -1
    outer loop
      vertex 0.10000000149011612 0 -1
      vertex 0.20000000298023224 0 -1
      vertex 0.19674691557884216 -0.035925660282373428 -1
    endloop
  endfacet
  facet normal 0 -0 -1
    outer loop
      vertex 0.19674691557884216 -0.035925660282373428 -1
      vertex 0.18632277846336365 -0.072689898312091827 -1
      vertex 0.10000000149011612 0 -1
    endloop
  endfacet
  facet normal 0 -0 -1
    outer loop
      vertex 0.16823962330818176 -0.10814540833234787 -1
      vertex 0.14288665354251862 -0.13994072377681732 -1
      vertex 0.10000000149011612 -0.10000000149011612 -1
    endloop
  endfacet
  facet normal -0 0 -1
    outer loop
      vertex 0.19631604850292206 0.038210097700357437 -1
      vertex 0.20000000298023224 0 -1
      vertex 0.10000000149011612 0 -1
    endloop
  endfacet
  facet normal -0 0 -1
    outer loop
      vertex 0.072689898312091827 0.18632277846336365 -1
      vertex 0.10000000149011612 0.10000000149011612 -1
      vertex 0 0.10000000149011612 -1
    endloop
  endfacet
  facet normal 0 0 -1
    outer loop
      vertex 1.2246467698671066e-17 0.20000000298023224 -1
      vertex 0.035925660282373428 0.19674691557884216 -1
      vertex 0 0.10000000149011612 -1
    endloop
  endfacet
  facet normal 0 0 -1
    outer loop
      vertex 0.072689898312091827 0.18632277846336365 -1
      vertex 0 0.10000000149011612 -1
      vertex 0.035925660282373428 0.19674691557884216 -1
    endloop
  endfacet
  facet normal 0 0 -1
    outer loop
      vertex 0.072689898312091827 0.18632277846336365 -1
      vertex 0.10814540833234787 0.16823962330818176 -1
      vertex 0.10000000149011612 0.10000000149011612 -1
    endloop
  endfacet
  facet normal -0 0 -1
    outer loop
      vertex -0.038210097700357437 0.19631604850292206 -1
      vertex 1.2246467698671066e-17 0.20000000298023224 -1
      vertex 0 0.10000000149011612 -1
    endloop
  endfacet
  facet normal 0 0 -1
    outer loop
      vertex 0.10000000149011612 0.10000000149011612 -1
      vertex 0.16597452759742737 0.11159056425094604 -1
      vertex 0.18500465154647827 0.075982086360454559 -1
    endloop
  endfacet
  facet normal 0 0 -1
    outer loop
      vertex 0.10814540833234787 0.16823962330818176 -1
      vertex 0.13994072377681732 0.14288665354251862 -1
      vertex 0.10000000149011612 0.10000000149011612 -1
    endloop
  endfacet
  facet normal -0 0 -1
    outer loop
      vertex 0.13994072377681732 0.14288665354251862 -1
      vertex 0.16597452759742737 0.11159056425094604 -1
      vertex 0.10000000149011612 0.10000000149011612 -1
    endloop
  endfacet
  facet normal 0 0 -1
    outer loop
      vertex 0.10000000149011612 0.10000000149011612 -1
      vertex 0.18500465154647827 0.075982086360454559 -1
      vertex 0.10000000149011612 0 -1
    endloop
  endfacet
  facet normal -0 0 -1
    outer loop
      vertex 0.10000000149011612 0 -1
      vertex 0.18500465154647827 0.075982086360454559 -1
      vertex 0.19631604850292206 0.038210097700357437 -1
    endloop
  endfacet
  facet normal -0 0 -1
    outer loop
      vertex 0.075982086360454559 -0.18500465154647827 -1
      vertex 0.038210097700357437 -0.19631604850292206 -1
      vertex -6.9388939039072284e-18 -0.10000000149011612 -1
    endloop
  endfacet
  facet normal 0 -0 1
    outer loop
      vertex 0.10000000149011612 0.10000000149011612 1
      vertex 0 0.10000000149011612 1
      vertex 0 0 1
    endloop
  endfacet
  facet normal 0 -0 1
    outer loop
      vertex 0.10000000149011612 0.10000000149011612 1
      vertex 0 0 1
      vertex 0.10000000149011612 0 1
    endloop
  endfacet
  facet normal 0 -0 1
    outer loop
      vertex 0 0.10000000149011612 1
      vertex -0.10000000149011612 0.10000000149011612 1
      vertex -0.10000000149011612 0 1
    endloop
  endfacet
  facet normal 0 -0 1
    outer loop
      vertex 0 0.10000000149011612 1
      vertex -0.10000000149011612 0 1
      vertex 0 0 1
    endloop
  endfacet
  facet normal 0 -0 1
    outer loop
      vertex 0 0 1
      vertex -0.10000000149011612 0 1
      vertex -0.10000000149011612 -0.10000000149011612 1
    endloop
  endfacet
  facet normal 0 -0 1
    outer loop
      vertex 0 0 1
      vertex -0.10000000149011612 -0.10000000149011612 1
      vertex -6.9388939039072284e-18 -0.10000000149011612 1
    endloop
  endfacet
  facet normal 0 -0 1
    outer loop
      vertex 0.10000000149011612 0 1
      vertex 0 0 1
      vertex -6.9388939039072284e-18 -0.10000000149011612 1
    endloop
  endfacet
  facet normal 0 -0 1
    outer loop
      vertex 0.10000000149011612 0 1
      vertex -6.9388939039072284e-18 -0.10000000149011612 1
      vertex 0.10000000149011612 -0.10000000149011612 1
    endloop
  endfacet
  facet normal 0 0 1
    outer loop
      vertex -0.13994072377681732 -0.14288665354251862 1
      vertex -0.10000000149011612 -0.10000000149011612 1
      vertex -0.16597452759742737 -0.11159056425094604 1
    endloop
  endfacet
  facet normal 0 0 1
    outer loop
      vertex -0.16597452759742737 -0.11159056425094604 1
      vertex -0.10000000149011612 -0.10000000149011612 1
      vertex -0.18500465154647827 -0.075982086360454559 1
    endloop
  endfacet
  facet normal 0 0 1
    outer loop
      vertex -0.18500465154647827 -0.075982086360454559 1
      vertex -0.10000000149011612 0 1
      vertex -0.19631604850292206 -0.038210097700357437 1
    endloop
  endfacet
  facet normal -0 0 1
    outer loop
      vertex -0.10814540833234787 -0.16823962330818176 1
      vertex -0.10000000149011612 -0.10000000149011612 1
      vertex -0.13994072377681732 -0.14288665354251862 1
    endloop
  endfacet
  facet normal 0 -0 1
    outer loop
      vertex -6.9388939039072284e-18 -0.10000000149011612 1
      vertex -0.035925660282373428 -0.19674691557884216 1
      vertex -3.6739405577555036e-17 -0.20000000298023224 1
    endloop
  endfacet
  facet normal 0 -0 1
    outer loop
      vertex -6.9388939039072284e-18 -0.10000000149011612 1
      vertex -0.10000000149011612 -0.10000000149011612 1
      vertex -0.072689898312091827 -0.18632277846336365 1
    endloop
  endfacet
  facet normal 0 0 1
    outer loop
      vertex -0.10814540833234787 -0.16823962330818176 1
      vertex -0.072689898312091827 -0.18632277846336365 1
      vertex -0.10000000149011612 -0.10000000149011612 1
    endloop
  endfacet
  facet normal 0 -0 1
    outer loop
      vertex -0.035925660282373428 -0.19674691557884216 1
      vertex -6.9388939039072284e-18 -0.10000000149011612 1
      vertex -0.072689898312091827 -0.18632277846336365 1
    endloop
  endfacet
  facet normal -0 -0 1
    outer loop
      vertex -0.10000000149011612 -0.10000000149011612 1
      vertex -0.10000000149011612 0 1
      vertex -0.18500465154647827 -0.075982086360454559 1
    endloop
  endfacet
  facet normal 0 0 1
    outer loop
      vertex -6.9388939039072284e-18 -0.10000000149011612 1
      vertex -3.6739405577555036e-17 -0.20000000298023224 1
      vertex 0.038210097700357437 -0.19631604850292206 1
    endloop
  endfacet
  facet normal 0 0 1
    outer loop
      vertex -0.19674691557884216 0.035925660282373428 1
      vertex -0.10000000149011612 0 1
      vertex -0.18632277846336365 0.072689898312091827 1
    endloop
  endfacet
  facet normal -0 -0 1
    outer loop
      vertex -0.14288665354251862 0.13994072377681732 1
      vertex -0.16823962330818176 0.10814540833234787 1
      vertex -0.10000000149011612 0.10000000149011612 1
    endloop
  endfacet
  facet normal 0 -0 1
    outer loop
      vertex -0.16823962330818176 0.10814540833234787 1
      vertex -0.18632277846336365 0.072689898312091827 1
      vertex -0.10000000149011612 0.10000000149011612 1
    endloop
  endfacet
  facet normal -0 -0 1
    outer loop
      vertex -0.10000000149011612 0 1
      vertex -0.19674691557884216 0.035925660282373428 1
      vertex -0.20000000298023224 2.4492935397342132e-17 1
    endloop
  endfacet
  facet normal 0 0 1
    outer loop
      vertex -0.14288665354251862 0.13994072377681732 1
      vertex -0.10000000149011612 0.10000000149011612 1
      vertex -0.11159056425094604 0.16597452759742737 1
    endloop
  endfacet
  facet normal 0 -0 1
    outer loop
      vertex -0.11159056425094604 0.16597452759742737 1
      vertex -0.10000000149011612 0.10000000149011612 1
      vertex -0.075982086360454559 0.18500465154647827 1
    endloop
  endfacet
  facet normal -0 -0 1
    outer loop
      vertex 0 0.10000000149011612 1
      vertex -0.038210097700357437 0.19631604850292206 1
      vertex -0.075982086360454559 0.18500465154647827 1
    endloop
  endfacet
  facet normal -0 -0 1
    outer loop
      vertex 0 0.10000000149011612 1
      vertex -0.075982086360454559 0.18500465154647827 1
      vertex -0.10000000149011612 0.10000000149011612 1
    endloop
  endfacet
  facet normal -0 -0 1
    outer loop
      vertex -0.10000000149011612 0 1
      vertex -0.10000000149011612 0.10000000149011612 1
      vertex -0.18632277846336365 0.072689898312091827 1
    endloop
  endfacet
  facet normal 0 0 1
    outer loop
      vertex -0.10000000149011612 0 1
      vertex -0.20000000298023224 2.4492935397342132e-17 1
      vertex -0.19631604850292206 -0.038210097700357437 1
    endloop
  endfacet
  facet normal 0 0 1
    outer loop
      vertex -6.9388939039072284e-18 -0.10000000149011612 1
      vertex 0.075982086360454559 -0.18500465154647827 1
      vertex 0.10000000149011612 -0.10000000149011612 1
    endloop
  endfacet
  facet normal -0 0 1
    outer loop
      vertex 0.18632277846336365 -0.072689898312091827 1
      vertex 0.10000000149011612 0 1
      vertex 0.10000000149011612 -0.10000000149011612 1
    endloop
  endfacet
  facet normal -0 0 1
    outer loop
      vertex 0.075982086360454559 -0.18500465154647827 1
      vertex 0.11159056425094604 -0.16597452759742737 1
      vertex 0.10000000149011612 -0.10000000149011612 1
    endloop
  endfacet
  facet normal -0 0 1
    outer loop
      vertex 0.11159056425094604 -0.16597452759742737 1
      vertex 0.14288665354251862 -0.13994072377681732 1
      vertex 0.10000000149011612 -0.10000000149011612 1
    endloop
  endfacet
  facet normal 0 0 1
    outer loop
      vertex 0.10000000149011612 -0.10000000149011612 1
      vertex 0.16823962330818176 -0.10814540833234787 1
      vertex 0.18632277846336365 -0.072689898312091827 1
    endloop
  endfacet
  facet normal 0 0 1
    outer loop
      vertex 0.10000000149011612 0 1
      vertex 0.19674691557884216 -0.035925660282373428 1
      vertex 0.20000000298023224 0 1
    endloop
  endfacet
  facet normal 0 -0 1
    outer loop
      vertex 0.19674691557884216 -0.035925660282373428 1
      vertex 0.10000000149011612 0 1
      vertex 0.18632277846336365 -0.072689898312091827 1
    endloop
  endfacet
  facet normal 0 -0 1
    outer loop
      vertex 0.16823962330818176 -0.10814540833234787 1
      vertex 0.10000000149011612 -0.10000000149011612 1
      vertex 0.14288665354251862 -0.13994072377681732 1
    endloop
  endfacet
  facet normal -0 -0 1
    outer loop
      vertex 0.19631604850292206 0.038210097700357437 1
      vertex 0.10000000149011612 0 1
      vertex 0.20000000298023224 0 1
    endloop
  endfacet
  facet normal -0 -0 1
    outer loop
      vertex 0.072689898312091827 0.18632277846336365 1
      vertex 0 0.10000000149011612 1
      vertex 0.10000000149011612 0.10000000149011612 1
    endloop
  endfacet
  facet normal 0 0 1
    outer loop
      vertex 1.2246467698671066e-17 0.20000000298023224 1
      vertex 0 0.10000000149011612 1
      vertex 0.035925660282373428 0.19674691557884216 1
    endloop
  endfacet
  facet normal -0 0 1
    outer loop
      vertex 0.072689898312091827 0.18632277846336365 1
      vertex 0.035925660282373428 0.19674691557884216 1
      vertex 0 0.10000000149011612 1
    endloop
  endfacet
  facet normal 0 0 1
    outer loop
      vertex 0.072689898312091827 0.18632277846336365 1
      vertex 0.10000000149011612 0.10000000149011612 1
      vertex 0.10814540833234787 0.16823962330818176 1
    endloop
  endfacet
  facet normal 0 -0 1
    outer loop
      vertex -0.038210097700357437 0.19631604850292206 1
      vertex 0 0.10000000149011612 1
      vertex 1.2246467698671066e-17 0.20000000298023224 1
    endloop
  endfacet
  facet normal 0 0 1
    outer loop
      vertex 0.10000000149011612 0.10000000149011612 1
      vertex 0.18500465154647827 0.075982086360454559 1
      vertex 0.16597452759742737 0.11159056425094604 1
    endloop
  endfacet
  facet normal 0 0 1
    outer loop
      vertex 0.10814540833234787 0.16823962330818176 1
      vertex 0.10000000149011612 0.10000000149011612 1
      vertex 0.13994072377681732 0.14288665354251862 1
    endloop
  endfacet
  facet normal 0 -0 1
    outer loop
      vertex 0.13994072377681732 0.14288665354251862 1
      vertex 0.10000000149011612 0.10000000149011612 1
      vertex 0.16597452759742737 0.11159056425094604 1
    endloop
  endfacet
  facet normal 0 0 1
    outer loop
      vertex 0.10000000149011612 0.10000000149011612 1
      vertex 0.10000000149011612 0 1
      vertex 0.18500465154647827 0.075982086360454559 1
    endloop
  endfacet
  facet normal -0 0 1
    outer loop
      vertex 0.10000000149011612 0 1
      vertex 0.19631604850292206 0.038210097700357437 1
      vertex 0.18500465154647827 0.075982086360454559 1
    endloop
  endfacet
  facet normal -0 0 1
    outer loop
      vertex 0.075982086360454559 -0.18500465154647827 1
      vertex -6.9388939039072284e-18 -0.10000000149011612 1
      vertex 0.038210097700357437 -0.19631604850292206 1
    endloop
  endfacet
  facet normal -0.9946465447256726 0.010622241600775375 -0.10278822427036684
    outer loop
      vertex -0.73415011167526245 -1.9686352014541626 -0.1501326858997345
      vertex -0.73415011167526245 -2 -0.15337395668029785
      vertex -0.75 -2 0
    endloop
  endfacet
  facet normal -0.9532013867326844 0.031078296237110264 -0.30073452717286336
    outer loop
      vertex -0.68924421072006226 -1.9395283460617065 -0.28945747017860413
      vertex -0.68924421072006226 -2 -0.29570668935775757
      vertex -0.73415011167526245 -2 -0.15337395668029785
    endloop
  endfacet
  facet normal -0.95320137938695193 0.031078220857133756 -0.30073455824558487
    outer loop
      vertex -0.68924421072006226 -1.9395283460617065 -0.28945747017860413
      vertex -0.73415011167526245 -2 -0.15337395668029785
      vertex -0.73415011167526245 -1.9686352014541626 -0.1501326858997345
    endloop
  endfacet
  facet normal -0.87489210136991835 0.049784858725516169 -0.48175230025627158
    outer loop
      vertex -0.6184116005897522 -1.9132224321365356 -0.41537541151046753
      vertex -0.6184116005897522 -2 -0.42434310913085938
      vertex -0.68924421072006226 -2 -0.29570668935775757
    endloop
  endfacet
  facet normal -0.87489211332882155 0.049784905036758156 -0.48175227375229829
    outer loop
      vertex -0.6184116005897522 -1.9132224321365356 -0.41537541151046753
      vertex -0.68924421072006226 -2 -0.29570668935775757
      vertex -0.68924421072006226 -1.9395283460617065 -0.28945747017860413
    endloop
  endfacet
  facet normal -0.7642303724679842 0.066296188808442139 -0.64152689199044644
    outer loop
      vertex -0.52506744861602783 -1.8904825448989868 -0.52422332763671875
      vertex -0.52506744861602783 -2 -0.53554099798202515
      vertex -0.6184116005897522 -2 -0.42434310913085938
    endloop
  endfacet
  facet normal -0.76423035815097029 0.066296158162899563 -0.64152691221279212
    outer loop
      vertex -0.52506744861602783 -1.8904825448989868 -0.52422332763671875
      vertex -0.6184116005897522 -2 -0.42434310913085938
      vertex -0.6184116005897522 -1.9132224321365356 -0.41537541151046753
    endloop
  endfacet
  facet normal -0.62566930472157156 0.080188453867615153 -0.77595601228133204
    outer loop
      vertex -0.4120478630065918 -1.8718466758728027 -0.61342746019363403
      vertex -0.4120478630065918 -2 -0.62667101621627808
      vertex -0.52506744861602783 -2 -0.53554099798202515
    endloop
  endfacet
  facet normal -0.62566918175745856 0.080188273860289774 -0.77595613003201369
    outer loop
      vertex -0.4120478630065918 -1.8718466758728027 -0.61342746019363403
      vertex -0.52506744861602783 -2 -0.53554099798202515
      vertex -0.52506744861602783 -1.8904825448989868 -0.52422332763671875
    endloop
  endfacet
  facet normal -0.46400913096457674 0.091057835673117246 -0.88113789893751948
    outer loop
      vertex -0.28358793258666992 -1.8580129146575928 -0.67964518070220947
      vertex -0.28358793258666992 -2 -0.69431829452514648
      vertex -0.4120478630065918 -2 -0.62667101621627808
    endloop
  endfacet
  facet normal -0.46400935500622215 0.091058092281627728 -0.88113775443839681
    outer loop
      vertex -0.28358793258666992 -1.8580129146575928 -0.67964518070220947
      vertex -0.4120478630065918 -2 -0.62667101621627808
      vertex -0.4120478630065918 -1.8718466758728027 -0.61342746019363403
    endloop
  endfacet
  facet normal -0.28534394857746598 0.098520118809142229 -0.95334810913960122
    outer loop
      vertex -0.14450135827064514 -1.8494997024536133 -0.72039502859115601
      vertex -0.14450135827064514 -2 -0.73594790697097778
      vertex -0.28358793258666992 -2 -0.69431829452514648
    endloop
  endfacet
  facet normal -0.28534395402608326 0.09852012422406746 -0.95334810694920613
    outer loop
      vertex -0.14450135827064514 -1.8494997024536133 -0.72039502859115601
      vertex -0.28358793258666992 -2 -0.69431829452514648
      vertex -0.28358793258666992 -1.8580129146575928 -0.67964518070220947
    endloop
  endfacet
  facet normal -0.096280873843578099 0.10231646369720024 -0.99008147876243824
    outer loop
      vertex 0 -1.8466260433197021 -0.73415011167526245
      vertex 0 -2 -0.75
      vertex -0.14450135827064514 -2 -0.73594790697097778
    endloop
  endfacet
  facet normal -0.096280587252306302 0.10231619433803574 -0.99008153446801161
    outer loop
      vertex 0 -1.8466260433197021 -0.73415011167526245
      vertex -0.14450135827064514 -2 -0.73594790697097778
      vertex -0.14450135827064514 -1.8494997024536133 -0.72039502859115601
    endloop
  endfacet
  facet normal 0.10225520315320771 0.10225469579787594 -0.98948868139831692
    outer loop
      vertex 0.15337395668029785 -1.8498673439025879 -0.71863526105880737
      vertex 0.15337395668029785 -2 -0.73415011167526245
      vertex 0 -2 -0.75
    endloop
  endfacet
  facet normal 0.10225470640786691 0.10225520304109662 -0.98948868031345616
    outer loop
      vertex 0.15337395668029785 -1.8498673439025879 -0.71863526105880737
      vertex 0 -2 -0.75
      vertex 0 -1.8466260433197021 -0.73415011167526245
    endloop
  endfacet
  facet normal 0.29942924909088192 0.098077807530245309 -0.94906420671044744
    outer loop
      vertex 0.29570668935775757 -1.8590505123138428 -0.6746782660484314
      vertex 0.29570668935775757 -2 -0.68924421072006226
      vertex 0.15337395668029785 -2 -0.73415011167526245
    endloop
  endfacet
  facet normal 0.29942982172365956 0.098077180393637983 -0.94906409085402199
    outer loop
      vertex 0.29570668935775757 -1.8590505123138428 -0.6746782660484314
      vertex 0.15337395668029785 -2 -0.73415011167526245
      vertex 0.15337395668029785 -1.8498673439025879 -0.71863526105880737
    endloop
  endfacet
  facet normal 0.48038613603861602 0.090155968708891615 -0.87241106229119414
    outer loop
      vertex 0.42434310913085938 -1.8735356330871582 -0.60534262657165527
      vertex 0.42434310913085938 -2 -0.6184116005897522
      vertex 0.29570668935775757 -2 -0.68924421072006226
    endloop
  endfacet
  facet normal 0.48038583163036025 0.090156362549222394 -0.87241118921108529
    outer loop
      vertex 0.42434310913085938 -1.8735356330871582 -0.60534262657165527
      vertex 0.29570668935775757 -2 -0.68924421072006226
      vertex 0.29570668935775757 -1.8590505123138428 -0.6746782660484314
    endloop
  endfacet
  facet normal 0.64093681687370363 0.07890407382741399 -0.76352743494208664
    outer loop
      vertex 0.53554099798202515 -1.8926243782043457 -0.51397109031677246
      vertex 0.53554099798202515 -2 -0.52506744861602783
      vertex 0.42434310913085938 -2 -0.6184116005897522
    endloop
  endfacet
  facet normal 0.64093698114925879 0.078903797363045466 -0.76352732561249304
    outer loop
      vertex 0.53554099798202515 -1.8926243782043457 -0.51397109031677246
      vertex 0.42434310913085938 -2 -0.6184116005897522
      vertex 0.42434310913085938 -1.8735356330871582 -0.60534262657165527
    endloop
  endfacet
  facet normal 0.77683027796655113 0.064730416082860384 -0.62637424313915624
    outer loop
      vertex 0.62667101621627808 -1.9157367944717407 -0.40333998203277588
      vertex 0.62667101621627808 -2 -0.4120478630065918
      vertex 0.53554099798202515 -2 -0.52506744861602783
    endloop
  endfacet
  facet normal 0.77683026105488251 0.06473045836025916 -0.62637425974402394
    outer loop
      vertex 0.62667101621627808 -1.9157367944717407 -0.40333998203277588
      vertex 0.53554099798202515 -2 -0.52506744861602783
      vertex 0.53554099798202515 -1.8926243782043457 -0.51397109031677246
    endloop
  endfacet
  facet normal 0.88378980237452021 0.04809558863231235 -0.46540562907308897
    outer loop
      vertex 0.69431829452514648 -1.9420067071914673 -0.27759483456611633
      vertex 0.69431829452514648 -2 -0.28358793258666992
      vertex 0.62667101621627808 -2 -0.4120478630065918
    endloop
  endfacet
  facet normal 0.88378977955789539 0.04809569114010568 -0.46540566180780646
    outer loop
      vertex 0.69431829452514648 -1.9420067071914673 -0.27759483456611633
      vertex 0.62667101621627808 -2 -0.4120478630065918
      vertex 0.62667101621627808 -1.9157367944717407 -0.40333998203277588
    endloop
  endfacet
  facet normal 0.95758844971827983 0.02961898731539056 -0.2866131130226815
    outer loop
      vertex 0.73594790697097778 -1.970449686050415 -0.14144758880138397
      vertex 0.73594790697097778 -2 -0.14450135827064514
      vertex 0.69431829452514648 -2 -0.28358793258666992
    endloop
  endfacet
  facet normal 0.95758845291514216 0.029618949989572627 -0.28661310619910507
    outer loop
      vertex 0.73594790697097778 -1.970449686050415 -0.14144758880138397
      vertex 0.69431829452514648 -2 -0.28358793258666992
      vertex 0.69431829452514648 -1.9420067071914673 -0.27759483456611633
    endloop
  endfacet
  facet normal 0.99525515496715877 0.010001788628018959 -0.09678399007861449
    outer loop
      vertex 0.75 -2 0
      vertex 0.73594790697097778 -2 -0.14450135827064514
      vertex 0.73594790697097778 -1.970449686050415 -0.14144758880138397
    endloop
  endfacet
  facet normal -0.99465012071053693 0.031081253273563873 -0.098514430747271453
    outer loop
      vertex -0.73415011167526245 -1.9395283460617065 -0.14094948768615723
      vertex -0.73415011167526245 -1.9686352014541626 -0.1501326858997345
      vertex -0.75 -2 0
    endloop
  endfacet
  facet normal -0.95323070728980153 0.090939229636969515 -0.28823822646002267
    outer loop
      vertex -0.68924421072006226 -1.8834100961685181 -0.27175214886665344
      vertex -0.68924421072006226 -1.9395283460617065 -0.28945747017860413
      vertex -0.73415011167526245 -1.9686352014541626 -0.1501326858997345
    endloop
  endfacet
  facet normal -0.95323068870517602 0.090939052290518199 -0.28823834387388297
    outer loop
      vertex -0.68924421072006226 -1.8834100961685181 -0.27175214886665344
      vertex -0.73415011167526245 -1.9686352014541626 -0.1501326858997345
      vertex -0.73415011167526245 -1.9395283460617065 -0.14094948768615723
    endloop
  endfacet
  facet normal -0.87496117384672856 0.14568414183998588 -0.46175651059525047
    outer loop
      vertex -0.6184116005897522 -1.8326919078826904 -0.38996803760528564
      vertex -0.6184116005897522 -1.9132224321365356 -0.41537541151046753
      vertex -0.68924421072006226 -1.9395283460617065 -0.28945747017860413
    endloop
  endfacet
  facet normal -0.87496120733662819 0.1456842583176477 -0.46175641038806059
    outer loop
      vertex -0.6184116005897522 -1.8326919078826904 -0.38996803760528564
      vertex -0.68924421072006226 -1.9395283460617065 -0.28945747017860413
      vertex -0.68924421072006226 -1.8834100961685181 -0.27175214886665344
    endloop
  endfacet
  facet normal -0.76433742606505373 0.19401239314146662 -0.61493698085557469
    outer loop
      vertex -0.52506744861602783 -1.7888492345809937 -0.49215805530548096
      vertex -0.52506744861602783 -1.8904825448989868 -0.52422332763671875
      vertex -0.6184116005897522 -1.9132224321365356 -0.41537541151046753
    endloop
  endfacet
  facet normal -0.76433749694597375 0.1940125267532847 -0.61493685059944936
    outer loop
      vertex -0.52506744861602783 -1.7888492345809937 -0.49215805530548096
      vertex -0.6184116005897522 -1.9132224321365356 -0.41537541151046753
      vertex -0.6184116005897522 -1.8326919078826904 -0.38996803760528564
    endloop
  endfacet
  facet normal -0.62579730457451599 0.23468216731140584 -0.74384273467803108
    outer loop
      vertex -0.4120478630065918 -1.7529189586639404 -0.57590579986572266
      vertex -0.4120478630065918 -1.8718466758728027 -0.61342746019363403
      vertex -0.52506744861602783 -1.8904825448989868 -0.52422332763671875
    endloop
  endfacet
  facet normal -0.62579727141323604 0.23468212451211251 -0.74384277607988492
    outer loop
      vertex -0.4120478630065918 -1.7529189586639404 -0.57590579986572266
      vertex -0.52506744861602783 -1.8904825448989868 -0.52422332763671875
      vertex -0.52506744861602783 -1.7888492345809937 -0.49215805530548096
    endloop
  endfacet
  facet normal -0.46413192157420569 0.26650951293164571 -0.8447213972031089
    outer loop
      vertex -0.28358793258666992 -1.7262473106384277 -0.6380731463432312
      vertex -0.28358793258666992 -1.8580129146575928 -0.67964518070220947
      vertex -0.4120478630065918 -1.8718466758728027 -0.61342746019363403
    endloop
  endfacet
  facet normal -0.46413180152065436 0.26650938923892142 -0.84472150219151454
    outer loop
      vertex -0.28358793258666992 -1.7262473106384277 -0.6380731463432312
      vertex -0.4120478630065918 -1.8718466758728027 -0.61342746019363403
      vertex -0.4120478630065918 -1.7529189586639404 -0.57590579986572266
    endloop
  endfacet
  facet normal -0.28543223829367498 0.28836320079061839 -0.91398856763772063
    outer loop
      vertex -0.14450135827064514 -1.7098337411880493 -0.67633044719696045
      vertex -0.14450135827064514 -1.8494997024536133 -0.72039502859115601
      vertex -0.28358793258666992 -1.8580129146575928 -0.67964518070220947
    endloop
  endfacet
  facet normal -0.28543232541672781 0.28836328139013084 -0.91398851500066203
    outer loop
      vertex -0.14450135827064514 -1.7098337411880493 -0.67633044719696045
      vertex -0.28358793258666992 -1.8580129146575928 -0.67964518070220947
      vertex -0.28358793258666992 -1.7262473106384277 -0.6380731463432312
    endloop
  endfacet
  facet normal -0.096312759632958128 0.29948122596898796 -0.94922855394472627
    outer loop
      vertex 0 -1.7042933702468872 -0.68924421072006226
      vertex 0 -1.8466260433197021 -0.73415011167526245
      vertex -0.14450135827064514 -1.8494997024536133 -0.72039502859115601
    endloop
  endfacet
  facet normal -0.096312936625749537 0.29948138732851343 -0.94922848507738822
    outer loop
      vertex 0 -1.7042933702468872 -0.68924421072006226
      vertex -0.14450135827064514 -1.8494997024536133 -0.72039502859115601
      vertex -0.14450135827064514 -1.7098337411880493 -0.67633044719696045
    endloop
  endfacet
  facet normal 0.10228882276723734 0.29930229401519931 -0.94865965105201544
    outer loop
      vertex 0.15337395668029785 -1.7105425596237183 -0.6746782660484314
      vertex 0.15337395668029785 -1.8498673439025879 -0.71863526105880737
      vertex 0 -1.8466260433197021 -0.73415011167526245
    endloop
  endfacet
  facet normal 0.10228932856493909 0.29930177208242092 -0.94865976118419626
    outer loop
      vertex 0.15337395668029785 -1.7105425596237183 -0.6746782660484314
      vertex 0 -1.8466260433197021 -0.73415011167526245
      vertex 0 -1.7042933702468872 -0.68924421072006226
    endloop
  endfacet
  facet normal 0.29952157145980624 0.28706639115195431 -0.90987895640092775
    outer loop
      vertex 0.29570668935775757 -1.7282478809356689 -0.63341009616851807
      vertex 0.29570668935775757 -1.8590505123138428 -0.6746782660484314
      vertex 0.15337395668029785 -1.8498673439025879 -0.71863526105880737
    endloop
  endfacet
  facet normal 0.29952106477017926 0.28706697249274232 -0.90987893978418322
    outer loop
      vertex 0.29570668935775757 -1.7282478809356689 -0.63341009616851807
      vertex 0.15337395668029785 -1.8498673439025879 -0.71863526105880737
      vertex 0.15337395668029785 -1.7105425596237183 -0.6746782660484314
    endloop
  endfacet
  facet normal 0.4805102086414646 0.26386856434610445 -0.83635119426067761
    outer loop
      vertex 0.42434310913085938 -1.7561753988265991 -0.56831550598144531
      vertex 0.42434310913085938 -1.8735356330871582 -0.60534262657165527
      vertex 0.29570668935775757 -1.8590505123138428 -0.6746782660484314
    endloop
  endfacet
  facet normal 0.48051031861858862 0.26386841139407902 -0.83635117933164149
    outer loop
      vertex 0.42434310913085938 -1.7561753988265991 -0.56831550598144531
      vertex 0.29570668935775757 -1.8590505123138428 -0.6746782660484314
      vertex 0.29570668935775757 -1.7282478809356689 -0.63341009616851807
    endloop
  endfacet
  facet normal 0.64106412148355407 0.23092170912728763 -0.73192346348525505
    outer loop
      vertex 0.53554099798202515 -1.7929787635803223 -0.48253291845321655
      vertex 0.53554099798202515 -1.8926243782043457 -0.51397109031677246
      vertex 0.42434310913085938 -1.8735356330871582 -0.60534262657165527
    endloop
  endfacet
  facet normal 0.64106415837942354 0.23092164147262681 -0.73192345251458413
    outer loop
      vertex 0.53554099798202515 -1.7929787635803223 -0.48253291845321655
      vertex 0.42434310913085938 -1.8735356330871582 -0.60534262657165527
      vertex 0.42434310913085938 -1.7561753988265991 -0.56831550598144531
    endloop
  endfacet
  facet normal 0.77693400152885972 0.1894286280064533 -0.60040848774808842
    outer loop
      vertex 0.62667101621627808 -1.8375395536422729 -0.37866878509521484
      vertex 0.62667101621627808 -1.9157367944717407 -0.40333998203277588
      vertex 0.53554099798202515 -1.8926243782043457 -0.51397109031677246
    endloop
  endfacet
  facet normal 0.77693395044510949 0.18942876709572781 -0.6004085099682952
    outer loop
      vertex 0.62667101621627808 -1.8375395536422729 -0.37866878509521484
      vertex 0.53554099798202515 -1.8926243782043457 -0.51397109031677246
      vertex 0.53554099798202515 -1.7929787635803223 -0.48253291845321655
    endloop
  endfacet
  facet normal 0.88385491337810118 0.14074011914764617 -0.44608599054408293
    outer loop
      vertex 0.69431829452514648 -1.8881882429122925 -0.26061511039733887
      vertex 0.69431829452514648 -1.9420067071914673 -0.27759483456611633
      vertex 0.62667101621627808 -1.9157367944717407 -0.40333998203277588
    endloop
  endfacet
  facet normal 0.88385495069388398 0.14073993897246478 -0.44608597345347989
    outer loop
      vertex 0.69431829452514648 -1.8881882429122925 -0.26061511039733887
      vertex 0.62667101621627808 -1.9157367944717407 -0.40333998203277588
      vertex 0.62667101621627808 -1.8375395536422729 -0.37866878509521484
    endloop
  endfacet
  facet normal 0.95761521064434763 0.086668673264748045 -0.27470283838560861
    outer loop
      vertex 0.73594790697097778 -1.9430266618728638 -0.13279563188552856
      vertex 0.73594790697097778 -1.970449686050415 -0.14144758880138397
      vertex 0.69431829452514648 -1.9420067071914673 -0.27759483456611633
    endloop
  endfacet
  facet normal 0.95761520533704603 0.086668738191752151 -0.27470283640242432
    outer loop
      vertex 0.73594790697097778 -1.9430266618728638 -0.13279563188552856
      vertex 0.69431829452514648 -1.9420067071914673 -0.27759483456611633
      vertex 0.69431829452514648 -1.8881882429122925 -0.26061511039733887
    endloop
  endfacet
  facet normal 0.99525832619126742 0.029265696979240887 -0.092759814183062714
    outer loop
      vertex 0.75 -2 0
      vertex 0.73594790697097778 -1.970449686050415 -0.14144758880138397
      vertex 0.73594790697097778 -1.9430266618728638 -0.13279563188552856
    endloop
  endfacet
  facet normal -0.9946518127932803 0.049819585147981758 -0.090475301838259775
    outer loop
      vertex -0.73415011167526245 -1.9132224321365356 -0.12646432220935822
      vertex -0.73415011167526245 -1.9395283460617065 -0.14094948768615723
      vertex -0.75 -2 0
    endloop
  endfacet
  facet normal -0.95324456575119321 0.14576626705657819 -0.26472059469223286
    outer loop
      vertex -0.68924421072006226 -1.8326919078826904 -0.24382458627223969
      vertex -0.68924421072006226 -1.8834100961685181 -0.27175214886665344
      vertex -0.73415011167526245 -1.9395283460617065 -0.14094948768615723
    endloop
  endfacet
  facet normal -0.95324458583284533 0.14576643324800198 -0.26472043086721275
    outer loop
      vertex -0.68924421072006226 -1.8326919078826904 -0.24382458627223969
      vertex -0.73415011167526245 -1.9395283460617065 -0.14094948768615723
      vertex -0.73415011167526245 -1.9132224321365356 -0.12646432220935822
    endloop
  endfacet
  facet normal -0.87499389932666793 0.23352214374703714 -0.42409089181554105
    outer loop
      vertex -0.6184116005897522 -1.7599105834960938 -0.34989160299301147
      vertex -0.6184116005897522 -1.8326919078826904 -0.38996803760528564
      vertex -0.68924421072006226 -1.8834100961685181 -0.27175214886665344
    endloop
  endfacet
  facet normal -0.87499391895237688 0.233522200339914 -0.4240908201609257
    outer loop
      vertex -0.6184116005897522 -1.7599105834960938 -0.34989160299301147
      vertex -0.68924421072006226 -1.8834100961685181 -0.27175214886665344
      vertex -0.68924421072006226 -1.8326919078826904 -0.24382458627223969
    endloop
  endfacet
  facet normal -0.76438817962666672 0.31099863318218701 -0.56479249375840879
    outer loop
      vertex -0.52506744861602783 -1.6969958543777466 -0.44157969951629639
      vertex -0.52506744861602783 -1.7888492345809937 -0.49215805530548096
      vertex -0.6184116005897522 -1.8326919078826904 -0.38996803760528564
    endloop
  endfacet
  facet normal -0.76438806397711978 0.31099845724946068 -0.56479274715400352
    outer loop
      vertex -0.52506744861602783 -1.6969958543777466 -0.44157969951629639
      vertex -0.6184116005897522 -1.8326919078826904 -0.38996803760528564
      vertex -0.6184116005897522 -1.7599105834960938 -0.34989160299301147
    endloop
  endfacet
  facet normal -0.62585794671313333 0.37620285697083455 -0.68320805099398729
    outer loop
      vertex -0.4120478630065918 -1.6454353332519531 -0.51672083139419556
      vertex -0.4120478630065918 -1.7529189586639404 -0.57590579986572266
      vertex -0.52506744861602783 -1.7888492345809937 -0.49215805530548096
    endloop
  endfacet
  facet normal -0.62585815594606764 0.3762030752760091 -0.68320773911648647
    outer loop
      vertex -0.4120478630065918 -1.6454353332519531 -0.51672083139419556
      vertex -0.52506744861602783 -1.7888492345809937 -0.49215805530548096
      vertex -0.52506744861602783 -1.6969958543777466 -0.44157969951629639
    endloop
  endfacet
  facet normal -0.4641898536737819 0.42723459582860129 -0.77588554560159495
    outer loop
      vertex -0.28358793258666992 -1.6071610450744629 -0.57249933481216431
      vertex -0.28358793258666992 -1.7262473106384277 -0.6380731463432312
      vertex -0.4120478630065918 -1.7529189586639404 -0.57590579986572266
    endloop
  endfacet
  facet normal -0.46419010015753365 0.42723480689805016 -0.77588528191384365
    outer loop
      vertex -0.28358793258666992 -1.6071610450744629 -0.57249933481216431
      vertex -0.4120478630065918 -1.7529189586639404 -0.57590579986572266
      vertex -0.4120478630065918 -1.6454353332519531 -0.51672083139419556
    endloop
  endfacet
  facet normal -0.28547416357508459 0.46227785524293058 -0.83952587004993573
    outer loop
      vertex -0.14450135827064514 -1.5836074352264404 -0.60682499408721924
      vertex -0.14450135827064514 -1.7098337411880493 -0.67633044719696045
      vertex -0.28358793258666992 -1.7262473106384277 -0.6380731463432312
    endloop
  endfacet
  facet normal -0.28547394417811739 0.4622776789241051 -0.83952604174256029
    outer loop
      vertex -0.14450135827064514 -1.5836074352264404 -0.60682499408721924
      vertex -0.28358793258666992 -1.7262473106384277 -0.6380731463432312
      vertex -0.28358793258666992 -1.6071610450744629 -0.57249933481216431
    endloop
  endfacet
  facet normal -0.096328121339417178 0.48010715467649751 -0.87190481881203996
    outer loop
      vertex 0 -1.5756568908691406 -0.6184116005897522
      vertex 0 -1.7042933702468872 -0.68924421072006226
      vertex -0.14450135827064514 -1.7098337411880493 -0.67633044719696045
    endloop
  endfacet
  facet normal -0.096328030663418412 0.48010707927078122 -0.87190487035145492
    outer loop
      vertex 0 -1.5756568908691406 -0.6184116005897522
      vertex -0.14450135827064514 -1.7098337411880493 -0.67633044719696045
      vertex -0.14450135827064514 -1.5836074352264404 -0.60682499408721924
    endloop
  endfacet
  facet normal 0.10230542631175572 0.47981896301818988 -0.87138244329072811
    outer loop
      vertex 0.15337395668029785 -1.5846245288848877 -0.60534262657165527
      vertex 0.15337395668029785 -1.7105425596237183 -0.6746782660484314
      vertex 0 -1.7042933702468872 -0.68924421072006226
    endloop
  endfacet
  facet normal 0.10230497474437346 0.47981940738729922 -0.87138225161926164
    outer loop
      vertex 0.15337395668029785 -1.5846245288848877 -0.60534262657165527
      vertex 0 -1.7042933702468872 -0.68924421072006226
      vertex 0 -1.5756568908691406 -0.6184116005897522
    endloop
  endfacet
  facet normal 0.29956456386255881 0.46019868822151649 -0.83575010585523124
    outer loop
      vertex 0.29570668935775757 -1.6100319623947144 -0.56831550598144531
      vertex 0.29570668935775757 -1.7282478809356689 -0.63341009616851807
      vertex 0.15337395668029785 -1.7105425596237183 -0.6746782660484314
    endloop
  endfacet
  facet normal 0.29956483998013506 0.46019837499590993 -0.83575017935911911
    outer loop
      vertex 0.29570668935775757 -1.6100319623947144 -0.56831550598144531
      vertex 0.15337395668029785 -1.7105425596237183 -0.6746782660484314
      vertex 0.15337395668029785 -1.5846245288848877 -0.60534262657165527
    endloop
  endfacet
  facet normal 0.4805692134146074 0.42300053405816079 -0.76819514402564182
    outer loop
      vertex 0.42434310913085938 -1.6501083374023438 -0.50991052389144897
      vertex 0.42434310913085938 -1.7561753988265991 -0.56831550598144531
      vertex 0.29570668935775757 -1.7282478809356689 -0.63341009616851807
    endloop
  endfacet
  facet normal 0.48056948900001739 0.42300014579737 -0.76819518541687437
    outer loop
      vertex 0.42434310913085938 -1.6501083374023438 -0.50991052389144897
      vertex 0.29570668935775757 -1.7282478809356689 -0.63341009616851807
      vertex 0.29570668935775757 -1.6100319623947144 -0.56831550598144531
    endloop
  endfacet
  facet normal 0.6411244033867477 0.37017326570244907 -0.67225832292443277
    outer loop
      vertex 0.53554099798202515 -1.7029216289520264 -0.43294373154640198
      vertex 0.53554099798202515 -1.7929787635803223 -0.48253291845321655
      vertex 0.42434310913085938 -1.7561753988265991 -0.56831550598144531
    endloop
  endfacet
  facet normal 0.64112418401460469 0.37017367820005942 -0.67225830499849237
    outer loop
      vertex 0.53554099798202515 -1.7029216289520264 -0.43294373154640198
      vertex 0.42434310913085938 -1.7561753988265991 -0.56831550598144531
      vertex 0.42434310913085938 -1.6501083374023438 -0.50991052389144897
    endloop
  endfacet
  facet normal 0.77698301978076423 0.30364979252451507 -0.551447359656553
    outer loop
      vertex 0.62667101621627808 -1.7668670415878296 -0.33975356817245483
      vertex 0.62667101621627808 -1.8375395536422729 -0.37866878509521484
      vertex 0.53554099798202515 -1.7929787635803223 -0.48253291845321655
    endloop
  endfacet
  facet normal 0.77698303552838988 0.30364974857324972 -0.55144736166971664
    outer loop
      vertex 0.62667101621627808 -1.7668670415878296 -0.33975356817245483
      vertex 0.53554099798202515 -1.7929787635803223 -0.48253291845321655
      vertex 0.53554099798202515 -1.7029216289520264 -0.43294373154640198
    endloop
  endfacet
  facet normal 0.883885810640062 0.22559652804564795 -0.40969754732352243
    outer loop
      vertex 0.69431829452514648 -1.8395485877990723 -0.23383209109306335
      vertex 0.69431829452514648 -1.8881882429122925 -0.26061511039733887
      vertex 0.62667101621627808 -1.8375395536422729 -0.37866878509521484
    endloop
  endfacet
  facet normal 0.8838858227072669 0.22559646904462233 -0.40969755377802386
    outer loop
      vertex 0.69431829452514648 -1.8395485877990723 -0.23383209109306335
      vertex 0.62667101621627808 -1.8375395536422729 -0.37866878509521484
      vertex 0.62667101621627808 -1.7668670415878296 -0.33975356817245483
    endloop
  endfacet
  facet normal 0.95762787314024278 0.13892084791808257 -0.25228922806694737
    outer loop
      vertex 0.73594790697097778 -1.9182424545288086 -0.11914842575788498
      vertex 0.73594790697097778 -1.9430266618728638 -0.13279563188552856
      vertex 0.69431829452514648 -1.8881882429122925 -0.26061511039733887
    endloop
  endfacet
  facet normal 0.95762786541790423 0.13892094130988902 -0.25228920595364851
    outer loop
      vertex 0.73594790697097778 -1.9182424545288086 -0.11914842575788498
      vertex 0.69431829452514648 -1.8881882429122925 -0.26061511039733887
      vertex 0.69431829452514648 -1.8395485877990723 -0.23383209109306335
    endloop
  endfacet
  facet normal 0.99525982756039144 0.046909307663169579 -0.085190331018383691
    outer loop
      vertex 0.75 -2 0
      vertex 0.73594790697097778 -1.9430266618728638 -0.13279563188552856
      vertex 0.73594790697097778 -1.9182424545288086 -0.11914842575788498
    endloop
  endfacet
  facet normal -0.9946529709650016 0.066398861986888533 -0.079099042202429526
    outer loop
      vertex -0.73415011167526245 -1.8904825448989868 -0.10737556219100952
      vertex -0.73415011167526245 -1.9132224321365356 -0.12646432220935822
      vertex -0.75 -2 0
    endloop
  endfacet
  facet normal -0.95325408263076272 0.19427737777175677 -0.23143671798984933
    outer loop
      vertex -0.68924421072006226 -1.7888492345809937 -0.20702126622200012
      vertex -0.68924421072006226 -1.8326919078826904 -0.24382458627223969
      vertex -0.73415011167526245 -1.9132224321365356 -0.12646432220935822
    endloop
  endfacet
  facet normal -0.95325406568055637 0.19427726525674799 -0.23143688225485826
    outer loop
      vertex -0.68924421072006226 -1.7888492345809937 -0.20702126622200012
      vertex -0.73415011167526245 -1.9132224321365356 -0.12646432220935822
      vertex -0.73415011167526245 -1.8904825448989868 -0.10737556219100952
    endloop
  endfacet
  facet normal -0.87501629825072669 0.31124374917648934 -0.37077460322163075
    outer loop
      vertex -0.6184116005897522 -1.6969958543777466 -0.29707834124565125
      vertex -0.6184116005897522 -1.7599105834960938 -0.34989160299301147
      vertex -0.68924421072006226 -1.8326919078826904 -0.24382458627223969
    endloop
  endfacet
  facet normal -0.87501621114993144 0.31124356107171786 -0.37077496667954035
    outer loop
      vertex -0.6184116005897522 -1.6969958543777466 -0.29707834124565125
      vertex -0.68924421072006226 -1.8326919078826904 -0.24382458627223969
      vertex -0.68924421072006226 -1.7888492345809937 -0.20702126622200012
    endloop
  endfacet
  facet normal -0.76442273218251044 0.41451419150179381 -0.49379739931093219
    outer loop
      vertex -0.52506744861602783 -1.6175944805145264 -0.3749268651008606
      vertex -0.52506744861602783 -1.6969958543777466 -0.44157969951629639
      vertex -0.6184116005897522 -1.7599105834960938 -0.34989160299301147
    endloop
  endfacet
  facet normal -0.76442274842958591 0.41451420919536508 -0.49379735930693197
    outer loop
      vertex -0.52506744861602783 -1.6175944805145264 -0.3749268651008606
      vertex -0.6184116005897522 -1.7599105834960938 -0.34989160299301147
      vertex -0.6184116005897522 -1.6969958543777466 -0.29707834124565125
    endloop
  endfacet
  facet normal -0.6258996970418913 0.50143220985087933 -0.59734019466877719
    outer loop
      vertex -0.4120478630065918 -1.5525226593017578 -0.43872606754302979
      vertex -0.4120478630065918 -1.6454353332519531 -0.51672083139419556
      vertex -0.52506744861602783 -1.6969958543777466 -0.44157969951629639
    endloop
  endfacet
  facet normal -0.62589975966401357 0.50143225676546455 -0.59734008967055219
    outer loop
      vertex -0.4120478630065918 -1.5525226593017578 -0.43872606754302979
      vertex -0.52506744861602783 -1.6969958543777466 -0.44157969951629639
      vertex -0.52506744861602783 -1.6175944805145264 -0.3749268651008606
    endloop
  endfacet
  facet normal -0.46422988465811088 0.5694630136698694 -0.67838225968280386
    outer loop
      vertex -0.28358793258666992 -1.5042188167572021 -0.48608523607254028
      vertex -0.28358793258666992 -1.6071610450744629 -0.57249933481216431
      vertex -0.4120478630065918 -1.6454353332519531 -0.51672083139419556
    endloop
  endfacet
  facet normal -0.46422945231171292 0.56946273526374125 -0.67838278925124973
    outer loop
      vertex -0.28358793258666992 -1.5042188167572021 -0.48608523607254028
      vertex -0.4120478630065918 -1.6454353332519531 -0.51672083139419556
      vertex -0.4120478630065918 -1.5525226593017578 -0.43872606754302979
    endloop
  endfacet
  facet normal -0.28550252062181536 0.61618084019339903 -0.73403643158711618
    outer loop
      vertex -0.14450135827064514 -1.4744929075241089 -0.51522970199584961
      vertex -0.14450135827064514 -1.5836074352264404 -0.60682499408721924
      vertex -0.28358793258666992 -1.6071610450744629 -0.57249933481216431
    endloop
  endfacet
  facet normal -0.28550298274043484 0.61618113885453352 -0.73403600113771339
    outer loop
      vertex -0.14450135827064514 -1.4744929075241089 -0.51522970199584961
      vertex -0.28358793258666992 -1.6071610450744629 -0.57249933481216431
      vertex -0.28358793258666992 -1.5042188167572021 -0.48608523607254028
    endloop
  endfacet
  facet normal -0.096338472136924924 0.63995061265876574 -0.76235301018884527
    outer loop
      vertex 0 -1.4644589424133301 -0.52506744861602783
      vertex 0 -1.5756568908691406 -0.6184116005897522
      vertex -0.14450135827064514 -1.5836074352264404 -0.60682499408721924
    endloop
  endfacet
  facet normal -0.096338733716455183 0.63995079955933387 -0.76235282024091655
    outer loop
      vertex 0 -1.4644589424133301 -0.52506744861602783
      vertex -0.14450135827064514 -1.5836074352264404 -0.60682499408721924
      vertex -0.14450135827064514 -1.4744929075241089 -0.51522970199584961
    endloop
  endfacet
  facet normal 0.10231595622242685 0.63956759231247395 -0.76189549149861491
    outer loop
      vertex 0.15337395668029785 -1.4757766723632812 -0.51397109031677246
      vertex 0.15337395668029785 -1.5846245288848877 -0.60534262657165527
      vertex 0 -1.5756568908691406 -0.6184116005897522
    endloop
  endfacet
  facet normal 0.1023166942757293 0.63956693356320393 -0.76189594536593208
    outer loop
      vertex 0.15337395668029785 -1.4757766723632812 -0.51397109031677246
      vertex 0 -1.5756568908691406 -0.6184116005897522
      vertex 0 -1.4644589424133301 -0.52506744861602783
    endloop
  endfacet
  facet normal 0.29959468881343759 0.61340894819282954 -0.73073420934820499
    outer loop
      vertex 0.29570668935775757 -1.507841944694519 -0.48253291845321655
      vertex 0.29570668935775757 -1.6100319623947144 -0.56831550598144531
      vertex 0.15337395668029785 -1.5846245288848877 -0.60534262657165527
    endloop
  endfacet
  facet normal 0.29959432849208506 0.61340933417372456 -0.73073403306806806
    outer loop
      vertex 0.29570668935775757 -1.507841944694519 -0.48253291845321655
      vertex 0.15337395668029785 -1.5846245288848877 -0.60534262657165527
      vertex 0.15337395668029785 -1.4757766723632812 -0.51397109031677246
    endloop
  endfacet
  facet normal 0.48060975020039753 0.5638176318896605 -0.67165761067871976
    outer loop
      vertex 0.42434310913085938 -1.5584203004837036 -0.43294373154640198
      vertex 0.42434310913085938 -1.6501083374023438 -0.50991052389144897
      vertex 0.29570668935775757 -1.6100319623947144 -0.56831550598144531
    endloop
  endfacet
  facet normal 0.48060978425732687 0.56381758541459648 -0.67165762532214279
    outer loop
      vertex 0.42434310913085938 -1.5584203004837036 -0.43294373154640198
      vertex 0.29570668935775757 -1.6100319623947144 -0.56831550598144531
      vertex 0.29570668935775757 -1.507841944694519 -0.48253291845321655
    endloop
  endfacet
  facet normal 0.64116541614210665 0.49339487277234489 -0.58776560690914936
    outer loop
      vertex 0.53554099798202515 -1.6250730752944946 -0.36759442090988159
      vertex 0.53554099798202515 -1.7029216289520264 -0.43294373154640198
      vertex 0.42434310913085938 -1.6501083374023438 -0.50991052389144897
    endloop
  endfacet
  facet normal 0.64116528832666864 0.493395108449183 -0.58776554849990903
    outer loop
      vertex 0.53554099798202515 -1.6250730752944946 -0.36759442090988159
      vertex 0.42434310913085938 -1.6501083374023438 -0.50991052389144897
      vertex 0.42434310913085938 -1.5584203004837036 -0.43294373154640198
    endloop
  endfacet
  facet normal 0.77701663175132296 0.40471882211214089 -0.48212843621797519
    outer loop
      vertex 0.62667101621627808 -1.705775260925293 -0.2884705662727356
      vertex 0.62667101621627808 -1.7668670415878296 -0.33975356817245483
      vertex 0.53554099798202515 -1.7029216289520264 -0.43294373154640198
    endloop
  endfacet
  facet normal 0.77701668605152752 0.40471867356388541 -0.48212847340329384
    outer loop
      vertex 0.62667101621627808 -1.705775260925293 -0.2884705662727356
      vertex 0.53554099798202515 -1.7029216289520264 -0.43294373154640198
      vertex 0.53554099798202515 -1.6250730752944946 -0.36759442090988159
    endloop
  endfacet
  facet normal 0.88390694796692126 0.30067983206095505 -0.35819009747283415
    outer loop
      vertex 0.69431829452514648 -1.7975027561187744 -0.19853705167770386
      vertex 0.69431829452514648 -1.8395485877990723 -0.23383209109306335
      vertex 0.62667101621627808 -1.7668670415878296 -0.33975356817245483
    endloop
  endfacet
  facet normal 0.8839069558833722 0.30067979458678812 -0.35819010939476992
    outer loop
      vertex 0.69431829452514648 -1.7975027561187744 -0.19853705167770386
      vertex 0.62667101621627808 -1.7668670415878296 -0.33975356817245483
      vertex 0.62667101621627808 -1.705775260925293 -0.2884705662727356
    endloop
  endfacet
  facet normal 0.95763652424976053 0.18515423941583495 -0.22056789215382558
    outer loop
      vertex 0.73594790697097778 -1.8968181610107422 -0.10116394609212875
      vertex 0.73594790697097778 -1.9182424545288086 -0.11914842575788498
      vertex 0.69431829452514648 -1.8395485877990723 -0.23383209109306335
    endloop
  endfacet
  facet normal 0.95763654159860723 0.18515404134432711 -0.22056798310027306
    outer loop
      vertex 0.73594790697097778 -1.8968181610107422 -0.10116394609212875
      vertex 0.69431829452514648 -1.8395485877990723 -0.23383209109306335
      vertex 0.69431829452514648 -1.7975027561187744 -0.19853705167770386
    endloop
  endfacet
  facet normal 0.99526085435299549 0.06252039415524005 -0.074478400272958004
    outer loop
      vertex 0.75 -2 0
      vertex 0.73594790697097778 -1.9182424545288086 -0.11914842575788498
      vertex 0.73594790697097778 -1.8968181610107422 -0.10116394609212875
    endloop
  endfacet
  facet normal -0.99465297050238333 0.080394943562764332 -0.064823771259662974
    outer loop
      vertex -0.73415011167526245 -1.8718466758728027 -0.084263212978839874
      vertex -0.73415011167526245 -1.8904825448989868 -0.10737556219100952
      vertex -0.75 -2 0
    endloop
  endfacet
  facet normal -0.95325406725547601 0.23522826674392872 -0.1896690427706629
    outer loop
      vertex -0.68924421072006226 -1.7529189586639404 -0.16246040165424347
      vertex -0.68924421072006226 -1.7888492345809937 -0.20702126622200012
      vertex -0.73415011167526245 -1.8904825448989868 -0.10737556219100952
    endloop
  endfacet
  facet normal -0.95325410887302398 0.23522846011966805 -0.18966859377985254
    outer loop
      vertex -0.68924421072006226 -1.7529189586639404 -0.16246040165424347
      vertex -0.73415011167526245 -1.8904825448989868 -0.10737556219100952
      vertex -0.73415011167526245 -1.8718466758728027 -0.084263212978839874
    endloop
  endfacet
  facet normal -0.87501621067711099 0.37684892753377142 -0.30386101571099211
    outer loop
      vertex -0.6184116005897522 -1.6454353332519531 -0.23313289880752563
      vertex -0.6184116005897522 -1.6969958543777466 -0.29707834124565125
      vertex -0.68924421072006226 -1.7888492345809937 -0.20702126622200012
    endloop
  endfacet
  facet normal -0.87501630583279888 0.37684905268114038 -0.30386058648671238
    outer loop
      vertex -0.6184116005897522 -1.6454353332519531 -0.23313289880752563
      vertex -0.68924421072006226 -1.7888492345809937 -0.20702126622200012
      vertex -0.68924421072006226 -1.7529189586639404 -0.16246040165424347
    endloop
  endfacet
  facet normal -0.76442275132235005 0.50188691701165677 -0.40468182538051156
    outer loop
      vertex -0.52506744861602783 -1.5525226593017578 -0.29422470927238464
      vertex -0.52506744861602783 -1.6175944805145264 -0.3749268651008606
      vertex -0.6184116005897522 -1.6969958543777466 -0.29707834124565125
    endloop
  endfacet
  facet normal -0.7644227885075624 0.50188693910834015 -0.40468172773524597
    outer loop
      vertex -0.52506744861602783 -1.5525226593017578 -0.29422470927238464
      vertex -0.6184116005897522 -1.6969958543777466 -0.29707834124565125
      vertex -0.6184116005897522 -1.6454353332519531 -0.23313289880752563
    endloop
  endfacet
  facet normal -0.62589976251019996 0.60712601534424759 -0.48953803609310231
    outer loop
      vertex -0.4120478630065918 -1.4763779640197754 -0.34429126977920532
      vertex -0.4120478630065918 -1.5525226593017578 -0.43872606754302979
      vertex -0.52506744861602783 -1.6175944805145264 -0.3749268651008606
    endloop
  endfacet
  facet normal -0.62589964191245306 0.60712596564751942 -0.48953825191748818
    outer loop
      vertex -0.4120478630065918 -1.4763779640197754 -0.34429126977920532
      vertex -0.52506744861602783 -1.6175944805145264 -0.3749268651008606
      vertex -0.52506744861602783 -1.5525226593017578 -0.29422470927238464
    endloop
  endfacet
  facet normal -0.46422945469498517 0.68949627099923494 -0.55595494931850908
    outer loop
      vertex -0.28358793258666992 -1.4198545217514038 -0.38145649433135986
      vertex -0.28358793258666992 -1.5042188167572021 -0.48608523607254028
      vertex -0.4120478630065918 -1.5525226593017578 -0.43872606754302979
    endloop
  endfacet
  facet normal -0.46422951745983493 0.68949629584681005 -0.55595486609304645
    outer loop
      vertex -0.28358793258666992 -1.4198545217514038 -0.38145649433135986
      vertex -0.4120478630065918 -1.5525226593017578 -0.43872606754302979
      vertex -0.4120478630065918 -1.4763779640197754 -0.34429126977920532
    endloop
  endfacet
  facet normal -0.28550305595760467 0.74606151171647828 -0.60156481427539599
    outer loop
      vertex -0.14450135827064514 -1.3850703239440918 -0.40432769060134888
      vertex -0.14450135827064514 -1.4744929075241089 -0.51522970199584961
      vertex -0.28358793258666992 -1.5042188167572021 -0.48608523607254028
    endloop
  endfacet
  facet normal -0.28550316564490025 0.74606156159272075 -0.60156470036112641
    outer loop
      vertex -0.14450135827064514 -1.3850703239440918 -0.40432769060134888
      vertex -0.28358793258666992 -1.5042188167572021 -0.48608523607254028
      vertex -0.28358793258666992 -1.4198545217514038 -0.38145649433135986
    endloop
  endfacet
  facet normal -0.096338720097293801 0.77484194389160843 -0.62477100844732614
    outer loop
      vertex 0 -1.3733289241790771 -0.4120478630065918
      vertex 0 -1.4644589424133301 -0.52506744861602783
      vertex -0.14450135827064514 -1.4744929075241089 -0.51522970199584961
    endloop
  endfacet
  facet normal -0.096338671707363016 0.77484191673454816 -0.62477104958920127
    outer loop
      vertex 0 -1.3733289241790771 -0.4120478630065918
      vertex -0.14450135827064514 -1.4744929075241089 -0.51522970199584961
      vertex -0.14450135827064514 -1.3850703239440918 -0.40432769060134888
    endloop
  endfacet
  facet normal 0.10231672837969644 0.77437722825445432 -0.62439666515334979
    outer loop
      vertex 0.15337395668029785 -1.3865724802017212 -0.40333998203277588
      vertex 0.15337395668029785 -1.4757766723632812 -0.51397109031677246
      vertex 0 -1.4644589424133301 -0.52506744861602783
    endloop
  endfacet
  facet normal 0.1023164639683463 0.7743774285052073 -0.62439646012984151
    outer loop
      vertex 0.15337395668029785 -1.3865724802017212 -0.40333998203277588
      vertex 0 -1.4644589424133301 -0.52506744861602783
      vertex 0 -1.3733289241790771 -0.4120478630065918
    endloop
  endfacet
  facet normal 0.29959431103365314 0.74270565719942827 -0.59885854386510673
    outer loop
      vertex 0.29570668935775757 -1.4240942001342773 -0.37866878509521484
      vertex 0.29570668935775757 -1.507841944694519 -0.48253291845321655
      vertex 0.15337395668029785 -1.4757766723632812 -0.51397109031677246
    endloop
  endfacet
  facet normal 0.29959476826044257 0.74270521968660586 -0.59885885772963421
    outer loop
      vertex 0.29570668935775757 -1.4240942001342773 -0.37866878509521484
      vertex 0.15337395668029785 -1.4757766723632812 -0.51397109031677246
      vertex 0.15337395668029785 -1.3865724802017212 -0.40333998203277588
    endloop
  endfacet
  facet normal 0.48060980151227656 0.68266084201694632 -0.5504438149957217
    outer loop
      vertex 0.42434310913085938 -1.4832791090011597 -0.33975356817245483
      vertex 0.42434310913085938 -1.5584203004837036 -0.43294373154640198
      vertex 0.29570668935775757 -1.507841944694519 -0.48253291845321655
    endloop
  endfacet
  facet normal 0.48060943863356093 0.68266129787219265 -0.55044356648414638
    outer loop
      vertex 0.42434310913085938 -1.4832791090011597 -0.33975356817245483
      vertex 0.29570668935775757 -1.507841944694519 -0.48253291845321655
      vertex 0.29570668935775757 -1.4240942001342773 -0.37866878509521484
    endloop
  endfacet
  facet normal 0.64116523748120791 0.59739481862818855 -0.48169136272291624
    outer loop
      vertex 0.53554099798202515 -1.5612739324569702 -0.2884705662727356
      vertex 0.53554099798202515 -1.6250730752944946 -0.36759442090988159
      vertex 0.42434310913085938 -1.5584203004837036 -0.43294373154640198
    endloop
  endfacet
  facet normal 0.64116553943407717 0.59739429887939277 -0.48169160539561817
    outer loop
      vertex 0.53554099798202515 -1.5612739324569702 -0.2884705662727356
      vertex 0.42434310913085938 -1.5584203004837036 -0.43294373154640198
      vertex 0.42434310913085938 -1.4832791090011597 -0.33975356817245483
    endloop
  endfacet
  facet normal 0.77701667678584141 0.49002723953822913 -0.39511819561648898
    outer loop
      vertex 0.62667101621627808 -1.6557087898254395 -0.22637791931629181
      vertex 0.62667101621627808 -1.705775260925293 -0.2884705662727356
      vertex 0.53554099798202515 -1.6250730752944946 -0.36759442090988159
    endloop
  endfacet
  facet normal 0.77701684431250873 0.49002681192845832 -0.39511839649130742
    outer loop
      vertex 0.62667101621627808 -1.6557087898254395 -0.22637791931629181
      vertex 0.53554099798202515 -1.6250730752944946 -0.36759442090988159
      vertex 0.53554099798202515 -1.5612739324569702 -0.2884705662727356
    endloop
  endfacet
  facet normal 0.88390699497043868 0.36405768946472555 -0.29354799093833767
    outer loop
      vertex 0.69431829452514648 -1.7630448341369629 -0.1558023989200592
      vertex 0.69431829452514648 -1.7975027561187744 -0.19853705167770386
      vertex 0.62667101621627808 -1.705775260925293 -0.2884705662727356
    endloop
  endfacet
  facet normal 0.88390675486964176 0.36405873506999004 -0.29354741714935584
    outer loop
      vertex 0.69431829452514648 -1.7630448341369629 -0.1558023989200592
      vertex 0.62667101621627808 -1.705775260925293 -0.2884705662727356
      vertex 0.62667101621627808 -1.6557087898254395 -0.22637791931629181
    endloop
  endfacet
  facet normal 0.95763653533904769 0.22418156860072355 -0.18076197189548557
    outer loop
      vertex 0.73594790697097778 -1.8792603015899658 -0.079388633370399475
      vertex 0.73594790697097778 -1.8968181610107422 -0.10116394609212875
      vertex 0.69431829452514648 -1.7975027561187744 -0.19853705167770386
    endloop
  endfacet
  facet normal 0.95763658180050892 0.22418109501434558 -0.18076231309541951
    outer loop
      vertex 0.73594790697097778 -1.8792603015899658 -0.079388633370399475
      vertex 0.69431829452514648 -1.7975027561187744 -0.19853705167770386
      vertex 0.69431829452514648 -1.7630448341369629 -0.1558023989200592
    endloop
  endfacet
  facet normal 0.99526085274622411 0.075698640444709364 -0.061037290451668551
    outer loop
      vertex 0.75 -2 0
      vertex 0.73594790697097778 -1.8968181610107422 -0.10116394609212875
      vertex 0.73594790697097778 -1.8792603015899658 -0.079388633370399475
    endloop
  endfacet
  facet normal -0.99465296757742616 0.091378078715979569 -0.048119858890020593
    outer loop
      vertex -0.73415011167526245 -1.8580129146575928 -0.057993341237306595
      vertex -0.73415011167526245 -1.8718466758728027 -0.084263212978839874
      vertex -0.75 -2 0
    endloop
  endfacet
  facet normal -0.95325408651255561 0.26736412422509553 -0.14079443037443115
    outer loop
      vertex -0.68924421072006226 -1.7262473106384277 -0.1118117943406105
      vertex -0.68924421072006226 -1.7529189586639404 -0.16246040165424347
      vertex -0.73415011167526245 -1.8718466758728027 -0.084263212978839874
    endloop
  endfacet
  facet normal -0.95325408703591141 0.26736412552344729 -0.14079442436550377
    outer loop
      vertex -0.68924421072006226 -1.7262473106384277 -0.1118117943406105
      vertex -0.73415011167526245 -1.8718466758728027 -0.084263212978839874
      vertex -0.73415011167526245 -1.8580129146575928 -0.057993341237306595
    endloop
  endfacet
  facet normal -0.87501630469605507 0.42833234425160666 -0.22556123200582068
    outer loop
      vertex -0.6184116005897522 -1.6071610450744629 -0.16045145690441132
      vertex -0.6184116005897522 -1.6454353332519531 -0.23313289880752563
      vertex -0.68924421072006226 -1.7529189586639404 -0.16246040165424347
    endloop
  endfacet
  facet normal -0.87501643657990369 0.42833239983569504 -0.22556061483778983
    outer loop
      vertex -0.6184116005897522 -1.6071610450744629 -0.16045145690441132
      vertex -0.68924421072006226 -1.7529189586639404 -0.16246040165424347
      vertex -0.68924421072006226 -1.7262473106384277 -0.1118117943406105
    endloop
  endfacet
  facet normal -0.7644227893054979 0.5704529802995506 -0.30040172512447899
    outer loop
      vertex -0.52506744861602783 -1.5042188167572021 -0.20249730348587036
      vertex -0.52506744861602783 -1.5525226593017578 -0.29422470927238464
      vertex -0.6184116005897522 -1.6454353332519531 -0.23313289880752563
    endloop
  endfacet
  facet normal -0.76442253130316196 0.57045296038988746 -0.30040241946176122
    outer loop
      vertex -0.52506744861602783 -1.5042188167572021 -0.20249730348587036
      vertex -0.6184116005897522 -1.6454353332519531 -0.23313289880752563
      vertex -0.6184116005897522 -1.6071610450744629 -0.16045145690441132
    endloop
  endfacet
  facet normal -0.62589964366060169 0.69006946376813305 -0.36339203519104935
    outer loop
      vertex -0.4120478630065918 -1.4198545217514038 -0.23695512115955353
      vertex -0.4120478630065918 -1.4763779640197754 -0.34429126977920532
      vertex -0.52506744861602783 -1.5525226593017578 -0.29422470927238464
    endloop
  endfacet
  facet normal -0.62589965504156908 0.6900694644460057 -0.36339201430142609
    outer loop
      vertex -0.4120478630065918 -1.4198545217514038 -0.23695512115955353
      vertex -0.52506744861602783 -1.5525226593017578 -0.29422470927238464
      vertex -0.52506744861602783 -1.5042188167572021 -0.20249730348587036
    endloop
  endfacet
  facet normal -0.46422952208165763 0.78369260055779288 -0.4126946312454276
    outer loop
      vertex -0.28358793258666992 -1.357229471206665 -0.26253372430801392
      vertex -0.28358793258666992 -1.4198545217514038 -0.38145649433135986
      vertex -0.4120478630065918 -1.4763779640197754 -0.34429126977920532
    endloop
  endfacet
  facet normal -0.46422983624809688 0.78369264233879798 -0.41269419850671296
    outer loop
      vertex -0.28358793258666992 -1.357229471206665 -0.26253372430801392
      vertex -0.4120478630065918 -1.4763779640197754 -0.34429126977920532
      vertex -0.4120478630065918 -1.4198545217514038 -0.23695512115955353
    endloop
  endfacet
  facet normal -0.28550322181610943 0.84798595675947741 -0.44655092371568911
    outer loop
      vertex -0.14450135827064514 -1.3186905384063721 -0.27827459573745728
      vertex -0.14450135827064514 -1.3850703239440918 -0.40432769060134888
      vertex -0.28358793258666992 -1.4198545217514038 -0.38145649433135986
    endloop
  endfacet
  facet normal -0.28550260559321616 0.84798580510679977 -0.4465516056816467
    outer loop
      vertex -0.14450135827064514 -1.3186905384063721 -0.27827459573745728
      vertex -0.28358793258666992 -1.4198545217514038 -0.38145649433135986
      vertex -0.28358793258666992 -1.357229471206665 -0.26253372430801392
    endloop
  endfacet
  facet normal -0.096338688087707611 0.88069831947416488 -0.46377723882584121
    outer loop
      vertex 0 -1.3056817054748535 -0.28358793258666992
      vertex 0 -1.3733289241790771 -0.4120478630065918
      vertex -0.14450135827064514 -1.3850703239440918 -0.40432769060134888
    endloop
  endfacet
  facet normal -0.096338623795277356 0.88069829460019566 -0.46377729941593648
    outer loop
      vertex 0 -1.3056817054748535 -0.28358793258666992
      vertex -0.14450135827064514 -1.3850703239440918 -0.40432769060134888
      vertex -0.14450135827064514 -1.3186905384063721 -0.27827459573745728
    endloop
  endfacet
  facet normal 0.10231646846952938 0.88017019163564669 -0.46349948655418455
    outer loop
      vertex 0.15337395668029785 -1.3203548192977905 -0.27759483456611633
      vertex 0.15337395668029785 -1.3865724802017212 -0.40333998203277588
      vertex 0 -1.3733289241790771 -0.4120478630065918
    endloop
  endfacet
  facet normal 0.10231617264211028 0.88017036728638354 -0.46349921830227814
    outer loop
      vertex 0.15337395668029785 -1.3203548192977905 -0.27759483456611633
      vertex 0 -1.3733289241790771 -0.4120478630065918
      vertex 0 -1.3056817054748535 -0.28358793258666992
    endloop
  endfacet
  facet normal 0.29959480481620626 0.84417130385593198 -0.44454219448024851
    outer loop
      vertex 0.29570668935775757 -1.3619269132614136 -0.26061511039733887
      vertex 0.29570668935775757 -1.4240942001342773 -0.37866878509521484
      vertex 0.15337395668029785 -1.3865724802017212 -0.40333998203277588
    endloop
  endfacet
  facet normal 0.29959496193539176 0.84417117710821465 -0.4445423292810961
    outer loop
      vertex 0.29570668935775757 -1.3619269132614136 -0.26061511039733887
      vertex 0.15337395668029785 -1.3865724802017212 -0.40333998203277588
      vertex 0.15337395668029785 -1.3203548192977905 -0.27759483456611633
    endloop
  endfacet
  facet normal 0.48060937625268718 0.77592426201660292 -0.40860270076443866
    outer loop
      vertex 0.42434310913085938 -1.4275007247924805 -0.23383209109306335
      vertex 0.42434310913085938 -1.4832791090011597 -0.33975356817245483
      vertex 0.29570668935775757 -1.4240942001342773 -0.37866878509521484
    endloop
  endfacet
  facet normal 0.48060969310195573 0.77592391324916643 -0.40860299037640946
    outer loop
      vertex 0.42434310913085938 -1.4275007247924805 -0.23383209109306335
      vertex 0.29570668935775757 -1.4240942001342773 -0.37866878509521484
      vertex 0.29570668935775757 -1.3619269132614136 -0.26061511039733887
    endloop
  endfacet
  facet normal 0.64116559890739511 0.67900820231355941 -0.35756752644588635
    outer loop
      vertex 0.53554099798202515 -1.5139147043228149 -0.19853705167770386
      vertex 0.53554099798202515 -1.5612739324569702 -0.2884705662727356
      vertex 0.42434310913085938 -1.4832791090011597 -0.33975356817245483
    endloop
  endfacet
  facet normal 0.64116510845486108 0.67900895476435852 -0.3575669770125306
    outer loop
      vertex 0.53554099798202515 -1.5139147043228149 -0.19853705167770386
      vertex 0.42434310913085938 -1.4832791090011597 -0.33975356817245483
      vertex 0.42434310913085938 -1.4275007247924805 -0.23383209109306335
    endloop
  endfacet
  facet normal 0.77701687003646169 0.55697216545178252 -0.29330323999351382
    outer loop
      vertex 0.62667101621627808 -1.6185435056686401 -0.1558023989200592
      vertex 0.62667101621627808 -1.6557087898254395 -0.22637791931629181
      vertex 0.53554099798202515 -1.5612739324569702 -0.2884705662727356
    endloop
  endfacet
  facet normal 0.77701679489046527 0.55697233630715892 -0.29330311462153624
    outer loop
      vertex 0.62667101621627808 -1.6185435056686401 -0.1558023989200592
      vertex 0.53554099798202515 -1.5612739324569702 -0.2884705662727356
      vertex 0.53554099798202515 -1.5139147043228149 -0.19853705167770386
    endloop
  endfacet
  facet normal 0.88390668940971451 0.41379527323919352 -0.2179046494723314
    outer loop
      vertex 0.69431829452514648 -1.7374663352966309 -0.10722949355840683
      vertex 0.69431829452514648 -1.7630448341369629 -0.1558023989200592
      vertex 0.62667101621627808 -1.6557087898254395 -0.22637791931629181
    endloop
  endfacet
  facet normal 0.88390692105443025 0.41379439001851603 -0.21790538704052584
    outer loop
      vertex 0.69431829452514648 -1.7374663352966309 -0.10722949355840683
      vertex 0.62667101621627808 -1.6557087898254395 -0.22637791931629181
      vertex 0.62667101621627808 -1.6185435056686401 -0.1558023989200592
    endloop
  endfacet
  facet normal 0.95763660205796264 0.25480808977287378 -0.13418262102514789
    outer loop
      vertex 0.73594790697097778 -1.8662267923355103 -0.054638456553220749
      vertex 0.73594790697097778 -1.8792603015899658 -0.079388633370399475
      vertex 0.69431829452514648 -1.7630448341369629 -0.1558023989200592
    endloop
  endfacet
  facet normal 0.95763655495934696 0.25480849421808943 -0.134182189130686
    outer loop
      vertex 0.73594790697097778 -1.8662267923355103 -0.054638456553220749
      vertex 0.69431829452514648 -1.7630448341369629 -0.1558023989200592
      vertex 0.69431829452514648 -1.7374663352966309 -0.10722949355840683
    endloop
  endfacet
  facet normal 0.99526085225315819 0.086040266163937035 -0.045309034096481363
    outer loop
      vertex 0.75 -2 0
      vertex 0.73594790697097778 -1.8792603015899658 -0.079388633370399475
      vertex 0.73594790697097778 -1.8662267923355103 -0.054638456553220749
    endloop
  endfacet
  facet normal -0.99465296730859676 0.098937177696624842 -0.029612657659009962
    outer loop
      vertex -0.73415011167526245 -1.8494997024536133 -0.029550328850746155
      vertex -0.73415011167526245 -1.8580129146575928 -0.057993341237306595
      vertex -0.75 -2 0
    endloop
  endfacet
  facet normal -0.95325408716081228 0.28948136347874348 -0.08664401600626552
    outer loop
      vertex -0.68924421072006226 -1.7098337411880493 -0.056973356753587723
      vertex -0.68924421072006226 -1.7262473106384277 -0.1118117943406105
      vertex -0.73415011167526245 -1.8580129146575928 -0.057993341237306595
    endloop
  endfacet
  facet normal -0.95325408878044793 0.28948136383864193 -0.086643996984658744
    outer loop
      vertex -0.68924421072006226 -1.7098337411880493 -0.056973356753587723
      vertex -0.73415011167526245 -1.8580129146575928 -0.057993341237306595
      vertex -0.73415011167526245 -1.8494997024536133 -0.029550328850746155
    endloop
  endfacet
  facet normal -0.87501642572693417 0.4637656281286594 -0.13880812971325146
    outer loop
      vertex -0.6184116005897522 -1.5836074352264404 -0.081757545471191406
      vertex -0.6184116005897522 -1.6071610450744629 -0.16045145690441132
      vertex -0.68924421072006226 -1.7262473106384277 -0.1118117943406105
    endloop
  endfacet
  facet normal -0.87501631137772184 0.46376568393711159 -0.13880866408574299
    outer loop
      vertex -0.6184116005897522 -1.5836074352264404 -0.081757545471191406
      vertex -0.68924421072006226 -1.7262473106384277 -0.1118117943406105
      vertex -0.68924421072006226 -1.7098337411880493 -0.056973356753587723
    endloop
  endfacet
  facet normal -0.7644225589433874 0.61764300689717788 -0.18486553872870934
    outer loop
      vertex -0.52506744861602783 -1.4744929075241089 -0.1031818762421608
      vertex -0.52506744861602783 -1.5042188167572021 -0.20249730348587036
      vertex -0.6184116005897522 -1.6071610450744629 -0.16045145690441132
    endloop
  endfacet
  facet normal -0.7644229110985179 0.61764285096685212 -0.18486460352703132
    outer loop
      vertex -0.52506744861602783 -1.4744929075241089 -0.1031818762421608
      vertex -0.6184116005897522 -1.6071610450744629 -0.16045145690441132
      vertex -0.6184116005897522 -1.5836074352264404 -0.081757545471191406
    endloop
  endfacet
  facet normal -0.62589967889878007 0.7471542854585751 -0.22362930415151383
    outer loop
      vertex -0.4120478630065918 -1.3850703239440918 -0.12073975056409836
      vertex -0.4120478630065918 -1.4198545217514038 -0.23695512115955353
      vertex -0.52506744861602783 -1.5042188167572021 -0.20249730348587036
    endloop
  endfacet
  facet normal -0.62589967547299141 0.74715428646984683 -0.22362931036100389
    outer loop
      vertex -0.4120478630065918 -1.3850703239440918 -0.12073975056409836
      vertex -0.52506744861602783 -1.5042188167572021 -0.20249730348587036
      vertex -0.52506744861602783 -1.4744929075241089 -0.1031818762421608
    endloop
  endfacet
  facet normal -0.4642298510126775 0.84852251368523857 -0.25396887446699407
    outer loop
      vertex -0.28358793258666992 -1.3186905384063721 -0.13377325236797333
      vertex -0.28358793258666992 -1.357229471206665 -0.26253372430801392
      vertex -0.4120478630065918 -1.4198545217514038 -0.23695512115955353
    endloop
  endfacet
  facet normal -0.46422928399477614 0.84852259016840359 -0.25396965538347421
    outer loop
      vertex -0.28358793258666992 -1.3186905384063721 -0.13377325236797333
      vertex -0.4120478630065918 -1.4198545217514038 -0.23695512115955353
      vertex -0.4120478630065918 -1.3850703239440918 -0.12073975056409836
    endloop
  endfacet
  facet normal 0.48060970170612904 0.84011089887636681 -0.25145176916277306
    outer loop
      vertex 0.42434310913085938 -1.3931750059127808 -0.11914842575788498
      vertex 0.42434310913085938 -1.4275007247924805 -0.23383209109306335
      vertex 0.29570668935775757 -1.3619269132614136 -0.26061511039733887
    endloop
  endfacet
  facet normal 0.48060965337810657 0.84011094256527397 -0.25145171556754803
    outer loop
      vertex 0.42434310913085938 -1.3931750059127808 -0.11914842575788498
      vertex 0.29570668935775757 -1.3619269132614136 -0.26061511039733887
      vertex 0.29570668935775757 -1.3236695528030396 -0.13279563188552856
    endloop
  endfacet
  facet normal 0.64116502282269494 0.73517896533027827 -0.22004386481943675
    outer loop
      vertex 0.53554099798202515 -1.4847702980041504 -0.10116394609212875
      vertex 0.53554099798202515 -1.5139147043228149 -0.19853705167770386
      vertex 0.42434310913085938 -1.4275007247924805 -0.23383209109306335
    endloop
  endfacet
  facet normal 0.64116555915786011 0.73517827366525035 -0.22004461293194741
    outer loop
      vertex 0.53554099798202515 -1.4847702980041504 -0.10116394609212875
      vertex 0.42434310913085938 -1.4275007247924805 -0.23383209109306335
      vertex 0.42434310913085938 -1.3931750059127808 -0.11914842575788498
    endloop
  endfacet
  facet normal 0.77701683527067222 0.60304703716689234 -0.18049683839386718
    outer loop
      vertex 0.62667101621627808 -1.5956722497940063 -0.079388633370399475
      vertex 0.62667101621627808 -1.6185435056686401 -0.1558023989200592
      vertex 0.53554099798202515 -1.5139147043228149 -0.19853705167770386
    endloop
  endfacet
  facet normal 0.77701648674478829 0.60304770271177333 -0.18049611514057312
    outer loop
      vertex 0.62667101621627808 -1.5956722497940063 -0.079388633370399475
      vertex 0.53554099798202515 -1.5139147043228149 -0.19853705167770386
      vertex 0.53554099798202515 -1.4847702980041504 -0.10116394609212875
    endloop
  endfacet
  facet normal 0.88390697736552482 0.44802475258098701 -0.13409801057169687
    outer loop
      vertex 0.69431829452514648 -1.7217253446578979 -0.054638456553220749
      vertex 0.69431829452514648 -1.7374663352966309 -0.10722949355840683
      vertex 0.62667101621627808 -1.6185435056686401 -0.1558023989200592
    endloop
  endfacet
  facet normal 0.88390685404844305 0.44802513830863733 -0.13409753468916266
    outer loop
      vertex 0.69431829452514648 -1.7217253446578979 -0.054638456553220749
      vertex 0.62667101621627808 -1.6185435056686401 -0.1558023989200592
      vertex 0.62667101621627808 -1.5956722497940063 -0.079388633370399475
    endloop
  endfacet
  facet normal 0.95763655215067367 0.27588682795759223 -0.082575372505777914
    outer loop
      vertex 0.73594790697097778 -1.858206033706665 -0.027840858325362206
      vertex 0.73594790697097778 -1.8662267923355103 -0.054638456553220749
      vertex 0.69431829452514648 -1.7374663352966309 -0.10722949355840683
    endloop
  endfacet
  facet normal 0.95763656343535941 0.27588675280634251 -0.082575492718403989
    outer loop
      vertex 0.73594790697097778 -1.858206033706665 -0.027840858325362206
      vertex 0.69431829452514648 -1.7374663352966309 -0.10722949355840683
      vertex 0.69431829452514648 -1.7217253446578979 -0.054638456553220749
    endloop
  endfacet
  facet normal 0.99526085364956396 0.09315779165916227 -0.027882952604223021
    outer loop
      vertex 0.75 -2 0
      vertex 0.73594790697097778 -1.8662267923355103 -0.054638456553220749
      vertex 0.73594790697097778 -1.858206033706665 -0.027840858325362206
    endloop
  endfacet
  facet normal -0.99465296850332285 0.102788888112916 -0.0099958355347640124
    outer loop
      vertex -0.73415011167526245 -1.8466260433197021 -9.391446369818778e-18
      vertex -0.73415011167526245 -1.8494997024536133 -0.029550328850746155
      vertex -0.75 -2 0
    endloop
  endfacet
  facet normal -0.95325408845817516 0.30075119801031025 -0.029246533694384905
    outer loop
      vertex -0.68924421072006226 -1.7042933702468872 -1.8106811555218365e-17
      vertex -0.68924421072006226 -1.7098337411880493 -0.056973356753587723
      vertex -0.73415011167526245 -1.8494997024536133 -0.029550328850746155
    endloop
  endfacet
  facet normal -0.95325405351475168 0.30075126945994585 -0.029246937889732462
    outer loop
      vertex -0.68924421072006226 -1.7042933702468872 -1.8106811555218365e-17
      vertex -0.73415011167526245 -1.8494997024536133 -0.029550328850746155
      vertex -0.73415011167526245 -1.8466260433197021 -9.391446369818778e-18
    endloop
  endfacet
  facet normal -0.87501632054283207 0.48182057216517604 -0.046854829229292683
    outer loop
      vertex -0.6184116005897522 -1.5756568908691406 -2.5983523132968813e-17
      vertex -0.6184116005897522 -1.5836074352264404 -0.081757545471191406
      vertex -0.68924421072006226 -1.7098337411880493 -0.056973356753587723
    endloop
  endfacet
  facet normal -0.87501636970306129 0.48182050435949936 -0.046854608422582385
    outer loop
      vertex -0.6184116005897522 -1.5756568908691406 -2.5983523132968813e-17
      vertex -0.68924421072006226 -1.7098337411880493 -0.056973356753587723
      vertex -0.68924421072006226 -1.7042933702468872 -1.8106811555218365e-17
    endloop
  endfacet
  facet normal -0.76442289859836876 0.64168817787786792 -0.062401237730108937
    outer loop
      vertex -0.52506744861602783 -1.4644589424133301 -3.2792430566697009e-17
      vertex -0.52506744861602783 -1.4744929075241089 -0.1031818762421608
      vertex -0.6184116005897522 -1.5836074352264404 -0.081757545471191406
    endloop
  endfacet
  facet normal -0.76442290720762041 0.64168816973219756 -0.062401216029755444
    outer loop
      vertex -0.52506744861602783 -1.4644589424133301 -3.2792430566697009e-17
      vertex -0.6184116005897522 -1.5836074352264404 -0.081757545471191406
      vertex -0.6184116005897522 -1.5756568908691406 -2.5983523132968813e-17
    endloop
  endfacet
  facet normal -0.62589971181263193 0.77624184906412352 -0.075486041851291624
    outer loop
      vertex -0.4120478630065918 -1.3733289241790771 -3.837253142197563e-17
      vertex -0.4120478630065918 -1.3850703239440918 -0.12073975056409836
      vertex -0.52506744861602783 -1.4744929075241089 -0.1031818762421608
    endloop
  endfacet
  facet normal -0.62589975734640191 0.77624181997308495 -0.075485963454062804
    outer loop
      vertex -0.4120478630065918 -1.3733289241790771 -3.837253142197563e-17
      vertex -0.52506744861602783 -1.4744929075241089 -0.1031818762421608
      vertex -0.52506744861602783 -1.4644589424133301 -3.2792430566697009e-17
    endloop
  endfacet
  facet normal -0.46422929725920797 0.88155657023224088 -0.085727317971520667
    outer loop
      vertex -0.28358793258666992 -1.3056817054748535 -4.2514734292285972e-17
      vertex -0.28358793258666992 -1.3186905384063721 -0.13377325236797333
      vertex -0.4120478630065918 -1.3850703239440918 -0.12073975056409836
    endloop
  endfacet
  facet normal -0.4642292128240923 0.8815566038128132 -0.085727429885320935
    outer loop
      vertex -0.28358793258666992 -1.3056817054748535 -4.2514734292285972e-17
      vertex -0.4120478630065918 -1.3850703239440918 -0.12073975056409836
      vertex -0.4120478630065918 -1.3733289241790771 -3.837253142197563e-17
    endloop
  endfacet
  facet normal 0.48060967792596465 0.87281734357343144 -0.084877689891508484
    outer loop
      vertex 0.42434310913085938 -1.381588339805603 -3.7866789886738258e-17
      vertex 0.42434310913085938 -1.3931750059127808 -0.11914842575788498
      vertex 0.29570668935775757 -1.3236695528030396 -0.13279563188552856
    endloop
  endfacet
  facet normal 0.48060921453389122 0.87281765562271507 -0.084877104912829821
    outer loop
      vertex 0.42434310913085938 -1.381588339805603 -3.7866789886738258e-17
      vertex 0.29570668935775757 -1.3236695528030396 -0.13279563188552856
      vertex 0.29570668935775757 -1.3107558488845825 -4.2204035328043704e-17
    endloop
  endfacet
  facet normal 0.64116558907044818 0.7637995443448734 -0.074276129749125092
    outer loop
      vertex 0.53554099798202515 -1.4749325513839722 -3.2151107511617296e-17
      vertex 0.53554099798202515 -1.4847702980041504 -0.10116394609212875
      vertex 0.42434310913085938 -1.3931750059127808 -0.11914842575788498
    endloop
  endfacet
  facet normal 0.64116562022157098 0.76379951329631934 -0.074276180126564992
    outer loop
      vertex 0.53554099798202515 -1.4749325513839722 -3.2151107511617296e-17
      vertex 0.42434310913085938 -1.3931750059127808 -0.11914842575788498
      vertex 0.42434310913085938 -1.381588339805603 -3.7866789886738258e-17
    endloop
  endfacet
  facet normal 0.77701643253899144 0.62652491490107609 -0.060926140305935884
    outer loop
      vertex 0.62667101621627808 -1.5879521369934082 -2.5230654772286325e-17
      vertex 0.62667101621627808 -1.5956722497940063 -0.079388633370399475
      vertex 0.53554099798202515 -1.4847702980041504 -0.10116394609212875
    endloop
  endfacet
  facet normal 0.77701668316105532 0.62652454548438719 -0.060926742855449981
    outer loop
      vertex 0.62667101621627808 -1.5879521369934082 -2.5230654772286325e-17
      vertex 0.53554099798202515 -1.4847702980041504 -0.10116394609212875
      vertex 0.53554099798202515 -1.4749325513839722 -3.2151107511617296e-17
    endloop
  endfacet
  facet normal 0.88390684797773655 0.46546734702375997 -0.045264035974766879
    outer loop
      vertex 0.69431829452514648 -1.7164120674133301 -1.7364752790780719e-17
      vertex 0.69431829452514648 -1.7217253446578979 -0.054638456553220749
      vertex 0.62667101621627808 -1.5956722497940063 -0.079388633370399475
    endloop
  endfacet
  facet normal 0.88390687654371658 0.4654672805848134 -0.04526416136094201
    outer loop
      vertex 0.69431829452514648 -1.7164120674133301 -1.7364752790780719e-17
      vertex 0.62667101621627808 -1.5956722497940063 -0.079388633370399475
      vertex 0.62667101621627808 -1.5879521369934082 -2.5230654772286325e-17
    endloop
  endfacet
  facet normal 0.95763657061131147 0.28662746256259775 -0.027872860146261724
    outer loop
      vertex 0.73594790697097778 -1.8554986715316772 -8.8481566250357871e-18
      vertex 0.73594790697097778 -1.858206033706665 -0.027840858325362206
      vertex 0.69431829452514648 -1.7217253446578979 -0.054638456553220749
    endloop
  endfacet
  facet normal 0.95763657228993548 0.28662745503846493 -0.027872879846832063
    outer loop
      vertex 0.73594790697097778 -1.8554986715316772 -8.8481566250357871e-18
      vertex 0.69431829452514648 -1.7217253446578979 -0.054638456553220749
      vertex 0.69431829452514648 -1.7164120674133301 -1.7364752790780719e-17
    endloop
  endfacet
  facet normal 0.99526085390258645 0.09678456423498627 -0.0094117381465130979
    outer loop
      vertex 0.75 -2 0
      vertex 0.73594790697097778 -1.858206033706665 -0.027840858325362206
      vertex 0.73594790697097778 -1.8554986715316772 -8.8481566250357871e-18
    endloop
  endfacet
  facet normal -0.99464654356047266 0.10278822414995335 0.010622351872516471
    outer loop
      vertex -0.73415011167526245 -1.8498673439025879 0.031364761292934418
      vertex -0.73415011167526245 -1.8466260433197021 -9.391446369818778e-18
      vertex -0.75 -2 0
    endloop
  endfacet
  facet normal -0.95320135389879224 0.30073464275236311 0.031078184858797871
    outer loop
      vertex -0.68924421072006226 -1.7105425596237183 0.060471605509519577
      vertex -0.68924421072006226 -1.7042933702468872 -1.8106811555218365e-17
      vertex -0.73415011167526245 -1.8466260433197021 -9.391446369818778e-18
    endloop
  endfacet
  facet normal -0.95320138823854639 0.30073449749375997 0.031078537244916406
    outer loop
      vertex -0.68924421072006226 -1.7105425596237183 0.060471605509519577
      vertex -0.73415011167526245 -1.8466260433197021 -9.391446369818778e-18
      vertex -0.73415011167526245 -1.8498673439025879 0.031364761292934418
    endloop
  endfacet
  facet normal -0.87489221124426297 0.48175213753424895 0.049784502461166044
    outer loop
      vertex -0.6184116005897522 -1.5846245288848877 0.086777582764625549
      vertex -0.6184116005897522 -1.5756568908691406 -2.5983523132968813e-17
      vertex -0.68924421072006226 -1.7042933702468872 -1.8106811555218365e-17
    endloop
  endfacet
  facet normal -0.87489225779876656 0.48175203435766834 0.049784682745040734
    outer loop
      vertex -0.6184116005897522 -1.5846245288848877 0.086777582764625549
      vertex -0.68924421072006226 -1.7042933702468872 -1.8106811555218365e-17
      vertex -0.68924421072006226 -1.7105425596237183 0.060471605509519577
    endloop
  endfacet
  facet normal -0.76423052334259811 0.64152667476773717 0.066296551591679923
    outer loop
      vertex -0.52506744861602783 -1.4757766723632812 0.10951739549636841
      vertex -0.52506744861602783 -1.4644589424133301 -3.2792430566697009e-17
      vertex -0.6184116005897522 -1.5756568908691406 -2.5983523132968813e-17
    endloop
  endfacet
  facet normal -0.76423014284503255 0.64152721220890829 0.066295737136918872
    outer loop
      vertex -0.52506744861602783 -1.4757766723632812 0.10951739549636841
      vertex -0.6184116005897522 -1.5756568908691406 -2.5983523132968813e-17
      vertex -0.6184116005897522 -1.5846245288848877 0.086777582764625549
    endloop
  endfacet
  facet normal -0.62566930565716805 0.77595601344166021 0.080188435339537567
    outer loop
      vertex -0.4120478630065918 -1.3865724802017212 0.12815335392951965
      vertex -0.4120478630065918 -1.3733289241790771 -3.837253142197563e-17
      vertex -0.52506744861602783 -1.4644589424133301 -3.2792430566697009e-17
    endloop
  endfacet
  facet normal -0.62566949276719885 0.77595583426457071 0.080188709250181997
    outer loop
      vertex -0.4120478630065918 -1.3865724802017212 0.12815335392951965
      vertex -0.52506744861602783 -1.4644589424133301 -3.2792430566697009e-17
      vertex -0.52506744861602783 -1.4757766723632812 0.10951739549636841
    endloop
  endfacet
  facet normal -0.46400881135871147 0.88113806839554709 0.091057824516292421
    outer loop
      vertex -0.28358793258666992 -1.3203548192977905 0.14198713004589081
      vertex -0.28358793258666992 -1.3056817054748535 -4.2514734292285972e-17
      vertex -0.4120478630065918 -1.3733289241790771 -3.837253142197563e-17
    endloop
  endfacet
  facet normal -0.46400904158291006 0.88113791990902446 0.091058088205861615
    outer loop
      vertex -0.28358793258666992 -1.3203548192977905 0.14198713004589081
      vertex -0.4120478630065918 -1.3733289241790771 -3.837253142197563e-17
      vertex -0.4120478630065918 -1.3865724802017212 0.12815335392951965
    endloop
  endfacet
  facet normal 0.48038549494627575 0.87241136627146165 0.090156443172871789
    outer loop
      vertex 0.42434310913085938 -1.3946573734283447 0.12646432220935822
      vertex 0.42434310913085938 -1.381588339805603 -3.7866789886738258e-17
      vertex 0.29570668935775757 -1.3107558488845825 -4.2204035328043704e-17
    endloop
  endfacet
  facet normal 0.48038613472685143 0.87241109952157259 0.090155615431076863
    outer loop
      vertex 0.42434310913085938 -1.3946573734283447 0.12646432220935822
      vertex 0.29570668935775757 -1.3107558488845825 -4.2204035328043704e-17
      vertex 0.29570668935775757 -1.3253216743469238 0.14094948768615723
    endloop
  endfacet
  facet normal 0.64093705579946914 0.76352723201851502 0.078904096656972025
    outer loop
      vertex 0.53554099798202515 -1.4860289096832275 0.10737556219100952
      vertex 0.53554099798202515 -1.4749325513839722 -3.2151107511617296e-17
      vertex 0.42434310913085938 -1.381588339805603 -3.7866789886738258e-17
    endloop
  endfacet
  facet normal 0.6409370069888356 0.76352726450323016 0.078904178801934899
    outer loop
      vertex 0.53554099798202515 -1.4860289096832275 0.10737556219100952
      vertex 0.42434310913085938 -1.381588339805603 -3.7866789886738258e-17
      vertex 0.42434310913085938 -1.3946573734283447 0.12646432220935822
    endloop
  endfacet
  facet normal 0.7768302782543538 0.6263742433712175 0.064730410383357556
    outer loop
      vertex 0.62667101621627808 -1.5966600179672241 0.084263212978839874
      vertex 0.62667101621627808 -1.5879521369934082 -2.5230654772286325e-17
      vertex 0.53554099798202515 -1.4749325513839722 -3.2151107511617296e-17
    endloop
  endfacet
  facet normal 0.77683024397478884 0.62637427702890214 0.064730496078666377
    outer loop
      vertex 0.62667101621627808 -1.5966600179672241 0.084263212978839874
      vertex 0.53554099798202515 -1.4749325513839722 -3.2151107511617296e-17
      vertex 0.53554099798202515 -1.4860289096832275 0.10737556219100952
    endloop
  endfacet
  facet normal 0.88378979391552348 0.46540562461856289 0.048095787176859389
    outer loop
      vertex 0.69431829452514648 -1.7224051952362061 0.057993341237306595
      vertex 0.69431829452514648 -1.7164120674133301 -1.7364752790780719e-17
      vertex 0.62667101621627808 -1.5879521369934082 -2.5230654772286325e-17
    endloop
  endfacet
  facet normal 0.88378981788483002 0.46540559023011641 0.048095679490528183
    outer loop
      vertex 0.69431829452514648 -1.7224051952362061 0.057993341237306595
      vertex 0.62667101621627808 -1.5879521369934082 -2.5230654772286325e-17
      vertex 0.62667101621627808 -1.5966600179672241 0.084263212978839874
    endloop
  endfacet
  facet normal 0.95758846307793488 0.28661305560824407 0.029619110974913807
    outer loop
      vertex 0.73594790697097778 -1.8585524559020996 0.029550328850746155
      vertex 0.73594790697097778 -1.8554986715316772 -8.8481566250357871e-18
      vertex 0.69431829452514648 -1.7164120674133301 -1.7364752790780719e-17
    endloop
  endfacet
  facet normal 0.95758846688925248 0.28661304747314786 0.029619066474921581
    outer loop
      vertex 0.73594790697097778 -1.8585524559020996 0.029550328850746155
      vertex 0.69431829452514648 -1.7164120674133301 -1.7364752790780719e-17
      vertex 0.69431829452514648 -1.7224051952362061 0.057993341237306595
    endloop
  endfacet
  facet normal 0.99525515258827457 0.096784009808255758 0.010001834428038628
    outer loop
      vertex 0.75 -2 0
      vertex 0.73594790697097778 -1.8554986715316772 -8.8481566250357871e-18
      vertex 0.73594790697097778 -1.8585524559020996 0.029550328850746155
    endloop
  endfacet
  facet normal -0.99465011882571364 0.09851447357320417 0.03108117785071891
    outer loop
      vertex -0.73415011167526245 -1.8590505123138428 0.060471605509519577
      vertex -0.73415011167526245 -1.8498673439025879 0.031364761292934418
      vertex -0.75 -2 0
    endloop
  endfacet
  facet normal -0.95323070804190024 0.28823825364513289 0.090939135588269659
    outer loop
      vertex -0.68924421072006226 -1.7282478809356689 0.11658991873264313
      vertex -0.68924421072006226 -1.7105425596237183 0.060471605509519577
      vertex -0.73415011167526245 -1.8498673439025879 0.031364761292934418
    endloop
  endfacet
  facet normal -0.95323067579695719 0.28823845736157089 0.090938827887201187
    outer loop
      vertex -0.68924421072006226 -1.7282478809356689 0.11658991873264313
      vertex -0.73415011167526245 -1.8498673439025879 0.031364761292934418
      vertex -0.73415011167526245 -1.8590505123138428 0.060471605509519577
    endloop
  endfacet
  facet normal -0.87496132830833429 0.46175615407764031 0.1456843441703391
    outer loop
      vertex -0.6184116005897522 -1.6100319623947144 0.16730812191963196
      vertex -0.6184116005897522 -1.5846245288848877 0.086777582764625549
      vertex -0.68924421072006226 -1.7105425596237183 0.060471605509519577
    endloop
  endfacet
  facet normal -0.87496125342754882 0.4617563781331589 0.14568408373545774
    outer loop
      vertex -0.6184116005897522 -1.6100319623947144 0.16730812191963196
      vertex -0.68924421072006226 -1.7105425596237183 0.060471605509519577
      vertex -0.68924421072006226 -1.7282478809356689 0.11658991873264313
    endloop
  endfacet
  facet normal -0.76433720108475078 0.61493725150402923 0.1940124216399545
    outer loop
      vertex -0.52506744861602783 -1.507841944694519 0.21115073561668396
      vertex -0.52506744861602783 -1.4757766723632812 0.10951739549636841
      vertex -0.6184116005897522 -1.5846245288848877 0.086777582764625549
    endloop
  endfacet
  facet normal -0.7643374651399012 0.61493676625633586 0.19401291938866105
    outer loop
      vertex -0.52506744861602783 -1.507841944694519 0.21115073561668396
      vertex -0.6184116005897522 -1.5846245288848877 0.086777582764625549
      vertex -0.6184116005897522 -1.6100319623947144 0.16730812191963196
    endloop
  endfacet
  facet normal -0.62579763882807482 0.74384237195577541 0.23468242567438299
    outer loop
      vertex -0.4120478630065918 -1.4240942001342773 0.24708107113838196
      vertex -0.4120478630065918 -1.3865724802017212 0.12815335392951965
      vertex -0.52506744861602783 -1.4757766723632812 0.10951739549636841
    endloop
  endfacet
  facet normal -0.6257973435073455 0.74384274066383571 0.23468204452165284
    outer loop
      vertex -0.4120478630065918 -1.4240942001342773 0.24708107113838196
      vertex -0.52506744861602783 -1.4757766723632812 0.10951739549636841
      vertex -0.52506744861602783 -1.507841944694519 0.21115073561668396
    endloop
  endfacet
  facet normal -0.46413162451694334 0.84472144465044707 0.26650987987488328
    outer loop
      vertex -0.28358793258666992 -1.3619269132614136 0.27375274896621704
      vertex -0.28358793258666992 -1.3203548192977905 0.14198713004589081
      vertex -0.4120478630065918 -1.3865724802017212 0.12815335392951965
    endloop
  endfacet
  facet normal -0.46413155911495324 0.84472150184533468 0.26650981249043071
    outer loop
      vertex -0.28358793258666992 -1.3619269132614136 0.27375274896621704
      vertex -0.4120478630065918 -1.3865724802017212 0.12815335392951965
      vertex -0.4120478630065918 -1.4240942001342773 0.24708107113838196
    endloop
  endfacet
  facet normal 0.29952140514789699 0.90987890599063803 0.28706672445880793
    outer loop
      vertex 0.15337395668029785 -1.3253216743469238 0.28945747017860413
      vertex 0.29570668935775757 -1.3665899038314819 0.27175214886665344
      vertex 0.29570668935775757 -1.3253216743469238 0.14094948768615723
    endloop
  endfacet
  facet normal 0.48051057991356472 0.83635101949018809 0.26386844219961708
    outer loop
      vertex 0.42434310913085938 -1.4316844940185547 0.24382458627223969
      vertex 0.42434310913085938 -1.3946573734283447 0.12646432220935822
      vertex 0.29570668935775757 -1.3253216743469238 0.14094948768615723
    endloop
  endfacet
  facet normal 0.48051040204448842 0.8363510436353464 0.2638686895732637
    outer loop
      vertex 0.42434310913085938 -1.4316844940185547 0.24382458627223969
      vertex 0.29570668935775757 -1.3253216743469238 0.14094948768615723
      vertex 0.29570668935775757 -1.3665899038314819 0.27175214886665344
    endloop
  endfacet
  facet normal 0.64106412889091136 0.73192339141186902 0.23092191700547751
    outer loop
      vertex 0.53554099798202515 -1.5174671411514282 0.20702126622200012
      vertex 0.53554099798202515 -1.4860289096832275 0.10737556219100952
      vertex 0.42434310913085938 -1.3946573734283447 0.12646432220935822
    endloop
  endfacet
  facet normal 0.64106433204069213 0.73192333100695484 0.2309215444970539
    outer loop
      vertex 0.53554099798202515 -1.5174671411514282 0.20702126622200012
      vertex 0.42434310913085938 -1.3946573734283447 0.12646432220935822
      vertex 0.42434310913085938 -1.4316844940185547 0.24382458627223969
    endloop
  endfacet
  facet normal 0.77693394038701014 0.60040852345184159 0.18942876561149166
    outer loop
      vertex 0.62667101621627808 -1.6213312149047852 0.16246040165424347
      vertex 0.62667101621627808 -1.5966600179672241 0.084263212978839874
      vertex 0.53554099798202515 -1.4860289096832275 0.10737556219100952
    endloop
  endfacet
  facet normal 0.77693386499930372 0.6004085562436573 0.18942897087470795
    outer loop
      vertex 0.62667101621627808 -1.6213312149047852 0.16246040165424347
      vertex 0.53554099798202515 -1.4860289096832275 0.10737556219100952
      vertex 0.53554099798202515 -1.5174671411514282 0.20702126622200012
    endloop
  endfacet
  facet normal 0.88385494631085748 0.44608599369398311 0.14073990234429923
    outer loop
      vertex 0.69431829452514648 -1.7393848896026611 0.1118117943406105
      vertex 0.69431829452514648 -1.7224051952362061 0.057993341237306595
      vertex 0.62667101621627808 -1.5966600179672241 0.084263212978839874
    endloop
  endfacet
  facet normal 0.88385491708700248 0.44608600707851354 0.14074004344846675
    outer loop
      vertex 0.69431829452514648 -1.7393848896026611 0.1118117943406105
      vertex 0.62667101621627808 -1.5966600179672241 0.084263212978839874
      vertex 0.62667101621627808 -1.6213312149047852 0.16246040165424347
    endloop
  endfacet
  facet normal 0.95761522097784024 0.27470276617158801 0.086668787976064671
    outer loop
      vertex 0.73594790697097778 -1.8672044277191162 0.056973356753587723
      vertex 0.73594790697097778 -1.8585524559020996 0.029550328850746155
      vertex 0.69431829452514648 -1.7224051952362061 0.057993341237306595
    endloop
  endfacet
  facet normal 0.95761523766118117 0.27470277240570951 0.08666858387983789
    outer loop
      vertex 0.73594790697097778 -1.8672044277191162 0.056973356753587723
      vertex 0.69431829452514648 -1.7224051952362061 0.057993341237306595
      vertex 0.69431829452514648 -1.7393848896026611 0.1118117943406105
    endloop
  endfacet
  facet normal 0.99525832326442498 0.092759829421389689 0.029265748215278966
    outer loop
      vertex 0.75 -2 0
      vertex 0.73594790697097778 -1.8585524559020996 0.029550328850746155
      vertex 0.73594790697097778 -1.8672044277191162 0.056973356753587723
    endloop
  endfacet
  facet normal -0.99465181359226496 0.090475410739192366 0.049819371425106243
    outer loop
      vertex -0.73415011167526245 -1.8735356330871582 0.086777582764625549
      vertex -0.73415011167526245 -1.8590505123138428 0.060471605509519577
      vertex -0.75 -2 0
    endloop
  endfacet
  facet normal -0.95324457533564833 0.26472068489178463 0.1457660405704434
    outer loop
      vertex -0.68924421072006226 -1.7561753988265991 0.16730812191963196
      vertex -0.68924421072006226 -1.7282478809356689 0.11658991873264313
      vertex -0.73415011167526245 -1.8590505123138428 0.060471605509519577
    endloop
  endfacet
  facet normal -0.95324455432759536 0.26472085627329733 0.14576586671342578
    outer loop
      vertex -0.68924421072006226 -1.7561753988265991 0.16730812191963196
      vertex -0.73415011167526245 -1.8590505123138428 0.060471605509519577
      vertex -0.73415011167526245 -1.8735356330871582 0.086777582764625549
    endloop
  endfacet
  facet normal -0.87499396534143692 0.42409093405052883 0.23352181969190419
    outer loop
      vertex -0.6184116005897522 -1.6501083374023438 0.24008944630622864
      vertex -0.6184116005897522 -1.6100319623947144 0.16730812191963196
      vertex -0.68924421072006226 -1.7282478809356689 0.11658991873264313
    endloop
  endfacet
  facet normal -0.87499396553621867 0.42409093333936926 0.23352182025357915
    outer loop
      vertex -0.6184116005897522 -1.6501083374023438 0.24008944630622864
      vertex -0.68924421072006226 -1.7282478809356689 0.11658991873264313
      vertex -0.68924421072006226 -1.7561753988265991 0.16730812191963196
    endloop
  endfacet
  facet normal -0.76438810992788087 0.56479269404731325 0.31099844075438682
    outer loop
      vertex -0.52506744861602783 -1.5584203004837036 0.30300420522689819
      vertex -0.52506744861602783 -1.507841944694519 0.21115073561668396
      vertex -0.6184116005897522 -1.6100319623947144 0.16730812191963196
    endloop
  endfacet
  facet normal -0.76438793568588803 0.564793075822279 0.31099817568769778
    outer loop
      vertex -0.52506744861602783 -1.5584203004837036 0.30300420522689819
      vertex -0.6184116005897522 -1.6100319623947144 0.16730812191963196
      vertex -0.6184116005897522 -1.6501083374023438 0.24008944630622864
    endloop
  endfacet
  facet normal -0.62585808772602913 0.68320815603010299 0.37620243162673001
    outer loop
      vertex -0.4120478630065918 -1.4832791090011597 0.35456472635269165
      vertex -0.4120478630065918 -1.4240942001342773 0.24708107113838196
      vertex -0.52506744861602783 -1.507841944694519 0.21115073561668396
    endloop
  endfacet
  facet normal -0.62585835972194481 0.683207750599783 0.37620271541622502
    outer loop
      vertex -0.4120478630065918 -1.4832791090011597 0.35456472635269165
      vertex -0.52506744861602783 -1.507841944694519 0.21115073561668396
      vertex -0.52506744861602783 -1.5584203004837036 0.30300420522689819
    endloop
  endfacet
  facet normal -0.46418963763480264 0.7758855092509509 0.42723489656963065
    outer loop
      vertex -0.28358793258666992 -1.4275007247924805 0.39283892512321472
      vertex -0.28358793258666992 -1.3619269132614136 0.27375274896621704
      vertex -0.4120478630065918 -1.4240942001342773 0.24708107113838196
    endloop
  endfacet
  facet normal -0.46418928256574532 0.77588588910264089 0.42723459251622264
    outer loop
      vertex -0.28358793258666992 -1.4275007247924805 0.39283892512321472
      vertex -0.4120478630065918 -1.4240942001342773 0.24708107113838196
      vertex -0.4120478630065918 -1.4832791090011597 0.35456472635269165
    endloop
  endfacet
  facet normal -0.28547440304778893 0.83952580756492923 0.46227782083608759
    outer loop
      vertex -0.14450135827064514 -1.3931750059127808 0.41639259457588196
      vertex -0.14450135827064514 -1.3236695528030396 0.29016628861427307
      vertex -0.28358793258666992 -1.3619269132614136 0.27375274896621704
    endloop
  endfacet
  facet normal -0.28547446477533184 0.83952575925899509 0.46227787044357382
    outer loop
      vertex -0.14450135827064514 -1.3931750059127808 0.41639259457588196
      vertex -0.28358793258666992 -1.3619269132614136 0.27375274896621704
      vertex -0.28358793258666992 -1.4275007247924805 0.39283892512321472
    endloop
  endfacet
  facet normal -0.096327867966389896 0.87190508770164077 0.48010671719217157
    outer loop
      vertex 0 -1.381588339805603 0.42434310913085938
      vertex 0 -1.3107558488845825 0.29570668935775757
      vertex -0.14450135827064514 -1.3236695528030396 0.29016628861427307
    endloop
  endfacet
  facet normal -0.096328288874211965 0.87190484846147132 0.48010706721724594
    outer loop
      vertex 0 -1.381588339805603 0.42434310913085938
      vertex -0.14450135827064514 -1.3236695528030396 0.29016628861427307
      vertex -0.14450135827064514 -1.3931750059127808 0.41639259457588196
    endloop
  endfacet
  facet normal 0.10230484177561705 0.87138217771589821 0.47981956995141928
    outer loop
      vertex 0.15337395668029785 -1.3946573734283447 0.41537541151046753
      vertex 0.15337395668029785 -1.3253216743469238 0.28945747017860413
      vertex 0 -1.3107558488845825 0.29570668935775757
    endloop
  endfacet
  facet normal 0.1023054892246049 0.87138245253128077 0.47981893282266858
    outer loop
      vertex 0.15337395668029785 -1.3946573734283447 0.41537541151046753
      vertex 0 -1.3107558488845825 0.29570668935775757
      vertex 0 -1.381588339805603 0.42434310913085938
    endloop
  endfacet
  facet normal 0.29956487958462724 0.83574996999773177 0.46019872942918721
    outer loop
      vertex 0.29570668935775757 -1.4316844940185547 0.38996803760528564
      vertex 0.29570668935775757 -1.3665899038314819 0.27175214886665344
      vertex 0.15337395668029785 -1.3253216743469238 0.28945747017860413
    endloop
  endfacet
  facet normal 0.29956468234821404 0.83574991749234562 0.46019895317259379
    outer loop
      vertex 0.29570668935775757 -1.4316844940185547 0.38996803760528564
      vertex 0.15337395668029785 -1.3253216743469238 0.28945747017860413
      vertex 0.15337395668029785 -1.3946573734283447 0.41537541151046753
    endloop
  endfacet
  facet normal 0.48056933566851212 0.76819519241250223 0.42300030729237481
    outer loop
      vertex 0.42434310913085938 -1.4900894165039062 0.34989160299301147
      vertex 0.42434310913085938 -1.4316844940185547 0.24382458627223969
      vertex 0.29570668935775757 -1.3665899038314819 0.27175214886665344
    endloop
  endfacet
  facet normal 0.48056936986368404 0.76819519754842203 0.42300025911618849
    outer loop
      vertex 0.42434310913085938 -1.4900894165039062 0.34989160299301147
      vertex 0.29570668935775757 -1.3665899038314819 0.27175214886665344
      vertex 0.29570668935775757 -1.4316844940185547 0.38996803760528564
    endloop
  endfacet
  facet normal 0.64112452701396527 0.67225822293337878 0.37017323317546169
    outer loop
      vertex 0.53554099798202515 -1.5670562982559204 0.29707834124565125
      vertex 0.53554099798202515 -1.5174671411514282 0.20702126622200012
      vertex 0.42434310913085938 -1.4316844940185547 0.24382458627223969
    endloop
  endfacet
  facet normal 0.64112443452498324 0.67225821537568109 0.37017340708771218
    outer loop
      vertex 0.53554099798202515 -1.5670562982559204 0.29707834124565125
      vertex 0.42434310913085938 -1.4316844940185547 0.24382458627223969
      vertex 0.42434310913085938 -1.4900894165039062 0.34989160299301147
    endloop
  endfacet
  facet normal 0.77698299213187427 0.55144755900998266 0.30364950123412304
    outer loop
      vertex 0.62667101621627808 -1.6602463722229004 0.23313289880752563
      vertex 0.62667101621627808 -1.6213312149047852 0.16246040165424347
      vertex 0.53554099798202515 -1.5174671411514282 0.20702126622200012
    endloop
  endfacet
  facet normal 0.77698286125566818 0.55144754227870285 0.3036498665070238
    outer loop
      vertex 0.62667101621627808 -1.6602463722229004 0.23313289880752563
      vertex 0.53554099798202515 -1.5174671411514282 0.20702126622200012
      vertex 0.53554099798202515 -1.5670562982559204 0.29707834124565125
    endloop
  endfacet
  facet normal 0.88388576102668215 0.4096977501244819 0.22559635413104651
    outer loop
      vertex 0.69431829452514648 -1.7661678791046143 0.16045145690441132
      vertex 0.69431829452514648 -1.7393848896026611 0.1118117943406105
      vertex 0.62667101621627808 -1.6213312149047852 0.16246040165424347
    endloop
  endfacet
  facet normal 0.88388577548285663 0.40969775785675205 0.22559628344948249
    outer loop
      vertex 0.69431829452514648 -1.7661678791046143 0.16045145690441132
      vertex 0.62667101621627808 -1.6213312149047852 0.16246040165424347
      vertex 0.62667101621627808 -1.6602463722229004 0.23313289880752563
    endloop
  endfacet
  facet normal 0.95762790758040861 0.2522891156870134 0.13892081459965977
    outer loop
      vertex 0.73594790697097778 -1.8808516263961792 0.081757545471191406
      vertex 0.73594790697097778 -1.8672044277191162 0.056973356753587723
      vertex 0.69431829452514648 -1.7393848896026611 0.1118117943406105
    endloop
  endfacet
  facet normal 0.95762791481171483 0.25228913639426531 0.13892072714610576
    outer loop
      vertex 0.73594790697097778 -1.8808516263961792 0.081757545471191406
      vertex 0.69431829452514648 -1.7393848896026611 0.1118117943406105
      vertex 0.69431829452514648 -1.7661678791046143 0.16045145690441132
    endloop
  endfacet
  facet normal 0.99525982465042107 0.085190353030068527 0.046909329428431241
    outer loop
      vertex 0.75 -2 0
      vertex 0.73594790697097778 -1.8672044277191162 0.056973356753587723
      vertex 0.73594790697097778 -1.8808516263961792 0.081757545471191406
    endloop
  endfacet
  facet normal -0.99465297274228859 0.079098947485213886 0.066398948196937202
    outer loop
      vertex -0.73415011167526245 -1.8926243782043457 0.10951739549636841
      vertex -0.73415011167526245 -1.8735356330871582 0.086777582764625549
      vertex -0.75 -2 0
    endloop
  endfacet
  facet normal -0.95325406376351796 0.23143651730705256 0.1942777094139245
    outer loop
      vertex -0.68924421072006226 -1.7929787635803223 0.21115073561668396
      vertex -0.68924421072006226 -1.7561753988265991 0.16730812191963196
      vertex -0.73415011167526245 -1.8735356330871582 0.086777582764625549
    endloop
  endfacet
  facet normal -0.95325404578293782 0.23143669155802266 0.19427759005901171
    outer loop
      vertex -0.68924421072006226 -1.7929787635803223 0.21115073561668396
      vertex -0.73415011167526245 -1.8735356330871582 0.086777582764625549
      vertex -0.73415011167526245 -1.8926243782043457 0.10951739549636841
    endloop
  endfacet
  facet normal -0.87501635219838669 0.37077451464896405 0.3112437030242603
    outer loop
      vertex -0.6184116005897522 -1.7029216289520264 0.30300420522689819
      vertex -0.6184116005897522 -1.6501083374023438 0.24008944630622864
      vertex -0.68924421072006226 -1.7561753988265991 0.16730812191963196
    endloop
  endfacet
  facet normal -0.8750164016092904 0.37077430846466369 0.31124380973326921
    outer loop
      vertex -0.6184116005897522 -1.7029216289520264 0.30300420522689819
      vertex -0.68924421072006226 -1.7561753988265991 0.16730812191963196
      vertex -0.68924421072006226 -1.7929787635803223 0.21115073561668396
    endloop
  endfacet
  facet normal -0.76442266973636785 0.49379763855787162 0.4145140216540249
    outer loop
      vertex -0.52506744861602783 -1.6250730752944946 0.38240557909011841
      vertex -0.52506744861602783 -1.5584203004837036 0.30300420522689819
      vertex -0.6184116005897522 -1.6501083374023438 0.24008944630622864
    endloop
  endfacet
  facet normal -0.76442281533928569 0.49379728005046242 0.41451418022008063
    outer loop
      vertex -0.52506744861602783 -1.6250730752944946 0.38240557909011841
      vertex -0.6184116005897522 -1.6501083374023438 0.24008944630622864
      vertex -0.6184116005897522 -1.7029216289520264 0.30300420522689819
    endloop
  endfacet
  facet normal -0.62589986887700899 0.59733982114049222 0.50143244033427636
    outer loop
      vertex -0.4120478630065918 -1.5612739324569702 0.44747737050056458
      vertex -0.4120478630065918 -1.4832791090011597 0.35456472635269165
      vertex -0.52506744861602783 -1.5584203004837036 0.30300420522689819
    endloop
  endfacet
  facet normal -0.62589947132074819 0.59734048772127679 0.50143214249718304
    outer loop
      vertex -0.4120478630065918 -1.5612739324569702 0.44747737050056458
      vertex -0.52506744861602783 -1.5584203004837036 0.30300420522689819
      vertex -0.52506744861602783 -1.6250730752944946 0.38240557909011841
    endloop
  endfacet
  facet normal -0.46422911402666905 0.67838311826428366 0.56946261909280826
    outer loop
      vertex -0.28358793258666992 -1.5139147043228149 0.49578121304512024
      vertex -0.28358793258666992 -1.4275007247924805 0.39283892512321472
      vertex -0.4120478630065918 -1.4832791090011597 0.35456472635269165
    endloop
  endfacet
  facet normal -0.46422971816391584 0.67838237827462455 0.56946300812249051
    outer loop
      vertex -0.28358793258666992 -1.5139147043228149 0.49578121304512024
      vertex -0.4120478630065918 -1.4832791090011597 0.35456472635269165
      vertex -0.4120478630065918 -1.5612739324569702 0.44747737050056458
    endloop
  endfacet
  facet normal -0.28550304865379267 0.73403622823138159 0.61618083778484778
    outer loop
      vertex -0.14450135827064514 -1.4847702980041504 0.52550709247589111
      vertex -0.14450135827064514 -1.3931750059127808 0.41639259457588196
      vertex -0.28358793258666992 -1.4275007247924805 0.39283892512321472
    endloop
  endfacet
  facet normal -0.28550254795201063 0.73403669461971577 0.61618051418774367
    outer loop
      vertex -0.14450135827064514 -1.4847702980041504 0.52550709247589111
      vertex -0.28358793258666992 -1.4275007247924805 0.39283892512321472
      vertex -0.28358793258666992 -1.5139147043228149 0.49578121304512024
    endloop
  endfacet
  facet normal -0.096338647548897038 0.76235262703526407 0.63995104269067415
    outer loop
      vertex 0 -1.4749325513839722 0.53554099798202515
      vertex 0 -1.381588339805603 0.42434310913085938
      vertex -0.14450135827064514 -1.3931750059127808 0.41639259457588196
    endloop
  endfacet
  facet normal -0.096338473444583711 0.76235275346250642 0.63995091829178741
    outer loop
      vertex 0 -1.4749325513839722 0.53554099798202515
      vertex -0.14450135827064514 -1.3931750059127808 0.41639259457588196
      vertex -0.14450135827064514 -1.4847702980041504 0.52550709247589111
    endloop
  endfacet
  facet normal 0.10231649781656442 0.76189562129647737 0.63956735104585183
    outer loop
      vertex 0.15337395668029785 -1.4860289096832275 0.52422332763671875
      vertex 0.15337395668029785 -1.3946573734283447 0.41537541151046753
      vertex 0 -1.381588339805603 0.42434310913085938
    endloop
  endfacet
  facet normal 0.10231645402198498 0.76189559436492205 0.63956739013468245
    outer loop
      vertex 0.15337395668029785 -1.4860289096832275 0.52422332763671875
      vertex 0 -1.381588339805603 0.42434310913085938
      vertex 0 -1.4749325513839722 0.53554099798202515
    endloop
  endfacet
  facet normal 0.29959444591894169 0.73073405788124879 0.61340924726231982
    outer loop
      vertex 0.29570668935775757 -1.5174671411514282 0.49215805530548096
      vertex 0.29570668935775757 -1.4316844940185547 0.38996803760528564
      vertex 0.15337395668029785 -1.3946573734283447 0.41537541151046753
    endloop
  endfacet
  facet normal 0.29959459988396997 0.73073413320554681 0.61340908233307234
    outer loop
      vertex 0.29570668935775757 -1.5174671411514282 0.49215805530548096
      vertex 0.15337395668029785 -1.3946573734283447 0.41537541151046753
      vertex 0.15337395668029785 -1.4860289096832275 0.52422332763671875
    endloop
  endfacet
  facet normal 0.48060970272004305 0.67165748857992091 0.56381781781517437
    outer loop
      vertex 0.42434310913085938 -1.5670562982559204 0.44157969951629639
      vertex 0.42434310913085938 -1.4900894165039062 0.34989160299301147
      vertex 0.29570668935775757 -1.4316844940185547 0.38996803760528564
    endloop
  endfacet
  facet normal 0.48060967688978529 0.67165747747370774 0.56381785306387033
    outer loop
      vertex 0.42434310913085938 -1.5670562982559204 0.44157969951629639
      vertex 0.29570668935775757 -1.4316844940185547 0.38996803760528564
      vertex 0.29570668935775757 -1.5174671411514282 0.49215805530548096
    endloop
  endfacet
  facet normal 0.64116563439169749 0.58776570664503758 0.49339447034513007
    outer loop
      vertex 0.53554099798202515 -1.6324055194854736 0.3749268651008606
      vertex 0.53554099798202515 -1.5670562982559204 0.29707834124565125
      vertex 0.42434310913085938 -1.4900894165039062 0.34989160299301147
    endloop
  endfacet
  facet normal 0.64116517501726555 0.58776549671963407 0.49339531737846992
    outer loop
      vertex 0.53554099798202515 -1.6324055194854736 0.3749268651008606
      vertex 0.42434310913085938 -1.4900894165039062 0.34989160299301147
      vertex 0.42434310913085938 -1.5670562982559204 0.44157969951629639
    endloop
  endfacet
  facet normal 0.77701646968716609 0.4821282233835566 0.40471938680017372
    outer loop
      vertex 0.62667101621627808 -1.7115294933319092 0.29422470927238464
      vertex 0.62667101621627808 -1.6602463722229004 0.23313289880752563
      vertex 0.53554099798202515 -1.5670562982559204 0.29707834124565125
    endloop
  endfacet
  facet normal 0.77701686898398625 0.48212849682591519 0.40471829445023394
    outer loop
      vertex 0.62667101621627808 -1.7115294933319092 0.29422470927238464
      vertex 0.53554099798202515 -1.5670562982559204 0.29707834124565125
      vertex 0.53554099798202515 -1.6324055194854736 0.3749268651008606
    endloop
  endfacet
  facet normal 0.88390689217732532 0.35819035573395158 0.30067968840712778
    outer loop
      vertex 0.69431829452514648 -1.8014628887176514 0.20249730348587036
      vertex 0.69431829452514648 -1.7661678791046143 0.16045145690441132
      vertex 0.62667101621627808 -1.6602463722229004 0.23313289880752563
    endloop
  endfacet
  facet normal 0.88390674792130974 0.3581901384896643 0.30068037127143732
    outer loop
      vertex 0.69431829452514648 -1.8014628887176514 0.20249730348587036
      vertex 0.62667101621627808 -1.6602463722229004 0.23313289880752563
      vertex 0.62667101621627808 -1.7115294933319092 0.29422470927238464
    endloop
  endfacet
  facet normal 0.95763660227039826 0.2205683052512846 0.18515334377370282
    outer loop
      vertex 0.73594790697097778 -1.8988360166549683 0.1031818762421608
      vertex 0.73594790697097778 -1.8808516263961792 0.081757545471191406
      vertex 0.69431829452514648 -1.7661678791046143 0.16045145690441132
    endloop
  endfacet
  facet normal 0.95763655510540524 0.22056805800032536 0.1851538822596413
    outer loop
      vertex 0.73594790697097778 -1.8988360166549683 0.1031818762421608
      vertex 0.69431829452514648 -1.7661678791046143 0.16045145690441132
      vertex 0.69431829452514648 -1.8014628887176514 0.20249730348587036
    endloop
  endfacet
  facet normal 0.99526085476319481 0.074478603645892302 0.062520145353263265
    outer loop
      vertex 0.75 -2 0
      vertex 0.73594790697097778 -1.8808516263961792 0.081757545471191406
      vertex 0.73594790697097778 -1.8988360166549683 0.1031818762421608
    endloop
  endfacet
  facet normal -0.99465297083376414 0.064823843749681656 0.080394881012935987
    outer loop
      vertex -0.73415011167526245 -1.9157367944717407 0.12815335392951965
      vertex -0.73415011167526245 -1.8926243782043457 0.10951739549636841
      vertex -0.75 -2 0
    endloop
  endfacet
  facet normal -0.95325406080554564 0.18966943839750475 0.23522797388004688
    outer loop
      vertex -0.68924421072006226 -1.8375395536422729 0.24708107113838196
      vertex -0.68924421072006226 -1.7929787635803223 0.21115073561668396
      vertex -0.73415011167526245 -1.8926243782043457 0.10951739549636841
    endloop
  endfacet
  facet normal -0.95325412114370889 0.18966878744274857 0.23522825423943641
    outer loop
      vertex -0.68924421072006226 -1.8375395536422729 0.24708107113838196
      vertex -0.73415011167526245 -1.8926243782043457 0.10951739549636841
      vertex -0.73415011167526245 -1.9157367944717407 0.12815335392951965
    endloop
  endfacet
  facet normal -0.8750163866108881 0.30386090192174864 0.37684861077855403
    outer loop
      vertex -0.6184116005897522 -1.7668670415878296 0.35456472635269165
      vertex -0.6184116005897522 -1.7029216289520264 0.30300420522689819
      vertex -0.68924421072006226 -1.7929787635803223 0.21115073561668396
    endloop
  endfacet
  facet normal -0.87501632551478803 0.30386117751126912 0.37684853042577166
    outer loop
      vertex -0.6184116005897522 -1.7668670415878296 0.35456472635269165
      vertex -0.68924421072006226 -1.7929787635803223 0.21115073561668396
      vertex -0.68924421072006226 -1.8375395536422729 0.24708107113838196
    endloop
  endfacet
  facet normal -0.76442279253674461 0.40468159182617691 0.50188704255774175
    outer loop
      vertex -0.52506744861602783 -1.705775260925293 0.44747737050056458
      vertex -0.52506744861602783 -1.6250730752944946 0.38240557909011841
      vertex -0.6184116005897522 -1.7029216289520264 0.30300420522689819
    endloop
  endfacet
  facet normal -0.7644226611614946 0.40468193680665543 0.5018869644902062
    outer loop
      vertex -0.52506744861602783 -1.705775260925293 0.44747737050056458
      vertex -0.6184116005897522 -1.7029216289520264 0.30300420522689819
      vertex -0.6184116005897522 -1.7668670415878296 0.35456472635269165
    endloop
  endfacet
  facet normal -0.6258995037610009 0.48953809530208037 0.60712623435307433
    outer loop
      vertex -0.4120478630065918 -1.6557087898254395 0.52362209558486938
      vertex -0.4120478630065918 -1.5612739324569702 0.44747737050056458
      vertex -0.52506744861602783 -1.6250730752944946 0.38240557909011841
    endloop
  endfacet
  facet normal -0.62589951870354688 0.48953806856059234 0.60712624051068098
    outer loop
      vertex -0.4120478630065918 -1.6557087898254395 0.52362209558486938
      vertex -0.52506744861602783 -1.6250730752944946 0.38240557909011841
      vertex -0.52506744861602783 -1.705775260925293 0.44747737050056458
    endloop
  endfacet
  facet normal -0.46422965331690658 0.55595481105933064 0.68949624875067184
    outer loop
      vertex -0.28358793258666992 -1.6185435056686401 0.58014553785324097
      vertex -0.28358793258666992 -1.5139147043228149 0.49578121304512024
      vertex -0.4120478630065918 -1.5612739324569702 0.44747737050056458
    endloop
  endfacet
  facet normal -0.46422972397628376 0.55595471736578927 0.68949627672354308
    outer loop
      vertex -0.28358793258666992 -1.6185435056686401 0.58014553785324097
      vertex -0.4120478630065918 -1.5612739324569702 0.44747737050056458
      vertex -0.4120478630065918 -1.6557087898254395 0.52362209558486938
    endloop
  endfacet
  facet normal -0.28550267904175269 0.60156508068419634 0.74606144114368922
    outer loop
      vertex -0.14450135827064514 -1.5956722497940063 0.6149296760559082
      vertex -0.14450135827064514 -1.4847702980041504 0.52550709247589111
      vertex -0.28358793258666992 -1.5139147043228149 0.49578121304512024
    endloop
  endfacet
  facet normal -0.28550311146588003 0.60156463159600815 0.74606163777268442
    outer loop
      vertex -0.14450135827064514 -1.5956722497940063 0.6149296760559082
      vertex -0.28358793258666992 -1.5139147043228149 0.49578121304512024
      vertex -0.28358793258666992 -1.6185435056686401 0.58014553785324097
    endloop
  endfacet
  facet normal -0.096338403452943616 0.62477102768454729 0.77484196774963898
    outer loop
      vertex 0 -1.5879521369934082 0.62667101621627808
      vertex 0 -1.4749325513839722 0.53554099798202515
      vertex -0.14450135827064514 -1.4847702980041504 0.52550709247589111
    endloop
  endfacet
  facet normal -0.09633809730857941 0.62477128797319847 0.77484179593725655
    outer loop
      vertex 0 -1.5879521369934082 0.62667101621627808
      vertex -0.14450135827064514 -1.4847702980041504 0.52550709247589111
      vertex -0.14450135827064514 -1.5956722497940063 0.6149296760559082
    endloop
  endfacet
  facet normal 0.10231642737475946 0.62439643175531334 0.7743774562191863
    outer loop
      vertex 0.15337395668029785 -1.5966600179672241 0.61342746019363403
      vertex 0.15337395668029785 -1.4860289096832275 0.52422332763671875
      vertex 0 -1.4749325513839722 0.53554099798202515
    endloop
  endfacet
  facet normal 0.1023164639683463 0.62439646012984151 0.7743774285052073
    outer loop
      vertex 0.15337395668029785 -1.5966600179672241 0.61342746019363403
      vertex 0 -1.4749325513839722 0.53554099798202515
      vertex 0 -1.5879521369934082 0.62667101621627808
    endloop
  endfacet
  facet normal 0.29959454674432462 0.59885870566933919 0.74270543165181346
    outer loop
      vertex 0.29570668935775757 -1.6213312149047852 0.57590579986572266
      vertex 0.29570668935775757 -1.5174671411514282 0.49215805530548096
      vertex 0.15337395668029785 -1.4860289096832275 0.52422332763671875
    endloop
  endfacet
  facet normal 0.29959449381278563 0.59885866933434473 0.74270548230113331
    outer loop
      vertex 0.29570668935775757 -1.6213312149047852 0.57590579986572266
      vertex 0.15337395668029785 -1.4860289096832275 0.52422332763671875
      vertex 0.15337395668029785 -1.5966600179672241 0.61342746019363403
    endloop
  endfacet
  facet normal 0.48060970636112182 0.55044390315766212 0.68266083791882659
    outer loop
      vertex 0.42434310913085938 -1.6602463722229004 0.51672083139419556
      vertex 0.42434310913085938 -1.5670562982559204 0.44157969951629639
      vertex 0.29570668935775757 -1.5174671411514282 0.49215805530548096
    endloop
  endfacet
  facet normal 0.48060947566800799 0.5504437451710289 0.68266112772019893
    outer loop
      vertex 0.42434310913085938 -1.6602463722229004 0.51672083139419556
      vertex 0.29570668935775757 -1.5174671411514282 0.49215805530548096
      vertex 0.29570668935775757 -1.6213312149047852 0.57590579986572266
    endloop
  endfacet
  facet normal 0.64116518770860109 0.48169122174907242 0.597394985717557
    outer loop
      vertex 0.53554099798202515 -1.7115294933319092 0.43872606754302979
      vertex 0.53554099798202515 -1.6324055194854736 0.3749268651008606
      vertex 0.42434310913085938 -1.5670562982559204 0.44157969951629639
    endloop
  endfacet
  facet normal 0.64116565198356035 0.48169159487629293 0.5973941865653104
    outer loop
      vertex 0.53554099798202515 -1.7115294933319092 0.43872606754302979
      vertex 0.42434310913085938 -1.5670562982559204 0.44157969951629639
      vertex 0.42434310913085938 -1.6602463722229004 0.51672083139419556
    endloop
  endfacet
  facet normal 0.77701686879343546 0.39511887667401929 0.49002638592866221
    outer loop
      vertex 0.62667101621627808 -1.7736220359802246 0.34429126977920532
      vertex 0.62667101621627808 -1.7115294933319092 0.29422470927238464
      vertex 0.53554099798202515 -1.6324055194854736 0.3749268651008606
    endloop
  endfacet
  facet normal 0.77701654648247231 0.3951184902039917 0.49002720862353116
    outer loop
      vertex 0.62667101621627808 -1.7736220359802246 0.34429126977920532
      vertex 0.53554099798202515 -1.6324055194854736 0.3749268651008606
      vertex 0.53554099798202515 -1.7115294933319092 0.43872606754302979
    endloop
  endfacet
  facet normal 0.8839067295740497 0.29354739512457945 0.36405881424473396
    outer loop
      vertex 0.69431829452514648 -1.8441976308822632 0.23695512115955353
      vertex 0.69431829452514648 -1.8014628887176514 0.20249730348587036
      vertex 0.62667101621627808 -1.7115294933319092 0.29422470927238464
    endloop
  endfacet
  facet normal 0.88390691651874898 0.29354784188190136 0.36405800012744621
    outer loop
      vertex 0.69431829452514648 -1.8441976308822632 0.23695512115955353
      vertex 0.62667101621627808 -1.7115294933319092 0.29422470927238464
      vertex 0.62667101621627808 -1.7736220359802246 0.34429126977920532
    endloop
  endfacet
  facet normal 0.9576365475344828 0.18076177704219445 0.22418167361937488
    outer loop
      vertex 0.73594790697097778 -1.9206113815307617 0.12073975056409836
      vertex 0.73594790697097778 -1.8988360166549683 0.1031818762421608
      vertex 0.69431829452514648 -1.8014628887176514 0.20249730348587036
    endloop
  endfacet
  facet normal 0.95763655249680801 0.1807618134838774 0.22418162303821415
    outer loop
      vertex 0.73594790697097778 -1.9206113815307617 0.12073975056409836
      vertex 0.69431829452514648 -1.8014628887176514 0.20249730348587036
      vertex 0.69431829452514648 -1.8441976308822632 0.23695512115955353
    endloop
  endfacet
  facet normal 0.99526085548237264 0.061037215673587636 0.075698664765712895
    outer loop
      vertex 0.75 -2 0
      vertex 0.73594790697097778 -1.8988360166549683 0.1031818762421608
      vertex 0.73594790697097778 -1.9206113815307617 0.12073975056409836
    endloop
  endfacet
  facet normal -0.99465296896337207 0.04811983448449636 0.091378076481911777
    outer loop
      vertex -0.73415011167526245 -1.9420067071914673 0.14198713004589081
      vertex -0.73415011167526245 -1.9157367944717407 0.12815335392951965
      vertex -0.75 -2 0
    endloop
  endfacet
  facet normal -0.95325409969557606 0.14079435579932154 0.26736411649402525
    outer loop
      vertex -0.68924421072006226 -1.8881882429122925 0.27375274896621704
      vertex -0.68924421072006226 -1.8375395536422729 0.24708107113838196
      vertex -0.73415011167526245 -1.9157367944717407 0.12815335392951965
    endloop
  endfacet
  facet normal -0.95325410002048294 0.14079435206889129 0.2673641173000601
    outer loop
      vertex -0.68924421072006226 -1.8881882429122925 0.27375274896621704
      vertex -0.73415011167526245 -1.9157367944717407 0.12815335392951965
      vertex -0.73415011167526245 -1.9420067071914673 0.14198713004589081
    endloop
  endfacet
  facet normal -0.87501632704708943 0.22556054724144131 0.4283326591904501
    outer loop
      vertex -0.6184116005897522 -1.8395485877990723 0.39283892512321472
      vertex -0.6184116005897522 -1.7668670415878296 0.35456472635269165
      vertex -0.68924421072006226 -1.8375395536422729 0.24708107113838196
    endloop
  endfacet
  facet normal -0.87501630843640099 0.22556063433267431 0.42833265134679471
    outer loop
      vertex -0.6184116005897522 -1.8395485877990723 0.39283892512321472
      vertex -0.68924421072006226 -1.8375395536422729 0.24708107113838196
      vertex -0.68924421072006226 -1.8881882429122925 0.27375274896621704
    endloop
  endfacet
  facet normal -0.76442266131915204 0.30040156659808903 0.57045323528503111
    outer loop
      vertex -0.52506744861602783 -1.7975027561187744 0.49578121304512024
      vertex -0.52506744861602783 -1.705775260925293 0.44747737050056458
      vertex -0.6184116005897522 -1.7668670415878296 0.35456472635269165
    endloop
  endfacet
  facet normal -0.76442271081710733 0.30040143338888875 0.57045323910459667
    outer loop
      vertex -0.52506744861602783 -1.7975027561187744 0.49578121304512024
      vertex -0.6184116005897522 -1.7668670415878296 0.35456472635269165
      vertex -0.6184116005897522 -1.8395485877990723 0.39283892512321472
    endloop
  endfacet
  facet normal -0.62589959431965514 0.36339233011374067 0.69006935321386154
    outer loop
      vertex -0.4120478630065918 -1.7630448341369629 0.58014553785324097
      vertex -0.4120478630065918 -1.6557087898254395 0.52362209558486938
      vertex -0.52506744861602783 -1.705775260925293 0.44747737050056458
    endloop
  endfacet
  facet normal -0.62589998459465723 0.36339161376863138 0.69006937645938005
    outer loop
      vertex -0.4120478630065918 -1.7630448341369629 0.58014553785324097
      vertex -0.52506744861602783 -1.705775260925293 0.44747737050056458
      vertex -0.52506744861602783 -1.7975027561187744 0.49578121304512024
    endloop
  endfacet
  facet normal -0.46422965108742759 0.4126941302890782 0.78369278794447661
    outer loop
      vertex -0.28358793258666992 -1.7374663352966309 0.64277052879333496
      vertex -0.28358793258666992 -1.6185435056686401 0.58014553785324097
      vertex -0.4120478630065918 -1.6557087898254395 0.52362209558486938
    endloop
  endfacet
  facet normal -0.46422927390989466 0.41269464982040482 0.78369273778356885
    outer loop
      vertex -0.28358793258666992 -1.7374663352966309 0.64277052879333496
      vertex -0.4120478630065918 -1.6557087898254395 0.52362209558486938
      vertex -0.4120478630065918 -1.7630448341369629 0.58014553785324097
    endloop
  endfacet
  facet normal -0.2855030638064488 0.44655094564838771 0.84798599840897215
    outer loop
      vertex -0.14450135827064514 -1.7217253446578979 0.68130946159362793
      vertex -0.14450135827064514 -1.5956722497940063 0.6149296760559082
      vertex -0.28358793258666992 -1.6185435056686401 0.58014553785324097
    endloop
  endfacet
  facet normal -0.28550297240460631 0.44655104680170932 0.84798597591495128
    outer loop
      vertex -0.14450135827064514 -1.7217253446578979 0.68130946159362793
      vertex -0.28358793258666992 -1.6185435056686401 0.58014553785324097
      vertex -0.28358793258666992 -1.7374663352966309 0.64277052879333496
    endloop
  endfacet
  facet normal -0.096338142030251081 0.46377758337348374 0.88069819776720937
    outer loop
      vertex 0 -1.7164120674133301 0.69431829452514648
      vertex 0 -1.5879521369934082 0.62667101621627808
      vertex -0.14450135827064514 -1.5956722497940063 0.6149296760559082
    endloop
  endfacet
  facet normal -0.096338434269577597 0.46377730796320138 0.88069831083117911
    outer loop
      vertex 0 -1.7164120674133301 0.69431829452514648
      vertex -0.14450135827064514 -1.5956722497940063 0.6149296760559082
      vertex -0.14450135827064514 -1.7217253446578979 0.68130946159362793
    endloop
  endfacet
  facet normal 0.10231647116121644 0.4634997270548315 0.88017006467455616
    outer loop
      vertex 0.15337395668029785 -1.7224051952362061 0.67964518070220947
      vertex 0.15337395668029785 -1.5966600179672241 0.61342746019363403
      vertex 0 -1.5879521369934082 0.62667101621627808
    endloop
  endfacet
  facet normal 0.10231625818606191 0.46349953393223947 0.88017019113089712
    outer loop
      vertex 0.15337395668029785 -1.7224051952362061 0.67964518070220947
      vertex 0 -1.5879521369934082 0.62667101621627808
      vertex 0 -1.7164120674133301 0.69431829452514648
    endloop
  endfacet
  facet normal 0.29959449351555056 0.44454257371194617 0.84417121463167621
    outer loop
      vertex 0.29570668935775757 -1.7393848896026611 0.6380731463432312
      vertex 0.29570668935775757 -1.6213312149047852 0.57590579986572266
      vertex 0.15337395668029785 -1.5966600179672241 0.61342746019363403
    endloop
  endfacet
  facet normal 0.29959454817637421 0.44454262060832039 0.84417117053692436
    outer loop
      vertex 0.29570668935775757 -1.7393848896026611 0.6380731463432312
      vertex 0.15337395668029785 -1.5966600179672241 0.61342746019363403
      vertex 0.15337395668029785 -1.7224051952362061 0.67964518070220947
    endloop
  endfacet
  facet normal 0.48060953463893163 0.40860325398642583 0.77592387258406614
    outer loop
      vertex 0.42434310913085938 -1.7661678791046143 0.57249933481216431
      vertex 0.42434310913085938 -1.6602463722229004 0.51672083139419556
      vertex 0.29570668935775757 -1.6213312149047852 0.57590579986572266
    endloop
  endfacet
  facet normal 0.48060960609652925 0.40860331930130001 0.77592379392804989
    outer loop
      vertex 0.42434310913085938 -1.7661678791046143 0.57249933481216431
      vertex 0.29570668935775757 -1.6213312149047852 0.57590579986572266
      vertex 0.29570668935775757 -1.7393848896026611 0.6380731463432312
    endloop
  endfacet
  facet normal 0.64116561132516259 0.35756754035699434 0.67900818326223422
    outer loop
      vertex 0.53554099798202515 -1.8014628887176514 0.48608523607254028
      vertex 0.53554099798202515 -1.7115294933319092 0.43872606754302979
      vertex 0.42434310913085938 -1.6602463722229004 0.51672083139419556
    endloop
  endfacet
  facet normal 0.64116545260739954 0.35756736255210969 0.67900842676676465
    outer loop
      vertex 0.53554099798202515 -1.8014628887176514 0.48608523607254028
      vertex 0.42434310913085938 -1.6602463722229004 0.51672083139419556
      vertex 0.42434310913085938 -1.7661678791046143 0.57249933481216431
    endloop
  endfacet
  facet normal 0.77701655983282647 0.29330280772753092 0.55697282584045915
    outer loop
      vertex 0.62667101621627808 -1.8441976308822632 0.38145649433135986
      vertex 0.62667101621627808 -1.7736220359802246 0.34429126977920532
      vertex 0.53554099798202515 -1.7115294933319092 0.43872606754302979
    endloop
  endfacet
  facet normal 0.77701676373659345 0.29330314791606266 0.55697236223608015
    outer loop
      vertex 0.62667101621627808 -1.8441976308822632 0.38145649433135986
      vertex 0.53554099798202515 -1.7115294933319092 0.43872606754302979
      vertex 0.53554099798202515 -1.8014628887176514 0.48608523607254028
    endloop
  endfacet
  facet normal 0.8839069142410636 0.2179051733266523 0.41379451711486315
    outer loop
      vertex 0.69431829452514648 -1.892770528793335 0.26253372430801392
      vertex 0.69431829452514648 -1.8441976308822632 0.23695512115955353
      vertex 0.62667101621627808 -1.7736220359802246 0.34429126977920532
    endloop
  endfacet
  facet normal 0.88390685667681212 0.21790499003924069 0.41379473659740507
    outer loop
      vertex 0.69431829452514648 -1.892770528793335 0.26253372430801392
      vertex 0.62667101621627808 -1.7736220359802246 0.34429126977920532
      vertex 0.62667101621627808 -1.8441976308822632 0.38145649433135986
    endloop
  endfacet
  facet normal 0.95763655523543512 0.13418290232288563 0.2548081176120891
    outer loop
      vertex 0.73594790697097778 -1.9453614950180054 0.13377325236797333
      vertex 0.73594790697097778 -1.9206113815307617 0.12073975056409836
      vertex 0.69431829452514648 -1.8441976308822632 0.23695512115955353
    endloop
  endfacet
  facet normal 0.95763653013030692 0.13418267210792523 0.25480833319568419
    outer loop
      vertex 0.73594790697097778 -1.9453614950180054 0.13377325236797333
      vertex 0.69431829452514648 -1.8441976308822632 0.23695512115955353
      vertex 0.69431829452514648 -1.892770528793335 0.26253372430801392
    endloop
  endfacet
  facet normal 0.99526085556817367 0.045309088774999277 0.086040199023981925
    outer loop
      vertex 0.75 -2 0
      vertex 0.73594790697097778 -1.9206113815307617 0.12073975056409836
      vertex 0.73594790697097778 -1.9453614950180054 0.13377325236797333
    endloop
  endfacet
  facet normal -0.99465296915774981 0.029612637017579525 0.098937165284525189
    outer loop
      vertex -0.73415011167526245 -1.970449686050415 0.15050032734870911
      vertex -0.73415011167526245 -1.9420067071914673 0.14198713004589081
      vertex -0.75 -2 0
    endloop
  endfacet
  facet normal -0.95325409446857479 0.086643892019859337 0.28948137652455047
    outer loop
      vertex -0.68924421072006226 -1.9430266618728638 0.29016628861427307
      vertex -0.68924421072006226 -1.8881882429122925 0.27375274896621704
      vertex -0.73415011167526245 -1.9420067071914673 0.14198713004589081
    endloop
  endfacet
  facet normal -0.95325408945315249 0.086643950922947188 0.28948137541006463
    outer loop
      vertex -0.68924421072006226 -1.9430266618728638 0.29016628861427307
      vertex -0.73415011167526245 -1.9420067071914673 0.14198713004589081
      vertex -0.73415011167526245 -1.970449686050415 0.15050032734870911
    endloop
  endfacet
  facet normal -0.87501630209759484 0.13880858854499153 0.46376572405644401
    outer loop
      vertex -0.6184116005897522 -1.9182424545288086 0.41639259457588196
      vertex -0.6184116005897522 -1.8395485877990723 0.39283892512321472
      vertex -0.68924421072006226 -1.8881882429122925 0.27375274896621704
    endloop
  endfacet
  facet normal -0.87501632801716855 0.13880846741862093 0.46376571140635658
    outer loop
      vertex -0.6184116005897522 -1.9182424545288086 0.41639259457588196
      vertex -0.68924421072006226 -1.8881882429122925 0.27375274896621704
      vertex -0.68924421072006226 -1.9430266618728638 0.29016628861427307
    endloop
  endfacet
  facet normal -0.76442270401051937 0.18486535749139024 0.61764288160135561
    outer loop
      vertex -0.52506744861602783 -1.8968181610107422 0.52550709247589111
      vertex -0.52506744861602783 -1.7975027561187744 0.49578121304512024
      vertex -0.6184116005897522 -1.8395485877990723 0.39283892512321472
    endloop
  endfacet
  facet normal -0.76442277216490551 0.18486517649707013 0.61764285142339981
    outer loop
      vertex -0.52506744861602783 -1.8968181610107422 0.52550709247589111
      vertex -0.6184116005897522 -1.8395485877990723 0.39283892512321472
      vertex -0.6184116005897522 -1.9182424545288086 0.41639259457588196
    endloop
  endfacet
  facet normal -0.62589989837047644 0.22362873089724974 0.74715427318400085
    outer loop
      vertex -0.4120478630065918 -1.8792603015899658 0.6149296760559082
      vertex -0.4120478630065918 -1.7630448341369629 0.58014553785324097
      vertex -0.52506744861602783 -1.7975027561187744 0.49578121304512024
    endloop
  endfacet
  facet normal -0.62589966544620013 0.22362915308962752 0.74715434194197838
    outer loop
      vertex -0.4120478630065918 -1.8792603015899658 0.6149296760559082
      vertex -0.52506744861602783 -1.7975027561187744 0.49578121304512024
      vertex -0.52506744861602783 -1.8968181610107422 0.52550709247589111
    endloop
  endfacet
  facet normal -0.46422938149924675 0.25396897200415869 0.84852274136405892
    outer loop
      vertex -0.28358793258666992 -1.8662267923355103 0.68130946159362793
      vertex -0.28358793258666992 -1.7374663352966309 0.64277052879333496
      vertex -0.4120478630065918 -1.7630448341369629 0.58014553785324097
    endloop
  endfacet
  facet normal -0.46422932032871589 0.25396905625025495 0.84852274961517271
    outer loop
      vertex -0.28358793258666992 -1.8662267923355103 0.68130946159362793
      vertex -0.4120478630065918 -1.7630448341369629 0.58014553785324097
      vertex -0.4120478630065918 -1.8792603015899658 0.6149296760559082
    endloop
  endfacet
  facet normal -0.28550283589621878 0.27480443672996441 0.91813433235488129
    outer loop
      vertex -0.14450135827064514 -1.858206033706665 0.72215914726257324
      vertex -0.14450135827064514 -1.7217253446578979 0.68130946159362793
      vertex -0.28358793258666992 -1.7374663352966309 0.64277052879333496
    endloop
  endfacet
  facet normal -0.28550302316968318 0.27480422448007441 0.91813433764829644
    outer loop
      vertex -0.14450135827064514 -1.858206033706665 0.72215914726257324
      vertex -0.28358793258666992 -1.7374663352966309 0.64277052879333496
      vertex -0.28358793258666992 -1.8662267923355103 0.68130946159362793
    endloop
  endfacet
  facet normal -0.096338504191851401 0.28540513111151578 0.9535527273021116
    outer loop
      vertex 0 -1.8554986715316772 0.73594790697097778
      vertex 0 -1.7164120674133301 0.69431829452514648
      vertex -0.14450135827064514 -1.7217253446578979 0.68130946159362793
    endloop
  endfacet
  facet normal -0.096338225758218293 0.28540540934952435 0.95355267215387163
    outer loop
      vertex 0 -1.8554986715316772 0.73594790697097778
      vertex -0.14450135827064514 -1.7217253446578979 0.68130946159362793
      vertex -0.14450135827064514 -1.858206033706665 0.72215914726257324
    endloop
  endfacet
  facet normal 0.10231622253195906 0.28523404493614124 0.95298107547640099
    outer loop
      vertex 0.15337395668029785 -1.8585524559020996 0.72039502859115601
      vertex 0.15337395668029785 -1.7224051952362061 0.67964518070220947
      vertex 0 -1.7164120674133301 0.69431829452514648
    endloop
  endfacet
  facet normal 0.10231621072989978 0.28523403308458156 0.95298108029077822
    outer loop
      vertex 0.15337395668029785 -1.8585524559020996 0.72039502859115601
      vertex 0 -1.7164120674133301 0.69431829452514648
      vertex 0 -1.8554986715316772 0.73594790697097778
    endloop
  endfacet
  facet normal 0.29959457207264401 0.27356798210026012 0.91400418574216669
    outer loop
      vertex 0.29570668935775757 -1.8672044277191162 0.67633044719696045
      vertex 0.29570668935775757 -1.7393848896026611 0.6380731463432312
      vertex 0.15337395668029785 -1.7224051952362061 0.67964518070220947
    endloop
  endfacet
  facet normal 0.29959457312661852 0.27356798315139197 0.91400418508208103
    outer loop
      vertex 0.29570668935775757 -1.8672044277191162 0.67633044719696045
      vertex 0.15337395668029785 -1.7224051952362061 0.67964518070220947
      vertex 0.15337395668029785 -1.8585524559020996 0.72039502859115601
    endloop
  endfacet
  facet normal 0.48060963270692703 0.25145121435367429 0.84011110440784853
    outer loop
      vertex 0.42434310913085938 -1.8808516263961792 0.60682499408721924
      vertex 0.42434310913085938 -1.7661678791046143 0.57249933481216431
      vertex 0.29570668935775757 -1.7393848896026611 0.6380731463432312
    endloop
  endfacet
  facet normal 0.48060966216434869 0.25145124702161137 0.84011107777813954
    outer loop
      vertex 0.42434310913085938 -1.8808516263961792 0.60682499408721924
      vertex 0.29570668935775757 -1.7393848896026611 0.6380731463432312
      vertex 0.29570668935775757 -1.8672044277191162 0.67633044719696045
    endloop
  endfacet
  facet normal 0.6411654705500528 0.22004412422158684 0.73517849721675355
    outer loop
      vertex 0.53554099798202515 -1.8988360166549683 0.51522970199584961
      vertex 0.53554099798202515 -1.8014628887176514 0.48608523607254028
      vertex 0.42434310913085938 -1.7661678791046143 0.57249933481216431
    endloop
  endfacet
  facet normal 0.64116547968947302 0.22004413696980721 0.73517848543042985
    outer loop
      vertex 0.53554099798202515 -1.8988360166549683 0.51522970199584961
      vertex 0.42434310913085938 -1.7661678791046143 0.57249933481216431
      vertex 0.42434310913085938 -1.8808516263961792 0.60682499408721924
    endloop
  endfacet
  facet normal 0.77701672931791976 0.18049647648282138 0.60304728200810975
    outer loop
      vertex 0.62667101621627808 -1.9206113815307617 0.40432769060134888
      vertex 0.62667101621627808 -1.8441976308822632 0.38145649433135986
      vertex 0.53554099798202515 -1.8014628887176514 0.48608523607254028
    endloop
  endfacet
  facet normal 0.77701666903495048 0.18049635138502274 0.60304739712440902
    outer loop
      vertex 0.62667101621627808 -1.9206113815307617 0.40432769060134888
      vertex 0.53554099798202515 -1.8014628887176514 0.48608523607254028
      vertex 0.53554099798202515 -1.8988360166549683 0.51522970199584961
    endloop
  endfacet
  facet normal 0.88390685563969096 0.13409731012952461 0.44802520238171917
    outer loop
      vertex 0.69431829452514648 -1.9453614950180054 0.27827459573745728
      vertex 0.69431829452514648 -1.892770528793335 0.26253372430801392
      vertex 0.62667101621627808 -1.8441976308822632 0.38145649433135986
    endloop
  endfacet
  facet normal 0.8839068390432171 0.1340972460835142 0.44802525429427059
    outer loop
      vertex 0.69431829452514648 -1.9453614950180054 0.27827459573745728
      vertex 0.62667101621627808 -1.8441976308822632 0.38145649433135986
      vertex 0.62667101621627808 -1.9206113815307617 0.40432769060134888
    endloop
  endfacet
  facet normal 0.95763653259627202 0.082574815996215176 0.2758870624008678
    outer loop
      vertex 0.73594790697097778 -1.9721591472625732 0.14179396629333496
      vertex 0.73594790697097778 -1.9453614950180054 0.13377325236797333
      vertex 0.69431829452514648 -1.892770528793335 0.26253372430801392
    endloop
  endfacet
  facet normal 0.95763655277372062 0.082575030939856742 0.27588692802839887
    outer loop
      vertex 0.73594790697097778 -1.9721591472625732 0.14179396629333496
      vertex 0.69431829452514648 -1.892770528793335 0.26253372430801392
      vertex 0.69431829452514648 -1.9453614950180054 0.27827459573745728
    endloop
  endfacet
  facet normal 0.99526085545263809 0.027882753101991595 0.093157832108396468
    outer loop
      vertex 0.75 -2 0
      vertex 0.73594790697097778 -1.9453614950180054 0.13377325236797333
      vertex 0.73594790697097778 -1.9721591472625732 0.14179396629333496
    endloop
  endfacet
  facet normal -0.9946529694838856 0.0099957369196752854 0.10278888821424878
    outer loop
      vertex -0.73415011167526245 -2 0.15337395668029785
      vertex -0.73415011167526245 -1.970449686050415 0.15050032734870911
      vertex -0.75 -2 0
    endloop
  endfacet
  facet normal -0.95325409288923302 0.02924669766037015 0.30075116802082197
    outer loop
      vertex -0.68924421072006226 -2 0.29570668935775757
      vertex -0.68924421072006226 -1.9430266618728638 0.29016628861427307
      vertex -0.73415011167526245 -1.970449686050415 0.15050032734870911
    endloop
  endfacet
  facet normal -0.95325409800899441 0.029246638439309927 0.30075115755231768
    outer loop
      vertex -0.68924421072006226 -2 0.29570668935775757
      vertex -0.73415011167526245 -1.970449686050415 0.15050032734870911
      vertex -0.73415011167526245 -2 0.15337395668029785
    endloop
  endfacet
  facet normal -0.87501631622949172 0.046854655995645381 0.48182059684461387
    outer loop
      vertex -0.6184116005897522 -2 0.42434310913085938
      vertex -0.6184116005897522 -1.9182424545288086 0.41639259457588196
      vertex -0.68924421072006226 -1.9430266618728638 0.29016628861427307
    endloop
  endfacet
  facet normal -0.87501626372720898 0.046854891813371512 0.48182066925987371
    outer loop
      vertex -0.6184116005897522 -2 0.42434310913085938
      vertex -0.68924421072006226 -1.9430266618728638 0.29016628861427307
      vertex -0.68924421072006226 -2 0.29570668935775757
    endloop
  endfacet
  facet normal -0.76442278648229001 0.062400905705935157 0.64168834372593231
    outer loop
      vertex -0.52506744861602783 -2 0.53554099798202515
      vertex -0.52506744861602783 -1.8968181610107422 0.52550709247589111
      vertex -0.6184116005897522 -1.9182424545288086 0.41639259457588196
    endloop
  endfacet
  facet normal -0.76442274805023358 0.062401002577208146 0.64168838008856632
    outer loop
      vertex -0.52506744861602783 -2 0.53554099798202515
      vertex -0.6184116005897522 -1.9182424545288086 0.41639259457588196
      vertex -0.6184116005897522 -2 0.42434310913085938
    endloop
  endfacet
  facet normal -0.62589968919466299 0.075485696297708182 0.77624190090491418
    outer loop
      vertex -0.4120478630065918 -2 0.62667101621627808
      vertex -0.4120478630065918 -1.8792603015899658 0.6149296760559082
      vertex -0.52506744861602783 -1.8968181610107422 0.52550709247589111
    endloop
  endfacet
  facet normal -0.62589977724450829 0.075485544698846108 0.77624184465074642
    outer loop
      vertex -0.4120478630065918 -2 0.62667101621627808
      vertex -0.52506744861602783 -1.8968181610107422 0.52550709247589111
      vertex -0.52506744861602783 -2 0.53554099798202515
    endloop
  endfacet
  facet normal -0.46422930229989307 0.085727346095244586 0.88155656484290368
    outer loop
      vertex -0.28358793258666992 -2 0.69431829452514648
      vertex -0.28358793258666992 -1.8662267923355103 0.68130946159362793
      vertex -0.4120478630065918 -1.8792603015899658 0.6149296760559082
    endloop
  endfacet
  facet normal -0.46422954955561702 0.085727018372053446 0.88155646650706765
    outer loop
      vertex -0.28358793258666992 -2 0.69431829452514648
      vertex -0.4120478630065918 -1.8792603015899658 0.6149296760559082
      vertex -0.4120478630065918 -2 0.62667101621627808
    endloop
  endfacet
  facet normal -0.28550297124476826 0.092759923768696212 0.9538782154724128
    outer loop
      vertex -0.14450135827064514 -2 0.73594790697097778
      vertex -0.14450135827064514 -1.858206033706665 0.72215914726257324
      vertex -0.28358793258666992 -1.8662267923355103 0.68130946159362793
    endloop
  endfacet
  facet normal -0.28550263254222252 0.092760302295725142 0.95387828003863584
    outer loop
      vertex -0.14450135827064514 -2 0.73594790697097778
      vertex -0.28358793258666992 -1.8662267923355103 0.68130946159362793
      vertex -0.28358793258666992 -2 0.69431829452514648
    endloop
  endfacet
  facet normal -0.096338257439074509 0.096338652572601824 0.99067542826805699
    outer loop
      vertex 0 -2 0.75
      vertex 0 -1.8554986715316772 0.73594790697097778
      vertex -0.14450135827064514 -1.858206033706665 0.72215914726257324
    endloop
  endfacet
  facet normal -0.09633863276997863 0.096338270209461271 0.99067542895191474
    outer loop
      vertex 0 -2 0.75
      vertex -0.14450135827064514 -1.858206033706665 0.72215914726257324
      vertex -0.14450135827064514 -2 0.73594790697097778
    endloop
  endfacet
  facet normal 0.10231618336097327 0.096280595454197121 0.99008153480480032
    outer loop
      vertex 0.15337395668029785 -2 0.73415011167526245
      vertex 0.15337395668029785 -1.8585524559020996 0.72039502859115601
      vertex 0 -1.8554986715316772 0.73594790697097778
    endloop
  endfacet
  facet normal 0.10231646350158446 0.096280893516714441 0.99008147686953119
    outer loop
      vertex 0.15337395668029785 -2 0.73415011167526245
      vertex 0 -1.8554986715316772 0.73594790697097778
      vertex 0 -2 0.75
    endloop
  endfacet
  facet normal 0.2995945576668459 0.092343023549001813 0.94958720874821989
    outer loop
      vertex 0.29570668935775757 -2 0.68924421072006226
      vertex 0.29570668935775757 -1.8672044277191162 0.67633044719696045
      vertex 0.15337395668029785 -1.8585524559020996 0.72039502859115601
    endloop
  endfacet
  facet normal 0.29959429143382632 0.092342730883668761 0.94958732120495903
    outer loop
      vertex 0.29570668935775757 -2 0.68924421072006226
      vertex 0.15337395668029785 -1.8585524559020996 0.72039502859115601
      vertex 0.15337395668029785 -2 0.73415011167526245
    endloop
  endfacet
  facet normal 0.48060965784958148 0.084877295219997873 0.87281739300832295
    outer loop
      vertex 0.42434310913085938 -2 0.6184116005897522
      vertex 0.42434310913085938 -1.8808516263961792 0.60682499408721924
      vertex 0.29570668935775757 -1.8672044277191162 0.67633044719696045
    endloop
  endfacet
  facet normal 0.48060981901848121 0.08487749867719685 0.87281728447672569
    outer loop
      vertex 0.42434310913085938 -2 0.6184116005897522
      vertex 0.29570668935775757 -1.8672044277191162 0.67633044719696045
      vertex 0.29570668935775757 -2 0.68924421072006226
    endloop
  endfacet
  facet normal 0.6411655525980382 0.074276105603136591 0.76379957730944303
    outer loop
      vertex 0.53554099798202515 -2 0.52506744861602783
      vertex 0.53554099798202515 -1.8988360166549683 0.51522970199584961
      vertex 0.42434310913085938 -1.8808516263961792 0.60682499408721924
    endloop
  endfacet
  facet normal 0.64116539576296194 0.074275851970198453 0.76379973362801423
    outer loop
      vertex 0.53554099798202515 -2 0.52506744861602783
      vertex 0.42434310913085938 -1.8808516263961792 0.60682499408721924
      vertex 0.42434310913085938 -2 0.6184116005897522
    endloop
  endfacet
  facet normal 0.77701663154146117 0.060926593844627744 0.62652462399370445
    outer loop
      vertex 0.62667101621627808 -2 0.4120478630065918
      vertex 0.62667101621627808 -1.9206113815307617 0.40432769060134888
      vertex 0.53554099798202515 -1.8988360166549683 0.51522970199584961
    endloop
  endfacet
  facet normal 0.77701668422319203 0.060926720502902147 0.6265245463408099
    outer loop
      vertex 0.62667101621627808 -2 0.4120478630065918
      vertex 0.53554099798202515 -1.8988360166549683 0.51522970199584961
      vertex 0.53554099798202515 -2 0.52506744861602783
    endloop
  endfacet
  facet normal 0.88390685742055164 0.045264497520693246 0.46546728420923827
    outer loop
      vertex 0.69431829452514648 -2 0.28358793258666992
      vertex 0.69431829452514648 -1.9453614950180054 0.27827459573745728
      vertex 0.62667101621627808 -1.9206113815307617 0.40432769060134888
    endloop
  endfacet
  facet normal 0.8839068622216526 0.045264518594450444 0.46546727304278346
    outer loop
      vertex 0.69431829452514648 -2 0.28358793258666992
      vertex 0.62667101621627808 -1.9206113815307617 0.40432769060134888
      vertex 0.62667101621627808 -2 0.4120478630065918
    endloop
  endfacet
  facet normal 0.95763654791540553 0.027873176939968929 0.28662750758421413
    outer loop
      vertex 0.73594790697097778 -2 0.14450135827064514
      vertex 0.73594790697097778 -1.9721591472625732 0.14179396629333496
      vertex 0.69431829452514648 -1.9453614950180054 0.27827459573745728
    endloop
  endfacet
  facet normal 0.95763654758603289 0.02787317307439946 0.28662750906057283
    outer loop
      vertex 0.73594790697097778 -2 0.14450135827064514
      vertex 0.69431829452514648 -1.9453614950180054 0.27827459573745728
      vertex 0.69431829452514648 -2 0.28358793258666992
    endloop
  endfacet
  facet normal 0.9952608548553723 0.0094118417067506586 0.096784544366549152
    outer loop
      vertex 0.75 -2 0
      vertex 0.73594790697097778 -1.9721591472625732 0.14179396629333496
      vertex 0.73594790697097778 -2 0.14450135827064514
    endloop
  endfacet
  facet normal -0.99464654429912158 -0.010622281968699578 0.10278822422628642
    outer loop
      vertex -0.73415011167526245 -2.0313646793365479 0.1501326858997345
      vertex -0.73415011167526245 -2 0.15337395668029785
      vertex -0.75 -2 0
    endloop
  endfacet
  facet normal -0.95320138491775985 -0.031078357443482505 0.30073452660025562
    outer loop
      vertex -0.68924421072006226 -2.0604715347290039 0.28945747017860413
      vertex -0.68924421072006226 -2 0.29570668935775757
      vertex -0.73415011167526245 -2 0.15337395668029785
    endloop
  endfacet
  facet normal -0.95320138288614287 -0.031078336595491394 0.3007345351940845
    outer loop
      vertex -0.68924421072006226 -2.0604715347290039 0.28945747017860413
      vertex -0.73415011167526245 -2 0.15337395668029785
      vertex -0.73415011167526245 -2.0313646793365479 0.1501326858997345
    endloop
  endfacet
  facet normal -0.87489210434878295 -0.049784790503969438 0.48175230189655943
    outer loop
      vertex -0.6184116005897522 -2.0867776870727539 0.41537541151046753
      vertex -0.6184116005897522 -2 0.42434310913085938
      vertex -0.68924421072006226 -2 0.29570668935775757
    endloop
  endfacet
  facet normal -0.87489215691019739 -0.049784994049459443 0.4817521854071008
    outer loop
      vertex -0.6184116005897522 -2.0867776870727539 0.41537541151046753
      vertex -0.68924421072006226 -2 0.29570668935775757
      vertex -0.68924421072006226 -2.0604715347290039 0.28945747017860413
    endloop
  endfacet
  facet normal -0.76423036881179307 -0.066296260654472444 0.64152688892128695
    outer loop
      vertex -0.52506744861602783 -2.1095173358917236 0.52422332763671875
      vertex -0.52506744861602783 -2 0.53554099798202515
      vertex -0.6184116005897522 -2 0.42434310913085938
    endloop
  endfacet
  facet normal -0.76423028310238927 -0.066296077193441147 0.64152700998321444
    outer loop
      vertex -0.52506744861602783 -2.1095173358917236 0.52422332763671875
      vertex -0.6184116005897522 -2 0.42434310913085938
      vertex -0.6184116005897522 -2.0867776870727539 0.41537541151046753
    endloop
  endfacet
  facet normal -0.62566930472157156 -0.080188453867615153 0.77595601228133204
    outer loop
      vertex -0.4120478630065918 -2.1281533241271973 0.61342746019363403
      vertex -0.4120478630065918 -2 0.62667101621627808
      vertex -0.52506744861602783 -2 0.53554099798202515
    endloop
  endfacet
  facet normal -0.62566923760675697 -0.080188355618144302 0.7759560765506236
    outer loop
      vertex -0.4120478630065918 -2.1281533241271973 0.61342746019363403
      vertex -0.52506744861602783 -2 0.53554099798202515
      vertex -0.52506744861602783 -2.1095173358917236 0.52422332763671875
    endloop
  endfacet
  facet normal -0.46400913096457674 -0.091057835673117246 0.88113789893751948
    outer loop
      vertex -0.28358793258666992 -2.1419870853424072 0.67964518070220947
      vertex -0.28358793258666992 -2 0.69431829452514648
      vertex -0.4120478630065918 -2 0.62667101621627808
    endloop
  endfacet
  facet normal -0.46400935500622215 -0.091058092281627728 0.88113775443839681
    outer loop
      vertex -0.28358793258666992 -2.1419870853424072 0.67964518070220947
      vertex -0.4120478630065918 -2 0.62667101621627808
      vertex -0.4120478630065918 -2.1281533241271973 0.61342746019363403
    endloop
  endfacet
  facet normal -0.28534394857746598 -0.098520118809142229 0.95334810913960122
    outer loop
      vertex -0.14450135827064514 -2.1505002975463867 0.72039502859115601
      vertex -0.14450135827064514 -2 0.73594790697097778
      vertex -0.28358793258666992 -2 0.69431829452514648
    endloop
  endfacet
  facet normal -0.28534395402608326 -0.09852012422406746 0.95334810694920613
    outer loop
      vertex -0.14450135827064514 -2.1505002975463867 0.72039502859115601
      vertex -0.28358793258666992 -2 0.69431829452514648
      vertex -0.28358793258666992 -2.1419870853424072 0.67964518070220947
    endloop
  endfacet
  facet normal -0.096280873843578099 -0.10231646369720024 0.99008147876243824
    outer loop
      vertex 0 -2.1533739566802979 0.73415011167526245
      vertex 0 -2 0.75
      vertex -0.14450135827064514 -2 0.73594790697097778
    endloop
  endfacet
  facet normal -0.096280587252306302 -0.10231619433803574 0.99008153446801161
    outer loop
      vertex 0 -2.1533739566802979 0.73415011167526245
      vertex -0.14450135827064514 -2 0.73594790697097778
      vertex -0.14450135827064514 -2.1505002975463867 0.72039502859115601
    endloop
  endfacet
  facet normal 0.10225520315320771 -0.10225469579787594 0.98948868139831692
    outer loop
      vertex 0.15337395668029785 -2.1501326560974121 0.71863526105880737
      vertex 0.15337395668029785 -2 0.73415011167526245
      vertex 0 -2 0.75
    endloop
  endfacet
  facet normal 0.10225470640786691 -0.10225520304109662 0.98948868031345616
    outer loop
      vertex 0.15337395668029785 -2.1501326560974121 0.71863526105880737
      vertex 0 -2 0.75
      vertex 0 -2.1533739566802979 0.73415011167526245
    endloop
  endfacet
  facet normal 0.29942924909088192 -0.098077807530245309 0.94906420671044744
    outer loop
      vertex 0.29570668935775757 -2.1409494876861572 0.6746782660484314
      vertex 0.29570668935775757 -2 0.68924421072006226
      vertex 0.15337395668029785 -2 0.73415011167526245
    endloop
  endfacet
  facet normal 0.29942982172365956 -0.098077180393637983 0.94906409085402199
    outer loop
      vertex 0.29570668935775757 -2.1409494876861572 0.6746782660484314
      vertex 0.15337395668029785 -2 0.73415011167526245
      vertex 0.15337395668029785 -2.1501326560974121 0.71863526105880737
    endloop
  endfacet
  facet normal 0.48038613603861602 -0.090155968708891615 0.87241106229119414
    outer loop
      vertex 0.42434310913085938 -2.1264643669128418 0.60534262657165527
      vertex 0.42434310913085938 -2 0.6184116005897522
      vertex 0.29570668935775757 -2 0.68924421072006226
    endloop
  endfacet
  facet normal 0.48038583163036025 -0.090156362549222394 0.87241118921108529
    outer loop
      vertex 0.42434310913085938 -2.1264643669128418 0.60534262657165527
      vertex 0.29570668935775757 -2 0.68924421072006226
      vertex 0.29570668935775757 -2.1409494876861572 0.6746782660484314
    endloop
  endfacet
  facet normal 0.64093681687370363 -0.07890407382741399 0.76352743494208664
    outer loop
      vertex 0.53554099798202515 -2.1073756217956543 0.51397109031677246
      vertex 0.53554099798202515 -2 0.52506744861602783
      vertex 0.42434310913085938 -2 0.6184116005897522
    endloop
  endfacet
  facet normal 0.64093698114925879 -0.078903797363045466 0.76352732561249304
    outer loop
      vertex 0.53554099798202515 -2.1073756217956543 0.51397109031677246
      vertex 0.42434310913085938 -2 0.6184116005897522
      vertex 0.42434310913085938 -2.1264643669128418 0.60534262657165527
    endloop
  endfacet
  facet normal 0.77683028257138687 -0.064730324890935526 0.62637424685213017
    outer loop
      vertex 0.62667101621627808 -2.0842633247375488 0.40333998203277588
      vertex 0.62667101621627808 -2 0.4120478630065918
      vertex 0.53554099798202515 -2 0.52506744861602783
    endloop
  endfacet
  facet normal 0.77683022747813568 -0.06473046261812683 0.62637430094593693
    outer loop
      vertex 0.62667101621627808 -2.0842633247375488 0.40333998203277588
      vertex 0.53554099798202515 -2 0.52506744861602783
      vertex 0.53554099798202515 -2.1073756217956543 0.51397109031677246
    endloop
  endfacet
  facet normal 0.88378980657685335 -0.048095489997341929 0.46540563128604673
    outer loop
      vertex 0.69431829452514648 -2.0579934120178223 0.27759483456611633
      vertex 0.69431829452514648 -2 0.28358793258666992
      vertex 0.62667101621627808 -2 0.4120478630065918
    endloop
  endfacet
  facet normal 0.88378977666566438 -0.048095624378561873 0.46540567419928563
    outer loop
      vertex 0.69431829452514648 -2.0579934120178223 0.27759483456611633
      vertex 0.62667101621627808 -2 0.4120478630065918
      vertex 0.62667101621627808 -2.0842633247375488 0.40333998203277588
    endloop
  endfacet
  facet normal 0.95758844971827983 -0.02961898731539056 0.2866131130226815
    outer loop
      vertex 0.73594790697097778 -2.029550313949585 0.14144758880138397
      vertex 0.73594790697097778 -2 0.14450135827064514
      vertex 0.69431829452514648 -2 0.28358793258666992
    endloop
  endfacet
  facet normal 0.95758845823008532 -0.029618887933507709 0.28661309485456254
    outer loop
      vertex 0.73594790697097778 -2.029550313949585 0.14144758880138397
      vertex 0.69431829452514648 -2 0.28358793258666992
      vertex 0.69431829452514648 -2.0579934120178223 0.27759483456611633
    endloop
  endfacet
  facet normal 0.99525515496715877 -0.010001788628018959 0.09678399007861449
    outer loop
      vertex 0.75 -2 0
      vertex 0.73594790697097778 -2 0.14450135827064514
      vertex 0.73594790697097778 -2.029550313949585 0.14144758880138397
    endloop
  endfacet
  facet normal -0.99465011821598082 -0.031081260500452765 0.098514453653453501
    outer loop
      vertex -0.73415011167526245 -2.0604715347290039 0.14094948768615723
      vertex -0.73415011167526245 -2.0313646793365479 0.1501326858997345
      vertex -0.75 -2 0
    endloop
  endfacet
  facet normal -0.95323071790463909 -0.090938868186337049 0.28823830539328776
    outer loop
      vertex -0.68924421072006226 -2.1165900230407715 0.27175214886665344
      vertex -0.68924421072006226 -2.0604715347290039 0.28945747017860413
      vertex -0.73415011167526245 -2.0313646793365479 0.1501326858997345
    endloop
  endfacet
  facet normal -0.95323073281154591 -0.090939010436673795 0.28823821121489329
    outer loop
      vertex -0.68924421072006226 -2.1165900230407715 0.27175214886665344
      vertex -0.73415011167526245 -2.0313646793365479 0.1501326858997345
      vertex -0.73415011167526245 -2.0604715347290039 0.14094948768615723
    endloop
  endfacet
  facet normal -0.87496128009675989 -0.145684280204427 0.46175626561288496
    outer loop
      vertex -0.6184116005897522 -2.1673080921173096 0.38996803760528564
      vertex -0.6184116005897522 -2.0867776870727539 0.41537541151046753
      vertex -0.68924421072006226 -2.0604715347290039 0.28945747017860413
    endloop
  endfacet
  facet normal -0.87496112485041788 -0.14568374025981556 0.46175673013438806
    outer loop
      vertex -0.6184116005897522 -2.1673080921173096 0.38996803760528564
      vertex -0.68924421072006226 -2.0604715347290039 0.28945747017860413
      vertex -0.68924421072006226 -2.1165900230407715 0.27175214886665344
    endloop
  endfacet
  facet normal -0.76433722002342996 -0.19401246662620583 0.61493721377102406
    outer loop
      vertex -0.52506744861602783 -2.2111506462097168 0.49215805530548096
      vertex -0.52506744861602783 -2.1095173358917236 0.52422332763671875
      vertex -0.6184116005897522 -2.0867776870727539 0.41537541151046753
    endloop
  endfacet
  facet normal -0.76433740742321132 -0.19401281987902111 0.61493686939079728
    outer loop
      vertex -0.52506744861602783 -2.2111506462097168 0.49215805530548096
      vertex -0.6184116005897522 -2.0867776870727539 0.41537541151046753
      vertex -0.6184116005897522 -2.1673080921173096 0.38996803760528564
    endloop
  endfacet
  facet normal -0.62579745516921648 -0.2346821309575699 0.74384261945182084
    outer loop
      vertex -0.4120478630065918 -2.2470810413360596 0.57590579986572266
      vertex -0.4120478630065918 -2.1281533241271973 0.61342746019363403
      vertex -0.52506744861602783 -2.1095173358917236 0.52422332763671875
    endloop
  endfacet
  facet normal -0.62579742200791932 -0.23468208815829175 0.74384266085369533
    outer loop
      vertex -0.4120478630065918 -2.2470810413360596 0.57590579986572266
      vertex -0.52506744861602783 -2.1095173358917236 0.52422332763671875
      vertex -0.52506744861602783 -2.2111506462097168 0.49215805530548096
    endloop
  endfacet
  facet normal -0.46413192157420569 -0.26650951293164571 0.8447213972031089
    outer loop
      vertex -0.28358793258666992 -2.2737526893615723 0.6380731463432312
      vertex -0.28358793258666992 -2.1419870853424072 0.67964518070220947
      vertex -0.4120478630065918 -2.1281533241271973 0.61342746019363403
    endloop
  endfacet
  facet normal -0.46413180152065436 -0.26650938923892142 0.84472150219151454
    outer loop
      vertex -0.28358793258666992 -2.2737526893615723 0.6380731463432312
      vertex -0.4120478630065918 -2.1281533241271973 0.61342746019363403
      vertex -0.4120478630065918 -2.2470810413360596 0.57590579986572266
    endloop
  endfacet
  facet normal -0.28543224471434364 -0.28836297636997993 0.91398863643722472
    outer loop
      vertex -0.14450135827064514 -2.2901663780212402 0.67633044719696045
      vertex -0.14450135827064514 -2.1505002975463867 0.72039502859115601
      vertex -0.28358793258666992 -2.1419870853424072 0.67964518070220947
    endloop
  endfacet
  facet normal -0.28543255243320753 -0.2883632610474538 0.91398845052305888
    outer loop
      vertex -0.14450135827064514 -2.2901663780212402 0.67633044719696045
      vertex -0.28358793258666992 -2.1419870853424072 0.67964518070220947
      vertex -0.28358793258666992 -2.2737526893615723 0.6380731463432312
    endloop
  endfacet
  facet normal -0.096312761925920032 -0.29948099778202719 0.94922862570493638
    outer loop
      vertex 0 -2.2957067489624023 0.68924421072006226
      vertex 0 -2.1533739566802979 0.73415011167526245
      vertex -0.14450135827064514 -2.1505002975463867 0.72039502859115601
    endloop
  endfacet
  facet normal -0.096312934288972918 -0.29948115492063354 0.94922855863909372
    outer loop
      vertex 0 -2.2957067489624023 0.68924421072006226
      vertex -0.14450135827064514 -2.1505002975463867 0.72039502859115601
      vertex -0.14450135827064514 -2.2901663780212402 0.67633044719696045
    endloop
  endfacet
  facet normal 0.1022888252520891 -0.29930206103254026 0.94865972429012779
    outer loop
      vertex 0.15337395668029785 -2.2894575595855713 0.6746782660484314
      vertex 0.15337395668029785 -2.1501326560974121 0.71863526105880737
      vertex 0 -2.1533739566802979 0.73415011167526245
    endloop
  endfacet
  facet normal 0.10228932613259394 -0.29930154417416499 0.94865983335139681
    outer loop
      vertex 0.15337395668029785 -2.2894575595855713 0.6746782660484314
      vertex 0 -2.1533739566802979 0.73415011167526245
      vertex 0 -2.2957067489624023 0.68924421072006226
    endloop
  endfacet
  facet normal 0.29952157145980624 -0.28706639115195431 0.90987895640092775
    outer loop
      vertex 0.29570668935775757 -2.2717521190643311 0.63341009616851807
      vertex 0.29570668935775757 -2.1409494876861572 0.6746782660484314
      vertex 0.15337395668029785 -2.1501326560974121 0.71863526105880737
    endloop
  endfacet
  facet normal 0.29952127693671715 -0.28706672906751174 0.90987894674219039
    outer loop
      vertex 0.29570668935775757 -2.2717521190643311 0.63341009616851807
      vertex 0.15337395668029785 -2.1501326560974121 0.71863526105880737
      vertex 0.15337395668029785 -2.2894575595855713 0.6746782660484314
    endloop
  endfacet
  facet normal 0.48051019787059929 -0.26386880988379313 0.83635112298177017
    outer loop
      vertex 0.42434310913085938 -2.2438244819641113 0.56831550598144531
      vertex 0.42434310913085938 -2.1264643669128418 0.60534262657165527
      vertex 0.29570668935775757 -2.1409494876861572 0.6746782660484314
    endloop
  endfacet
  facet normal 0.48051050668959361 -0.26386838038965171 0.83635108106072997
    outer loop
      vertex 0.42434310913085938 -2.2438244819641113 0.56831550598144531
      vertex 0.29570668935775757 -2.1409494876861572 0.6746782660484314
      vertex 0.29570668935775757 -2.2717521190643311 0.63341009616851807
    endloop
  endfacet
  facet normal 0.64106412148355407 -0.23092170912728763 0.73192346348525505
    outer loop
      vertex 0.53554099798202515 -2.2070212364196777 0.48253291845321655
      vertex 0.53554099798202515 -2.1073756217956543 0.51397109031677246
      vertex 0.42434310913085938 -2.1264643669128418 0.60534262657165527
    endloop
  endfacet
  facet normal 0.64106402356338921 -0.23092188868001515 0.73192349260095024
    outer loop
      vertex 0.53554099798202515 -2.2070212364196777 0.48253291845321655
      vertex 0.42434310913085938 -2.1264643669128418 0.60534262657165527
      vertex 0.42434310913085938 -2.2438244819641113 0.56831550598144531
    endloop
  endfacet
  facet normal 0.77693387636835487 -0.18942919975085615 0.60040846932150449
    outer loop
      vertex 0.62667101621627808 -2.1624603271484375 0.37866878509521484
      vertex 0.62667101621627808 -2.0842633247375488 0.40333998203277588
      vertex 0.53554099798202515 -2.1073756217956543 0.51397109031677246
    endloop
  endfacet
  facet normal 0.77693404866494697 -0.18942873062666929 0.60040839437691274
    outer loop
      vertex 0.62667101621627808 -2.1624603271484375 0.37866878509521484
      vertex 0.53554099798202515 -2.1073756217956543 0.51397109031677246
      vertex 0.53554099798202515 -2.2070212364196777 0.48253291845321655
    endloop
  endfacet
  facet normal 0.88385491337810118 -0.14074011914764617 0.44608599054408293
    outer loop
      vertex 0.69431829452514648 -2.1118118762969971 0.26061511039733887
      vertex 0.69431829452514648 -2.0579934120178223 0.27759483456611633
      vertex 0.62667101621627808 -2.0842633247375488 0.40333998203277588
    endloop
  endfacet
  facet normal 0.88385485908011374 -0.14074038131927816 0.44608601541247217
    outer loop
      vertex 0.69431829452514648 -2.1118118762969971 0.26061511039733887
      vertex 0.62667101621627808 -2.0842633247375488 0.40333998203277588
      vertex 0.62667101621627808 -2.1624603271484375 0.37866878509521484
    endloop
  endfacet
  facet normal 0.95761524114696661 -0.086668300109261812 0.27470284978355741
    outer loop
      vertex 0.73594790697097778 -2.0569734573364258 0.13279563188552856
      vertex 0.73594790697097778 -2.029550313949585 0.14144758880138397
      vertex 0.69431829452514648 -2.0579934120178223 0.27759483456611633
    endloop
  endfacet
  facet normal 0.95761520533704603 -0.086668738191752151 0.27470283640242432
    outer loop
      vertex 0.73594790697097778 -2.0569734573364258 0.13279563188552856
      vertex 0.69431829452514648 -2.0579934120178223 0.27759483456611633
      vertex 0.69431829452514648 -2.1118118762969971 0.26061511039733887
    endloop
  endfacet
  facet normal 0.99525832736568987 -0.029265577661572683 0.092759839226809873
    outer loop
      vertex 0.75 -2 0
      vertex 0.73594790697097778 -2.029550313949585 0.14144758880138397
      vertex 0.73594790697097778 -2.0569734573364258 0.13279563188552856
    endloop
  endfacet
  facet normal -0.99465181279323767 -0.049819238674196173 0.090475492621203885
    outer loop
      vertex -0.73415011167526245 -2.0867776870727539 0.12646432220935822
      vertex -0.73415011167526245 -2.0604715347290039 0.14094948768615723
      vertex -0.75 -2 0
    endloop
  endfacet
  facet normal -0.9532446279240151 -0.14576643536040651 0.26472027813585902
    outer loop
      vertex -0.68924421072006226 -2.1673080921173096 0.24382458627223969
      vertex -0.68924421072006226 -2.1165900230407715 0.27175214886665344
      vertex -0.73415011167526245 -2.0604715347290039 0.14094948768615723
    endloop
  endfacet
  facet normal -0.95324451769915919 -0.1457655231695501 0.26472117733873307
    outer loop
      vertex -0.68924421072006226 -2.1673080921173096 0.24382458627223969
      vertex -0.73415011167526245 -2.0604715347290039 0.14094948768615723
      vertex -0.73415011167526245 -2.0867776870727539 0.12646432220935822
    endloop
  endfacet
  facet normal -0.87499380721042552 -0.23352222405121559 0.4240910376529769
    outer loop
      vertex -0.6184116005897522 -2.2400894165039062 0.34989160299301147
      vertex -0.6184116005897522 -2.1673080921173096 0.38996803760528564
      vertex -0.68924421072006226 -2.1165900230407715 0.27175214886665344
    endloop
  endfacet
  facet normal -0.87499393898818911 -0.23352260404763128 0.42409055652389405
    outer loop
      vertex -0.6184116005897522 -2.2400894165039062 0.34989160299301147
      vertex -0.68924421072006226 -2.1165900230407715 0.27175214886665344
      vertex -0.68924421072006226 -2.1673080921173096 0.24382458627223969
    endloop
  endfacet
  facet normal -0.76438804879980682 -0.31099808856937006 0.56479297070539247
    outer loop
      vertex -0.52506744861602783 -2.303004264831543 0.44157969951629639
      vertex -0.52506744861602783 -2.2111506462097168 0.49215805530548096
      vertex -0.6184116005897522 -2.1673080921173096 0.38996803760528564
    endloop
  endfacet
  facet normal -0.76438822908675619 -0.31099836283179338 0.56479257568558472
    outer loop
      vertex -0.52506744861602783 -2.303004264831543 0.44157969951629639
      vertex -0.6184116005897522 -2.1673080921173096 0.38996803760528564
      vertex -0.6184116005897522 -2.2400894165039062 0.34989160299301147
    endloop
  endfacet
  facet normal -0.62585818809099747 -0.37620276354299315 0.6832078813231508
    outer loop
      vertex -0.4120478630065918 -2.3545646667480469 0.51672083139419556
      vertex -0.4120478630065918 -2.2470810413360596 0.57590579986572266
      vertex -0.52506744861602783 -2.2111506462097168 0.49215805530548096
    endloop
  endfacet
  facet normal -0.62585787349450994 -0.37620243530611719 0.68320835025245152
    outer loop
      vertex -0.4120478630065918 -2.3545646667480469 0.51672083139419556
      vertex -0.52506744861602783 -2.2111506462097168 0.49215805530548096
      vertex -0.52506744861602783 -2.303004264831543 0.44157969951629639
    endloop
  endfacet
  facet normal -0.4641898536737819 -0.42723459582860129 0.77588554560159495
    outer loop
      vertex -0.28358793258666992 -2.3928389549255371 0.57249933481216431
      vertex -0.28358793258666992 -2.2737526893615723 0.6380731463432312
      vertex -0.4120478630065918 -2.2470810413360596 0.57590579986572266
    endloop
  endfacet
  facet normal -0.46419010015753365 -0.42723480689805016 0.77588528191384365
    outer loop
      vertex -0.28358793258666992 -2.3928389549255371 0.57249933481216431
      vertex -0.4120478630065918 -2.2470810413360596 0.57590579986572266
      vertex -0.4120478630065918 -2.3545646667480469 0.51672083139419556
    endloop
  endfacet
  facet normal -0.2854745172053042 -0.46227813943853335 0.83952559331067844
    outer loop
      vertex -0.14450135827064514 -2.4163925647735596 0.60682499408721924
      vertex -0.14450135827064514 -2.2901663780212402 0.67633044719696045
      vertex -0.28358793258666992 -2.2737526893615723 0.6380731463432312
    endloop
  endfacet
  facet normal -0.28547394417811739 -0.4622776789241051 0.83952604174256029
    outer loop
      vertex -0.14450135827064514 -2.4163925647735596 0.60682499408721924
      vertex -0.28358793258666992 -2.2737526893615723 0.6380731463432312
      vertex -0.28358793258666992 -2.3928389549255371 0.57249933481216431
    endloop
  endfacet
  facet normal -0.096328117663332158 -0.48010749625416288 0.87190463113117944
    outer loop
      vertex 0 -2.4243431091308594 0.6184116005897522
      vertex 0 -2.2957067489624023 0.68924421072006226
      vertex -0.14450135827064514 -2.2901663780212402 0.67633044719696045
    endloop
  endfacet
  facet normal -0.09632803440965873 -0.48010742702077941 0.87190467845186992
    outer loop
      vertex 0 -2.4243431091308594 0.6184116005897522
      vertex -0.14450135827064514 -2.2901663780212402 0.67633044719696045
      vertex -0.14450135827064514 -2.4163925647735596 0.60682499408721924
    endloop
  endfacet
  facet normal 0.10230542232804465 -0.47981931178333209 0.87138225171393624
    outer loop
      vertex 0.15337395668029785 -2.4153754711151123 0.60534262657165527
      vertex 0.15337395668029785 -2.2894575595855713 0.6746782660484314
      vertex 0 -2.2957067489624023 0.68924421072006226
    endloop
  endfacet
  facet normal 0.10230497864365888 -0.47981974839531055 0.87138206338814506
    outer loop
      vertex 0.15337395668029785 -2.4153754711151123 0.60534262657165527
      vertex 0 -2.2957067489624023 0.68924421072006226
      vertex 0 -2.4243431091308594 0.6184116005897522
    endloop
  endfacet
  facet normal 0.29956492613744851 -0.46019827725970197 0.83575020229460162
    outer loop
      vertex 0.29570668935775757 -2.3899681568145752 0.56831550598144531
      vertex 0.29570668935775757 -2.2717521190643311 0.63341009616851807
      vertex 0.15337395668029785 -2.2894575595855713 0.6746782660484314
    endloop
  endfacet
  facet normal 0.29956449986434996 -0.46019876082056071 0.83575008881856672
    outer loop
      vertex 0.29570668935775757 -2.3899681568145752 0.56831550598144531
      vertex 0.15337395668029785 -2.2894575595855713 0.6746782660484314
      vertex 0.15337395668029785 -2.4153754711151123 0.60534262657165527
    endloop
  endfacet
  facet normal 0.48056953214896914 -0.4230000850065887 0.76819519189756691
    outer loop
      vertex 0.42434310913085938 -2.3498916625976562 0.50991052389144897
      vertex 0.42434310913085938 -2.2438244819641113 0.56831550598144531
      vertex 0.29570668935775757 -2.2717521190643311 0.63341009616851807
    endloop
  endfacet
  facet normal 0.48056977497824571 -0.42299974289430531 0.76819522836887622
    outer loop
      vertex 0.42434310913085938 -2.3498916625976562 0.50991052389144897
      vertex 0.29570668935775757 -2.2717521190643311 0.63341009616851807
      vertex 0.29570668935775757 -2.3899681568145752 0.56831550598144531
    endloop
  endfacet
  facet normal 0.64112416966226626 -0.3701733598840346 0.672258493964215
    outer loop
      vertex 0.53554099798202515 -2.2970783710479736 0.43294373154640198
      vertex 0.53554099798202515 -2.2070212364196777 0.48253291845321655
      vertex 0.42434310913085938 -2.2438244819641113 0.56831550598144531
    endloop
  endfacet
  facet normal 0.64112416637515512 -0.37017336606496687 0.67225849369561297
    outer loop
      vertex 0.53554099798202515 -2.2970783710479736 0.43294373154640198
      vertex 0.42434310913085938 -2.2438244819641113 0.56831550598144531
      vertex 0.42434310913085938 -2.3498916625976562 0.50991052389144897
    endloop
  endfacet
  facet normal 0.77698317719450471 -0.30364969881017356 0.5514471894653411
    outer loop
      vertex 0.62667101621627808 -2.2331328392028809 0.33975356817245483
      vertex 0.62667101621627808 -2.1624603271484375 0.37866878509521484
      vertex 0.53554099798202515 -2.2070212364196777 0.48253291845321655
    endloop
  endfacet
  facet normal 0.77698319294209772 -0.30364965485893342 0.55144719147852517
    outer loop
      vertex 0.62667101621627808 -2.2331328392028809 0.33975356817245483
      vertex 0.53554099798202515 -2.2070212364196777 0.48253291845321655
      vertex 0.53554099798202515 -2.2970783710479736 0.43294373154640198
    endloop
  endfacet
  facet normal 0.88388561701829027 -0.22559712881246857 0.40969763423745398
    outer loop
      vertex 0.69431829452514648 -2.1604514122009277 0.23383209109306335
      vertex 0.69431829452514648 -2.1118118762969971 0.26061511039733887
      vertex 0.62667101621627808 -2.1624603271484375 0.37866878509521484
    endloop
  endfacet
  facet normal 0.88388573574474494 -0.22559654831677772 0.40969769774130604
    outer loop
      vertex 0.69431829452514648 -2.1604514122009277 0.23383209109306335
      vertex 0.62667101621627808 -2.1624603271484375 0.37866878509521484
      vertex 0.62667101621627808 -2.2331328392028809 0.33975356817245483
    endloop
  endfacet
  facet normal 0.95762785725939625 -0.13892138612060592 0.25228899198955684
    outer loop
      vertex 0.73594790697097778 -2.0817575454711914 0.11914842575788498
      vertex 0.73594790697097778 -2.0569734573364258 0.13279563188552856
      vertex 0.69431829452514648 -2.1118118762969971 0.26061511039733887
    endloop
  endfacet
  facet normal 0.95762787350981304 -0.13892118959312563 0.25228903852348444
    outer loop
      vertex 0.73594790697097778 -2.0817575454711914 0.11914842575788498
      vertex 0.69431829452514648 -2.1118118762969971 0.26061511039733887
      vertex 0.69431829452514648 -2.1604514122009277 0.23383209109306335
    endloop
  endfacet
  facet normal 0.99525982944226354 -0.04690947150768187 0.085190218813116725
    outer loop
      vertex 0.75 -2 0
      vertex 0.73594790697097778 -2.0569734573364258 0.13279563188552856
      vertex 0.73594790697097778 -2.0817575454711914 0.11914842575788498
    endloop
  endfacet
  facet normal -0.99465297096494032 -0.066399270378786318 0.079098699381105003
    outer loop
      vertex -0.73415011167526245 -2.1095173358917236 0.10737556219100952
      vertex -0.73415011167526245 -2.0867776870727539 0.12646432220935822
      vertex -0.75 -2 0
    endloop
  endfacet
  facet normal -0.9532540242073313 -0.19427780615420992 0.23143659902538358
    outer loop
      vertex -0.68924421072006226 -2.2111506462097168 0.20702126622200012
      vertex -0.68924421072006226 -2.1673080921173096 0.24382458627223969
      vertex -0.73415011167526245 -2.0867776870727539 0.12646432220935822
    endloop
  endfacet
  facet normal -0.9532541093803597 -0.1942783715385891 0.23143577359987216
    outer loop
      vertex -0.68924421072006226 -2.2111506462097168 0.20702126622200012
      vertex -0.73415011167526245 -2.0867776870727539 0.12646432220935822
      vertex -0.73415011167526245 -2.1095173358917236 0.10737556219100952
    endloop
  endfacet
  facet normal -0.87501631685660786 -0.31124338159887116 0.37077486787213054
    outer loop
      vertex -0.6184116005897522 -2.303004264831543 0.29707834124565125
      vertex -0.6184116005897522 -2.2400894165039062 0.34989160299301147
      vertex -0.68924421072006226 -2.1673080921173096 0.24382458627223969
    endloop
  endfacet
  facet normal -0.87501648335783855 -0.31124374117835341 0.37077417308839589
    outer loop
      vertex -0.6184116005897522 -2.303004264831543 0.29707834124565125
      vertex -0.68924421072006226 -2.1673080921173096 0.24382458627223969
      vertex -0.68924421072006226 -2.2111506462097168 0.20702126622200012
    endloop
  endfacet
  facet normal -0.76442292937681167 -0.41451440625259212 0.49379691377329921
    outer loop
      vertex -0.52506744861602783 -2.3824055194854736 0.3749268651008606
      vertex -0.52506744861602783 -2.303004264831543 0.44157969951629639
      vertex -0.6184116005897522 -2.2400894165039062 0.34989160299301147
    endloop
  endfacet
  facet normal -0.76442249956099617 -0.4145139381698183 0.49379797207751547
    outer loop
      vertex -0.52506744861602783 -2.3824055194854736 0.3749268651008606
      vertex -0.6184116005897522 -2.2400894165039062 0.34989160299301147
      vertex -0.6184116005897522 -2.303004264831543 0.29707834124565125
    endloop
  endfacet
  facet normal -0.62589937534220108 -0.50143237584229083 0.59734039240905012
    outer loop
      vertex -0.4120478630065918 -2.4474773406982422 0.43872606754302979
      vertex -0.4120478630065918 -2.3545646667480469 0.51672083139419556
      vertex -0.52506744861602783 -2.303004264831543 0.44157969951629639
    endloop
  endfacet
  facet normal -0.62589978703485738 -0.5014326842701271 0.59733970212549525
    outer loop
      vertex -0.4120478630065918 -2.4474773406982422 0.43872606754302979
      vertex -0.52506744861602783 -2.303004264831543 0.44157969951629639
      vertex -0.52506744861602783 -2.3824055194854736 0.3749268651008606
    endloop
  endfacet
  facet normal -0.46422988465811088 -0.5694630136698694 0.67838225968280386
    outer loop
      vertex -0.28358793258666992 -2.4957811832427979 0.48608523607254028
      vertex -0.28358793258666992 -2.3928389549255371 0.57249933481216431
      vertex -0.4120478630065918 -2.3545646667480469 0.51672083139419556
    endloop
  endfacet
  facet normal -0.46422945231171292 -0.56946273526374125 0.67838278925124973
    outer loop
      vertex -0.28358793258666992 -2.4957811832427979 0.48608523607254028
      vertex -0.4120478630065918 -2.3545646667480469 0.51672083139419556
      vertex -0.4120478630065918 -2.4474773406982422 0.43872606754302979
    endloop
  endfacet
  facet normal -0.28550250690233869 -0.61618123773055533 0.73403610321381396
    outer loop
      vertex -0.14450135827064514 -2.5255069732666016 0.51522970199584961
      vertex -0.14450135827064514 -2.4163925647735596 0.60682499408721924
      vertex -0.28358793258666992 -2.3928389549255371 0.57249933481216431
    endloop
  endfacet
  facet normal -0.28550249766766383 -0.61618123176230355 0.73403611181563533
    outer loop
      vertex -0.14450135827064514 -2.5255069732666016 0.51522970199584961
      vertex -0.28358793258666992 -2.3928389549255371 0.57249933481216431
      vertex -0.28358793258666992 -2.4957811832427979 0.48608523607254028
    endloop
  endfacet
  facet normal -0.096338472136924924 -0.63995061265876574 0.76235301018884527
    outer loop
      vertex 0 -2.5355410575866699 0.52506744861602783
      vertex 0 -2.4243431091308594 0.6184116005897522
      vertex -0.14450135827064514 -2.4163925647735596 0.60682499408721924
    endloop
  endfacet
  facet normal -0.096339261750470015 -0.63995117684341962 0.7623524368047212
    outer loop
      vertex 0 -2.5355410575866699 0.52506744861602783
      vertex -0.14450135827064514 -2.4163925647735596 0.60682499408721924
      vertex -0.14450135827064514 -2.5255069732666016 0.51522970199584961
    endloop
  endfacet
  facet normal 0.10231595622242685 -0.63956759231247395 0.76189549149861491
    outer loop
      vertex 0.15337395668029785 -2.5242233276367188 0.51397109031677246
      vertex 0.15337395668029785 -2.4153754711151123 0.60534262657165527
      vertex 0 -2.4243431091308594 0.6184116005897522
    endloop
  endfacet
  facet normal 0.1023166942757293 -0.63956693356320393 0.76189594536593208
    outer loop
      vertex 0.15337395668029785 -2.5242233276367188 0.51397109031677246
      vertex 0 -2.4243431091308594 0.6184116005897522
      vertex 0 -2.5355410575866699 0.52506744861602783
    endloop
  endfacet
  facet normal 0.29959419070368931 -0.61340988830337329 0.73073362439964717
    outer loop
      vertex 0.29570668935775757 -2.4921579360961914 0.48253291845321655
      vertex 0.29570668935775757 -2.3899681568145752 0.56831550598144531
      vertex 0.15337395668029785 -2.4153754711151123 0.60534262657165527
    endloop
  endfacet
  facet normal 0.29959479613359458 -0.61340923975895612 0.73073392059491071
    outer loop
      vertex 0.29570668935775757 -2.4921579360961914 0.48253291845321655
      vertex 0.15337395668029785 -2.4153754711151123 0.60534262657165527
      vertex 0.15337395668029785 -2.5242233276367188 0.51397109031677246
    endloop
  endfacet
  facet normal 0.48061017502019571 -0.56381705216805167 0.67165779333793585
    outer loop
      vertex 0.42434310913085938 -2.4415798187255859 0.43294373154640198
      vertex 0.42434310913085938 -2.3498916625976562 0.50991052389144897
      vertex 0.29570668935775757 -2.3899681568145752 0.56831550598144531
    endloop
  endfacet
  facet normal 0.48060902193169702 -0.56381862570501873 0.67165729754537884
    outer loop
      vertex 0.42434310913085938 -2.4415798187255859 0.43294373154640198
      vertex 0.29570668935775757 -2.3899681568145752 0.56831550598144531
      vertex 0.29570668935775757 -2.4921579360961914 0.48253291845321655
    endloop
  endfacet
  facet normal 0.64116538845378368 -0.49339533086262127 0.58776525257271994
    outer loop
      vertex 0.53554099798202515 -2.3749268054962158 0.36759442090988159
      vertex 0.53554099798202515 -2.2970783710479736 0.43294373154640198
      vertex 0.42434310913085938 -2.3498916625976562 0.50991052389144897
    endloop
  endfacet
  facet normal 0.64116588781252859 -0.49339441010193036 0.58776548077080903
    outer loop
      vertex 0.53554099798202515 -2.3749268054962158 0.36759442090988159
      vertex 0.42434310913085938 -2.3498916625976562 0.50991052389144897
      vertex 0.42434310913085938 -2.4415798187255859 0.43294373154640198
    endloop
  endfacet
  facet normal 0.77701687030190836 -0.40471816951238571 0.48212859957979182
    outer loop
      vertex 0.62667101621627808 -2.294224739074707 0.2884705662727356
      vertex 0.62667101621627808 -2.2331328392028809 0.33975356817245483
      vertex 0.53554099798202515 -2.2970783710479736 0.43294373154640198
    endloop
  endfacet
  facet normal 0.77701649884787205 -0.40471918569383575 0.48212834520437953
    outer loop
      vertex 0.62667101621627808 -2.294224739074707 0.2884705662727356
      vertex 0.53554099798202515 -2.2970783710479736 0.43294373154640198
      vertex 0.53554099798202515 -2.3749268054962158 0.36759442090988159
    endloop
  endfacet
  facet normal 0.88390683208116694 -0.30067997288444154 0.35819026523127012
    outer loop
      vertex 0.69431829452514648 -2.2024972438812256 0.19853705167770386
      vertex 0.69431829452514648 -2.1604514122009277 0.23383209109306335
      vertex 0.62667101621627808 -2.2331328392028809 0.33975356817245483
    endloop
  endfacet
  facet normal 0.88390693781898855 -0.30067947235281112 0.35819042446873667
    outer loop
      vertex 0.69431829452514648 -2.2024972438812256 0.19853705167770386
      vertex 0.62667101621627808 -2.2331328392028809 0.33975356817245483
      vertex 0.62667101621627808 -2.294224739074707 0.2884705662727356
    endloop
  endfacet
  facet normal 0.95763652424976053 -0.18515423941583495 0.22056789215382558
    outer loop
      vertex 0.73594790697097778 -2.1031818389892578 0.10116394609212875
      vertex 0.73594790697097778 -2.0817575454711914 0.11914842575788498
      vertex 0.69431829452514648 -2.1604514122009277 0.23383209109306335
    endloop
  endfacet
  facet normal 0.95763654159860723 -0.18515404134432711 0.22056798310027306
    outer loop
      vertex 0.73594790697097778 -2.1031818389892578 0.10116394609212875
      vertex 0.69431829452514648 -2.1604514122009277 0.23383209109306335
      vertex 0.69431829452514648 -2.2024972438812256 0.19853705167770386
    endloop
  endfacet
  facet normal 0.99526085435299549 -0.06252039415524005 0.074478400272958004
    outer loop
      vertex 0.75 -2 0
      vertex 0.73594790697097778 -2.0817575454711914 0.11914842575788498
      vertex 0.73594790697097778 -2.1031818389892578 0.10116394609212875
    endloop
  endfacet
  facet normal -0.99465296727791286 -0.080394765120587131 0.06482404204034968
    outer loop
      vertex -0.73415011167526245 -2.1281533241271973 0.084263212978839874
      vertex -0.73415011167526245 -2.1095173358917236 0.10737556219100952
      vertex -0.75 -2 0
    endloop
  endfacet
  facet normal -0.95325408097732678 -0.2352279255568743 0.18966939694711429
    outer loop
      vertex -0.68924421072006226 -2.2470810413360596 0.16246040165424347
      vertex -0.68924421072006226 -2.2111506462097168 0.20702126622200012
      vertex -0.73415011167526245 -2.1095173358917236 0.10737556219100952
    endloop
  endfacet
  facet normal -0.95325408241739185 -0.23522793224806962 0.18966938141111181
    outer loop
      vertex -0.68924421072006226 -2.2470810413360596 0.16246040165424347
      vertex -0.73415011167526245 -2.1095173358917236 0.10737556219100952
      vertex -0.73415011167526245 -2.1281533241271973 0.084263212978839874
    endloop
  endfacet
  facet normal -0.87501648540640697 -0.37684888424414759 0.30386027827105072
    outer loop
      vertex -0.6184116005897522 -2.3545646667480469 0.23313289880752563
      vertex -0.6184116005897522 -2.303004264831543 0.29707834124565125
      vertex -0.68924421072006226 -2.2111506462097168 0.20702126622200012
    endloop
  endfacet
  facet normal -0.87501627350508804 -0.37684860555493105 0.3038612341062491
    outer loop
      vertex -0.6184116005897522 -2.3545646667480469 0.23313289880752563
      vertex -0.68924421072006226 -2.2111506462097168 0.20702126622200012
      vertex -0.68924421072006226 -2.2470810413360596 0.16246040165424347
    endloop
  endfacet
  facet normal -0.76442248490336251 -0.5018871629172893 0.40468202365932077
    outer loop
      vertex -0.52506744861602783 -2.4474773406982422 0.29422470927238464
      vertex -0.52506744861602783 -2.3824055194854736 0.3749268651008606
      vertex -0.6184116005897522 -2.303004264831543 0.29707834124565125
    endloop
  endfacet
  facet normal -0.76442282341454926 -0.50188736407198842 0.40468113475648942
    outer loop
      vertex -0.52506744861602783 -2.4474773406982422 0.29422470927238464
      vertex -0.6184116005897522 -2.303004264831543 0.29707834124565125
      vertex -0.6184116005897522 -2.3545646667480469 0.23313289880752563
    endloop
  endfacet
  facet normal -0.62589976251019996 -0.60712601534424759 0.48953803609310231
    outer loop
      vertex -0.4120478630065918 -2.5236220359802246 0.34429126977920532
      vertex -0.4120478630065918 -2.4474773406982422 0.43872606754302979
      vertex -0.52506744861602783 -2.3824055194854736 0.3749268651008606
    endloop
  endfacet
  facet normal -0.62589964191245306 -0.60712596564751942 0.48953825191748818
    outer loop
      vertex -0.4120478630065918 -2.5236220359802246 0.34429126977920532
      vertex -0.52506744861602783 -2.3824055194854736 0.3749268651008606
      vertex -0.52506744861602783 -2.4474773406982422 0.29422470927238464
    endloop
  endfacet
  facet normal -0.46422947914742979 -0.68949587716080263 0.55595541733916154
    outer loop
      vertex -0.28358793258666992 -2.5801455974578857 0.38145649433135986
      vertex -0.28358793258666992 -2.4957811832427979 0.48608523607254028
      vertex -0.4120478630065918 -2.4474773406982422 0.43872606754302979
    endloop
  endfacet
  facet normal -0.4642300194117342 -0.68949609104247311 0.55595470095515032
    outer loop
      vertex -0.28358793258666992 -2.5801455974578857 0.38145649433135986
      vertex -0.4120478630065918 -2.4474773406982422 0.43872606754302979
      vertex -0.4120478630065918 -2.5236220359802246 0.34429126977920532
    endloop
  endfacet
  facet normal -0.28550248525092148 -0.74606125220844099 0.60156540697476957
    outer loop
      vertex -0.14450135827064514 -2.6149296760559082 0.40432769060134888
      vertex -0.14450135827064514 -2.5255069732666016 0.51522970199584961
      vertex -0.28358793258666992 -2.4957811832427979 0.48608523607254028
    endloop
  endfacet
  facet normal -0.28550256072008368 -0.74606128652531489 0.60156532859737444
    outer loop
      vertex -0.14450135827064514 -2.6149296760559082 0.40432769060134888
      vertex -0.28358793258666992 -2.4957811832427979 0.48608523607254028
      vertex -0.28358793258666992 -2.5801455974578857 0.38145649433135986
    endloop
  endfacet
  facet normal -0.096339353385906434 -0.77484189617531651 0.62477096997269777
    outer loop
      vertex 0 -2.6266710758209229 0.4120478630065918
      vertex 0 -2.5355410575866699 0.52506744861602783
      vertex -0.14450135827064514 -2.5255069732666016 0.51522970199584961
    endloop
  endfacet
  facet normal -0.096338665661306749 -0.7748415102154983 0.62477155468664292
    outer loop
      vertex 0 -2.6266710758209229 0.4120478630065918
      vertex -0.14450135827064514 -2.5255069732666016 0.51522970199584961
      vertex -0.14450135827064514 -2.6149296760559082 0.40432769060134888
    endloop
  endfacet
  facet normal 0.10231672195064846 -0.77437763649586111 0.62439615990519803
    outer loop
      vertex 0.15337395668029785 -2.6134274005889893 0.40333998203277588
      vertex 0.15337395668029785 -2.5242233276367188 0.51397109031677246
      vertex 0 -2.5355410575866699 0.52506744861602783
    endloop
  endfacet
  facet normal 0.10231705954913141 -0.77437738081704255 0.62439642167789267
    outer loop
      vertex 0.15337395668029785 -2.6134274005889893 0.40333998203277588
      vertex 0 -2.5355410575866699 0.52506744861602783
      vertex 0 -2.6266710758209229 0.4120478630065918
    endloop
  endfacet
  facet normal 0.29959489569074771 -0.74270509775054339 0.59885894520446603
    outer loop
      vertex 0.29570668935775757 -2.5759057998657227 0.37866878509521484
      vertex 0.29570668935775757 -2.4921579360961914 0.48253291845321655
      vertex 0.15337395668029785 -2.5242233276367188 0.51397109031677246
    endloop
  endfacet
  facet normal 0.29959421936488062 -0.74270574491571273 0.59885848093881411
    outer loop
      vertex 0.29570668935775757 -2.5759057998657227 0.37866878509521484
      vertex 0.15337395668029785 -2.5242233276367188 0.51397109031677246
      vertex 0.15337395668029785 -2.6134274005889893 0.40333998203277588
    endloop
  endfacet
  facet normal 0.48060877278000524 -0.68266213432893874 0.55044311048495775
    outer loop
      vertex 0.42434310913085938 -2.5167207717895508 0.33975356817245483
      vertex 0.42434310913085938 -2.4415798187255859 0.43294373154640198
      vertex 0.29570668935775757 -2.4921579360961914 0.48253291845321655
    endloop
  endfacet
  facet normal 0.48060990013810923 -0.68266071812118223 0.55044388253800081
    outer loop
      vertex 0.42434310913085938 -2.5167207717895508 0.33975356817245483
      vertex 0.29570668935775757 -2.4921579360961914 0.48253291845321655
      vertex 0.29570668935775757 -2.5759057998657227 0.37866878509521484
    endloop
  endfacet
  facet normal 0.64116599179367961 -0.59739432801827086 0.48169096713435
    outer loop
      vertex 0.53554099798202515 -2.4387259483337402 0.2884705662727356
      vertex 0.53554099798202515 -2.3749268054962158 0.36759442090988159
      vertex 0.42434310913085938 -2.4415798187255859 0.43294373154640198
    endloop
  endfacet
  facet normal 0.64116559636278525 -0.59739500867066353 0.4816906493343332
    outer loop
      vertex 0.53554099798202515 -2.4387259483337402 0.2884705662727356
      vertex 0.42434310913085938 -2.4415798187255859 0.43294373154640198
      vertex 0.42434310913085938 -2.5167207717895508 0.33975356817245483
    endloop
  endfacet
  facet normal 0.77701642278621597 -0.49002748361113529 0.3951183924170717
    outer loop
      vertex 0.62667101621627808 -2.3442912101745605 0.22637791931629181
      vertex 0.62667101621627808 -2.294224739074707 0.2884705662727356
      vertex 0.53554099798202515 -2.3749268054962158 0.36759442090988159
    endloop
  endfacet
  facet normal 0.77701659031327164 -0.490027056000991 0.39511859329186078
    outer loop
      vertex 0.62667101621627808 -2.3442912101745605 0.22637791931629181
      vertex 0.53554099798202515 -2.3749268054962158 0.36759442090988159
      vertex 0.53554099798202515 -2.4387259483337402 0.2884705662727356
    endloop
  endfacet
  facet normal 0.88390699497043868 -0.36405768946472555 0.29354799093833767
    outer loop
      vertex 0.69431829452514648 -2.2369551658630371 0.1558023989200592
      vertex 0.69431829452514648 -2.2024972438812256 0.19853705167770386
      vertex 0.62667101621627808 -2.294224739074707 0.2884705662727356
    endloop
  endfacet
  facet normal 0.88390675486964176 -0.36405873506999004 0.29354741714935584
    outer loop
      vertex 0.69431829452514648 -2.2369551658630371 0.1558023989200592
      vertex 0.62667101621627808 -2.294224739074707 0.2884705662727356
      vertex 0.62667101621627808 -2.3442912101745605 0.22637791931629181
    endloop
  endfacet
  facet normal 0.95763653533904769 -0.22418156860072355 0.18076197189548557
    outer loop
      vertex 0.73594790697097778 -2.1207396984100342 0.079388633370399475
      vertex 0.73594790697097778 -2.1031818389892578 0.10116394609212875
      vertex 0.69431829452514648 -2.2024972438812256 0.19853705167770386
    endloop
  endfacet
  facet normal 0.95763658180050892 -0.22418109501434558 0.18076231309541951
    outer loop
      vertex 0.73594790697097778 -2.1207396984100342 0.079388633370399475
      vertex 0.69431829452514648 -2.2024972438812256 0.19853705167770386
      vertex 0.69431829452514648 -2.2369551658630371 0.1558023989200592
    endloop
  endfacet
  facet normal 0.99526085274622411 -0.075698640444709364 0.061037290451668551
    outer loop
      vertex 0.75 -2 0
      vertex 0.73594790697097778 -2.1031818389892578 0.10116394609212875
      vertex 0.73594790697097778 -2.1207396984100342 0.079388633370399475
    endloop
  endfacet
  facet normal -0.99465296757742616 -0.091378078715979569 0.048119858890020593
    outer loop
      vertex -0.73415011167526245 -2.1419870853424072 0.057993341237306595
      vertex -0.73415011167526245 -2.1281533241271973 0.084263212978839874
      vertex -0.75 -2 0
    endloop
  endfacet
  facet normal -0.95325408651255561 -0.26736412422509553 0.14079443037443115
    outer loop
      vertex -0.68924421072006226 -2.2737526893615723 0.1118117943406105
      vertex -0.68924421072006226 -2.2470810413360596 0.16246040165424347
      vertex -0.73415011167526245 -2.1281533241271973 0.084263212978839874
    endloop
  endfacet
  facet normal -0.95325408703591141 -0.26736412552344729 0.14079442436550377
    outer loop
      vertex -0.68924421072006226 -2.2737526893615723 0.1118117943406105
      vertex -0.73415011167526245 -2.1281533241271973 0.084263212978839874
      vertex -0.73415011167526245 -2.1419870853424072 0.057993341237306595
    endloop
  endfacet
  facet normal -0.87501630469605507 -0.42833234425160666 0.22556123200582068
    outer loop
      vertex -0.6184116005897522 -2.3928389549255371 0.16045145690441132
      vertex -0.6184116005897522 -2.3545646667480469 0.23313289880752563
      vertex -0.68924421072006226 -2.2470810413360596 0.16246040165424347
    endloop
  endfacet
  facet normal -0.87501643657990369 -0.42833239983569504 0.22556061483778983
    outer loop
      vertex -0.6184116005897522 -2.3928389549255371 0.16045145690441132
      vertex -0.68924421072006226 -2.2470810413360596 0.16246040165424347
      vertex -0.68924421072006226 -2.2737526893615723 0.1118117943406105
    endloop
  endfacet
  facet normal -0.7644227893054979 -0.5704529802995506 0.30040172512447899
    outer loop
      vertex -0.52506744861602783 -2.4957811832427979 0.20249730348587036
      vertex -0.52506744861602783 -2.4474773406982422 0.29422470927238464
      vertex -0.6184116005897522 -2.3545646667480469 0.23313289880752563
    endloop
  endfacet
  facet normal -0.76442253130316196 -0.57045296038988746 0.30040241946176122
    outer loop
      vertex -0.52506744861602783 -2.4957811832427979 0.20249730348587036
      vertex -0.6184116005897522 -2.3545646667480469 0.23313289880752563
      vertex -0.6184116005897522 -2.3928389549255371 0.16045145690441132
    endloop
  endfacet
  facet normal -0.62589967585060091 -0.69006912494199713 0.36339262316659532
    outer loop
      vertex -0.4120478630065918 -2.5801455974578857 0.23695512115955353
      vertex -0.4120478630065918 -2.5236220359802246 0.34429126977920532
      vertex -0.52506744861602783 -2.4474773406982422 0.29422470927238464
    endloop
  endfacet
  facet normal -0.62590009776320865 -0.69006915007196457 0.36339184875140262
    outer loop
      vertex -0.4120478630065918 -2.5801455974578857 0.23695512115955353
      vertex -0.52506744861602783 -2.4474773406982422 0.29422470927238464
      vertex -0.52506744861602783 -2.4957811832427979 0.20249730348587036
    endloop
  endfacet
  facet normal -0.46423006481532381 -0.78369267273583043 0.41269388367376009
    outer loop
      vertex -0.28358793258666992 -2.642770528793335 0.26253372430801392
      vertex -0.28358793258666992 -2.5801455974578857 0.38145649433135986
      vertex -0.4120478630065918 -2.5236220359802246 0.34429126977920532
    endloop
  endfacet
  facet normal -0.46422923492777135 -0.78369256236900653 0.41269502677628328
    outer loop
      vertex -0.28358793258666992 -2.642770528793335 0.26253372430801392
      vertex -0.4120478630065918 -2.5236220359802246 0.34429126977920532
      vertex -0.4120478630065918 -2.5801455974578857 0.23695512115955353
    endloop
  endfacet
  facet normal -0.28550255426099336 -0.84798613271901213 0.4465510163762953
    outer loop
      vertex -0.14450135827064514 -2.6813094615936279 0.27827459573745728
      vertex -0.14450135827064514 -2.6149296760559082 0.40432769060134888
      vertex -0.28358793258666992 -2.5801455974578857 0.38145649433135986
    endloop
  endfacet
  facet normal -0.28550262560571232 -0.84798615027697721 0.44655093741999508
    outer loop
      vertex -0.14450135827064514 -2.6813094615936279 0.27827459573745728
      vertex -0.28358793258666992 -2.5801455974578857 0.38145649433135986
      vertex -0.28358793258666992 -2.642770528793335 0.26253372430801392
    endloop
  endfacet
  facet normal -0.096338688087707611 -0.88069831947416488 0.46377723882584121
    outer loop
      vertex 0 -2.6943182945251465 0.28358793258666992
      vertex 0 -2.6266710758209229 0.4120478630065918
      vertex -0.14450135827064514 -2.6149296760559082 0.40432769060134888
    endloop
  endfacet
  facet normal -0.096338623795277356 -0.88069829460019566 0.46377729941593648
    outer loop
      vertex 0 -2.6943182945251465 0.28358793258666992
      vertex -0.14450135827064514 -2.6149296760559082 0.40432769060134888
      vertex -0.14450135827064514 -2.6813094615936279 0.27827459573745728
    endloop
  endfacet
  facet normal 0.10231714541649009 -0.88017013002741562 0.46349945411115967
    outer loop
      vertex 0.15337395668029785 -2.6796450614929199 0.27759483456611633
      vertex 0.15337395668029785 -2.6134274005889893 0.40333998203277588
      vertex 0 -2.6266710758209229 0.4120478630065918
    endloop
  endfacet
  facet normal 0.10231684958924751 -0.8801703056783059 0.46349918585935929
    outer loop
      vertex 0.15337395668029785 -2.6796450614929199 0.27759483456611633
      vertex 0 -2.6266710758209229 0.4120478630065918
      vertex 0 -2.6943182945251465 0.28358793258666992
    endloop
  endfacet
  facet normal 0.2995941822148861 -0.84417112540722938 0.44454295294345314
    outer loop
      vertex 0.29570668935775757 -2.638073205947876 0.26061511039733887
      vertex 0.29570668935775757 -2.5759057998657227 0.37866878509521484
      vertex 0.15337395668029785 -2.6134274005889893 0.40333998203277588
    endloop
  endfacet
  facet normal 0.29959367480251342 -0.84417153473505391 0.44454251760814689
    outer loop
      vertex 0.29570668935775757 -2.638073205947876 0.26061511039733887
      vertex 0.15337395668029785 -2.6134274005889893 0.40333998203277588
      vertex 0.15337395668029785 -2.6796450614929199 0.27759483456611633
    endloop
  endfacet
  facet normal 0.48060996088877689 -0.77592361848622671 0.40860323514349278
    outer loop
      vertex 0.42434310913085938 -2.5724992752075195 0.23383209109306335
      vertex 0.42434310913085938 -2.5167207717895508 0.33975356817245483
      vertex 0.29570668935775757 -2.5759057998657227 0.37866878509521484
    endloop
  endfacet
  facet normal 0.48061021765523149 -0.775923335853548 0.40860346983755885
    outer loop
      vertex 0.42434310913085938 -2.5724992752075195 0.23383209109306335
      vertex 0.29570668935775757 -2.5759057998657227 0.37866878509521484
      vertex 0.29570668935775757 -2.638073205947876 0.26061511039733887
    endloop
  endfacet
  facet normal 0.64116559890739511 -0.67900820231355941 0.35756752644588635
    outer loop
      vertex 0.53554099798202515 -2.4860851764678955 0.19853705167770386
      vertex 0.53554099798202515 -2.4387259483337402 0.2884705662727356
      vertex 0.42434310913085938 -2.5167207717895508 0.33975356817245483
    endloop
  endfacet
  facet normal 0.64116550478432943 -0.67900834671702603 0.35756742100374167
    outer loop
      vertex 0.53554099798202515 -2.4860851764678955 0.19853705167770386
      vertex 0.42434310913085938 -2.5167207717895508 0.33975356817245483
      vertex 0.42434310913085938 -2.5724992752075195 0.23383209109306335
    endloop
  endfacet
  facet normal 0.77701654174344548 -0.55697291187294262 0.29330269227682126
    outer loop
      vertex 0.62667101621627808 -2.3814563751220703 0.1558023989200592
      vertex 0.62667101621627808 -2.3442912101745605 0.22637791931629181
      vertex 0.53554099798202515 -2.4387259483337402 0.2884705662727356
    endloop
  endfacet
  facet normal 0.77701679489046527 -0.55697233630715892 0.29330311462153624
    outer loop
      vertex 0.62667101621627808 -2.3814563751220703 0.1558023989200592
      vertex 0.53554099798202515 -2.4387259483337402 0.2884705662727356
      vertex 0.53554099798202515 -2.4860851764678955 0.19853705167770386
    endloop
  endfacet
  facet normal 0.88390668940971451 -0.41379527323919352 0.2179046494723314
    outer loop
      vertex 0.69431829452514648 -2.2625336647033691 0.10722949355840683
      vertex 0.69431829452514648 -2.2369551658630371 0.1558023989200592
      vertex 0.62667101621627808 -2.3442912101745605 0.22637791931629181
    endloop
  endfacet
  facet normal 0.8839067864328074 -0.41379490330778979 0.21790495839820681
    outer loop
      vertex 0.69431829452514648 -2.2625336647033691 0.10722949355840683
      vertex 0.62667101621627808 -2.3442912101745605 0.22637791931629181
      vertex 0.62667101621627808 -2.3814563751220703 0.1558023989200592
    endloop
  endfacet
  facet normal 0.9576366311794865 -0.25480749810915615 0.13418353673441538
    outer loop
      vertex 0.73594790697097778 -2.1337733268737793 0.054638456553220749
      vertex 0.73594790697097778 -2.1207396984100342 0.079388633370399475
      vertex 0.69431829452514648 -2.2369551658630371 0.1558023989200592
    endloop
  endfacet
  facet normal 0.95763649444680121 -0.25480867226586007 0.13418228289066725
    outer loop
      vertex 0.73594790697097778 -2.1337733268737793 0.054638456553220749
      vertex 0.69431829452514648 -2.2369551658630371 0.1558023989200592
      vertex 0.69431829452514648 -2.2625336647033691 0.10722949355840683
    endloop
  endfacet
  facet normal 0.99526085570403977 -0.086040064060334487 0.045309342080371393
    outer loop
      vertex 0.75 -2 0
      vertex 0.73594790697097778 -2.1207396984100342 0.079388633370399475
      vertex 0.73594790697097778 -2.1337733268737793 0.054638456553220749
    endloop
  endfacet
  facet normal -0.99465296730859676 -0.098937177696624842 0.029612657659009962
    outer loop
      vertex -0.73415011167526245 -2.1505002975463867 0.029550328850746155
      vertex -0.73415011167526245 -2.1419870853424072 0.057993341237306595
      vertex -0.75 -2 0
    endloop
  endfacet
  facet normal -0.953254104047213 -0.28948113958062743 0.086644578273811182
    outer loop
      vertex -0.68924421072006226 -2.2901663780212402 0.056973356753587723
      vertex -0.68924421072006226 -2.2737526893615723 0.1118117943406105
      vertex -0.73415011167526245 -2.1419870853424072 0.057993341237306595
    endloop
  endfacet
  facet normal -0.95325415894684717 -0.28948115177985129 0.086643933513832941
    outer loop
      vertex -0.68924421072006226 -2.2901663780212402 0.056973356753587723
      vertex -0.73415011167526245 -2.1419870853424072 0.057993341237306595
      vertex -0.73415011167526245 -2.1505002975463867 0.029550328850746155
    endloop
  endfacet
  facet normal -0.87501642572693417 -0.4637656281286594 0.13880812971325146
    outer loop
      vertex -0.6184116005897522 -2.4163925647735596 0.081757545471191406
      vertex -0.6184116005897522 -2.3928389549255371 0.16045145690441132
      vertex -0.68924421072006226 -2.2737526893615723 0.1118117943406105
    endloop
  endfacet
  facet normal -0.87501608868471481 -0.46376579262228412 0.13880970476277163
    outer loop
      vertex -0.6184116005897522 -2.4163925647735596 0.081757545471191406
      vertex -0.68924421072006226 -2.2737526893615723 0.1118117943406105
      vertex -0.68924421072006226 -2.2901663780212402 0.056973356753587723
    endloop
  endfacet
  facet normal -0.76442252490479179 -0.61764324921257152 0.18486486989236256
    outer loop
      vertex -0.52506744861602783 -2.5255069732666016 0.1031818762421608
      vertex -0.52506744861602783 -2.4957811832427979 0.20249730348587036
      vertex -0.6184116005897522 -2.3928389549255371 0.16045145690441132
    endloop
  endfacet
  facet normal -0.76442258323240164 -0.61764322338572974 0.18486471499447249
    outer loop
      vertex -0.52506744861602783 -2.5255069732666016 0.1031818762421608
      vertex -0.6184116005897522 -2.3928389549255371 0.16045145690441132
      vertex -0.6184116005897522 -2.4163925647735596 0.081757545471191406
    endloop
  endfacet
  facet normal -0.62590012339099932 -0.74715415424679743 0.22362849847656857
    outer loop
      vertex -0.4120478630065918 -2.6149296760559082 0.12073975056409836
      vertex -0.4120478630065918 -2.5801455974578857 0.23695512115955353
      vertex -0.52506744861602783 -2.4957811832427979 0.20249730348587036
    endloop
  endfacet
  facet normal -0.62590019560186916 -0.7471541329304503 0.22362836758892773
    outer loop
      vertex -0.4120478630065918 -2.6149296760559082 0.12073975056409836
      vertex -0.52506744861602783 -2.4957811832427979 0.20249730348587036
      vertex -0.52506744861602783 -2.5255069732666016 0.1031818762421608
    endloop
  endfacet
  facet normal -0.46422923328964533 -0.84852282385688094 0.25396896730359136
    outer loop
      vertex -0.28358793258666992 -2.6813094615936279 0.13377325236797333
      vertex -0.28358793258666992 -2.642770528793335 0.26253372430801392
      vertex -0.4120478630065918 -2.5801455974578857 0.23695512115955353
    endloop
  endfacet
  facet normal -0.46422931733542494 -0.848522812520209 0.25396885155286225
    outer loop
      vertex -0.28358793258666992 -2.6813094615936279 0.13377325236797333
      vertex -0.4120478630065918 -2.5801455974578857 0.23695512115955353
      vertex -0.4120478630065918 -2.6149296760559082 0.12073975056409836
    endloop
  endfacet
  facet normal -0.28550262262275761 -0.91813436025382711 0.27480456509458345
    outer loop
      vertex -0.14450135827064514 -2.7221591472625732 0.14179396629333496
      vertex -0.14450135827064514 -2.6813094615936279 0.27827459573745728
      vertex -0.28358793258666992 -2.642770528793335 0.26253372430801392
    endloop
  endfacet
  facet normal -0.28550294285566241 -0.91813436930544878 0.27480420215280943
    outer loop
      vertex -0.14450135827064514 -2.7221591472625732 0.14179396629333496
      vertex -0.28358793258666992 -2.642770528793335 0.26253372430801392
      vertex -0.28358793258666992 -2.6813094615936279 0.13377325236797333
    endloop
  endfacet
  facet normal -0.096338617720361799 -0.95355281222862576 0.28540480904604493
    outer loop
      vertex 0 -2.735947847366333 0.14450135827064514
      vertex 0 -2.6943182945251465 0.28358793258666992
      vertex -0.14450135827064514 -2.6813094615936279 0.27827459573745728
    endloop
  endfacet
  facet normal -0.096337893285452017 -0.95355266874254274 0.28540553297246191
    outer loop
      vertex 0 -2.735947847366333 0.14450135827064514
      vertex -0.14450135827064514 -2.6813094615936279 0.27827459573745728
      vertex -0.14450135827064514 -2.7221591472625732 0.14179396629333496
    endloop
  endfacet
  facet normal 0.1023169127980199 -0.95298065506184348 0.28523520195337354
    outer loop
      vertex 0.15337395668029785 -2.7203950881958008 0.14144758880138397
      vertex 0.15337395668029785 -2.6796450614929199 0.27759483456611633
      vertex 0 -2.6943182945251465 0.28358793258666992
    endloop
  endfacet
  facet normal 0.10231545365394773 -0.95298125028663172 0.28523373668925373
    outer loop
      vertex 0.15337395668029785 -2.7203950881958008 0.14144758880138397
      vertex 0 -2.6943182945251465 0.28358793258666992
      vertex 0 -2.735947847366333 0.14450135827064514
    endloop
  endfacet
  facet normal 0.29959359375204758 -0.91400432792760211 0.27356857844486698
    outer loop
      vertex 0.29570668935775757 -2.67633056640625 0.13279563188552856
      vertex 0.29570668935775757 -2.638073205947876 0.26061511039733887
      vertex 0.15337395668029785 -2.6796450614929199 0.27759483456611633
    endloop
  endfacet
  facet normal 0.29959416589099835 -0.91400396960707331 0.27356914904021862
    outer loop
      vertex 0.29570668935775757 -2.67633056640625 0.13279563188552856
      vertex 0.15337395668029785 -2.6796450614929199 0.27759483456611633
      vertex 0.15337395668029785 -2.7203950881958008 0.14144758880138397
    endloop
  endfacet
  facet normal 0.48061026612887564 -0.84011084241404976 0.25145087900002855
    outer loop
      vertex 0.42434310913085938 -2.6068248748779297 0.11914842575788498
      vertex 0.42434310913085938 -2.5724992752075195 0.23383209109306335
      vertex 0.29570668935775757 -2.638073205947876 0.26061511039733887
    endloop
  endfacet
  facet normal 0.48061085079878924 -0.84011031386718549 0.25145152739333804
    outer loop
      vertex 0.42434310913085938 -2.6068248748779297 0.11914842575788498
      vertex 0.29570668935775757 -2.638073205947876 0.26061511039733887
      vertex 0.29570668935775757 -2.67633056640625 0.13279563188552856
    endloop
  endfacet
  facet normal 0.64116552822415807 -0.73517831355782437 0.22004456978373685
    outer loop
      vertex 0.53554099798202515 -2.5152297019958496 0.10116394609212875
      vertex 0.53554099798202515 -2.4860851764678955 0.19853705167770386
      vertex 0.42434310913085938 -2.5724992752075195 0.23383209109306335
    endloop
  endfacet
  facet normal 0.64116513004279918 -0.73517882705795834 0.22004401437640822
    outer loop
      vertex 0.53554099798202515 -2.5152297019958496 0.10116394609212875
      vertex 0.42434310913085938 -2.5724992752075195 0.23383209109306335
      vertex 0.42434310913085938 -2.6068248748779297 0.11914842575788498
    endloop
  endfacet
  facet normal 0.77701683527067222 -0.60304703716689234 0.18049683839386718
    outer loop
      vertex 0.62667101621627808 -2.4043276309967041 0.079388633370399475
      vertex 0.62667101621627808 -2.3814563751220703 0.1558023989200592
      vertex 0.53554099798202515 -2.4860851764678955 0.19853705167770386
    endloop
  endfacet
  facet normal 0.77701676568569644 -0.60304717004651431 0.1804966939925223
    outer loop
      vertex 0.62667101621627808 -2.4043276309967041 0.079388633370399475
      vertex 0.53554099798202515 -2.4860851764678955 0.19853705167770386
      vertex 0.53554099798202515 -2.5152297019958496 0.10116394609212875
    endloop
  endfacet
  facet normal 0.88390676558231829 -0.4480254150240327 0.13409719329780206
    outer loop
      vertex 0.69431829452514648 -2.2782745361328125 0.054638456553220749
      vertex 0.69431829452514648 -2.2625336647033691 0.10722949355840683
      vertex 0.62667101621627808 -2.3814563751220703 0.1558023989200592
    endloop
  endfacet
  facet normal 0.88390685404844305 -0.44802513830863733 0.13409753468916266
    outer loop
      vertex 0.69431829452514648 -2.2782745361328125 0.054638456553220749
      vertex 0.62667101621627808 -2.3814563751220703 0.1558023989200592
      vertex 0.62667101621627808 -2.4043276309967041 0.079388633370399475
    endloop
  endfacet
  facet normal 0.9576364551003842 -0.27588747426605831 0.08257433866441044
    outer loop
      vertex 0.73594790697097778 -2.141793966293335 0.027840858325362206
      vertex 0.73594790697097778 -2.1337733268737793 0.054638456553220749
      vertex 0.69431829452514648 -2.2625336647033691 0.10722949355840683
    endloop
  endfacet
  facet normal 0.95763651398403593 -0.27588708213031582 0.08257496592868746
    outer loop
      vertex 0.73594790697097778 -2.141793966293335 0.027840858325362206
      vertex 0.69431829452514648 -2.2625336647033691 0.10722949355840683
      vertex 0.69431829452514648 -2.2782745361328125 0.054638456553220749
    endloop
  endfacet
  facet normal 0.99526085738597736 -0.093157868861331997 0.027882561298132644
    outer loop
      vertex 0.75 -2 0
      vertex 0.73594790697097778 -2.1337733268737793 0.054638456553220749
      vertex 0.73594790697097778 -2.141793966293335 0.027840858325362206
    endloop
  endfacet
  facet normal -0.99465296850332297 -0.10278888811291602 0.0099958355347640193
    outer loop
      vertex -0.73415011167526245 -2.1533739566802979 2.8174340763817559e-17
      vertex -0.73415011167526245 -2.1505002975463867 0.029550328850746155
      vertex -0.75 -2 0
    endloop
  endfacet
  facet normal -0.95325416135622842 -0.3007509691187496 0.029246511435837709
    outer loop
      vertex -0.68924421072006226 -2.2957067489624023 5.4320434665655094e-17
      vertex -0.68924421072006226 -2.2901663780212402 0.056973356753587723
      vertex -0.73415011167526245 -2.1505002975463867 0.029550328850746155
    endloop
  endfacet
  facet normal -0.95325412641287544 -0.30075104056828489 0.029246915630873178
    outer loop
      vertex -0.68924421072006226 -2.2957067489624023 5.4320434665655094e-17
      vertex -0.73415011167526245 -2.1505002975463867 0.029550328850746155
      vertex -0.73415011167526245 -2.1533739566802979 2.8174340763817559e-17
    endloop
  endfacet
  facet normal -0.87501613051333726 -0.48182091403750188 0.04685486247480021
    outer loop
      vertex -0.6184116005897522 -2.4243431091308594 7.795056939890644e-17
      vertex -0.6184116005897522 -2.4163925647735596 0.081757545471191406
      vertex -0.68924421072006226 -2.2901663780212402 0.056973356753587723
    endloop
  endfacet
  facet normal -0.87501617967366296 -0.48182084623174809 0.046854641667930422
    outer loop
      vertex -0.6184116005897522 -2.4243431091308594 7.795056939890644e-17
      vertex -0.68924421072006226 -2.2901663780212402 0.056973356753587723
      vertex -0.68924421072006226 -2.2957067489624023 5.4320434665655094e-17
    endloop
  endfacet
  facet normal -0.76442259333155893 -0.64168846670648061 0.062402007180378187
    outer loop
      vertex -0.52506744861602783 -2.5355410575866699 9.8377291700091026e-17
      vertex -0.52506744861602783 -2.5255069732666016 0.1031818762421608
      vertex -0.6184116005897522 -2.4163925647735596 0.081757545471191406
    endloop
  endfacet
  facet normal -0.76442290720762041 -0.64168816973219756 0.062401216029755485
    outer loop
      vertex -0.52506744861602783 -2.5355410575866699 9.8377291700091026e-17
      vertex -0.6184116005897522 -2.4163925647735596 0.081757545471191406
      vertex -0.6184116005897522 -2.4243431091308594 7.795056939890644e-17
    endloop
  endfacet
  facet normal -0.62590020981901007 -0.77624145127290023 0.075486003167877513
    outer loop
      vertex -0.4120478630065918 -2.6266710758209229 1.1511760088337179e-16
      vertex -0.4120478630065918 -2.6149296760559082 0.12073975056409836
      vertex -0.52506744861602783 -2.5255069732666016 0.1031818762421608
    endloop
  endfacet
  facet normal -0.62589971497457031 -0.77624176742347573 0.075486855160552604
    outer loop
      vertex -0.4120478630065918 -2.6266710758209229 1.1511760088337179e-16
      vertex -0.52506744861602783 -2.5255069732666016 0.1031818762421608
      vertex -0.52506744861602783 -2.5355410575866699 9.8377291700091026e-17
    endloop
  endfacet
  facet normal -0.46422929725920797 -0.88155657023224088 0.085727317971520722
    outer loop
      vertex -0.28358793258666992 -2.6943182945251465 1.2754419625941302e-16
      vertex -0.28358793258666992 -2.6813094615936279 0.13377325236797333
      vertex -0.4120478630065918 -2.6149296760559082 0.12073975056409836
    endloop
  endfacet
  facet normal -0.46422921282409219 -0.88155660381281298 0.085727429885320949
    outer loop
      vertex -0.28358793258666992 -2.6943182945251465 1.2754419625941302e-16
      vertex -0.4120478630065918 -2.6149296760559082 0.12073975056409836
      vertex -0.4120478630065918 -2.6266710758209229 1.1511760088337179e-16
    endloop
  endfacet
  facet normal -0.28550293324209319 -0.95387826536762832 0.092759527647595402
    outer loop
      vertex -0.14450135827064514 -2.735947847366333 1.3519144793524125e-16
      vertex -0.14450135827064514 -2.7221591472625732 0.14179396629333496
      vertex -0.28358793258666992 -2.6813094615936279 0.13377325236797333
    endloop
  endfacet
  facet normal -0.28550225790500494 -0.95387839410589126 0.092760282390200524
    outer loop
      vertex -0.14450135827064514 -2.735947847366333 1.3519144793524125e-16
      vertex -0.28358793258666992 -2.6813094615936279 0.13377325236797333
      vertex -0.28358793258666992 -2.6943182945251465 1.2754419625941302e-16
    endloop
  endfacet
  facet normal -0.096337875885826721 -0.99067542757257065 0.096339041274611362
    outer loop
      vertex 0 -2.75 1.3777276760710893e-16
      vertex 0 -2.735947847366333 0.14450135827064514
      vertex -0.14450135827064514 -2.7221591472625732 0.14179396629333496
    endloop
  endfacet
  facet normal -0.096339041481131954 -0.9906754296962681 0.096337853840592458
    outer loop
      vertex 0 -2.75 1.3777276760710893e-16
      vertex -0.14450135827064514 -2.7221591472625732 0.14179396629333496
      vertex -0.14450135827064514 -2.735947847366333 1.3519144793524125e-16
    endloop
  endfacet
  facet normal 0.10231541232392691 -0.99008161666925643 0.096280572986330151
    outer loop
      vertex 0.15337395668029785 -2.7341501712799072 1.3486119773004068e-16
      vertex 0.15337395668029785 -2.7203950881958008 0.14144758880138397
      vertex 0 -2.735947847366333 0.14450135827064514
    endloop
  endfacet
  facet normal 0.10231607893363884 -0.99008147880944453 0.096281282241921895
    outer loop
      vertex 0.15337395668029785 -2.7341501712799072 1.3486119773004068e-16
      vertex 0 -2.735947847366333 0.14450135827064514
      vertex 0 -2.75 1.3777276760710893e-16
    endloop
  endfacet
  facet normal 0.29959417396290566 -0.94958737372470559 0.092342571927039374
    outer loop
      vertex 0.29570668935775757 -2.689244270324707 1.2661210267540866e-16
      vertex 0.29570668935775757 -2.67633056640625 0.13279563188552856
      vertex 0.15337395668029785 -2.7203950881958008 0.14144758880138397
    endloop
  endfacet
  facet normal 0.29959429224121875 -0.94958732376405186 0.09234270194827833
    outer loop
      vertex 0.29570668935775757 -2.689244270324707 1.2661210267540866e-16
      vertex 0.15337395668029785 -2.7203950881958008 0.14144758880138397
      vertex 0.15337395668029785 -2.7341501712799072 1.3486119773004068e-16
    endloop
  endfacet
  facet normal 0.48061092196339922 -0.87281666497067045 0.084877623900341981
    outer loop
      vertex 0.42434310913085938 -2.6184115409851074 1.1360036635149232e-16
      vertex 0.42434310913085938 -2.6068248748779297 0.11914842575788498
      vertex 0.29570668935775757 -2.67633056640625 0.13279563188552856
    endloop
  endfacet
  facet normal 0.48061045857249107 -0.87281697702012329 0.084877038922158171
    outer loop
      vertex 0.42434310913085938 -2.6184115409851074 1.1360036635149232e-16
      vertex 0.29570668935775757 -2.67633056640625 0.13279563188552856
      vertex 0.29570668935775757 -2.689244270324707 1.2661210267540866e-16
    endloop
  endfacet
  facet normal 0.64116506399336071 -0.76380006769214004 0.074275280597733292
    outer loop
      vertex 0.53554099798202515 -2.5250673294067383 9.6453322534851887e-17
      vertex 0.53554099798202515 -2.5152297019958496 0.10116394609212875
      vertex 0.42434310913085938 -2.6068248748779297 0.11914842575788498
    endloop
  endfacet
  facet normal 0.64116562022157098 -0.76379951329631945 0.074276180126565006
    outer loop
      vertex 0.53554099798202515 -2.5250673294067383 9.6453322534851887e-17
      vertex 0.42434310913085938 -2.6068248748779297 0.11914842575788498
      vertex 0.42434310913085938 -2.6184115409851074 1.1360036635149232e-16
    endloop
  endfacet
  facet normal 0.77701680182779487 -0.62652437056937627 0.060927028156248828
    outer loop
      vertex 0.62667101621627808 -2.4120478630065918 7.5691962662497749e-17
      vertex 0.62667101621627808 -2.4043276309967041 0.079388633370399475
      vertex 0.53554099798202515 -2.5152297019958496 0.10116394609212875
    endloop
  endfacet
  facet normal 0.7770163933605726 -0.62652497264993856 0.06092604611265634
    outer loop
      vertex 0.62667101621627808 -2.4120478630065918 7.5691962662497749e-17
      vertex 0.53554099798202515 -2.5152297019958496 0.10116394609212875
      vertex 0.53554099798202515 -2.5250673294067383 9.6453322534851887e-17
    endloop
  endfacet
  facet normal 0.88390688860935474 -0.46546717275623389 0.045265034576900551
    outer loop
      vertex 0.69431829452514648 -2.2835879325866699 5.2094260026703382e-17
      vertex 0.69431829452514648 -2.2782745361328125 0.054638456553220749
      vertex 0.62667101621627808 -2.4043276309967041 0.079388633370399475
    endloop
  endfacet
  facet normal 0.88390684857933266 -0.46546726585870812 0.045264858870554273
    outer loop
      vertex 0.69431829452514648 -2.2835879325866699 5.2094260026703382e-17
      vertex 0.62667101621627808 -2.4043276309967041 0.079388633370399475
      vertex 0.62667101621627808 -2.4120478630065918 7.5691962662497749e-17
    endloop
  endfacet
  facet normal 0.9576365353011278 -0.28662746119961791 0.027874087298296209
    outer loop
      vertex 0.73594790697097778 -2.1445014476776123 2.6544469047926749e-17
      vertex 0.73594790697097778 -2.141793966293335 0.027840858325362206
      vertex 0.69431829452514648 -2.2782745361328125 0.054638456553220749
    endloop
  endfacet
  facet normal 0.95763648752861086 -0.28662767533358707 0.027873526628839334
    outer loop
      vertex 0.73594790697097778 -2.1445014476776123 2.6544469047926749e-17
      vertex 0.69431829452514648 -2.2782745361328125 0.054638456553220749
      vertex 0.69431829452514648 -2.2835879325866699 5.2094260026703382e-17
    endloop
  endfacet
  facet normal 0.99526085778444462 -0.096784484768163648 0.009412144831683034
    outer loop
      vertex 0.75 -2 0
      vertex 0.73594790697097778 -2.141793966293335 0.027840858325362206
      vertex 0.73594790697097778 -2.1445014476776123 2.6544469047926749e-17
    endloop
  endfacet
  facet normal -0.99464654356047266 -0.10278822414995337 -0.010622351872516466
    outer loop
      vertex -0.73415011167526245 -2.1501326560974121 -0.031364761292934418
      vertex -0.73415011167526245 -2.1533739566802979 2.8174340763817559e-17
      vertex -0.75 -2 0
    endloop
  endfacet
  facet normal -0.95320142687309517 -0.30073441389866212 -0.031078161208853313
    outer loop
      vertex -0.68924421072006226 -2.2894575595855713 -0.060471605509519577
      vertex -0.68924421072006226 -2.2957067489624023 5.4320434665655094e-17
      vertex -0.73415011167526245 -2.1533739566802979 2.8174340763817559e-17
    endloop
  endfacet
  facet normal -0.95320146121276161 -0.30073426864027186 -0.031078513594714249
    outer loop
      vertex -0.68924421072006226 -2.2894575595855713 -0.060471605509519577
      vertex -0.73415011167526245 -2.1533739566802979 2.8174340763817559e-17
      vertex -0.73415011167526245 -2.1501326560974121 -0.031364761292934418
    endloop
  endfacet
  facet normal -0.87489202106567465 -0.48175247926099085 -0.04978453777537533
    outer loop
      vertex -0.6184116005897522 -2.4153754711151123 -0.086777582764625549
      vertex -0.6184116005897522 -2.4243431091308594 7.795056939890644e-17
      vertex -0.68924421072006226 -2.2957067489624023 5.4320434665655094e-17
    endloop
  endfacet
  facet normal -0.87489206762028482 -0.48175237608428201 -0.049784718059372207
    outer loop
      vertex -0.6184116005897522 -2.4153754711151123 -0.086777582764625549
      vertex -0.68924421072006226 -2.2957067489624023 5.4320434665655094e-17
      vertex -0.68924421072006226 -2.2894575595855713 -0.060471605509519577
    endloop
  endfacet
  facet normal -0.76423052334259811 -0.64152667476773728 -0.066296551591679895
    outer loop
      vertex -0.52506744861602783 -2.5242233276367188 -0.10951739549636841
      vertex -0.52506744861602783 -2.5355410575866699 9.8377291700091026e-17
      vertex -0.6184116005897522 -2.4243431091308594 7.795056939890644e-17
    endloop
  endfacet
  facet normal -0.76423014284503255 -0.64152721220890829 -0.066295737136918872
    outer loop
      vertex -0.52506744861602783 -2.5242233276367188 -0.10951739549636841
      vertex -0.6184116005897522 -2.4243431091308594 7.795056939890644e-17
      vertex -0.6184116005897522 -2.4153754711151123 -0.086777582764625549
    endloop
  endfacet
  facet normal -0.62566926944323176 -0.775955968529082 -0.080189152498743005
    outer loop
      vertex -0.4120478630065918 -2.6134274005889893 -0.12815335392951965
      vertex -0.4120478630065918 -2.6266710758209229 1.1511760088337179e-16
      vertex -0.52506744861602783 -2.5355410575866699 9.8377291700091026e-17
    endloop
  endfacet
  facet normal -0.62566899470772652 -0.77595623161658955 -0.080188750313273563
    outer loop
      vertex -0.4120478630065918 -2.6134274005889893 -0.12815335392951965
      vertex -0.52506744861602783 -2.5355410575866699 9.8377291700091026e-17
      vertex -0.52506744861602783 -2.5242233276367188 -0.10951739549636841
    endloop
  endfacet
  facet normal -0.46400878010149493 -0.88113800903908068 -0.091058558166531189
    outer loop
      vertex -0.28358793258666992 -2.6796450614929199 -0.14198713004589081
      vertex -0.28358793258666992 -2.6943182945251465 1.2754419625941302e-16
      vertex -0.4120478630065918 -2.6266710758209229 1.1511760088337179e-16
    endloop
  endfacet
  facet normal -0.46400907621395765 -0.88113781805663138 -0.091058897321832644
    outer loop
      vertex -0.28358793258666992 -2.6796450614929199 -0.14198713004589081
      vertex -0.4120478630065918 -2.6266710758209229 1.1511760088337179e-16
      vertex -0.4120478630065918 -2.6134274005889893 -0.12815335392951965
    endloop
  endfacet
  facet normal -0.28534359506775242 -0.95334829303589175 -0.098519363169693286
    outer loop
      vertex -0.14450135827064514 -2.7203950881958008 -0.15050032734870911
      vertex -0.14450135827064514 -2.735947847366333 1.3519144793524125e-16
      vertex -0.28358793258666992 -2.6943182945251465 1.2754419625941302e-16
    endloop
  endfacet
  facet normal -0.28534509181815532 -0.95334769132754471 -0.098520850664866932
    outer loop
      vertex -0.14450135827064514 -2.7203950881958008 -0.15050032734870911
      vertex -0.28358793258666992 -2.6943182945251465 1.2754419625941302e-16
      vertex -0.28358793258666992 -2.6796450614929199 -0.14198713004589081
    endloop
  endfacet
  facet normal -0.096281282241921798 -0.99008147880944453 -0.10231607893363874
    outer loop
      vertex 0 -2.7341501712799072 -0.15337395668029785
      vertex 0 -2.75 1.3777276760710893e-16
      vertex -0.14450135827064514 -2.735947847366333 1.3519144793524125e-16
    endloop
  endfacet
  facet normal -0.096280558420807336 -0.99008161950038387 -0.10231539863419478
    outer loop
      vertex 0 -2.7341501712799072 -0.15337395668029785
      vertex -0.14450135827064514 -2.735947847366333 1.3519144793524125e-16
      vertex -0.14450135827064514 -2.7203950881958008 -0.15050032734870911
    endloop
  endfacet
  facet normal 0.10225482284815833 -0.9894887223597183 -0.10225467973263747
    outer loop
      vertex 0.15337395668029785 -2.7186353206634521 -0.1501326858997345
      vertex 0.15337395668029785 -2.7341501712799072 1.3486119773004068e-16
      vertex 0 -2.75 1.3777276760710893e-16
    endloop
  endfacet
  facet normal 0.10225468272549157 -0.98948872205370209 -0.1022548228165342
    outer loop
      vertex 0.15337395668029785 -2.7186353206634521 -0.1501326858997345
      vertex 0 -2.75 1.3777276760710893e-16
      vertex 0 -2.7341501712799072 -0.15337395668029785
    endloop
  endfacet
  facet normal 0.29942924909088192 -0.94906420671044744 -0.098077807530245212
    outer loop
      vertex 0.29570668935775757 -2.6746783256530762 -0.14094948768615723
      vertex 0.29570668935775757 -2.689244270324707 1.2661210267540866e-16
      vertex 0.15337395668029785 -2.7341501712799072 1.3486119773004068e-16
    endloop
  endfacet
  facet normal 0.29942983984657662 -0.94906408718733815 -0.098077160545756117
    outer loop
      vertex 0.29570668935775757 -2.6746783256530762 -0.14094948768615723
      vertex 0.15337395668029785 -2.7341501712799072 1.3486119773004068e-16
      vertex 0.15337395668029785 -2.7186353206634521 -0.1501326858997345
    endloop
  endfacet
  facet normal 0.48038677436970195 -0.87241075329734896 -0.090155557465002284
    outer loop
      vertex 0.42434310913085938 -2.6053426265716553 -0.12646432220935822
      vertex 0.42434310913085938 -2.6184115409851074 1.1360036635149232e-16
      vertex 0.29570668935775757 -2.689244270324707 1.2661210267540866e-16
    endloop
  endfacet
  facet normal 0.48038616668291279 -0.87241100666663252 -0.090156343684787657
    outer loop
      vertex 0.42434310913085938 -2.6053426265716553 -0.12646432220935822
      vertex 0.29570668935775757 -2.689244270324707 1.2661210267540866e-16
      vertex 0.29570668935775757 -2.6746783256530762 -0.14094948768615723
    endloop
  endfacet
  facet normal 0.64093709866831838 -0.76352728308676487 -0.078903254259767949
    outer loop
      vertex 0.53554099798202515 -2.5139710903167725 -0.10737556219100952
      vertex 0.53554099798202515 -2.5250673294067383 9.6453322534851887e-17
      vertex 0.42434310913085938 -2.6184115409851074 1.1360036635149232e-16
    endloop
  endfacet
  facet normal 0.64093697059056265 -0.76352736832596135 -0.078903469805984061
    outer loop
      vertex 0.53554099798202515 -2.5139710903167725 -0.10737556219100952
      vertex 0.42434310913085938 -2.6184115409851074 1.1360036635149232e-16
      vertex 0.42434310913085938 -2.6053426265716553 -0.12646432220935822
    endloop
  endfacet
  facet normal 0.77682999790279417 -0.62637467799710422 -0.064729569150186336
    outer loop
      vertex 0.62667101621627808 -2.4033401012420654 -0.084263212978839874
      vertex 0.62667101621627808 -2.4120478630065918 7.5691962662497749e-17
      vertex 0.53554099798202515 -2.5250673294067383 9.6453322534851887e-17
    endloop
  endfacet
  facet normal 0.77682988409557308 -0.62637478973989669 -0.064729853656243855
    outer loop
      vertex 0.62667101621627808 -2.4033401012420654 -0.084263212978839874
      vertex 0.53554099798202515 -2.5250673294067383 9.6453322534851887e-17
      vertex 0.53554099798202515 -2.5139710903167725 -0.10737556219100952
    endloop
  endfacet
  facet normal 0.88378979391552337 -0.46540562461856289 -0.048095787176859348
    outer loop
      vertex 0.69431829452514648 -2.2775948047637939 -0.057993341237306595
      vertex 0.69431829452514648 -2.2835879325866699 5.2094260026703382e-17
      vertex 0.62667101621627808 -2.4120478630065918 7.5691962662497749e-17
    endloop
  endfacet
  facet normal 0.88378996944027299 -0.46540537279499627 -0.048094998599769762
    outer loop
      vertex 0.69431829452514648 -2.2775948047637939 -0.057993341237306595
      vertex 0.62667101621627808 -2.4120478630065918 7.5691962662497749e-17
      vertex 0.62667101621627808 -2.4033401012420654 -0.084263212978839874
    endloop
  endfacet
  facet normal 0.95758836214205056 -0.28661327104985945 -0.029620289468623114
    outer loop
      vertex 0.73594790697097778 -2.1414475440979004 -0.029550328850746155
      vertex 0.73594790697097778 -2.1445014476776123 2.6544469047926749e-17
      vertex 0.69431829452514648 -2.2835879325866699 5.2094260026703382e-17
    endloop
  endfacet
  facet normal 0.95758846688925248 -0.28661304747314786 -0.029619066474921563
    outer loop
      vertex 0.73594790697097778 -2.1414475440979004 -0.029550328850746155
      vertex 0.69431829452514648 -2.2835879325866699 5.2094260026703382e-17
      vertex 0.69431829452514648 -2.2775948047637939 -0.057993341237306595
    endloop
  endfacet
  facet normal 0.99525515647471885 -0.09678393034233651 -0.010002216652948908
    outer loop
      vertex 0.75 -2 0
      vertex 0.73594790697097778 -2.1445014476776123 2.6544469047926749e-17
      vertex 0.73594790697097778 -2.1414475440979004 -0.029550328850746155
    endloop
  endfacet
  facet normal -0.99465011882571364 -0.09851447357320417 -0.03108117785071891
    outer loop
      vertex -0.73415011167526245 -2.1409494876861572 -0.060471605509519577
      vertex -0.73415011167526245 -2.1501326560974121 -0.031364761292934418
      vertex -0.75 -2 0
    endloop
  endfacet
  facet normal -0.95323076111858507 -0.28823791831645751 -0.090939642081317801
    outer loop
      vertex -0.68924421072006226 -2.2717521190643311 -0.11658991873264313
      vertex -0.68924421072006226 -2.2894575595855713 -0.060471605509519577
      vertex -0.73415011167526245 -2.1501326560974121 -0.031364761292934418
    endloop
  endfacet
  facet normal -0.95323067579695719 -0.28823845736157089 -0.090938827887201187
    outer loop
      vertex -0.68924421072006226 -2.2717521190643311 -0.11658991873264313
      vertex -0.73415011167526245 -2.1501326560974121 -0.031364761292934418
      vertex -0.73415011167526245 -2.1409494876861572 -0.060471605509519577
    endloop
  endfacet
  facet normal -0.8749611737323616 -0.46175661659373396 -0.14568380655651247
    outer loop
      vertex -0.6184116005897522 -2.3899681568145752 -0.16730812191963196
      vertex -0.6184116005897522 -2.4153754711151123 -0.086777582764625549
      vertex -0.68924421072006226 -2.2894575595855713 -0.060471605509519577
    endloop
  endfacet
  facet normal -0.87496147524535128 -0.46175571441702212 -0.14568485521736291
    outer loop
      vertex -0.6184116005897522 -2.3899681568145752 -0.16730812191963196
      vertex -0.68924421072006226 -2.2894575595855713 -0.060471605509519577
      vertex -0.68924421072006226 -2.2717521190643311 -0.11658991873264313
    endloop
  endfacet
  facet normal -0.76433716718467648 -0.61493708286248983 -0.19401308971477912
    outer loop
      vertex -0.52506744861602783 -2.4921579360961914 -0.21115073561668396
      vertex -0.52506744861602783 -2.5242233276367188 -0.10951739549636841
      vertex -0.6184116005897522 -2.4153754711151123 -0.086777582764625549
    endloop
  endfacet
  facet normal -0.76433676929108951 -0.61493781406065606 -0.19401233967962364
    outer loop
      vertex -0.52506744861602783 -2.4921579360961914 -0.21115073561668396
      vertex -0.6184116005897522 -2.4153754711151123 -0.086777582764625549
      vertex -0.6184116005897522 -2.3899681568145752 -0.16730812191963196
    endloop
  endfacet
  facet normal -0.62579719621272722 -0.7438429245610213 -0.23468185441741363
    outer loop
      vertex -0.4120478630065918 -2.5759057998657227 -0.24708107113838196
      vertex -0.4120478630065918 -2.6134274005889893 -0.12815335392951965
      vertex -0.52506744861602783 -2.5242233276367188 -0.10951739549636841
    endloop
  endfacet
  facet normal -0.62579786143949645 -0.74384209402494617 -0.23468271298571583
    outer loop
      vertex -0.4120478630065918 -2.5759057998657227 -0.24708107113838196
      vertex -0.52506744861602783 -2.5242233276367188 -0.10951739549636841
      vertex -0.52506744861602783 -2.4921579360961914 -0.21115073561668396
    endloop
  endfacet
  facet normal -0.46413168443862818 -0.84472185327734228 -0.26650848034509833
    outer loop
      vertex -0.28358793258666992 -2.638073205947876 -0.27375274896621704
      vertex -0.28358793258666992 -2.6796450614929199 -0.14198713004589081
      vertex -0.4120478630065918 -2.6134274005889893 -0.12815335392951965
    endloop
  endfacet
  facet normal -0.46413214094661648 -0.84472145405554566 -0.26650895069133218
    outer loop
      vertex -0.28358793258666992 -2.638073205947876 -0.27375274896621704
      vertex -0.4120478630065918 -2.6134274005889893 -0.12815335392951965
      vertex -0.4120478630065918 -2.5759057998657227 -0.24708107113838196
    endloop
  endfacet
  facet normal -0.28543329940989953 -0.91398837817995049 -0.28836275095782182
    outer loop
      vertex -0.14450135827064514 -2.67633056640625 -0.29016628861427307
      vertex -0.14450135827064514 -2.7203950881958008 -0.15050032734870911
      vertex -0.28358793258666992 -2.6796450614929199 -0.14198713004589081
    endloop
  endfacet
  facet normal -0.28543259522790826 -0.9139888036251117 -0.28836209950234115
    outer loop
      vertex -0.14450135827064514 -2.67633056640625 -0.29016628861427307
      vertex -0.28358793258666992 -2.6796450614929199 -0.14198713004589081
      vertex -0.28358793258666992 -2.638073205947876 -0.27375274896621704
    endloop
  endfacet
  facet normal -0.09631269958665245 -0.94922859547164806 -0.29948111365702745
    outer loop
      vertex 0 -2.689244270324707 -0.29570668935775757
      vertex 0 -2.7341501712799072 -0.15337395668029785
      vertex -0.14450135827064514 -2.7203950881958008 -0.15050032734870911
    endloop
  endfacet
  facet normal -0.096312606204647558 -0.94922863180624606 -0.29948102852319497
    outer loop
      vertex 0 -2.689244270324707 -0.29570668935775757
      vertex -0.14450135827064514 -2.7203950881958008 -0.15050032734870911
      vertex -0.14450135827064514 -2.67633056640625 -0.29016628861427307
    endloop
  endfacet
  facet normal 0.10228876521786753 -0.94865965669549601 -0.29930229579571849
    outer loop
      vertex 0.15337395668029785 -2.6746783256530762 -0.28945747017860413
      vertex 0.15337395668029785 -2.7186353206634521 -0.1501326858997345
      vertex 0 -2.7341501712799072 -0.15337395668029785
    endloop
  endfacet
  facet normal 0.10228938489800732 -0.94865979162431702 -0.29930165634773048
    outer loop
      vertex 0.15337395668029785 -2.6746783256530762 -0.28945747017860413
      vertex 0 -2.7341501712799072 -0.15337395668029785
      vertex 0 -2.689244270324707 -0.29570668935775757
    endloop
  endfacet
  facet normal 0.29952159406005968 -0.90987861149371208 -0.2870674607788129
    outer loop
      vertex 0.29570668935775757 -2.6334099769592285 -0.27175214886665344
      vertex 0.29570668935775757 -2.6746783256530762 -0.14094948768615723
      vertex 0.15337395668029785 -2.7186353206634521 -0.1501326858997345
    endloop
  endfacet
  facet normal 0.29952210530918405 -0.90987862825999455 -0.28706687420680366
    outer loop
      vertex 0.29570668935775757 -2.6334099769592285 -0.27175214886665344
      vertex 0.15337395668029785 -2.7186353206634521 -0.1501326858997345
      vertex 0.15337395668029785 -2.6746783256530762 -0.28945747017860413
    endloop
  endfacet
  facet normal 0.48051057991356472 -0.83635101949018809 -0.26386844219961708
    outer loop
      vertex 0.42434310913085938 -2.5683155059814453 -0.24382458627223969
      vertex 0.42434310913085938 -2.6053426265716553 -0.12646432220935822
      vertex 0.29570668935775757 -2.6746783256530762 -0.14094948768615723
    endloop
  endfacet
  facet normal 0.48050983656920426 -0.83635112039624748 -0.26386947601452132
    outer loop
      vertex 0.42434310913085938 -2.5683155059814453 -0.24382458627223969
      vertex 0.29570668935775757 -2.6746783256530762 -0.14094948768615723
      vertex 0.29570668935775757 -2.6334099769592285 -0.27175214886665344
    endloop
  endfacet
  facet normal 0.64106416997396043 -0.73192360993560612 -0.23092111032650928
    outer loop
      vertex 0.53554099798202515 -2.4825329780578613 -0.20702126622200012
      vertex 0.53554099798202515 -2.5139710903167725 -0.10737556219100952
      vertex 0.42434310913085938 -2.6053426265716553 -0.12646432220935822
    endloop
  endfacet
  facet normal 0.64106386984946295 -0.73192369917527478 -0.23092166065402481
    outer loop
      vertex 0.53554099798202515 -2.4825329780578613 -0.20702126622200012
      vertex 0.42434310913085938 -2.6053426265716553 -0.12646432220935822
      vertex 0.42434310913085938 -2.5683155059814453 -0.24382458627223969
    endloop
  endfacet
  facet normal 0.77693358637643628 -0.60040867743741866 -0.18942972949908984
    outer loop
      vertex 0.62667101621627808 -2.3786687850952148 -0.16246040165424347
      vertex 0.62667101621627808 -2.4033401012420654 -0.084263212978839874
      vertex 0.53554099798202515 -2.5139710903167725 -0.10737556219100952
    endloop
  endfacet
  facet normal 0.77693414280934825 -0.60040843540282873 -0.18942821446191829
    outer loop
      vertex 0.62667101621627808 -2.3786687850952148 -0.16246040165424347
      vertex 0.53554099798202515 -2.5139710903167725 -0.10737556219100952
      vertex 0.53554099798202515 -2.4825329780578613 -0.20702126622200012
    endloop
  endfacet
  facet normal 0.88385511830992225 -0.44608568375394392 -0.14073980455837576
    outer loop
      vertex 0.69431829452514648 -2.2606151103973389 -0.1118117943406105
      vertex 0.69431829452514648 -2.2775948047637939 -0.057993341237306595
      vertex 0.62667101621627808 -2.4033401012420654 -0.084263212978839874
    endloop
  endfacet
  facet normal 0.88385494389802455 -0.44608576363443303 -0.14074064668639519
    outer loop
      vertex 0.69431829452514648 -2.2606151103973389 -0.1118117943406105
      vertex 0.62667101621627808 -2.4033401012420654 -0.084263212978839874
      vertex 0.62667101621627808 -2.3786687850952148 -0.16246040165424347
    endloop
  endfacet
  facet normal 0.95761522097784024 -0.27470276617158801 -0.086668787976064671
    outer loop
      vertex 0.73594790697097778 -2.1327955722808838 -0.056973356753587723
      vertex 0.73594790697097778 -2.1414475440979004 -0.029550328850746155
      vertex 0.69431829452514648 -2.2775948047637939 -0.057993341237306595
    endloop
  endfacet
  facet normal 0.95761523766118117 -0.27470277240570951 -0.08666858387983789
    outer loop
      vertex 0.73594790697097778 -2.1327955722808838 -0.056973356753587723
      vertex 0.69431829452514648 -2.2775948047637939 -0.057993341237306595
      vertex 0.69431829452514648 -2.2606151103973389 -0.1118117943406105
    endloop
  endfacet
  facet normal 0.99525832326442498 -0.092759829421389689 -0.029265748215278966
    outer loop
      vertex 0.75 -2 0
      vertex 0.73594790697097778 -2.1414475440979004 -0.029550328850746155
      vertex 0.73594790697097778 -2.1327955722808838 -0.056973356753587723
    endloop
  endfacet
  facet normal -0.99465181359226496 -0.090475410739192366 -0.049819371425106243
    outer loop
      vertex -0.73415011167526245 -2.1264643669128418 -0.086777582764625549
      vertex -0.73415011167526245 -2.1409494876861572 -0.060471605509519577
      vertex -0.75 -2 0
    endloop
  endfacet
  facet normal -0.95324455989030688 -0.26472046466980209 -0.14576654151258189
    outer loop
      vertex -0.68924421072006226 -2.2438244819641113 -0.16730812191963196
      vertex -0.68924421072006226 -2.2717521190643311 -0.11658991873264313
      vertex -0.73415011167526245 -2.1409494876861572 -0.060471605509519577
    endloop
  endfacet
  facet normal -0.95324449014990209 -0.26472103360550175 -0.1457659643596137
    outer loop
      vertex -0.68924421072006226 -2.2438244819641113 -0.16730812191963196
      vertex -0.73415011167526245 -2.1409494876861572 -0.060471605509519577
      vertex -0.73415011167526245 -2.1264643669128418 -0.086777582764625549
    endloop
  endfacet
  facet normal -0.87499410727375171 -0.42409041584685081 -0.23352222896986802
    outer loop
      vertex -0.6184116005897522 -2.3498916625976562 -0.24008944630622864
      vertex -0.6184116005897522 -2.3899681568145752 -0.16730812191963196
      vertex -0.68924421072006226 -2.2717521190643311 -0.11658991873264313
    endloop
  endfacet
  facet normal -0.87499416921082296 -0.42409018971024742 -0.23352240757278106
    outer loop
      vertex -0.6184116005897522 -2.3498916625976562 -0.24008944630622864
      vertex -0.68924421072006226 -2.2717521190643311 -0.11658991873264313
      vertex -0.68924421072006226 -2.2438244819641113 -0.16730812191963196
    endloop
  endfacet
  facet normal -0.76438757248657474 -0.56479387161262784 -0.31099762316921303
    outer loop
      vertex -0.52506744861602783 -2.4415798187255859 -0.30300420522689819
      vertex -0.52506744861602783 -2.4921579360961914 -0.21115073561668396
      vertex -0.6184116005897522 -2.3899681568145752 -0.16730812191963196
    endloop
  endfacet
  facet normal -0.76438827482279637 -0.56479233275186291 -0.31099869160197108
    outer loop
      vertex -0.52506744861602783 -2.4415798187255859 -0.30300420522689819
      vertex -0.6184116005897522 -2.3899681568145752 -0.16730812191963196
      vertex -0.6184116005897522 -2.3498916625976562 -0.24008944630622864
    endloop
  endfacet
  facet normal -0.6258584942103409 -0.6832075501345477 -0.37620285573598972
    outer loop
      vertex -0.4120478630065918 -2.5167207717895508 -0.35456472635269165
      vertex -0.4120478630065918 -2.5759057998657227 -0.24708107113838196
      vertex -0.52506744861602783 -2.4921579360961914 -0.21115073561668396
    endloop
  endfacet
  facet normal -0.62585740841231352 -0.68320916859591319 -0.37620172285876574
    outer loop
      vertex -0.4120478630065918 -2.5167207717895508 -0.35456472635269165
      vertex -0.52506744861602783 -2.4921579360961914 -0.21115073561668396
      vertex -0.52506744861602783 -2.4415798187255859 -0.30300420522689819
    endloop
  endfacet
  facet normal -0.46419017498672344 -0.77588493439278516 -0.42723535671582519
    outer loop
      vertex -0.28358793258666992 -2.5724992752075195 -0.39283892512321472
      vertex -0.28358793258666992 -2.638073205947876 -0.27375274896621704
      vertex -0.4120478630065918 -2.5759057998657227 -0.24708107113838196
    endloop
  endfacet
  facet normal -0.46418987792390265 -0.77588525219021343 -0.42723510233444195
    outer loop
      vertex -0.28358793258666992 -2.5724992752075195 -0.39283892512321472
      vertex -0.4120478630065918 -2.5759057998657227 -0.24708107113838196
      vertex -0.4120478630065918 -2.5167207717895508 -0.35456472635269165
    endloop
  endfacet
  facet normal -0.28547436566243972 -0.83952514731118122 -0.46227904298352862
    outer loop
      vertex -0.14450135827064514 -2.6068248748779297 -0.41639259457588196
      vertex -0.14450135827064514 -2.67633056640625 -0.29016628861427307
      vertex -0.28358793258666992 -2.638073205947876 -0.27375274896621704
    endloop
  endfacet
  facet normal -0.28547382368175389 -0.83952557144744711 -0.46227860742019633
    outer loop
      vertex -0.14450135827064514 -2.6068248748779297 -0.41639259457588196
      vertex -0.28358793258666992 -2.638073205947876 -0.27375274896621704
      vertex -0.28358793258666992 -2.5724992752075195 -0.39283892512321472
    endloop
  endfacet
  facet normal -0.096327854614923838 -0.87190440602137453 -0.4801079578446914
    outer loop
      vertex 0 -2.6184115409851074 -0.42434310913085938
      vertex 0 -2.689244270324707 -0.29570668935775757
      vertex -0.14450135827064514 -2.67633056640625 -0.29016628861427307
    endloop
  endfacet
  facet normal -0.096328302480394243 -0.87190415145832989 -0.48010833028700406
    outer loop
      vertex 0 -2.6184115409851074 -0.42434310913085938
      vertex -0.14450135827064514 -2.67633056640625 -0.29016628861427307
      vertex -0.14450135827064514 -2.6068248748779297 -0.41639259457588196
    endloop
  endfacet
  facet normal 0.1023055119652477 -0.87138211733863746 -0.47981953670516753
    outer loop
      vertex 0.15337395668029785 -2.6053426265716553 -0.41537541151046753
      vertex 0.15337395668029785 -2.6746783256530762 -0.28945747017860413
      vertex 0 -2.689244270324707 -0.29570668935775757
    endloop
  endfacet
  facet normal 0.10230483319814207 -0.87138182922969987 -0.47982020465232844
    outer loop
      vertex 0.15337395668029785 -2.6053426265716553 -0.41537541151046753
      vertex 0 -2.689244270324707 -0.29570668935775757
      vertex 0 -2.6184115409851074 -0.42434310913085938
    endloop
  endfacet
  facet normal 0.29956553749945808 -0.83575014513767065 -0.4601979830953446
    outer loop
      vertex 0.29570668935775757 -2.5683155059814453 -0.38996803760528564
      vertex 0.29570668935775757 -2.6334099769592285 -0.27175214886665344
      vertex 0.15337395668029785 -2.6746783256530762 -0.28945747017860413
    endloop
  endfacet
  facet normal 0.29956468234821404 -0.83574991749234562 -0.46019895317259379
    outer loop
      vertex 0.29570668935775757 -2.5683155059814453 -0.38996803760528564
      vertex 0.15337395668029785 -2.6746783256530762 -0.28945747017860413
      vertex 0.15337395668029785 -2.6053426265716553 -0.41537541151046753
    endloop
  endfacet
  facet normal 0.48056878818089854 -0.76819545522455734 -0.42300045200765179
    outer loop
      vertex 0.42434310913085938 -2.5099105834960938 -0.34989160299301147
      vertex 0.42434310913085938 -2.5683155059814453 -0.24382458627223969
      vertex 0.29570668935775757 -2.6334099769592285 -0.27175214886665344
    endloop
  endfacet
  facet normal 0.48056934173129473 -0.76819553836467924 -0.42299967213291145
    outer loop
      vertex 0.42434310913085938 -2.5099105834960938 -0.34989160299301147
      vertex 0.29570668935775757 -2.6334099769592285 -0.27175214886665344
      vertex 0.29570668935775757 -2.5683155059814453 -0.38996803760528564
    endloop
  endfacet
  facet normal 0.64112410255540575 -0.67225853355254717 -0.37017340421524658
    outer loop
      vertex 0.53554099798202515 -2.4329438209533691 -0.29707834124565125
      vertex 0.53554099798202515 -2.4825329780578613 -0.20702126622200012
      vertex 0.42434310913085938 -2.5683155059814453 -0.24382458627223969
    endloop
  endfacet
  facet normal 0.6411240100663429 -0.67225852599479752 -0.37017357812755075
    outer loop
      vertex 0.53554099798202515 -2.4329438209533691 -0.29707834124565125
      vertex 0.42434310913085938 -2.5683155059814453 -0.24382458627223969
      vertex 0.42434310913085938 -2.5099105834960938 -0.34989160299301147
    endloop
  endfacet
  facet normal 0.77698327800527744 -0.55144724993174388 -0.30364933104304775
    outer loop
      vertex 0.62667101621627808 -2.3397536277770996 -0.23313289880752563
      vertex 0.62667101621627808 -2.3786687850952148 -0.16246040165424347
      vertex 0.53554099798202515 -2.4825329780578613 -0.20702126622200012
    endloop
  endfacet
  facet normal 0.77698314712920946 -0.5514472332005349 -0.30364969631577765
    outer loop
      vertex 0.62667101621627808 -2.3397536277770996 -0.23313289880752563
      vertex 0.53554099798202515 -2.4825329780578613 -0.20702126622200012
      vertex 0.53554099798202515 -2.4329438209533691 -0.29707834124565125
    endloop
  endfacet
  facet normal 0.88388576102668215 -0.4096977501244819 -0.22559635413104651
    outer loop
      vertex 0.69431829452514648 -2.2338321208953857 -0.16045145690441132
      vertex 0.69431829452514648 -2.2606151103973389 -0.1118117943406105
      vertex 0.62667101621627808 -2.3786687850952148 -0.16246040165424347
    endloop
  endfacet
  facet normal 0.88388577548285663 -0.40969775785675205 -0.22559628344948249
    outer loop
      vertex 0.69431829452514648 -2.2338321208953857 -0.16045145690441132
      vertex 0.62667101621627808 -2.3786687850952148 -0.16246040165424347
      vertex 0.62667101621627808 -2.3397536277770996 -0.23313289880752563
    endloop
  endfacet
  facet normal 0.95762793642017807 -0.25228954441771467 -0.13891983719085416
    outer loop
      vertex 0.73594790697097778 -2.1191484928131104 -0.081757545471191406
      vertex 0.73594790697097778 -2.1327955722808838 -0.056973356753587723
      vertex 0.69431829452514648 -2.2606151103973389 -0.1118117943406105
    endloop
  endfacet
  facet normal 0.95762785488551794 -0.25228931093705642 -0.13892082325651228
    outer loop
      vertex 0.73594790697097778 -2.1191484928131104 -0.081757545471191406
      vertex 0.69431829452514648 -2.2606151103973389 -0.1118117943406105
      vertex 0.69431829452514648 -2.2338321208953857 -0.16045145690441132
    endloop
  endfacet
  facet normal 0.99525982806796287 -0.085190495526420065 -0.046908998135665458
    outer loop
      vertex 0.75 -2 0
      vertex 0.73594790697097778 -2.1327955722808838 -0.056973356753587723
      vertex 0.73594790697097778 -2.1191484928131104 -0.081757545471191406
    endloop
  endfacet
  facet normal -0.99465297274228859 -0.079098947485213886 -0.066398948196937202
    outer loop
      vertex -0.73415011167526245 -2.1073756217956543 -0.10951739549636841
      vertex -0.73415011167526245 -2.1264643669128418 -0.086777582764625549
      vertex -0.75 -2 0
    endloop
  endfacet
  facet normal -0.95325402116682811 -0.23143693011365027 -0.19427742665796674
    outer loop
      vertex -0.68924421072006226 -2.2070212364196777 -0.21115073561668396
      vertex -0.68924421072006226 -2.2438244819641113 -0.16730812191963196
      vertex -0.73415011167526245 -2.1264643669128418 -0.086777582764625549
    endloop
  endfacet
  facet normal -0.95325404578293782 -0.23143669155802266 -0.19427759005901171
    outer loop
      vertex -0.68924421072006226 -2.2070212364196777 -0.21115073561668396
      vertex -0.73415011167526245 -2.1264643669128418 -0.086777582764625549
      vertex -0.73415011167526245 -2.1073756217956543 -0.10951739549636841
    endloop
  endfacet
  facet normal -0.87501649843113061 -0.37077431220139206 -0.31124353308126401
    outer loop
      vertex -0.6184116005897522 -2.2970783710479736 -0.30300420522689819
      vertex -0.6184116005897522 -2.3498916625976562 -0.24008944630622864
      vertex -0.68924421072006226 -2.2438244819641113 -0.16730812191963196
    endloop
  endfacet
  facet normal -0.8750163698026252 -0.3707748489487307 -0.31124325529155111
    outer loop
      vertex -0.6184116005897522 -2.2970783710479736 -0.30300420522689819
      vertex -0.68924421072006226 -2.2438244819641113 -0.16730812191963196
      vertex -0.68924421072006226 -2.2070212364196777 -0.21115073561668396
    endloop
  endfacet
  facet normal -0.76442287743399828 -0.49379671979077816 -0.41451473312705578
    outer loop
      vertex -0.52506744861602783 -2.3749268054962158 -0.38240557909011841
      vertex -0.52506744861602783 -2.4415798187255859 -0.30300420522689819
      vertex -0.6184116005897522 -2.3498916625976562 -0.24008944630622864
    endloop
  endfacet
  facet normal -0.76442255321462282 -0.49379751809276778 -0.41451438004279145
    outer loop
      vertex -0.52506744861602783 -2.3749268054962158 -0.38240557909011841
      vertex -0.6184116005897522 -2.3498916625976562 -0.24008944630622864
      vertex -0.6184116005897522 -2.2970783710479736 -0.30300420522689819
    endloop
  endfacet
  facet normal -0.62589910241607749 -0.59734029226343843 -0.50143283581490605
    outer loop
      vertex -0.4120478630065918 -2.4387259483337402 -0.44747737050056458
      vertex -0.4120478630065918 -2.5167207717895508 -0.35456472635269165
      vertex -0.52506744861602783 -2.4415798187255859 -0.30300420522689819
    endloop
  endfacet
  facet normal -0.62589953653277219 -0.59733956438253266 -0.50143316104077806
    outer loop
      vertex -0.4120478630065918 -2.4387259483337402 -0.44747737050056458
      vertex -0.52506744861602783 -2.4415798187255859 -0.30300420522689819
      vertex -0.52506744861602783 -2.3749268054962158 -0.38240557909011841
    endloop
  endfacet
  facet normal -0.46422958382997703 -0.67838254281636612 -0.56946292161917555
    outer loop
      vertex -0.28358793258666992 -2.4860851764678955 -0.49578121304512024
      vertex -0.28358793258666992 -2.5724992752075195 -0.39283892512321472
      vertex -0.4120478630065918 -2.5167207717895508 -0.35456472635269165
    endloop
  endfacet
  facet normal -0.46422971816391584 -0.67838237827462455 -0.56946300812249051
    outer loop
      vertex -0.28358793258666992 -2.4860851764678955 -0.49578121304512024
      vertex -0.4120478630065918 -2.5167207717895508 -0.35456472635269165
      vertex -0.4120478630065918 -2.4387259483337402 -0.44747737050056458
    endloop
  endfacet
  facet normal -0.28550248714578325 -0.73403675125881007 -0.61618047488944616
    outer loop
      vertex -0.14450135827064514 -2.5152297019958496 -0.52550709247589111
      vertex -0.14450135827064514 -2.6068248748779297 -0.41639259457588196
      vertex -0.28358793258666992 -2.5724992752075195 -0.39283892512321472
    endloop
  endfacet
  facet normal -0.28550314312674957 -0.7340361402326594 -0.61618089884147376
    outer loop
      vertex -0.14450135827064514 -2.5152297019958496 -0.52550709247589111
      vertex -0.28358793258666992 -2.5724992752075195 -0.39283892512321472
      vertex -0.28358793258666992 -2.4860851764678955 -0.49578121304512024
    endloop
  endfacet
  facet normal -0.096338647548897038 -0.76235262703526407 -0.63995104269067415
    outer loop
      vertex 0 -2.5250673294067383 -0.53554099798202515
      vertex 0 -2.6184115409851074 -0.42434310913085938
      vertex -0.14450135827064514 -2.6068248748779297 -0.41639259457588196
    endloop
  endfacet
  facet normal -0.09633784441478499 -0.76235321023710778 -0.63995046884480755
    outer loop
      vertex 0 -2.5250673294067383 -0.53554099798202515
      vertex -0.14450135827064514 -2.6068248748779297 -0.41639259457588196
      vertex -0.14450135827064514 -2.5152297019958496 -0.52550709247589111
    endloop
  endfacet
  facet normal 0.10231591183554846 -0.76189566745946224 -0.63956738979701022
    outer loop
      vertex 0.15337395668029785 -2.5139710903167725 -0.52422332763671875
      vertex 0.15337395668029785 -2.6053426265716553 -0.41537541151046753
      vertex 0 -2.6184115409851074 -0.42434310913085938
    endloop
  endfacet
  facet normal 0.10231586804098441 -0.76189564052788394 -0.63956742888582541
    outer loop
      vertex 0.15337395668029785 -2.5139710903167725 -0.52422332763671875
      vertex 0 -2.6184115409851074 -0.42434310913085938
      vertex 0 -2.5250673294067383 -0.53554099798202515
    endloop
  endfacet
  facet normal 0.2995944640666402 -0.7307344732883444 -0.61340874353780472
    outer loop
      vertex 0.29570668935775757 -2.4825329780578613 -0.49215805530548096
      vertex 0.29570668935775757 -2.5683155059814453 -0.38996803760528564
      vertex 0.15337395668029785 -2.6053426265716553 -0.41537541151046753
    endloop
  endfacet
  facet normal 0.29959404279801466 -0.73073426719103318 -0.61340919480614631
    outer loop
      vertex 0.29570668935775757 -2.4825329780578613 -0.49215805530548096
      vertex 0.15337395668029785 -2.6053426265716553 -0.41537541151046753
      vertex 0.15337395668029785 -2.5139710903167725 -0.52422332763671875
    endloop
  endfacet
  facet normal 0.48060973013285424 -0.67165790710156037 -0.56381729587657814
    outer loop
      vertex 0.42434310913085938 -2.4329438209533691 -0.44157969951629639
      vertex 0.42434310913085938 -2.5099105834960938 -0.34989160299301147
      vertex 0.29570668935775757 -2.5683155059814453 -0.38996803760528564
    endloop
  endfacet
  facet normal 0.48060965229404834 -0.67165787363328777 -0.56381740209770437
    outer loop
      vertex 0.42434310913085938 -2.4329438209533691 -0.44157969951629639
      vertex 0.29570668935775757 -2.5683155059814453 -0.38996803760528564
      vertex 0.29570668935775757 -2.4825329780578613 -0.49215805530548096
    endloop
  endfacet
  facet normal 0.64116523033020267 -0.58776552199661247 -0.49339521538789582
    outer loop
      vertex 0.53554099798202515 -2.3675944805145264 -0.3749268651008606
      vertex 0.53554099798202515 -2.4329438209533691 -0.29707834124565125
      vertex 0.42434310913085938 -2.5099105834960938 -0.34989160299301147
    endloop
  endfacet
  facet normal 0.64116551808900457 -0.58776565349693966 -0.49339468479400328
    outer loop
      vertex 0.53554099798202515 -2.3675944805145264 -0.3749268651008606
      vertex 0.42434310913085938 -2.5099105834960938 -0.34989160299301147
      vertex 0.42434310913085938 -2.4329438209533691 -0.44157969951629639
    endloop
  endfacet
  facet normal 0.77701671959226593 -0.48212798711613891 -0.40471918846703375
    outer loop
      vertex 0.62667101621627808 -2.2884705066680908 -0.29422470927238464
      vertex 0.62667101621627808 -2.3397536277770996 -0.23313289880752563
      vertex 0.53554099798202515 -2.4329438209533691 -0.29707834124565125
    endloop
  endfacet
  facet normal 0.77701689587960476 -0.48212810783932336 -0.40471870620085909
    outer loop
      vertex 0.62667101621627808 -2.2884705066680908 -0.29422470927238464
      vertex 0.53554099798202515 -2.4329438209533691 -0.29707834124565125
      vertex 0.53554099798202515 -2.3675944805145264 -0.3749268651008606
    endloop
  endfacet
  facet normal 0.88390689217732532 -0.35819035573395158 -0.30067968840712778
    outer loop
      vertex 0.69431829452514648 -2.1985371112823486 -0.20249730348587036
      vertex 0.69431829452514648 -2.2338321208953857 -0.16045145690441132
      vertex 0.62667101621627808 -2.3397536277770996 -0.23313289880752563
    endloop
  endfacet
  facet normal 0.88390674792130974 -0.3581901384896643 -0.30068037127143732
    outer loop
      vertex 0.69431829452514648 -2.1985371112823486 -0.20249730348587036
      vertex 0.62667101621627808 -2.3397536277770996 -0.23313289880752563
      vertex 0.62667101621627808 -2.2884705066680908 -0.29422470927238464
    endloop
  endfacet
  facet normal 0.95763649947092366 -0.22056735835140734 -0.18515500347265099
    outer loop
      vertex 0.73594790697097778 -2.1011638641357422 -0.1031818762421608
      vertex 0.73594790697097778 -2.1191484928131104 -0.081757545471191406
      vertex 0.69431829452514648 -2.2338321208953857 -0.16045145690441132
    endloop
  endfacet
  facet normal 0.95763660748634571 -0.22056792458877358 -0.18515377026850816
    outer loop
      vertex 0.73594790697097778 -2.1011638641357422 -0.1031818762421608
      vertex 0.69431829452514648 -2.2338321208953857 -0.16045145690441132
      vertex 0.69431829452514648 -2.1985371112823486 -0.20249730348587036
    endloop
  endfacet
  facet normal 0.99526085476314641 -0.07447819550034171 -0.062520631563861492
    outer loop
      vertex 0.75 -2 0
      vertex 0.73594790697097778 -2.1191484928131104 -0.081757545471191406
      vertex 0.73594790697097778 -2.1011638641357422 -0.1031818762421608
    endloop
  endfacet
  facet normal -0.9946529734337507 -0.064824030649299105 -0.080394698144698032
    outer loop
      vertex -0.73415011167526245 -2.0842633247375488 -0.12815335392951965
      vertex -0.73415011167526245 -2.1073756217956543 -0.10951739549636841
      vertex -0.75 -2 0
    endloop
  endfacet
  facet normal -0.95325404974141581 -0.18966915281749555 -0.23522824898613698
    outer loop
      vertex -0.68924421072006226 -2.1624603271484375 -0.24708107113838196
      vertex -0.68924421072006226 -2.2070212364196777 -0.21115073561668396
      vertex -0.73415011167526245 -2.1073756217956543 -0.10951739549636841
    endloop
  endfacet
  facet normal -0.9532540078651045 -0.18966960459546398 -0.23522805441042766
    outer loop
      vertex -0.68924421072006226 -2.1624603271484375 -0.24708107113838196
      vertex -0.73415011167526245 -2.1073756217956543 -0.10951739549636841
      vertex -0.73415011167526245 -2.0842633247375488 -0.12815335392951965
    endloop
  endfacet
  facet normal -0.87501636844618091 -0.30386057924904286 -0.37684891313322605
    outer loop
      vertex -0.6184116005897522 -2.2331328392028809 -0.35456472635269165
      vertex -0.6184116005897522 -2.2970783710479736 -0.30300420522689819
      vertex -0.68924421072006226 -2.2070212364196777 -0.21115073561668396
    endloop
  endfacet
  facet normal -0.87501635158133662 -0.3038606553222849 -0.37684889095285717
    outer loop
      vertex -0.6184116005897522 -2.2331328392028809 -0.35456472635269165
      vertex -0.68924421072006226 -2.2070212364196777 -0.21115073561668396
      vertex -0.68924421072006226 -2.1624603271484375 -0.24708107113838196
    endloop
  endfacet
  facet normal -0.76442260001977069 -0.40468209735961863 -0.50188692815776137
    outer loop
      vertex -0.52506744861602783 -2.294224739074707 -0.44747737050056458
      vertex -0.52506744861602783 -2.3749268054962158 -0.38240557909011841
      vertex -0.6184116005897522 -2.2970783710479736 -0.30300420522689819
    endloop
  endfacet
  facet normal -0.76442290412652347 -0.40468129880043097 -0.50188710886808818
    outer loop
      vertex -0.52506744861602783 -2.294224739074707 -0.44747737050056458
      vertex -0.6184116005897522 -2.2970783710479736 -0.30300420522689819
      vertex -0.6184116005897522 -2.2331328392028809 -0.35456472635269165
    endloop
  endfacet
  facet normal -0.62589952659671477 -0.48953845828897902 -0.60712591812741601
    outer loop
      vertex -0.4120478630065918 -2.3442912101745605 -0.52362209558486938
      vertex -0.4120478630065918 -2.4387259483337402 -0.44747737050056458
      vertex -0.52506744861602783 -2.3749268054962158 -0.38240557909011841
    endloop
  endfacet
  facet normal -0.62589949198157391 -0.48953852023695105 -0.6071259038629665
    outer loop
      vertex -0.4120478630065918 -2.3442912101745605 -0.52362209558486938
      vertex -0.52506744861602783 -2.3749268054962158 -0.38240557909011841
      vertex -0.52506744861602783 -2.294224739074707 -0.44747737050056458
    endloop
  endfacet
  facet normal -0.46422965331690658 -0.55595481105933064 -0.68949624875067184
    outer loop
      vertex -0.28358793258666992 -2.3814563751220703 -0.58014553785324097
      vertex -0.28358793258666992 -2.4860851764678955 -0.49578121304512024
      vertex -0.4120478630065918 -2.4387259483337402 -0.44747737050056458
    endloop
  endfacet
  facet normal -0.46422929739706131 -0.55595528300479369 -0.68949610784781867
    outer loop
      vertex -0.28358793258666992 -2.3814563751220703 -0.58014553785324097
      vertex -0.4120478630065918 -2.4387259483337402 -0.44747737050056458
      vertex -0.4120478630065918 -2.3442912101745605 -0.52362209558486938
    endloop
  endfacet
  facet normal -0.28550313921442022 -0.60156460277812662 -0.74606165039030525
    outer loop
      vertex -0.14450135827064514 -2.4043276309967041 -0.6149296760559082
      vertex -0.14450135827064514 -2.5152297019958496 -0.52550709247589111
      vertex -0.28358793258666992 -2.4860851764678955 -0.49578121304512024
    endloop
  endfacet
  facet normal -0.28550311146588003 -0.60156463159600815 -0.74606163777268442
    outer loop
      vertex -0.14450135827064514 -2.4043276309967041 -0.6149296760559082
      vertex -0.28358793258666992 -2.4860851764678955 -0.49578121304512024
      vertex -0.28358793258666992 -2.3814563751220703 -0.58014553785324097
    endloop
  endfacet
  facet normal -0.096337897602651282 -0.62477145776618026 -0.77484168385949859
    outer loop
      vertex 0 -2.4120478630065918 -0.62667101621627808
      vertex 0 -2.5250673294067383 -0.53554099798202515
      vertex -0.14450135827064514 -2.5152297019958496 -0.52550709247589111
    endloop
  endfacet
  facet normal -0.096338612817268673 -0.62477084967969732 -0.7748420852476674
    outer loop
      vertex 0 -2.4120478630065918 -0.62667101621627808
      vertex -0.14450135827064514 -2.5152297019958496 -0.52550709247589111
      vertex -0.14450135827064514 -2.4043276309967041 -0.6149296760559082
    endloop
  endfacet
  facet normal 0.102315952329328 -0.62439687015191692 -0.77437716549717117
    outer loop
      vertex 0.15337395668029785 -2.4033401012420654 -0.61342746019363403
      vertex 0.15337395668029785 -2.5139710903167725 -0.52422332763671875
      vertex 0 -2.5250673294067383 -0.53554099798202515
    endloop
  endfacet
  facet normal 0.10231597866449588 -0.62439689057213121 -0.77437714555233383
    outer loop
      vertex 0.15337395668029785 -2.4033401012420654 -0.61342746019363403
      vertex 0 -2.5250673294067383 -0.53554099798202515
      vertex 0 -2.4120478630065918 -0.62667101621627808
    endloop
  endfacet
  facet normal 0.29959407532306925 -0.59885838206088227 -0.74270588274682292
    outer loop
      vertex 0.29570668935775757 -2.3786687850952148 -0.57590579986572266
      vertex 0.29570668935775757 -2.4825329780578613 -0.49215805530548096
      vertex 0.15337395668029785 -2.5139710903167725 -0.52422332763671875
    endloop
  endfacet
  facet normal 0.29959493639869395 -0.59885897314852798 -0.74270505879773896
    outer loop
      vertex 0.29570668935775757 -2.3786687850952148 -0.57590579986572266
      vertex 0.15337395668029785 -2.5139710903167725 -0.52422332763671875
      vertex 0.15337395668029785 -2.4033401012420654 -0.61342746019363403
    endloop
  endfacet
  facet normal 0.48060968389559466 -0.55044348417993583 -0.68266119156550087
    outer loop
      vertex 0.42434310913085938 -2.3397536277770996 -0.51672083139419556
      vertex 0.42434310913085938 -2.4329438209533691 -0.44157969951629639
      vertex 0.29570668935775757 -2.4825329780578613 -0.49215805530548096
    endloop
  endfacet
  facet normal 0.48060949582500145 -0.55044335538274647 -0.68266142782335459
    outer loop
      vertex 0.42434310913085938 -2.3397536277770996 -0.51672083139419556
      vertex 0.29570668935775757 -2.4825329780578613 -0.49215805530548096
      vertex 0.29570668935775757 -2.3786687850952148 -0.57590579986572266
    endloop
  endfacet
  facet normal 0.64116549181736759 -0.48169106226367875 -0.59739478792326439
    outer loop
      vertex 0.53554099798202515 -2.2884705066680908 -0.43872606754302979
      vertex 0.53554099798202515 -2.3675944805145264 -0.3749268651008606
      vertex 0.42434310913085938 -2.4329438209533691 -0.44157969951629639
    endloop
  endfacet
  facet normal 0.64116567493473553 -0.4816912094308165 -0.59739447272515211
    outer loop
      vertex 0.53554099798202515 -2.2884705066680908 -0.43872606754302979
      vertex 0.42434310913085938 -2.4329438209533691 -0.44157969951629639
      vertex 0.42434310913085938 -2.3397536277770996 -0.51672083139419556
    endloop
  endfacet
  facet normal 0.77701686879343546 -0.39511887667401929 -0.49002638592866221
    outer loop
      vertex 0.62667101621627808 -2.2263779640197754 -0.34429126977920532
      vertex 0.62667101621627808 -2.2884705066680908 -0.29422470927238464
      vertex 0.53554099798202515 -2.3675944805145264 -0.3749268651008606
    endloop
  endfacet
  facet normal 0.77701654648247231 -0.3951184902039917 -0.49002720862353116
    outer loop
      vertex 0.62667101621627808 -2.2263779640197754 -0.34429126977920532
      vertex 0.53554099798202515 -2.3675944805145264 -0.3749268651008606
      vertex 0.53554099798202515 -2.2884705066680908 -0.43872606754302979
    endloop
  endfacet
  facet normal 0.88390675519845041 -0.29354786095621621 -0.36405837642138694
    outer loop
      vertex 0.69431829452514648 -2.1558024883270264 -0.23695512115955353
      vertex 0.69431829452514648 -2.1985371112823486 -0.20249730348587036
      vertex 0.62667101621627808 -2.2884705066680908 -0.29422470927238464
    endloop
  endfacet
  facet normal 0.88390680338172545 -0.29354797610407213 -0.36405816658976714
    outer loop
      vertex 0.69431829452514648 -2.1558024883270264 -0.23695512115955353
      vertex 0.62667101621627808 -2.2884705066680908 -0.29422470927238464
      vertex 0.62667101621627808 -2.2263779640197754 -0.34429126977920532
    endloop
  endfacet
  facet normal 0.95763661112187592 -0.18076224400911092 -0.2241810254678113
    outer loop
      vertex 0.73594790697097778 -2.0793886184692383 -0.12073975056409836
      vertex 0.73594790697097778 -2.1011638641357422 -0.1031818762421608
      vertex 0.69431829452514648 -2.1985371112823486 -0.20249730348587036
    endloop
  endfacet
  facet normal 0.95763658489759185 -0.18076205142522847 -0.22418129277488905
    outer loop
      vertex 0.73594790697097778 -2.0793886184692383 -0.12073975056409836
      vertex 0.69431829452514648 -2.1985371112823486 -0.20249730348587036
      vertex 0.69431829452514648 -2.1558024883270264 -0.23695512115955353
    endloop
  endfacet
  facet normal 0.99526085303424017 -0.061037433897725715 -0.075698520994385371
    outer loop
      vertex 0.75 -2 0
      vertex 0.73594790697097778 -2.1011638641357422 -0.1031818762421608
      vertex 0.73594790697097778 -2.0793886184692383 -0.12073975056409836
    endloop
  endfacet
  facet normal -0.99465297282337672 -0.048119817162275536 -0.091378043587550514
    outer loop
      vertex -0.73415011167526245 -2.0579934120178223 -0.14198713004589081
      vertex -0.73415011167526245 -2.0842633247375488 -0.12815335392951965
      vertex -0.75 -2 0
    endloop
  endfacet
  facet normal -0.95325404786813317 -0.14079495085608987 -0.26736398791993277
    outer loop
      vertex -0.68924421072006226 -2.1118118762969971 -0.27375274896621704
      vertex -0.68924421072006226 -2.1624603271484375 -0.24708107113838196
      vertex -0.73415011167526245 -2.0842633247375488 -0.12815335392951965
    endloop
  endfacet
  facet normal -0.95325410002048294 -0.14079435206889129 -0.2673641173000601
    outer loop
      vertex -0.68924421072006226 -2.1118118762969971 -0.27375274896621704
      vertex -0.73415011167526245 -2.0842633247375488 -0.12815335392951965
      vertex -0.73415011167526245 -2.0579934120178223 -0.14198713004589081
    endloop
  endfacet
  facet normal -0.87501634053103217 -0.22556082552180878 -0.42833248510193661
    outer loop
      vertex -0.6184116005897522 -2.1604514122009277 -0.39283892512321472
      vertex -0.6184116005897522 -2.2331328392028809 -0.35456472635269165
      vertex -0.68924421072006226 -2.1624603271484375 -0.24708107113838196
    endloop
  endfacet
  facet normal -0.8750161807757616 -0.22556157311726058 -0.42833241777090197
    outer loop
      vertex -0.6184116005897522 -2.1604514122009277 -0.39283892512321472
      vertex -0.68924421072006226 -2.1624603271484375 -0.24708107113838196
      vertex -0.68924421072006226 -2.1118118762969971 -0.27375274896621704
    endloop
  endfacet
  facet normal -0.76442282078259105 -0.30040147850114518 -0.57045306799167372
    outer loop
      vertex -0.52506744861602783 -2.2024972438812256 -0.49578121304512024
      vertex -0.52506744861602783 -2.294224739074707 -0.44747737050056458
      vertex -0.6184116005897522 -2.2331328392028809 -0.35456472635269165
    endloop
  endfacet
  facet normal -0.76442268992370277 -0.3004018306696743 -0.57045305789356515
    outer loop
      vertex -0.52506744861602783 -2.2024972438812256 -0.49578121304512024
      vertex -0.6184116005897522 -2.2331328392028809 -0.35456472635269165
      vertex -0.6184116005897522 -2.1604514122009277 -0.39283892512321472
    endloop
  endfacet
  facet normal -0.62589959431965514 -0.36339233011374067 -0.69006935321386154
    outer loop
      vertex -0.4120478630065918 -2.2369551658630371 -0.58014553785324097
      vertex -0.4120478630065918 -2.3442912101745605 -0.52362209558486938
      vertex -0.52506744861602783 -2.294224739074707 -0.44747737050056458
    endloop
  endfacet
  facet normal -0.62589998459465723 -0.36339161376863138 -0.69006937645938005
    outer loop
      vertex -0.4120478630065918 -2.2369551658630371 -0.58014553785324097
      vertex -0.52506744861602783 -2.294224739074707 -0.44747737050056458
      vertex -0.52506744861602783 -2.2024972438812256 -0.49578121304512024
    endloop
  endfacet
  facet normal -0.46422936528260861 -0.41269452396197454 -0.78369274993526994
    outer loop
      vertex -0.28358793258666992 -2.2625336647033691 -0.64277052879333496
      vertex -0.28358793258666992 -2.3814563751220703 -0.58014553785324097
      vertex -0.4120478630065918 -2.3442912101745605 -0.52362209558486938
    endloop
  endfacet
  facet normal -0.46422927390989466 -0.41269464982040482 -0.78369273778356885
    outer loop
      vertex -0.28358793258666992 -2.2625336647033691 -0.64277052879333496
      vertex -0.4120478630065918 -2.3442912101745605 -0.52362209558486938
      vertex -0.4120478630065918 -2.2369551658630371 -0.58014553785324097
    endloop
  endfacet
  facet normal -0.2855030638064488 -0.44655094564838771 -0.84798599840897215
    outer loop
      vertex -0.14450135827064514 -2.2782745361328125 -0.68130946159362793
      vertex -0.14450135827064514 -2.4043276309967041 -0.6149296760559082
      vertex -0.28358793258666992 -2.3814563751220703 -0.58014553785324097
    endloop
  endfacet
  facet normal -0.28550261033016261 -0.44655144750500514 -0.84798588680817555
    outer loop
      vertex -0.14450135827064514 -2.2782745361328125 -0.68130946159362793
      vertex -0.28358793258666992 -2.3814563751220703 -0.58014553785324097
      vertex -0.28358793258666992 -2.2625336647033691 -0.64277052879333496
    endloop
  endfacet
  facet normal -0.096338521081886799 -0.46377756627896882 -0.88069816530529432
    outer loop
      vertex 0 -2.2835879325866699 -0.69431829452514648
      vertex 0 -2.4120478630065918 -0.62667101621627808
      vertex -0.14450135827064514 -2.4043276309967041 -0.6149296760559082
    endloop
  endfacet
  facet normal -0.096338813320966665 -0.46377729086865488 -0.88069827836918069
    outer loop
      vertex 0 -2.2835879325866699 -0.69431829452514648
      vertex -0.14450135827064514 -2.4043276309967041 -0.6149296760559082
      vertex -0.14450135827064514 -2.2782745361328125 -0.68130946159362793
    endloop
  endfacet
  facet normal 0.10231611083142758 -0.46349940031330367 -0.88017027862427799
    outer loop
      vertex 0.15337395668029785 -2.2775948047637939 -0.67964518070220947
      vertex 0.15337395668029785 -2.4033401012420654 -0.61342746019363403
      vertex 0 -2.4120478630065918 -0.62667101621627808
    endloop
  endfacet
  facet normal 0.10231625818606191 -0.46349953393223947 -0.88017019113089712
    outer loop
      vertex 0.15337395668029785 -2.2775948047637939 -0.67964518070220947
      vertex 0 -2.4120478630065918 -0.62667101621627808
      vertex 0 -2.2835879325866699 -0.69431829452514648
    endloop
  endfacet
  facet normal 0.29959483241901885 -0.44454252412514933 -0.844171120468037
    outer loop
      vertex 0.29570668935775757 -2.2606151103973389 -0.6380731463432312
      vertex 0.29570668935775757 -2.3786687850952148 -0.57590579986572266
      vertex 0.15337395668029785 -2.4033401012420654 -0.61342746019363403
    endloop
  endfacet
  facet normal 0.29959455854131739 -0.4445422891513503 -0.84417134140440386
    outer loop
      vertex 0.29570668935775757 -2.2606151103973389 -0.6380731463432312
      vertex 0.15337395668029785 -2.4033401012420654 -0.61342746019363403
      vertex 0.15337395668029785 -2.2775948047637939 -0.67964518070220947
    endloop
  endfacet
  facet normal 0.48060953463893163 -0.40860325398642583 -0.77592387258406614
    outer loop
      vertex 0.42434310913085938 -2.2338321208953857 -0.57249933481216431
      vertex 0.42434310913085938 -2.3397536277770996 -0.51672083139419556
      vertex 0.29570668935775757 -2.3786687850952148 -0.57590579986572266
    endloop
  endfacet
  facet normal 0.48060960609652925 -0.40860331930130001 -0.77592379392804989
    outer loop
      vertex 0.42434310913085938 -2.2338321208953857 -0.57249933481216431
      vertex 0.29570668935775757 -2.3786687850952148 -0.57590579986572266
      vertex 0.29570668935775757 -2.2606151103973389 -0.6380731463432312
    endloop
  endfacet
  facet normal 0.64116561132516259 -0.35756754035699434 -0.67900818326223422
    outer loop
      vertex 0.53554099798202515 -2.1985371112823486 -0.48608523607254028
      vertex 0.53554099798202515 -2.2884705066680908 -0.43872606754302979
      vertex 0.42434310913085938 -2.3397536277770996 -0.51672083139419556
    endloop
  endfacet
  facet normal 0.64116545260739954 -0.35756736255210969 -0.67900842676676465
    outer loop
      vertex 0.53554099798202515 -2.1985371112823486 -0.48608523607254028
      vertex 0.42434310913085938 -2.3397536277770996 -0.51672083139419556
      vertex 0.42434310913085938 -2.2338321208953857 -0.57249933481216431
    endloop
  endfacet
  facet normal 0.77701658068263102 -0.29330318359678725 -0.55697259881996175
    outer loop
      vertex 0.62667101621627808 -2.1558024883270264 -0.38145649433135986
      vertex 0.62667101621627808 -2.2263779640197754 -0.34429126977920532
      vertex 0.53554099798202515 -2.2884705066680908 -0.43872606754302979
    endloop
  endfacet
  facet normal 0.77701661170659186 -0.2933032353565494 -0.55697252828248911
    outer loop
      vertex 0.62667101621627808 -2.1558024883270264 -0.38145649433135986
      vertex 0.53554099798202515 -2.2884705066680908 -0.43872606754302979
      vertex 0.53554099798202515 -2.1985371112823486 -0.48608523607254028
    endloop
  endfacet
  facet normal 0.88390681123626513 -0.21790484535445712 -0.41379490985413003
    outer loop
      vertex 0.69431829452514648 -2.107229471206665 -0.26253372430801392
      vertex 0.69431829452514648 -2.1558024883270264 -0.23695512115955353
      vertex 0.62667101621627808 -2.2263779640197754 -0.34429126977920532
    endloop
  endfacet
  facet normal 0.88390692756887324 -0.21790521576308597 -0.41379446629818267
    outer loop
      vertex 0.69431829452514648 -2.107229471206665 -0.26253372430801392
      vertex 0.62667101621627808 -2.2263779640197754 -0.34429126977920532
      vertex 0.62667101621627808 -2.1558024883270264 -0.38145649433135986
    endloop
  endfacet
  facet normal 0.95763657176546602 -0.13418237073243541 -0.25480833542470438
    outer loop
      vertex 0.73594790697097778 -2.0546383857727051 -0.13377325236797333
      vertex 0.73594790697097778 -2.0793886184692383 -0.12073975056409836
      vertex 0.69431829452514648 -2.1558024883270264 -0.23695512115955353
    endloop
  endfacet
  facet normal 0.95763656981062073 -0.13418235280660601 -0.25480835221128728
    outer loop
      vertex 0.73594790697097778 -2.0546383857727051 -0.13377325236797333
      vertex 0.69431829452514648 -2.1558024883270264 -0.23695512115955353
      vertex 0.69431829452514648 -2.107229471206665 -0.26253372430801392
    endloop
  endfacet
  facet normal 0.99526085375089335 -0.045308926589504042 -0.08604030545244272
    outer loop
      vertex 0.75 -2 0
      vertex 0.73594790697097778 -2.0793886184692383 -0.12073975056409836
      vertex 0.73594790697097778 -2.0546383857727051 -0.13377325236797333
    endloop
  endfacet
  facet normal -0.99465297034545286 -0.029612519830838017 -0.098937188418893235
    outer loop
      vertex -0.73415011167526245 -2.029550313949585 -0.15050032734870911
      vertex -0.73415011167526245 -2.0579934120178223 -0.14198713004589081
      vertex -0.75 -2 0
    endloop
  endfacet
  facet normal -0.95325409446857479 -0.086643892019859337 -0.28948137652455047
    outer loop
      vertex -0.68924421072006226 -2.0569734573364258 -0.29016628861427307
      vertex -0.68924421072006226 -2.1118118762969971 -0.27375274896621704
      vertex -0.73415011167526245 -2.0579934120178223 -0.14198713004589081
    endloop
  endfacet
  facet normal -0.95325412019908229 -0.086643589830046289 -0.28948138224216768
    outer loop
      vertex -0.68924421072006226 -2.0569734573364258 -0.29016628861427307
      vertex -0.73415011167526245 -2.0579934120178223 -0.14198713004589081
      vertex -0.73415011167526245 -2.029550313949585 -0.15050032734870911
    endloop
  endfacet
  facet normal -0.87501624735167671 -0.13880861691933033 -0.46376581885638335
    outer loop
      vertex -0.6184116005897522 -2.0817575454711914 -0.41639259457588196
      vertex -0.6184116005897522 -2.1604514122009277 -0.39283892512321472
      vertex -0.68924421072006226 -2.1118118762969971 -0.27375274896621704
    endloop
  endfacet
  facet normal -0.87501627327130904 -0.1388084957929111 -0.46376580620621355
    outer loop
      vertex -0.6184116005897522 -2.0817575454711914 -0.41639259457588196
      vertex -0.68924421072006226 -2.1118118762969971 -0.27375274896621704
      vertex -0.68924421072006226 -2.0569734573364258 -0.29016628861427307
    endloop
  endfacet
  facet normal -0.76442270401051937 -0.18486535749139024 -0.61764288160135561
    outer loop
      vertex -0.52506744861602783 -2.1031818389892578 -0.52550709247589111
      vertex -0.52506744861602783 -2.2024972438812256 -0.49578121304512024
      vertex -0.6184116005897522 -2.1604514122009277 -0.39283892512321472
    endloop
  endfacet
  facet normal -0.76442277216490551 -0.18486517649707013 -0.61764285142339981
    outer loop
      vertex -0.52506744861602783 -2.1031818389892578 -0.52550709247589111
      vertex -0.6184116005897522 -2.1604514122009277 -0.39283892512321472
      vertex -0.6184116005897522 -2.0817575454711914 -0.41639259457588196
    endloop
  endfacet
  facet normal -0.62589989837047644 -0.22362873089724974 -0.74715427318400085
    outer loop
      vertex -0.4120478630065918 -2.1207396984100342 -0.6149296760559082
      vertex -0.4120478630065918 -2.2369551658630371 -0.58014553785324097
      vertex -0.52506744861602783 -2.2024972438812256 -0.49578121304512024
    endloop
  endfacet
  facet normal -0.62589966544620013 -0.22362915308962752 -0.74715434194197838
    outer loop
      vertex -0.4120478630065918 -2.1207396984100342 -0.6149296760559082
      vertex -0.52506744861602783 -2.2024972438812256 -0.49578121304512024
      vertex -0.52506744861602783 -2.1031818389892578 -0.52550709247589111
    endloop
  endfacet
  facet normal -0.46422939050597278 -0.25396918644862648 -0.84852267225164701
    outer loop
      vertex -0.28358793258666992 -2.1337733268737793 -0.68130946159362793
      vertex -0.28358793258666992 -2.2625336647033691 -0.64277052879333496
      vertex -0.4120478630065918 -2.2369551658630371 -0.58014553785324097
    endloop
  endfacet
  facet normal -0.46422950521776685 -0.25396902846357666 -0.8485226567785531
    outer loop
      vertex -0.28358793258666992 -2.1337733268737793 -0.68130946159362793
      vertex -0.4120478630065918 -2.2369551658630371 -0.58014553785324097
      vertex -0.4120478630065918 -2.1207396984100342 -0.6149296760559082
    endloop
  endfacet
  facet normal -0.28550262568202034 -0.27480467498010813 -0.91813432641294346
    outer loop
      vertex -0.14450135827064514 -2.141793966293335 -0.72215914726257324
      vertex -0.14450135827064514 -2.2782745361328125 -0.68130946159362793
      vertex -0.28358793258666992 -2.2625336647033691 -0.64277052879333496
    endloop
  endfacet
  facet normal -0.28550280035162695 -0.27480447701508826 -0.91813433135018041
    outer loop
      vertex -0.14450135827064514 -2.141793966293335 -0.72215914726257324
      vertex -0.28358793258666992 -2.2625336647033691 -0.64277052879333496
      vertex -0.28358793258666992 -2.1337733268737793 -0.68130946159362793
    endloop
  endfacet
  facet normal -0.096338739642618229 -0.28540534908194648 -0.95355263827409342
    outer loop
      vertex 0 -2.1445014476776123 -0.73594790697097778
      vertex 0 -2.2835879325866699 -0.69431829452514648
      vertex -0.14450135827064514 -2.2782745361328125 -0.68130946159362793
    endloop
  endfacet
  facet normal -0.096338456797069691 -0.28540563172921923 -0.95355258225186756
    outer loop
      vertex 0 -2.1445014476776123 -0.73594790697097778
      vertex -0.14450135827064514 -2.2782745361328125 -0.68130946159362793
      vertex -0.14450135827064514 -2.141793966293335 -0.72215914726257324
    endloop
  endfacet
  facet normal 0.10231622253195906 -0.28523404493614124 -0.95298107547640099
    outer loop
      vertex 0.15337395668029785 -2.1414475440979004 -0.72039502859115601
      vertex 0.15337395668029785 -2.2775948047637939 -0.67964518070220947
      vertex 0 -2.2835879325866699 -0.69431829452514648
    endloop
  endfacet
  facet normal 0.1023164277881871 -0.28523425105324962 -0.95298099174682194
    outer loop
      vertex 0.15337395668029785 -2.1414475440979004 -0.72039502859115601
      vertex 0 -2.2835879325866699 -0.69431829452514648
      vertex 0 -2.1445014476776123 -0.73594790697097778
    endloop
  endfacet
  facet normal 0.29959457207264401 -0.27356798210026012 -0.91400418574216669
    outer loop
      vertex 0.29570668935775757 -2.1327955722808838 -0.67633044719696045
      vertex 0.29570668935775757 -2.2606151103973389 -0.6380731463432312
      vertex 0.15337395668029785 -2.2775948047637939 -0.67964518070220947
    endloop
  endfacet
  facet normal 0.29959457312661852 -0.27356798315139197 -0.91400418508208103
    outer loop
      vertex 0.29570668935775757 -2.1327955722808838 -0.67633044719696045
      vertex 0.15337395668029785 -2.2775948047637939 -0.67964518070220947
      vertex 0.15337395668029785 -2.1414475440979004 -0.72039502859115601
    endloop
  endfacet
  facet normal 0.48060964296955816 -0.25145145262494584 -0.84011102722049702
    outer loop
      vertex 0.42434310913085938 -2.1191484928131104 -0.60682499408721924
      vertex 0.42434310913085938 -2.2338321208953857 -0.57249933481216431
      vertex 0.29570668935775757 -2.2606151103973389 -0.6380731463432312
    endloop
  endfacet
  facet normal 0.48060948296580835 -0.25145127518249044 -0.84011117186503215
    outer loop
      vertex 0.42434310913085938 -2.1191484928131104 -0.60682499408721924
      vertex 0.29570668935775757 -2.2606151103973389 -0.6380731463432312
      vertex 0.29570668935775757 -2.1327955722808838 -0.67633044719696045
    endloop
  endfacet
  facet normal 0.64116545820161275 -0.22004387993959335 -0.73517858110138512
    outer loop
      vertex 0.53554099798202515 -2.1011638641357422 -0.51522970199584961
      vertex 0.53554099798202515 -2.1985371112823486 -0.48608523607254028
      vertex 0.42434310913085938 -2.2338321208953857 -0.57249933481216431
    endloop
  endfacet
  facet normal 0.64116574704829299 -0.22004428284017322 -0.73517820860071614
    outer loop
      vertex 0.53554099798202515 -2.1011638641357422 -0.51522970199584961
      vertex 0.42434310913085938 -2.2338321208953857 -0.57249933481216431
      vertex 0.42434310913085938 -2.1191484928131104 -0.60682499408721924
    endloop
  endfacet
  facet normal 0.77701662292894047 -0.18049625570694761 -0.60304748516835494
    outer loop
      vertex 0.62667101621627808 -2.0793886184692383 -0.40432769060134888
      vertex 0.62667101621627808 -2.1558024883270264 -0.38145649433135986
      vertex 0.53554099798202515 -2.1985371112823486 -0.48608523607254028
    endloop
  endfacet
  facet normal 0.77701658554598441 -0.18049617813076319 -0.6030475565547444
    outer loop
      vertex 0.62667101621627808 -2.0793886184692383 -0.40432769060134888
      vertex 0.53554099798202515 -2.1985371112823486 -0.48608523607254028
      vertex 0.53554099798202515 -2.1011638641357422 -0.51522970199584961
    endloop
  endfacet
  facet normal 0.88390689561669189 -0.13409700949426054 -0.44802521349356994
    outer loop
      vertex 0.69431829452514648 -2.0546383857727051 -0.27827459573745728
      vertex 0.69431829452514648 -2.107229471206665 -0.26253372430801392
      vertex 0.62667101621627808 -2.1558024883270264 -0.38145649433135986
    endloop
  endfacet
  facet normal 0.88390689878218953 -0.13409702170990664 -0.44802520359214737
    outer loop
      vertex 0.69431829452514648 -2.0546383857727051 -0.27827459573745728
      vertex 0.62667101621627808 -2.1558024883270264 -0.38145649433135986
      vertex 0.62667101621627808 -2.0793886184692383 -0.40432769060134888
    endloop
  endfacet
  facet normal 0.9576365616440019 -0.082575125432219704 -0.27588686895629289
    outer loop
      vertex 0.73594790697097778 -2.0278408527374268 -0.14179396629333496
      vertex 0.73594790697097778 -2.0546383857727051 -0.13377325236797333
      vertex 0.69431829452514648 -2.107229471206665 -0.26253372430801392
    endloop
  endfacet
  facet normal 0.95763653797253945 -0.082574873267737478 -0.27588702659745745
    outer loop
      vertex 0.73594790697097778 -2.0278408527374268 -0.14179396629333496
      vertex 0.69431829452514648 -2.107229471206665 -0.26253372430801392
      vertex 0.69431829452514648 -2.0546383857727051 -0.27827459573745728
    endloop
  endfacet
  facet normal 0.99526085433429567 -0.027882870222743671 -0.093157809001230843
    outer loop
      vertex 0.75 -2 0
      vertex 0.73594790697097778 -2.0546383857727051 -0.13377325236797333
      vertex 0.73594790697097778 -2.0278408527374268 -0.14179396629333496
    endloop
  endfacet
  facet normal -0.9946529694838856 -0.0099957369196752854 -0.10278888821424878
    outer loop
      vertex -0.73415011167526245 -2 -0.15337395668029785
      vertex -0.73415011167526245 -2.029550313949585 -0.15050032734870911
      vertex -0.75 -2 0
    endloop
  endfacet
  facet normal -0.95325409827215812 -0.029246635395252272 -0.30075115701421967
    outer loop
      vertex -0.68924421072006226 -2 -0.29570668935775757
      vertex -0.68924421072006226 -2.0569734573364258 -0.29016628861427307
      vertex -0.73415011167526245 -2.029550313949585 -0.15050032734870911
    endloop
  endfacet
  facet normal -0.95325409800899441 -0.029246638439309927 -0.30075115755231768
    outer loop
      vertex -0.68924421072006226 -2 -0.29570668935775757
      vertex -0.73415011167526245 -2.029550313949585 -0.15050032734870911
      vertex -0.73415011167526245 -2 -0.15337395668029785
    endloop
  endfacet
  facet normal -0.87501629775008505 -0.046854659228592041 -0.48182063008998194
    outer loop
      vertex -0.6184116005897522 -2 -0.42434310913085938
      vertex -0.6184116005897522 -2.0817575454711914 -0.41639259457588196
      vertex -0.68924421072006226 -2.0569734573364258 -0.29016628861427307
    endloop
  endfacet
  facet normal -0.87501626774662622 -0.046854793991047222 -0.48182067147313346
    outer loop
      vertex -0.6184116005897522 -2 -0.42434310913085938
      vertex -0.68924421072006226 -2.0569734573364258 -0.29016628861427307
      vertex -0.68924421072006226 -2 -0.29570668935775757
    endloop
  endfacet
  facet normal -0.76442278648229001 -0.062400905705935157 -0.64168834372593231
    outer loop
      vertex -0.52506744861602783 -2 -0.53554099798202515
      vertex -0.52506744861602783 -2.1031818389892578 -0.52550709247589111
      vertex -0.6184116005897522 -2.0817575454711914 -0.41639259457588196
    endloop
  endfacet
  facet normal -0.76442274805023358 -0.062401002577208146 -0.64168838008856632
    outer loop
      vertex -0.52506744861602783 -2 -0.53554099798202515
      vertex -0.6184116005897522 -2.0817575454711914 -0.41639259457588196
      vertex -0.6184116005897522 -2 -0.42434310913085938
    endloop
  endfacet
  facet normal -0.62589968919466299 -0.075485696297708182 -0.77624190090491418
    outer loop
      vertex -0.4120478630065918 -2 -0.62667101621627808
      vertex -0.4120478630065918 -2.1207396984100342 -0.6149296760559082
      vertex -0.52506744861602783 -2.1031818389892578 -0.52550709247589111
    endloop
  endfacet
  facet normal -0.62589977724450829 -0.075485544698846108 -0.77624184465074642
    outer loop
      vertex -0.4120478630065918 -2 -0.62667101621627808
      vertex -0.52506744861602783 -2.1031818389892578 -0.52550709247589111
      vertex -0.52506744861602783 -2 -0.53554099798202515
    endloop
  endfacet
  facet normal -0.46422936166894524 -0.085727267405004054 -0.88155654123131255
    outer loop
      vertex -0.28358793258666992 -2 -0.69431829452514648
      vertex -0.28358793258666992 -2.1337733268737793 -0.68130946159362793
      vertex -0.4120478630065918 -2.1207396984100342 -0.6149296760559082
    endloop
  endfacet
  facet normal -0.46422954955561702 -0.085727018372053446 -0.88155646650706765
    outer loop
      vertex -0.28358793258666992 -2 -0.69431829452514648
      vertex -0.4120478630065918 -2.1207396984100342 -0.6149296760559082
      vertex -0.4120478630065918 -2 -0.62667101621627808
    endloop
  endfacet
  facet normal -0.28550289822191488 -0.092759925874201024 -0.95387823712395259
    outer loop
      vertex -0.14450135827064514 -2 -0.73594790697097778
      vertex -0.14450135827064514 -2.141793966293335 -0.72215914726257324
      vertex -0.28358793258666992 -2.1337733268737793 -0.68130946159362793
    endloop
  endfacet
  facet normal -0.285502634731369 -0.092760220345587591 -0.95387828735268143
    outer loop
      vertex -0.14450135827064514 -2 -0.73594790697097778
      vertex -0.28358793258666992 -2.1337733268737793 -0.68130946159362793
      vertex -0.28358793258666992 -2 -0.69431829452514648
    endloop
  endfacet
  facet normal -0.096338335440270095 -0.096338573109972792 -0.9906754284101994
    outer loop
      vertex 0 -2 -0.75
      vertex 0 -2.1445014476776123 -0.73594790697097778
      vertex -0.14450135827064514 -2.141793966293335 -0.72215914726257324
    endloop
  endfacet
  facet normal -0.09633863276997863 -0.096338270209461271 -0.99067542895191474
    outer loop
      vertex 0 -2 -0.75
      vertex -0.14450135827064514 -2.141793966293335 -0.72215914726257324
      vertex -0.14450135827064514 -2 -0.73594790697097778
    endloop
  endfacet
  facet normal 0.1023162574112729 -0.096280594717005327 -0.9900815272240413
    outer loop
      vertex 0.15337395668029785 -2 -0.73415011167526245
      vertex 0.15337395668029785 -2.1414475440979004 -0.72039502859115601
      vertex 0 -2.1445014476776123 -0.73594790697097778
    endloop
  endfacet
  facet normal 0.10231646428404687 -0.096280814824217117 -0.99008148444115263
    outer loop
      vertex 0.15337395668029785 -2 -0.73415011167526245
      vertex 0 -2.1445014476776123 -0.73594790697097778
      vertex 0 -2 -0.75
    endloop
  endfacet
  facet normal 0.2995945576668459 -0.092343023549001813 -0.94958720874821989
    outer loop
      vertex 0.29570668935775757 -2 -0.68924421072006226
      vertex 0.29570668935775757 -2.1327955722808838 -0.67633044719696045
      vertex 0.15337395668029785 -2.1414475440979004 -0.72039502859115601
    endloop
  endfacet
  facet normal 0.29959429143382632 -0.092342730883668761 -0.94958732120495903
    outer loop
      vertex 0.29570668935775757 -2 -0.68924421072006226
      vertex 0.15337395668029785 -2.1414475440979004 -0.72039502859115601
      vertex 0.15337395668029785 -2 -0.73415011167526245
    endloop
  endfacet
  facet normal 0.48060959389707747 -0.084877214487328337 -0.87281743607409601
    outer loop
      vertex 0.42434310913085938 -2 -0.6184116005897522
      vertex 0.42434310913085938 -2.1191484928131104 -0.60682499408721924
      vertex 0.29570668935775757 -2.1327955722808838 -0.67633044719696045
    endloop
  endfacet
  facet normal 0.48060981901848121 -0.08487749867719685 -0.87281728447672569
    outer loop
      vertex 0.42434310913085938 -2 -0.6184116005897522
      vertex 0.29570668935775757 -2.1327955722808838 -0.67633044719696045
      vertex 0.29570668935775757 -2 -0.68924421072006226
    endloop
  endfacet
  facet normal 0.64116565055256025 -0.074276184387205221 -0.76379948742087411
    outer loop
      vertex 0.53554099798202515 -2 -0.52506744861602783
      vertex 0.53554099798202515 -2.1011638641357422 -0.51522970199584961
      vertex 0.42434310913085938 -2.1191484928131104 -0.60682499408721924
    endloop
  endfacet
  facet normal 0.64116539930201188 -0.074275778066427559 -0.76379973784397071
    outer loop
      vertex 0.53554099798202515 -2 -0.52506744861602783
      vertex 0.42434310913085938 -2.1191484928131104 -0.60682499408721924
      vertex 0.42434310913085938 -2 -0.6184116005897522
    endloop
  endfacet
  facet normal 0.77701659996092165 -0.060926597617679545 -0.62652466279301611
    outer loop
      vertex 0.62667101621627808 -2 -0.4120478630065918
      vertex 0.62667101621627808 -2.0793886184692383 -0.40432769060134888
      vertex 0.53554099798202515 -2.1011638641357422 -0.51522970199584961
    endloop
  endfacet
  facet normal 0.7770166808243506 -0.060926792031112689 -0.62652454360025411
    outer loop
      vertex 0.62667101621627808 -2 -0.4120478630065918
      vertex 0.53554099798202515 -2.1011638641357422 -0.51522970199584961
      vertex 0.53554099798202515 -2 -0.52506744861602783
    endloop
  endfacet
  facet normal 0.88390687881730634 -0.045264591438755393 -0.46546723444441285
    outer loop
      vertex 0.69431829452514648 -2 -0.28358793258666992
      vertex 0.69431829452514648 -2.0546383857727051 -0.27827459573745728
      vertex 0.62667101621627808 -2.0793886184692383 -0.40432769060134888
    endloop
  endfacet
  facet normal 0.8839068622216526 -0.045264518594450444 -0.46546727304278346
    outer loop
      vertex 0.69431829452514648 -2 -0.28358793258666992
      vertex 0.62667101621627808 -2.0793886184692383 -0.40432769060134888
      vertex 0.62667101621627808 -2 -0.4120478630065918
    endloop
  endfacet
  facet normal 0.95763654129602016 -0.027873179070468344 -0.28662752949272274
    outer loop
      vertex 0.73594790697097778 -2 -0.14450135827064514
      vertex 0.73594790697097778 -2.0278408527374268 -0.14179396629333496
      vertex 0.69431829452514648 -2.0546383857727051 -0.27827459573745728
    endloop
  endfacet
  facet normal 0.95763654596277958 -0.027873233840463842 -0.28662750857472147
    outer loop
      vertex 0.73594790697097778 -2 -0.14450135827064514
      vertex 0.69431829452514648 -2.0546383857727051 -0.27827459573745728
      vertex 0.69431829452514648 -2 -0.28358793258666992
    endloop
  endfacet
  facet normal 0.9952608548553723 -0.0094118417067506586 -0.096784544366549152
    outer loop
      vertex 0.75 -2 0
      vertex 0.73594790697097778 -2.0278408527374268 -0.14179396629333496
      vertex 0.73594790697097778 -2 -0.14450135827064514
    endloop
  endfacet
  facet normal -0.18495494987214323 0.94154452181152481 -0.28157695211877704
    outer loop
      vertex -0.073618941009044647 -1.2771583795547485 -0.1859576553106308
      vertex -0.14450135827064514 -1.3186905384063721 -0.27827459573745728
      vertex -0.1414213627576828 -1.2771583795547485 -0.1414213627576828
    endloop
  endfacet
  facet normal -0.28550261330199467 0.91813446335769922 -0.27480423030332257
    outer loop
      vertex -0.28358793258666992 -1.357229471206665 -0.26253372430801392
      vertex -0.28358793258666992 -1.3186905384063721 -0.13377325236797333
      vertex -0.14450135827064514 -1.3186905384063721 -0.27827459573745728
    endloop
  endfacet
  facet normal -0.096736270022083862 0.93336951710901461 -0.34563483417314794
    outer loop
      vertex 0 -1.3056817054748535 -0.28358793258666992
      vertex -0.14450135827064514 -1.3186905384063721 -0.27827459573745728
      vertex -0.073618941009044647 -1.2771583795547485 -0.1859576553106308
    endloop
  endfacet
  facet normal -0.34185340011254833 0.93534109554946709 -0.090957615447044518
    outer loop
      vertex -0.1859576553106308 -1.2771583795547485 -0.073618941009044647
      vertex -0.28358793258666992 -1.3186905384063721 -0.13377325236797333
      vertex -0.28358793258666992 -1.3056817054748535 -4.2514734292285972e-17
    endloop
  endfacet
  facet normal -0.2847253006495527 0.94018823508290572 -0.18702295522665827
    outer loop
      vertex -0.28358793258666992 -1.3186905384063721 -0.13377325236797333
      vertex -0.1859576553106308 -1.2771583795547485 -0.073618941009044647
      vertex -0.1414213627576828 -1.2771583795547485 -0.1414213627576828
    endloop
  endfacet
  facet normal -0.28327733552832862 0.91946136428525627 -0.27266233836499365
    outer loop
      vertex -0.14450135827064514 -1.3186905384063721 -0.27827459573745728
      vertex -0.28358793258666992 -1.3186905384063721 -0.13377325236797333
      vertex -0.1414213627576828 -1.2771583795547485 -0.1414213627576828
    endloop
  endfacet
  facet normal 0.10275190392020374 0.93126406185842925 -0.34955585151977181
    outer loop
      vertex 0.073618941009044647 -1.2771583795547485 -0.1859576553106308
      vertex 0.15337395668029785 -1.3203548192977905 -0.27759483456611633
      vertex 0 -1.3056817054748535 -0.28358793258666992
    endloop
  endfacet
  facet normal -0.061484555244837216 0.94462467178757459 -0.32234124606783005
    outer loop
      vertex -0.073618941009044647 -1.2771583795547485 -0.1859576553106308
      vertex 0 -1.2771583795547485 -0.20000000298023224
      vertex 0 -1.3056817054748535 -0.28358793258666992
    endloop
  endfacet
  facet normal 0.29959498736101675 0.91400390868525316 -0.27356845296238302
    outer loop
      vertex 0.15337395668029785 -1.3203548192977905 -0.27759483456611633
      vertex 0.29570668935775757 -1.3236695528030396 -0.13279563188552856
      vertex 0.29570668935775757 -1.3619269132614136 -0.26061511039733887
    endloop
  endfacet
  facet normal 0.061484555244837216 0.94462467178757459 -0.32234124606783005
    outer loop
      vertex 0 -1.2771583795547485 -0.20000000298023224
      vertex 0.073618941009044647 -1.2771583795547485 -0.1859576553106308
      vertex 0 -1.3056817054748535 -0.28358793258666992
    endloop
  endfacet
  facet normal 0.29184020055212656 0.91878197438527243 -0.26583637991515557
    outer loop
      vertex 0.15337395668029785 -1.3203548192977905 -0.27759483456611633
      vertex 0.1414213627576828 -1.2771583795547485 -0.1414213627576828
      vertex 0.29570668935775757 -1.3236695528030396 -0.13279563188552856
    endloop
  endfacet
  facet normal 0.34669346027846099 0.93357466369476616 -0.090785416820936174
    outer loop
      vertex 0.29570668935775757 -1.3107558488845825 -4.2204035328043704e-17
      vertex 0.29570668935775757 -1.3236695528030396 -0.13279563188552856
      vertex 0.1859576553106308 -1.2771583795547485 -0.073618941009044647
    endloop
  endfacet
  facet normal 0.29308354706671602 0.93650453263856115 -0.19251310289489981
    outer loop
      vertex 0.1414213627576828 -1.2771583795547485 -0.1414213627576828
      vertex 0.1859576553106308 -1.2771583795547485 -0.073618941009044647
      vertex 0.29570668935775757 -1.3236695528030396 -0.13279563188552856
    endloop
  endfacet
  facet normal 0.18542924854850076 0.94123496129693984 -0.2822990283636953
    outer loop
      vertex 0.073618941009044647 -1.2771583795547485 -0.1859576553106308
      vertex 0.1414213627576828 -1.2771583795547485 -0.1414213627576828
      vertex 0.15337395668029785 -1.3203548192977905 -0.27759483456611633
    endloop
  endfacet
  facet normal -0.32234124606782999 0.9446246717875747 -0.061484555244837182
    outer loop
      vertex -0.20000000298023224 -1.2771583795547485 3.6739405577555036e-17
      vertex -0.1859576553106308 -1.2771583795547485 -0.073618941009044647
      vertex -0.28358793258666992 -1.3056817054748535 -4.2514734292285972e-17
    endloop
  endfacet
  facet normal -0.3223412460678301 0.94462467178757448 0.061484555244837265
    outer loop
      vertex -0.20000000298023224 -1.2771583795547485 3.6739405577555036e-17
      vertex -0.28358793258666992 -1.3056817054748535 -4.2514734292285972e-17
      vertex -0.1859576553106308 -1.2771583795547485 0.073618941009044647
    endloop
  endfacet
  facet normal -0.34545774894574971 0.93346313114349433 0.096465156865673682
    outer loop
      vertex -0.28358793258666992 -1.3203548192977905 0.14198713004589081
      vertex -0.1859576553106308 -1.2771583795547485 0.073618941009044647
      vertex -0.28358793258666992 -1.3056817054748535 -4.2514734292285972e-17
    endloop
  endfacet
  facet normal -0.28490235499928501 0.94011145493284776 0.18713925408611026
    outer loop
      vertex -0.28358793258666992 -1.3203548192977905 0.14198713004589081
      vertex -0.1414213627576828 -1.2771583795547485 0.1414213627576828
      vertex -0.1859576553106308 -1.2771583795547485 0.073618941009044647
    endloop
  endfacet
  facet normal -0.27794399748736159 0.9184453907979121 0.28143418126236147
    outer loop
      vertex -0.1414213627576828 -1.2771583795547485 0.1414213627576828
      vertex -0.28358793258666992 -1.3203548192977905 0.14198713004589081
      vertex -0.14450135827064514 -1.3236695528030396 0.29016628861427307
    endloop
  endfacet
  facet normal -0.19010067321991847 0.9381381014354172 0.28941084408930601
    outer loop
      vertex -0.1414213627576828 -1.2771583795547485 0.1414213627576828
      vertex -0.14450135827064514 -1.3236695528030396 0.29016628861427307
      vertex -0.073618941009044647 -1.2771583795547485 0.1859576553106308
    endloop
  endfacet
  facet normal -0.063054250261310438 0.94167257986526021 0.33057058830738273
    outer loop
      vertex 2.4492935397342132e-17 -1.2771583795547485 0.20000000298023224
      vertex -0.073618941009044647 -1.2771583795547485 0.1859576553106308
      vertex 0 -1.3107558488845825 0.29570668935775757
    endloop
  endfacet
  facet normal -0.096687643718467609 0.93171515182408693 0.35008338351539808
    outer loop
      vertex -0.14450135827064514 -1.3236695528030396 0.29016628861427307
      vertex 0 -1.3107558488845825 0.29570668935775757
      vertex -0.073618941009044647 -1.2771583795547485 0.1859576553106308
    endloop
  endfacet
  facet normal -0.28543263837001942 0.91398831683892268 0.28836359970544656
    outer loop
      vertex -0.28358793258666992 -1.3619269132614136 0.27375274896621704
      vertex -0.14450135827064514 -1.3236695528030396 0.29016628861427307
      vertex -0.28358793258666992 -1.3203548192977905 0.14198713004589081
    endloop
  endfacet
  facet normal 0.34985947869680667 0.93183970225973545 0.096297011679939648
    outer loop
      vertex 0.29570668935775757 -1.3253216743469238 0.14094948768615723
      vertex 0.29570668935775757 -1.3107558488845825 -4.2204035328043704e-17
      vertex 0.1859576553106308 -1.2771583795547485 0.073618941009044647
    endloop
  endfacet
  facet normal 0.33057058830738273 0.9416725798652601 -0.063054250261310466
    outer loop
      vertex 0.1859576553106308 -1.2771583795547485 -0.073618941009044647
      vertex 0.20000000298023224 -1.2771583795547485 -1.2246467698671066e-17
      vertex 0.29570668935775757 -1.3107558488845825 -4.2204035328043704e-17
    endloop
  endfacet
  facet normal 0.33057058830738273 0.9416725798652601 0.063054250261310452
    outer loop
      vertex 0.1859576553106308 -1.2771583795547485 0.073618941009044647
      vertex 0.29570668935775757 -1.3107558488845825 -4.2204035328043704e-17
      vertex 0.20000000298023224 -1.2771583795547485 -1.2246467698671066e-17
    endloop
  endfacet
  facet normal 0.29295534856432925 0.93656194885427657 0.19242889519464518
    outer loop
      vertex 0.29570668935775757 -1.3253216743469238 0.14094948768615723
      vertex 0.1859576553106308 -1.2771583795547485 0.073618941009044647
      vertex 0.1414213627576828 -1.2771583795547485 0.1414213627576828
    endloop
  endfacet
  facet normal 0.063054250261310479 0.9416725798652601 0.33057058830738273
    outer loop
      vertex 0.073618941009044647 -1.2771583795547485 0.1859576553106308
      vertex 2.4492935397342132e-17 -1.2771583795547485 0.20000000298023224
      vertex 0 -1.3107558488845825 0.29570668935775757
    endloop
  endfacet
  facet normal 0.28724088184885721 0.91744445099198357 0.27529684912600932
    outer loop
      vertex 0.15337395668029785 -1.3253216743469238 0.28945747017860413
      vertex 0.29570668935775757 -1.3253216743469238 0.14094948768615723
      vertex 0.1414213627576828 -1.2771583795547485 0.1414213627576828
    endloop
  endfacet
  facet normal 0.10270400478027328 0.92977031946883226 0.35352374805226244
    outer loop
      vertex 0.073618941009044647 -1.2771583795547485 0.1859576553106308
      vertex 0 -1.3107558488845825 0.29570668935775757
      vertex 0.15337395668029785 -1.3253216743469238 0.28945747017860413
    endloop
  endfacet
  facet normal 0.19035415415223392 0.93796755927704756 0.28979674556634649
    outer loop
      vertex 0.073618941009044647 -1.2771583795547485 0.1859576553106308
      vertex 0.15337395668029785 -1.3253216743469238 0.28945747017860413
      vertex 0.1414213627576828 -1.2771583795547485 0.1414213627576828
    endloop
  endfacet
  facet normal 0.095968109774404037 0 -0.99538440911354853
    outer loop
      vertex 0.038210097700357437 -0.63857918977737427 -0.19631604850292206
      vertex 0 -0.63857918977737427 -0.20000000298023224
      vertex 0 -0.42571946978569031 -0.20000000298023224
    endloop
  endfacet
  facet normal 0.095968109774404037 0 -0.99538440911354853
    outer loop
      vertex 0.038210097700357437 -0.63857918977737427 -0.19631604850292206
      vertex 0 -0.42571946978569031 -0.20000000298023224
      vertex 0.038210097700357437 -0.42571946978569031 -0.19631604850292206
    endloop
  endfacet
  facet normal 0.095968109774404037 0 -0.99538440911354853
    outer loop
      vertex 0.038210097700357437 -0.85143893957138062 -0.19631604850292206
      vertex 0 -0.85143893957138062 -0.20000000298023224
      vertex 0 -0.63857918977737427 -0.20000000298023224
    endloop
  endfacet
  facet normal 0.095968109774404037 0 -0.99538440911354853
    outer loop
      vertex 0.038210097700357437 -0.85143893957138062 -0.19631604850292206
      vertex 0 -0.63857918977737427 -0.20000000298023224
      vertex 0.038210097700357437 -0.63857918977737427 -0.19631604850292206
    endloop
  endfacet
  facet normal 0.095968109774404037 0 -0.99538440911354853
    outer loop
      vertex 0.038210097700357437 -1.0642986297607422 -0.19631604850292206
      vertex 0 -1.0642986297607422 -0.20000000298023224
      vertex 0 -0.85143893957138062 -0.20000000298023224
    endloop
  endfacet
  facet normal 0.095968109774404037 0 -0.99538440911354853
    outer loop
      vertex 0.038210097700357437 -1.0642986297607422 -0.19631604850292206
      vertex 0 -0.85143893957138062 -0.20000000298023224
      vertex 0.038210097700357437 -0.85143893957138062 -0.19631604850292206
    endloop
  endfacet
  facet normal 0.28687785088268503 -0 -0.95796716993482189
    outer loop
      vertex 0.075982086360454559 -0.21285973489284515 -0.18500465154647827
      vertex 0.075982086360454559 -0.42571946978569031 -0.18500465154647827
      vertex 0.038210097700357437 -0.42571946978569031 -0.19631604850292206
    endloop
  endfacet
  facet normal 0.28687785088268503 0 -0.95796716993482189
    outer loop
      vertex 0.075982086360454559 -0.63857918977737427 -0.18500465154647827
      vertex 0.038210097700357437 -0.63857918977737427 -0.19631604850292206
      vertex 0.038210097700357437 -0.42571946978569031 -0.19631604850292206
    endloop
  endfacet
  facet normal 0.28687785088268503 0 -0.95796716993482189
    outer loop
      vertex 0.075982086360454559 -0.63857918977737427 -0.18500465154647827
      vertex 0.038210097700357437 -0.42571946978569031 -0.19631604850292206
      vertex 0.075982086360454559 -0.42571946978569031 -0.18500465154647827
    endloop
  endfacet
  facet normal 0.28687785088268503 0 -0.95796716993482189
    outer loop
      vertex 0.075982086360454559 -0.85143893957138062 -0.18500465154647827
      vertex 0.038210097700357437 -0.85143893957138062 -0.19631604850292206
      vertex 0.038210097700357437 -0.63857918977737427 -0.19631604850292206
    endloop
  endfacet
  facet normal 0.28687785088268503 0 -0.95796716993482189
    outer loop
      vertex 0.075982086360454559 -0.85143893957138062 -0.18500465154647827
      vertex 0.038210097700357437 -0.63857918977737427 -0.19631604850292206
      vertex 0.075982086360454559 -0.63857918977737427 -0.18500465154647827
    endloop
  endfacet
  facet normal 0.28687785088268503 0 -0.95796716993482189
    outer loop
      vertex 0.075982086360454559 -1.0642986297607422 -0.18500465154647827
      vertex 0.038210097700357437 -1.0642986297607422 -0.19631604850292206
      vertex 0.038210097700357437 -0.85143893957138062 -0.19631604850292206
    endloop
  endfacet
  facet normal 0.28687785088268503 0 -0.95796716993482189
    outer loop
      vertex 0.075982086360454559 -1.0642986297607422 -0.18500465154647827
      vertex 0.038210097700357437 -0.85143893957138062 -0.19631604850292206
      vertex 0.075982086360454559 -0.85143893957138062 -0.18500465154647827
    endloop
  endfacet
  facet normal 0.51497892441684068 0 -0.857202839126466
    outer loop
      vertex 0.094133734703063965 -0.21285973489284515 -0.17646200954914093
      vertex 0.11159056425094604 -0.21285973489284515 -0.16597452759742737
      vertex 0.11159056425094604 -0.42571946978569031 -0.16597452759742737
    endloop
  endfacet
  facet normal 0.42582518805557235 0 -0.90480545379514399
    outer loop
      vertex 0.075982086360454559 -0.42571946978569031 -0.18500465154647827
      vertex 0.075982086360454559 -0.21285973489284515 -0.18500465154647827
      vertex 0.094133734703063965 -0.21285973489284515 -0.17646200954914093
    endloop
  endfacet
  facet normal 0.47133343977842596 -0.00479829464625853 -0.88194204169838986
    outer loop
      vertex 0.11159056425094604 -0.42571946978569031 -0.16597452759742737
      vertex 0.075982086360454559 -0.42571946978569031 -0.18500465154647827
      vertex 0.094133734703063965 -0.21285973489284515 -0.17646200954914093
    endloop
  endfacet
  facet normal 0.47133886577583922 0 -0.8819521946279999
    outer loop
      vertex 0.11159056425094604 -0.63857918977737427 -0.16597452759742737
      vertex 0.075982086360454559 -0.63857918977737427 -0.18500465154647827
      vertex 0.075982086360454559 -0.42571946978569031 -0.18500465154647827
    endloop
  endfacet
  facet normal 0.47133886577583922 0 -0.8819521946279999
    outer loop
      vertex 0.11159056425094604 -0.63857918977737427 -0.16597452759742737
      vertex 0.075982086360454559 -0.42571946978569031 -0.18500465154647827
      vertex 0.11159056425094604 -0.42571946978569031 -0.16597452759742737
    endloop
  endfacet
  facet normal 0.47133886577583922 0 -0.8819521946279999
    outer loop
      vertex 0.11159056425094604 -0.85143893957138062 -0.16597452759742737
      vertex 0.075982086360454559 -0.85143893957138062 -0.18500465154647827
      vertex 0.075982086360454559 -0.63857918977737427 -0.18500465154647827
    endloop
  endfacet
  facet normal 0.47133886577583917 0 -0.88195219462799979
    outer loop
      vertex 0.11159056425094604 -0.85143893957138062 -0.16597452759742737
      vertex 0.075982086360454559 -0.63857918977737427 -0.18500465154647827
      vertex 0.11159056425094604 -0.63857918977737427 -0.16597452759742737
    endloop
  endfacet
  facet normal 0.47133886577583922 0 -0.8819521946279999
    outer loop
      vertex 0.11159056425094604 -1.0642986297607422 -0.16597452759742737
      vertex 0.075982086360454559 -1.0642986297607422 -0.18500465154647827
      vertex 0.075982086360454559 -0.85143893957138062 -0.18500465154647827
    endloop
  endfacet
  facet normal 0.47133886577583922 0 -0.8819521946279999
    outer loop
      vertex 0.11159056425094604 -1.0642986297607422 -0.16597452759742737
      vertex 0.075982086360454559 -0.85143893957138062 -0.18500465154647827
      vertex 0.11159056425094604 -0.85143893957138062 -0.16597452759742737
    endloop
  endfacet
  facet normal 0.63951336081115562 0 -0.76877998240330148
    outer loop
      vertex 0.14288665354251862 -0.42571946978569031 -0.13994072377681732
      vertex 0.11159056425094604 -0.42571946978569031 -0.16597452759742737
      vertex 0.11159056425094604 -0.21285973489284515 -0.16597452759742737
    endloop
  endfacet
  facet normal 0.63951336081115562 0 -0.76877998240330148
    outer loop
      vertex 0.14288665354251862 -0.42571946978569031 -0.13994072377681732
      vertex 0.11159056425094604 -0.21285973489284515 -0.16597452759742737
      vertex 0.14288665354251862 -0.21285973489284515 -0.13994072377681732
    endloop
  endfacet
  facet normal 0.63951336081115562 0 -0.76877998240330148
    outer loop
      vertex 0.14288665354251862 -0.63857918977737427 -0.13994072377681732
      vertex 0.11159056425094604 -0.63857918977737427 -0.16597452759742737
      vertex 0.11159056425094604 -0.42571946978569031 -0.16597452759742737
    endloop
  endfacet
  facet normal 0.63951336081115562 0 -0.76877998240330148
    outer loop
      vertex 0.14288665354251862 -0.63857918977737427 -0.13994072377681732
      vertex 0.11159056425094604 -0.42571946978569031 -0.16597452759742737
      vertex 0.14288665354251862 -0.42571946978569031 -0.13994072377681732
    endloop
  endfacet
  facet normal 0.63951336081115562 0 -0.76877998240330148
    outer loop
      vertex 0.14288665354251862 -0.85143893957138062 -0.13994072377681732
      vertex 0.11159056425094604 -0.85143893957138062 -0.16597452759742737
      vertex 0.11159056425094604 -0.63857918977737427 -0.16597452759742737
    endloop
  endfacet
  facet normal 0.63951336081115573 0 -0.76877998240330159
    outer loop
      vertex 0.14288665354251862 -0.85143893957138062 -0.13994072377681732
      vertex 0.11159056425094604 -0.63857918977737427 -0.16597452759742737
      vertex 0.14288665354251862 -0.63857918977737427 -0.13994072377681732
    endloop
  endfacet
  facet normal 0.63951336081115562 0 -0.76877998240330148
    outer loop
      vertex 0.14288665354251862 -1.0642986297607422 -0.13994072377681732
      vertex 0.11159056425094604 -1.0642986297607422 -0.16597452759742737
      vertex 0.11159056425094604 -0.85143893957138062 -0.16597452759742737
    endloop
  endfacet
  facet normal 0.63951336081115562 -1.066896546668835e-17 -0.76877998240330148
    outer loop
      vertex 0.14288665354251862 -1.0642986297607422 -0.13994072377681732
      vertex 0.11159056425094604 -0.85143893957138062 -0.16597452759742737
      vertex 0.14288665354251862 -0.85143893957138062 -0.13994072377681732
    endloop
  endfacet
  facet normal 0.78186682132891827 -0 -0.62344548575237391
    outer loop
      vertex 0.16823962330818176 -0.42571946978569031 -0.10814540833234787
      vertex 0.14288665354251862 -0.42571946978569031 -0.13994072377681732
      vertex 0.14288665354251862 -0.21285973489284515 -0.13994072377681732
    endloop
  endfacet
  facet normal 0.78186682132891827 0 -0.62344548575237391
    outer loop
      vertex 0.16823962330818176 -0.42571946978569031 -0.10814540833234787
      vertex 0.14288665354251862 -0.21285973489284515 -0.13994072377681732
      vertex 0.16823962330818176 -0.21285973489284515 -0.10814540833234787
    endloop
  endfacet
  facet normal 0.78186682132891827 -0 -0.62344548575237391
    outer loop
      vertex 0.16823962330818176 -0.63857918977737427 -0.10814540833234787
      vertex 0.14288665354251862 -0.63857918977737427 -0.13994072377681732
      vertex 0.14288665354251862 -0.42571946978569031 -0.13994072377681732
    endloop
  endfacet
  facet normal 0.78186682132891827 0 -0.62344548575237391
    outer loop
      vertex 0.16823962330818176 -0.63857918977737427 -0.10814540833234787
      vertex 0.14288665354251862 -0.42571946978569031 -0.13994072377681732
      vertex 0.16823962330818176 -0.42571946978569031 -0.10814540833234787
    endloop
  endfacet
  facet normal 0.78186682132891827 -0 -0.62344548575237391
    outer loop
      vertex 0.16823962330818176 -0.85143893957138062 -0.10814540833234787
      vertex 0.14288665354251862 -0.85143893957138062 -0.13994072377681732
      vertex 0.14288665354251862 -0.63857918977737427 -0.13994072377681732
    endloop
  endfacet
  facet normal 0.78186682132891827 0 -0.62344548575237391
    outer loop
      vertex 0.16823962330818176 -0.85143893957138062 -0.10814540833234787
      vertex 0.14288665354251862 -0.63857918977737427 -0.13994072377681732
      vertex 0.16823962330818176 -0.63857918977737427 -0.10814540833234787
    endloop
  endfacet
  facet normal 0.78186682132891827 -0 -0.62344548575237391
    outer loop
      vertex 0.16823962330818176 -1.0642986297607422 -0.10814540833234787
      vertex 0.14288665354251862 -1.0642986297607422 -0.13994072377681732
      vertex 0.14288665354251862 -0.85143893957138062 -0.13994072377681732
    endloop
  endfacet
  facet normal 0.78186682132891827 0 -0.62344548575237391
    outer loop
      vertex 0.16823962330818176 -1.0642986297607422 -0.10814540833234787
      vertex 0.14288665354251862 -0.85143893957138062 -0.13994072377681732
      vertex 0.16823962330818176 -0.85143893957138062 -0.10814540833234787
    endloop
  endfacet
  facet normal 0.89082686311187997 0 -0.45434293210992904
    outer loop
      vertex 0.18632277846336365 -0.42571946978569031 -0.072689898312091827
      vertex 0.16823962330818176 -0.42571946978569031 -0.10814540833234787
      vertex 0.16823962330818176 -0.21285973489284515 -0.10814540833234787
    endloop
  endfacet
  facet normal 0.89082686311187997 0 -0.45434293210992904
    outer loop
      vertex 0.18632277846336365 -0.42571946978569031 -0.072689898312091827
      vertex 0.16823962330818176 -0.21285973489284515 -0.10814540833234787
      vertex 0.18632277846336365 -0.21285973489284515 -0.072689898312091827
    endloop
  endfacet
  facet normal 0.89082686311188009 0 -0.4543429321099291
    outer loop
      vertex 0.18632277846336365 -0.63857918977737427 -0.072689898312091827
      vertex 0.16823962330818176 -0.63857918977737427 -0.10814540833234787
      vertex 0.16823962330818176 -0.42571946978569031 -0.10814540833234787
    endloop
  endfacet
  facet normal 0.89082686311188009 0 -0.4543429321099291
    outer loop
      vertex 0.18632277846336365 -0.63857918977737427 -0.072689898312091827
      vertex 0.16823962330818176 -0.42571946978569031 -0.10814540833234787
      vertex 0.18632277846336365 -0.42571946978569031 -0.072689898312091827
    endloop
  endfacet
  facet normal 0.89082686311187997 0 -0.45434293210992904
    outer loop
      vertex 0.18632277846336365 -0.85143893957138062 -0.072689898312091827
      vertex 0.16823962330818176 -0.85143893957138062 -0.10814540833234787
      vertex 0.16823962330818176 -0.63857918977737427 -0.10814540833234787
    endloop
  endfacet
  facet normal 0.89082686311187997 0 -0.45434293210992904
    outer loop
      vertex 0.18632277846336365 -0.85143893957138062 -0.072689898312091827
      vertex 0.16823962330818176 -0.63857918977737427 -0.10814540833234787
      vertex 0.18632277846336365 -0.63857918977737427 -0.072689898312091827
    endloop
  endfacet
  facet normal 0.89082686311188009 0 -0.45434293210992904
    outer loop
      vertex 0.18632277846336365 -1.0642986297607422 -0.072689898312091827
      vertex 0.16823962330818176 -1.0642986297607422 -0.10814540833234787
      vertex 0.16823962330818176 -0.85143893957138062 -0.10814540833234787
    endloop
  endfacet
  facet normal 0.89082686311188009 0 -0.45434293210992904
    outer loop
      vertex 0.18632277846336365 -1.0642986297607422 -0.072689898312091827
      vertex 0.16823962330818176 -0.85143893957138062 -0.10814540833234787
      vertex 0.18632277846336365 -0.85143893957138062 -0.072689898312091827
    endloop
  endfacet
  facet normal 0.96207452548005834 0 -0.27278674348714294
    outer loop
      vertex 0.19674691557884216 -0.42571946978569031 -0.035925660282373428
      vertex 0.18632277846336365 -0.42571946978569031 -0.072689898312091827
      vertex 0.18632277846336365 -0.21285973489284515 -0.072689898312091827
    endloop
  endfacet
  facet normal 0.96207452548005834 0 -0.27278674348714294
    outer loop
      vertex 0.19674691557884216 -0.42571946978569031 -0.035925660282373428
      vertex 0.18632277846336365 -0.21285973489284515 -0.072689898312091827
      vertex 0.19674691557884216 -0.21285973489284515 -0.035925660282373428
    endloop
  endfacet
  facet normal 0.96207452548005834 -0 -0.27278674348714288
    outer loop
      vertex 0.19674691557884216 -0.63857918977737427 -0.035925660282373428
      vertex 0.18632277846336365 -0.63857918977737427 -0.072689898312091827
      vertex 0.18632277846336365 -0.42571946978569031 -0.072689898312091827
    endloop
  endfacet
  facet normal 0.96207452548005834 0 -0.27278674348714288
    outer loop
      vertex 0.19674691557884216 -0.63857918977737427 -0.035925660282373428
      vertex 0.18632277846336365 -0.42571946978569031 -0.072689898312091827
      vertex 0.19674691557884216 -0.42571946978569031 -0.035925660282373428
    endloop
  endfacet
  facet normal 0.96207452548005834 -0 -0.27278674348714288
    outer loop
      vertex 0.19674691557884216 -0.85143893957138062 -0.035925660282373428
      vertex 0.18632277846336365 -0.85143893957138062 -0.072689898312091827
      vertex 0.18632277846336365 -0.63857918977737427 -0.072689898312091827
    endloop
  endfacet
  facet normal 0.96207452548005834 0 -0.27278674348714288
    outer loop
      vertex 0.19674691557884216 -0.85143893957138062 -0.035925660282373428
      vertex 0.18632277846336365 -0.63857918977737427 -0.072689898312091827
      vertex 0.19674691557884216 -0.63857918977737427 -0.035925660282373428
    endloop
  endfacet
  facet normal 0.96207452548005845 0 -0.27278674348714294
    outer loop
      vertex 0.19674691557884216 -1.0642986297607422 -0.035925660282373428
      vertex 0.18632277846336365 -1.0642986297607422 -0.072689898312091827
      vertex 0.18632277846336365 -0.85143893957138062 -0.072689898312091827
    endloop
  endfacet
  facet normal 0.96207452548005845 0 -0.27278674348714294
    outer loop
      vertex 0.19674691557884216 -1.0642986297607422 -0.035925660282373428
      vertex 0.18632277846336365 -0.85143893957138062 -0.072689898312091827
      vertex 0.19674691557884216 -0.85143893957138062 -0.035925660282373428
    endloop
  endfacet
  facet normal 0.99592534146407385 -0 -0.090181562581648098
    outer loop
      vertex 0.20000000298023224 -0.42571946978569031 -1.2246467698671066e-17
      vertex 0.19674691557884216 -0.42571946978569031 -0.035925660282373428
      vertex 0.19674691557884216 -0.21285973489284515 -0.035925660282373428
    endloop
  endfacet
  facet normal 0.99592534146407385 0 -0.090181562581648098
    outer loop
      vertex 0.20000000298023224 -0.42571946978569031 -1.2246467698671066e-17
      vertex 0.19674691557884216 -0.21285973489284515 -0.035925660282373428
      vertex 0.20000000298023224 -0.21285973489284515 -1.2246467698671066e-17
    endloop
  endfacet
  facet normal 0.99592534146407385 -0 -0.090181562581648098
    outer loop
      vertex 0.20000000298023224 -0.63857918977737427 -1.2246467698671066e-17
      vertex 0.19674691557884216 -0.63857918977737427 -0.035925660282373428
      vertex 0.19674691557884216 -0.42571946978569031 -0.035925660282373428
    endloop
  endfacet
  facet normal 0.99592534146407385 1.7276550701579467e-18 -0.090181562581648098
    outer loop
      vertex 0.20000000298023224 -0.63857918977737427 -1.2246467698671066e-17
      vertex 0.19674691557884216 -0.42571946978569031 -0.035925660282373428
      vertex 0.20000000298023224 -0.42571946978569031 -1.2246467698671066e-17
    endloop
  endfacet
  facet normal 0.99592534146407385 -0 -0.090181562581648098
    outer loop
      vertex 0.20000000298023224 -0.85143893957138062 -1.2246467698671066e-17
      vertex 0.19674691557884216 -0.85143893957138062 -0.035925660282373428
      vertex 0.19674691557884216 -0.63857918977737427 -0.035925660282373428
    endloop
  endfacet
  facet normal 0.99592534146407385 1.7276550701579467e-18 -0.090181562581648098
    outer loop
      vertex 0.20000000298023224 -0.85143893957138062 -1.2246467698671066e-17
      vertex 0.19674691557884216 -0.63857918977737427 -0.035925660282373428
      vertex 0.20000000298023224 -0.63857918977737427 -1.2246467698671066e-17
    endloop
  endfacet
  facet normal 0.99592534146407385 -0 -0.090181562581648098
    outer loop
      vertex 0.20000000298023224 -1.0642986297607422 -1.2246467698671066e-17
      vertex 0.19674691557884216 -1.0642986297607422 -0.035925660282373428
      vertex 0.19674691557884216 -0.85143893957138062 -0.035925660282373428
    endloop
  endfacet
  facet normal 0.99592534146407385 1.7276550701579467e-18 -0.090181562581648098
    outer loop
      vertex 0.20000000298023224 -1.0642986297607422 -1.2246467698671066e-17
      vertex 0.19674691557884216 -0.85143893957138062 -0.035925660282373428
      vertex 0.20000000298023224 -0.85143893957138062 -1.2246467698671066e-17
    endloop
  endfacet
  facet normal 0.99538440911354853 -0 0.095968109774403995
    outer loop
      vertex 0.19631604850292206 -0.42571946978569031 0.038210097700357437
      vertex 0.20000000298023224 -0.42571946978569031 -1.2246467698671066e-17
      vertex 0.20000000298023224 -0.21285973489284515 -1.2246467698671066e-17
    endloop
  endfacet
  facet normal 0.99538440911354853 0 0.095968109774403995
    outer loop
      vertex 0.19631604850292206 -0.42571946978569031 0.038210097700357437
      vertex 0.20000000298023224 -0.21285973489284515 -1.2246467698671066e-17
      vertex 0.19631604850292206 -0.21285973489284515 0.038210097700357437
    endloop
  endfacet
  facet normal 0.99538440911354853 -0 0.095968109774403995
    outer loop
      vertex 0.19631604850292206 -0.63857918977737427 0.038210097700357437
      vertex 0.20000000298023224 -0.63857918977737427 -1.2246467698671066e-17
      vertex 0.20000000298023224 -0.42571946978569031 -1.2246467698671066e-17
    endloop
  endfacet
  facet normal 0.99538440911354853 0 0.095968109774403995
    outer loop
      vertex 0.19631604850292206 -0.63857918977737427 0.038210097700357437
      vertex 0.20000000298023224 -0.42571946978569031 -1.2246467698671066e-17
      vertex 0.19631604850292206 -0.42571946978569031 0.038210097700357437
    endloop
  endfacet
  facet normal 0.99538440911354853 -0 0.095968109774403995
    outer loop
      vertex 0.19631604850292206 -0.85143893957138062 0.038210097700357437
      vertex 0.20000000298023224 -0.85143893957138062 -1.2246467698671066e-17
      vertex 0.20000000298023224 -0.63857918977737427 -1.2246467698671066e-17
    endloop
  endfacet
  facet normal 0.99538440911354853 0 0.095968109774403995
    outer loop
      vertex 0.19631604850292206 -0.85143893957138062 0.038210097700357437
      vertex 0.20000000298023224 -0.63857918977737427 -1.2246467698671066e-17
      vertex 0.19631604850292206 -0.63857918977737427 0.038210097700357437
    endloop
  endfacet
  facet normal 0.99538440911354853 -0 0.095968109774403995
    outer loop
      vertex 0.19631604850292206 -1.0642986297607422 0.038210097700357437
      vertex 0.20000000298023224 -1.0642986297607422 -1.2246467698671066e-17
      vertex 0.20000000298023224 -0.85143893957138062 -1.2246467698671066e-17
    endloop
  endfacet
  facet normal 0.99538440911354853 0 0.095968109774403995
    outer loop
      vertex 0.19631604850292206 -1.0642986297607422 0.038210097700357437
      vertex 0.20000000298023224 -0.85143893957138062 -1.2246467698671066e-17
      vertex 0.19631604850292206 -0.85143893957138062 0.038210097700357437
    endloop
  endfacet
  facet normal 0.95796716993482189 -0 0.28687785088268503
    outer loop
      vertex 0.18500465154647827 -0.42571946978569031 0.075982086360454559
      vertex 0.19631604850292206 -0.42571946978569031 0.038210097700357437
      vertex 0.19631604850292206 -0.21285973489284515 0.038210097700357437
    endloop
  endfacet
  facet normal 0.95796716993482189 0 0.28687785088268503
    outer loop
      vertex 0.18500465154647827 -0.42571946978569031 0.075982086360454559
      vertex 0.19631604850292206 -0.21285973489284515 0.038210097700357437
      vertex 0.18500465154647827 -0.21285973489284515 0.075982086360454559
    endloop
  endfacet
  facet normal 0.95796716993482189 -0 0.28687785088268503
    outer loop
      vertex 0.18500465154647827 -0.63857918977737427 0.075982086360454559
      vertex 0.19631604850292206 -0.63857918977737427 0.038210097700357437
      vertex 0.19631604850292206 -0.42571946978569031 0.038210097700357437
    endloop
  endfacet
  facet normal 0.95796716993482189 0 0.28687785088268503
    outer loop
      vertex 0.18500465154647827 -0.63857918977737427 0.075982086360454559
      vertex 0.19631604850292206 -0.42571946978569031 0.038210097700357437
      vertex 0.18500465154647827 -0.42571946978569031 0.075982086360454559
    endloop
  endfacet
  facet normal 0.95796716993482189 -0 0.28687785088268503
    outer loop
      vertex 0.18500465154647827 -0.85143893957138062 0.075982086360454559
      vertex 0.19631604850292206 -0.85143893957138062 0.038210097700357437
      vertex 0.19631604850292206 -0.63857918977737427 0.038210097700357437
    endloop
  endfacet
  facet normal 0.95796716993482189 0 0.28687785088268503
    outer loop
      vertex 0.18500465154647827 -0.85143893957138062 0.075982086360454559
      vertex 0.19631604850292206 -0.63857918977737427 0.038210097700357437
      vertex 0.18500465154647827 -0.63857918977737427 0.075982086360454559
    endloop
  endfacet
  facet normal 0.95796716993482189 -0 0.28687785088268503
    outer loop
      vertex 0.18500465154647827 -1.0642986297607422 0.075982086360454559
      vertex 0.19631604850292206 -1.0642986297607422 0.038210097700357437
      vertex 0.19631604850292206 -0.85143893957138062 0.038210097700357437
    endloop
  endfacet
  facet normal 0.95796716993482189 0 0.28687785088268503
    outer loop
      vertex 0.18500465154647827 -1.0642986297607422 0.075982086360454559
      vertex 0.19631604850292206 -0.85143893957138062 0.038210097700357437
      vertex 0.18500465154647827 -0.85143893957138062 0.075982086360454559
    endloop
  endfacet
  facet normal 0.8819521946279999 -0 0.47133886577583922
    outer loop
      vertex 0.16597452759742737 -0.42571946978569031 0.11159056425094604
      vertex 0.18500465154647827 -0.42571946978569031 0.075982086360454559
      vertex 0.18500465154647827 -0.21285973489284515 0.075982086360454559
    endloop
  endfacet
  facet normal 0.8819521946279999 1.223954541368366e-17 0.47133886577583922
    outer loop
      vertex 0.16597452759742737 -0.42571946978569031 0.11159056425094604
      vertex 0.18500465154647827 -0.21285973489284515 0.075982086360454559
      vertex 0.16597452759742737 -0.21285973489284515 0.11159056425094604
    endloop
  endfacet
  facet normal 0.8819521946279999 -0 0.47133886577583922
    outer loop
      vertex 0.16597452759742737 -0.63857918977737427 0.11159056425094604
      vertex 0.18500465154647827 -0.63857918977737427 0.075982086360454559
      vertex 0.18500465154647827 -0.42571946978569031 0.075982086360454559
    endloop
  endfacet
  facet normal 0.8819521946279999 0 0.47133886577583922
    outer loop
      vertex 0.16597452759742737 -0.63857918977737427 0.11159056425094604
      vertex 0.18500465154647827 -0.42571946978569031 0.075982086360454559
      vertex 0.16597452759742737 -0.42571946978569031 0.11159056425094604
    endloop
  endfacet
  facet normal 0.8819521946279999 -0 0.47133886577583922
    outer loop
      vertex 0.16597452759742737 -0.85143893957138062 0.11159056425094604
      vertex 0.18500465154647827 -0.85143893957138062 0.075982086360454559
      vertex 0.18500465154647827 -0.63857918977737427 0.075982086360454559
    endloop
  endfacet
  facet normal 0.88195219462799979 0 0.47133886577583917
    outer loop
      vertex 0.16597452759742737 -0.85143893957138062 0.11159056425094604
      vertex 0.18500465154647827 -0.63857918977737427 0.075982086360454559
      vertex 0.16597452759742737 -0.63857918977737427 0.11159056425094604
    endloop
  endfacet
  facet normal 0.8819521946279999 -0 0.47133886577583922
    outer loop
      vertex 0.16597452759742737 -1.0642986297607422 0.11159056425094604
      vertex 0.18500465154647827 -1.0642986297607422 0.075982086360454559
      vertex 0.18500465154647827 -0.85143893957138062 0.075982086360454559
    endloop
  endfacet
  facet normal 0.8819521946279999 0 0.47133886577583922
    outer loop
      vertex 0.16597452759742737 -1.0642986297607422 0.11159056425094604
      vertex 0.18500465154647827 -0.85143893957138062 0.075982086360454559
      vertex 0.16597452759742737 -0.85143893957138062 0.11159056425094604
    endloop
  endfacet
  facet normal 0.76877998240330148 -0 0.63951336081115562
    outer loop
      vertex 0.13994072377681732 -0.42571946978569031 0.14288665354251862
      vertex 0.16597452759742737 -0.42571946978569031 0.11159056425094604
      vertex 0.16597452759742737 -0.21285973489284515 0.11159056425094604
    endloop
  endfacet
  facet normal 0.76877998240330148 0 0.63951336081115562
    outer loop
      vertex 0.13994072377681732 -0.42571946978569031 0.14288665354251862
      vertex 0.16597452759742737 -0.21285973489284515 0.11159056425094604
      vertex 0.13994072377681732 -0.21285973489284515 0.14288665354251862
    endloop
  endfacet
  facet normal 0.76877998240330148 -0 0.63951336081115562
    outer loop
      vertex 0.13994072377681732 -0.63857918977737427 0.14288665354251862
      vertex 0.16597452759742737 -0.63857918977737427 0.11159056425094604
      vertex 0.16597452759742737 -0.42571946978569031 0.11159056425094604
    endloop
  endfacet
  facet normal 0.76877998240330148 0 0.63951336081115562
    outer loop
      vertex 0.13994072377681732 -0.63857918977737427 0.14288665354251862
      vertex 0.16597452759742737 -0.42571946978569031 0.11159056425094604
      vertex 0.13994072377681732 -0.42571946978569031 0.14288665354251862
    endloop
  endfacet
  facet normal 0.76877998240330148 -0 0.63951336081115562
    outer loop
      vertex 0.13994072377681732 -0.85143893957138062 0.14288665354251862
      vertex 0.16597452759742737 -0.85143893957138062 0.11159056425094604
      vertex 0.16597452759742737 -0.63857918977737427 0.11159056425094604
    endloop
  endfacet
  facet normal 0.76877998240330159 0 0.63951336081115573
    outer loop
      vertex 0.13994072377681732 -0.85143893957138062 0.14288665354251862
      vertex 0.16597452759742737 -0.63857918977737427 0.11159056425094604
      vertex 0.13994072377681732 -0.63857918977737427 0.14288665354251862
    endloop
  endfacet
  facet normal 0.76877998240330148 -0 0.63951336081115562
    outer loop
      vertex 0.13994072377681732 -1.0642986297607422 0.14288665354251862
      vertex 0.16597452759742737 -1.0642986297607422 0.11159056425094604
      vertex 0.16597452759742737 -0.85143893957138062 0.11159056425094604
    endloop
  endfacet
  facet normal 0.76877998240330148 -1.066896546668835e-17 0.63951336081115562
    outer loop
      vertex 0.13994072377681732 -1.0642986297607422 0.14288665354251862
      vertex 0.16597452759742737 -0.85143893957138062 0.11159056425094604
      vertex 0.13994072377681732 -0.85143893957138062 0.14288665354251862
    endloop
  endfacet
  facet normal 0.62344548575237391 -0 0.78186682132891827
    outer loop
      vertex 0.10814540833234787 -0.42571946978569031 0.16823962330818176
      vertex 0.13994072377681732 -0.42571946978569031 0.14288665354251862
      vertex 0.13994072377681732 -0.21285973489284515 0.14288665354251862
    endloop
  endfacet
  facet normal 0.62344548575237391 0 0.78186682132891827
    outer loop
      vertex 0.10814540833234787 -0.42571946978569031 0.16823962330818176
      vertex 0.13994072377681732 -0.21285973489284515 0.14288665354251862
      vertex 0.10814540833234787 -0.21285973489284515 0.16823962330818176
    endloop
  endfacet
  facet normal 0.62344548575237391 -0 0.78186682132891827
    outer loop
      vertex 0.10814540833234787 -0.63857918977737427 0.16823962330818176
      vertex 0.13994072377681732 -0.63857918977737427 0.14288665354251862
      vertex 0.13994072377681732 -0.42571946978569031 0.14288665354251862
    endloop
  endfacet
  facet normal 0.62344548575237391 0 0.78186682132891827
    outer loop
      vertex 0.10814540833234787 -0.63857918977737427 0.16823962330818176
      vertex 0.13994072377681732 -0.42571946978569031 0.14288665354251862
      vertex 0.10814540833234787 -0.42571946978569031 0.16823962330818176
    endloop
  endfacet
  facet normal 0.62344548575237391 -0 0.78186682132891827
    outer loop
      vertex 0.10814540833234787 -0.85143893957138062 0.16823962330818176
      vertex 0.13994072377681732 -0.85143893957138062 0.14288665354251862
      vertex 0.13994072377681732 -0.63857918977737427 0.14288665354251862
    endloop
  endfacet
  facet normal 0.62344548575237391 0 0.78186682132891827
    outer loop
      vertex 0.10814540833234787 -0.85143893957138062 0.16823962330818176
      vertex 0.13994072377681732 -0.63857918977737427 0.14288665354251862
      vertex 0.10814540833234787 -0.63857918977737427 0.16823962330818176
    endloop
  endfacet
  facet normal 0.62344548575237391 -0 0.78186682132891827
    outer loop
      vertex 0.10814540833234787 -1.0642986297607422 0.16823962330818176
      vertex 0.13994072377681732 -1.0642986297607422 0.14288665354251862
      vertex 0.13994072377681732 -0.85143893957138062 0.14288665354251862
    endloop
  endfacet
  facet normal 0.62344548575237391 0 0.78186682132891827
    outer loop
      vertex 0.10814540833234787 -1.0642986297607422 0.16823962330818176
      vertex 0.13994072377681732 -0.85143893957138062 0.14288665354251862
      vertex 0.10814540833234787 -0.85143893957138062 0.16823962330818176
    endloop
  endfacet
  facet normal 0.40904503879530801 0 0.91251419508791465
    outer loop
      vertex 0.090728364884853363 -0.21285973489284515 0.17823682725429535
      vertex 0.072689898312091827 -0.21285973489284515 0.18632277846336365
      vertex 0.072689898312091827 -0.42571946978569031 0.18632277846336365
    endloop
  endfacet
  facet normal 0.49781249466611954 -0 0.8672846823012007
    outer loop
      vertex 0.10814540833234787 -0.42571946978569031 0.16823962330818176
      vertex 0.10814540833234787 -0.21285973489284515 0.16823962330818176
      vertex 0.090728364884853363 -0.21285973489284515 0.17823682725429535
    endloop
  endfacet
  facet normal 0.45433799364437705 -0.0046624903272333871 0.89081718029860102
    outer loop
      vertex 0.072689898312091827 -0.42571946978569031 0.18632277846336365
      vertex 0.10814540833234787 -0.42571946978569031 0.16823962330818176
      vertex 0.090728364884853363 -0.21285973489284515 0.17823682725429535
    endloop
  endfacet
  facet normal 0.4543429321099291 -0 0.89082686311188009
    outer loop
      vertex 0.072689898312091827 -0.63857918977737427 0.18632277846336365
      vertex 0.10814540833234787 -0.63857918977737427 0.16823962330818176
      vertex 0.10814540833234787 -0.42571946978569031 0.16823962330818176
    endloop
  endfacet
  facet normal 0.4543429321099291 0 0.89082686311188009
    outer loop
      vertex 0.072689898312091827 -0.63857918977737427 0.18632277846336365
      vertex 0.10814540833234787 -0.42571946978569031 0.16823962330818176
      vertex 0.072689898312091827 -0.42571946978569031 0.18632277846336365
    endloop
  endfacet
  facet normal 0.45434293210992904 -0 0.89082686311187997
    outer loop
      vertex 0.072689898312091827 -0.85143893957138062 0.18632277846336365
      vertex 0.10814540833234787 -0.85143893957138062 0.16823962330818176
      vertex 0.10814540833234787 -0.63857918977737427 0.16823962330818176
    endloop
  endfacet
  facet normal 0.45434293210992904 0 0.89082686311187997
    outer loop
      vertex 0.072689898312091827 -0.85143893957138062 0.18632277846336365
      vertex 0.10814540833234787 -0.63857918977737427 0.16823962330818176
      vertex 0.072689898312091827 -0.63857918977737427 0.18632277846336365
    endloop
  endfacet
  facet normal 0.45434293210992904 -0 0.89082686311188009
    outer loop
      vertex 0.072689898312091827 -1.0642986297607422 0.18632277846336365
      vertex 0.10814540833234787 -1.0642986297607422 0.16823962330818176
      vertex 0.10814540833234787 -0.85143893957138062 0.16823962330818176
    endloop
  endfacet
  facet normal 0.45434293210992904 0 0.89082686311188009
    outer loop
      vertex 0.072689898312091827 -1.0642986297607422 0.18632277846336365
      vertex 0.10814540833234787 -0.85143893957138062 0.16823962330818176
      vertex 0.072689898312091827 -0.85143893957138062 0.18632277846336365
    endloop
  endfacet
  facet normal 0.27278674348714294 -0 0.96207452548005834
    outer loop
      vertex 0.035925660282373428 -0.42571946978569031 0.19674691557884216
      vertex 0.072689898312091827 -0.42571946978569031 0.18632277846336365
      vertex 0.072689898312091827 -0.21285973489284515 0.18632277846336365
    endloop
  endfacet
  facet normal 0.27278674348714288 -0 0.96207452548005834
    outer loop
      vertex 0.035925660282373428 -0.63857918977737427 0.19674691557884216
      vertex 0.072689898312091827 -0.63857918977737427 0.18632277846336365
      vertex 0.072689898312091827 -0.42571946978569031 0.18632277846336365
    endloop
  endfacet
  facet normal 0.27278674348714288 0 0.96207452548005834
    outer loop
      vertex 0.035925660282373428 -0.63857918977737427 0.19674691557884216
      vertex 0.072689898312091827 -0.42571946978569031 0.18632277846336365
      vertex 0.035925660282373428 -0.42571946978569031 0.19674691557884216
    endloop
  endfacet
  facet normal 0.27278674348714288 -0 0.96207452548005834
    outer loop
      vertex 0.035925660282373428 -0.85143893957138062 0.19674691557884216
      vertex 0.072689898312091827 -0.85143893957138062 0.18632277846336365
      vertex 0.072689898312091827 -0.63857918977737427 0.18632277846336365
    endloop
  endfacet
  facet normal 0.27278674348714288 0 0.96207452548005834
    outer loop
      vertex 0.035925660282373428 -0.85143893957138062 0.19674691557884216
      vertex 0.072689898312091827 -0.63857918977737427 0.18632277846336365
      vertex 0.035925660282373428 -0.63857918977737427 0.19674691557884216
    endloop
  endfacet
  facet normal 0.27278674348714294 -0 0.96207452548005845
    outer loop
      vertex 0.035925660282373428 -1.0642986297607422 0.19674691557884216
      vertex 0.072689898312091827 -1.0642986297607422 0.18632277846336365
      vertex 0.072689898312091827 -0.85143893957138062 0.18632277846336365
    endloop
  endfacet
  facet normal 0.27278674348714294 0 0.96207452548005845
    outer loop
      vertex 0.035925660282373428 -1.0642986297607422 0.19674691557884216
      vertex 0.072689898312091827 -0.85143893957138062 0.18632277846336365
      vertex 0.035925660282373428 -0.85143893957138062 0.19674691557884216
    endloop
  endfacet
  facet normal 0.044398380520212173 0 0.9990139057126195
    outer loop
      vertex 0.017741695046424866 -0.21285973489284515 0.19921152293682098
      vertex 2.4492935397342132e-17 -0.21285973489284515 0.20000000298023224
      vertex 2.4492935397342132e-17 -0.42571946978569031 0.20000000298023224
    endloop
  endfacet
  facet normal 0.13430935619166076 -0 0.99093945165150299
    outer loop
      vertex 0.035925660282373428 -0.42571946978569031 0.19674691557884216
      vertex 0.035925660282373428 -0.21285973489284515 0.19674691557884216
      vertex 0.017741695046424866 -0.21285973489284515 0.19921152293682098
    endloop
  endfacet
  facet normal 0.090180902042830163 -0.0038274056796983873 0.99591804676514639
    outer loop
      vertex 2.4492935397342132e-17 -0.42571946978569031 0.20000000298023224
      vertex 0.035925660282373428 -0.42571946978569031 0.19674691557884216
      vertex 0.017741695046424866 -0.21285973489284515 0.19921152293682098
    endloop
  endfacet
  facet normal 0.090181562581648139 -0 0.99592534146407385
    outer loop
      vertex 2.4492935397342132e-17 -0.63857918977737427 0.20000000298023224
      vertex 0.035925660282373428 -0.63857918977737427 0.19674691557884216
      vertex 0.035925660282373428 -0.42571946978569031 0.19674691557884216
    endloop
  endfacet
  facet normal 0.090181562581648139 0 0.99592534146407385
    outer loop
      vertex 2.4492935397342132e-17 -0.63857918977737427 0.20000000298023224
      vertex 0.035925660282373428 -0.42571946978569031 0.19674691557884216
      vertex 2.4492935397342132e-17 -0.42571946978569031 0.20000000298023224
    endloop
  endfacet
  facet normal 0.090181562581648139 -0 0.99592534146407385
    outer loop
      vertex 2.4492935397342132e-17 -0.85143893957138062 0.20000000298023224
      vertex 0.035925660282373428 -0.85143893957138062 0.19674691557884216
      vertex 0.035925660282373428 -0.63857918977737427 0.19674691557884216
    endloop
  endfacet
  facet normal 0.090181562581648139 0 0.99592534146407385
    outer loop
      vertex 2.4492935397342132e-17 -0.85143893957138062 0.20000000298023224
      vertex 0.035925660282373428 -0.63857918977737427 0.19674691557884216
      vertex 2.4492935397342132e-17 -0.63857918977737427 0.20000000298023224
    endloop
  endfacet
  facet normal 0.090181562581648139 -0 0.99592534146407385
    outer loop
      vertex 2.4492935397342132e-17 -1.0642986297607422 0.20000000298023224
      vertex 0.035925660282373428 -1.0642986297607422 0.19674691557884216
      vertex 0.035925660282373428 -0.85143893957138062 0.19674691557884216
    endloop
  endfacet
  facet normal 0.090181562581648139 0 0.99592534146407385
    outer loop
      vertex 2.4492935397342132e-17 -1.0642986297607422 0.20000000298023224
      vertex 0.035925660282373428 -0.85143893957138062 0.19674691557884216
      vertex 2.4492935397342132e-17 -0.85143893957138062 0.20000000298023224
    endloop
  endfacet
  facet normal -0.14285319536930582 0 0.98974388837354221
    outer loop
      vertex -0.018863009288907051 -0.21285973489284515 0.19910848140716553
      vertex -0.038210097700357437 -0.21285973489284515 0.19631604850292206
      vertex -0.038210097700357437 -0.42571946978569031 0.19631604850292206
    endloop
  endfacet
  facet normal -0.047210256321197158 -0 0.99888497420778488
    outer loop
      vertex 2.4492935397342132e-17 -0.42571946978569031 0.20000000298023224
      vertex 2.4492935397342132e-17 -0.21285973489284515 0.20000000298023224
      vertex -0.018863009288907051 -0.21285973489284515 0.19910848140716553
    endloop
  endfacet
  facet normal -0.095967207876780439 -0.0043353995512819526 0.99537505460156339
    outer loop
      vertex -0.038210097700357437 -0.42571946978569031 0.19631604850292206
      vertex 2.4492935397342132e-17 -0.42571946978569031 0.20000000298023224
      vertex -0.018863009288907051 -0.21285973489284515 0.19910848140716553
    endloop
  endfacet
  facet normal -0.095968109774403954 -0 0.99538440911354853
    outer loop
      vertex -0.038210097700357437 -0.63857918977737427 0.19631604850292206
      vertex 2.4492935397342132e-17 -0.63857918977737427 0.20000000298023224
      vertex 2.4492935397342132e-17 -0.42571946978569031 0.20000000298023224
    endloop
  endfacet
  facet normal -0.095968109774403954 0 0.99538440911354853
    outer loop
      vertex -0.038210097700357437 -0.63857918977737427 0.19631604850292206
      vertex 2.4492935397342132e-17 -0.42571946978569031 0.20000000298023224
      vertex -0.038210097700357437 -0.42571946978569031 0.19631604850292206
    endloop
  endfacet
  facet normal -0.095968109774403967 0 0.99538440911354853
    outer loop
      vertex -0.038210097700357437 -0.85143893957138062 0.19631604850292206
      vertex 2.4492935397342132e-17 -0.85143893957138062 0.20000000298023224
      vertex 2.4492935397342132e-17 -0.63857918977737427 0.20000000298023224
    endloop
  endfacet
  facet normal -0.095968109774403967 0 0.99538440911354853
    outer loop
      vertex -0.038210097700357437 -0.85143893957138062 0.19631604850292206
      vertex 2.4492935397342132e-17 -0.63857918977737427 0.20000000298023224
      vertex -0.038210097700357437 -0.63857918977737427 0.19631604850292206
    endloop
  endfacet
  facet normal -0.095968109774403954 -0 0.99538440911354853
    outer loop
      vertex -0.038210097700357437 -1.0642986297607422 0.19631604850292206
      vertex 2.4492935397342132e-17 -1.0642986297607422 0.20000000298023224
      vertex 2.4492935397342132e-17 -0.85143893957138062 0.20000000298023224
    endloop
  endfacet
  facet normal -0.095968109774403967 0 0.99538440911354842
    outer loop
      vertex -0.038210097700357437 -1.0642986297607422 0.19631604850292206
      vertex 2.4492935397342132e-17 -0.85143893957138062 0.20000000298023224
      vertex -0.038210097700357437 -0.85143893957138062 0.19631604850292206
    endloop
  endfacet
  facet normal -0.28687785088268503 0 0.95796716993482189
    outer loop
      vertex -0.075982086360454559 -0.21285973489284515 0.18500465154647827
      vertex -0.075982086360454559 -0.42571946978569031 0.18500465154647827
      vertex -0.038210097700357437 -0.42571946978569031 0.19631604850292206
    endloop
  endfacet
  facet normal -0.28687785088268503 -0 0.95796716993482189
    outer loop
      vertex -0.075982086360454559 -0.63857918977737427 0.18500465154647827
      vertex -0.038210097700357437 -0.63857918977737427 0.19631604850292206
      vertex -0.038210097700357437 -0.42571946978569031 0.19631604850292206
    endloop
  endfacet
  facet normal -0.28687785088268503 0 0.95796716993482189
    outer loop
      vertex -0.075982086360454559 -0.63857918977737427 0.18500465154647827
      vertex -0.038210097700357437 -0.42571946978569031 0.19631604850292206
      vertex -0.075982086360454559 -0.42571946978569031 0.18500465154647827
    endloop
  endfacet
  facet normal -0.28687785088268503 -0 0.95796716993482189
    outer loop
      vertex -0.075982086360454559 -0.85143893957138062 0.18500465154647827
      vertex -0.038210097700357437 -0.85143893957138062 0.19631604850292206
      vertex -0.038210097700357437 -0.63857918977737427 0.19631604850292206
    endloop
  endfacet
  facet normal -0.28687785088268503 0 0.95796716993482189
    outer loop
      vertex -0.075982086360454559 -0.85143893957138062 0.18500465154647827
      vertex -0.038210097700357437 -0.63857918977737427 0.19631604850292206
      vertex -0.075982086360454559 -0.63857918977737427 0.18500465154647827
    endloop
  endfacet
  facet normal -0.28687785088268503 -0 0.95796716993482189
    outer loop
      vertex -0.075982086360454559 -1.0642986297607422 0.18500465154647827
      vertex -0.038210097700357437 -1.0642986297607422 0.19631604850292206
      vertex -0.038210097700357437 -0.85143893957138062 0.19631604850292206
    endloop
  endfacet
  facet normal -0.28687785088268503 0 0.95796716993482189
    outer loop
      vertex -0.075982086360454559 -1.0642986297607422 0.18500465154647827
      vertex -0.038210097700357437 -0.85143893957138062 0.19631604850292206
      vertex -0.075982086360454559 -0.85143893957138062 0.18500465154647827
    endloop
  endfacet
  facet normal -0.51497892441684068 0 0.857202839126466
    outer loop
      vertex -0.094133734703063965 -0.21285973489284515 0.17646200954914093
      vertex -0.11159056425094604 -0.21285973489284515 0.16597452759742737
      vertex -0.11159056425094604 -0.42571946978569031 0.16597452759742737
    endloop
  endfacet
  facet normal -0.42582518805557235 -0 0.90480545379514399
    outer loop
      vertex -0.075982086360454559 -0.42571946978569031 0.18500465154647827
      vertex -0.075982086360454559 -0.21285973489284515 0.18500465154647827
      vertex -0.094133734703063965 -0.21285973489284515 0.17646200954914093
    endloop
  endfacet
  facet normal -0.47133343977842596 -0.00479829464625853 0.88194204169838986
    outer loop
      vertex -0.11159056425094604 -0.42571946978569031 0.16597452759742737
      vertex -0.075982086360454559 -0.42571946978569031 0.18500465154647827
      vertex -0.094133734703063965 -0.21285973489284515 0.17646200954914093
    endloop
  endfacet
  facet normal -0.47133886577583922 -0 0.8819521946279999
    outer loop
      vertex -0.11159056425094604 -0.63857918977737427 0.16597452759742737
      vertex -0.075982086360454559 -0.63857918977737427 0.18500465154647827
      vertex -0.075982086360454559 -0.42571946978569031 0.18500465154647827
    endloop
  endfacet
  facet normal -0.47133886577583922 0 0.8819521946279999
    outer loop
      vertex -0.11159056425094604 -0.63857918977737427 0.16597452759742737
      vertex -0.075982086360454559 -0.42571946978569031 0.18500465154647827
      vertex -0.11159056425094604 -0.42571946978569031 0.16597452759742737
    endloop
  endfacet
  facet normal -0.47133886577583922 -0 0.8819521946279999
    outer loop
      vertex -0.11159056425094604 -0.85143893957138062 0.16597452759742737
      vertex -0.075982086360454559 -0.85143893957138062 0.18500465154647827
      vertex -0.075982086360454559 -0.63857918977737427 0.18500465154647827
    endloop
  endfacet
  facet normal -0.47133886577583917 0 0.88195219462799979
    outer loop
      vertex -0.11159056425094604 -0.85143893957138062 0.16597452759742737
      vertex -0.075982086360454559 -0.63857918977737427 0.18500465154647827
      vertex -0.11159056425094604 -0.63857918977737427 0.16597452759742737
    endloop
  endfacet
  facet normal -0.47133886577583922 -0 0.8819521946279999
    outer loop
      vertex -0.11159056425094604 -1.0642986297607422 0.16597452759742737
      vertex -0.075982086360454559 -1.0642986297607422 0.18500465154647827
      vertex -0.075982086360454559 -0.85143893957138062 0.18500465154647827
    endloop
  endfacet
  facet normal -0.47133886577583922 0 0.8819521946279999
    outer loop
      vertex -0.11159056425094604 -1.0642986297607422 0.16597452759742737
      vertex -0.075982086360454559 -0.85143893957138062 0.18500465154647827
      vertex -0.11159056425094604 -0.85143893957138062 0.16597452759742737
    endloop
  endfacet
  facet normal -0.63951336081115562 -0 0.76877998240330148
    outer loop
      vertex -0.14288665354251862 -0.42571946978569031 0.13994072377681732
      vertex -0.11159056425094604 -0.42571946978569031 0.16597452759742737
      vertex -0.11159056425094604 -0.21285973489284515 0.16597452759742737
    endloop
  endfacet
  facet normal -0.63951336081115562 0 0.76877998240330148
    outer loop
      vertex -0.14288665354251862 -0.42571946978569031 0.13994072377681732
      vertex -0.11159056425094604 -0.21285973489284515 0.16597452759742737
      vertex -0.14288665354251862 -0.21285973489284515 0.13994072377681732
    endloop
  endfacet
  facet normal -0.63951336081115562 -0 0.76877998240330148
    outer loop
      vertex -0.14288665354251862 -0.63857918977737427 0.13994072377681732
      vertex -0.11159056425094604 -0.63857918977737427 0.16597452759742737
      vertex -0.11159056425094604 -0.42571946978569031 0.16597452759742737
    endloop
  endfacet
  facet normal -0.63951336081115562 0 0.76877998240330148
    outer loop
      vertex -0.14288665354251862 -0.63857918977737427 0.13994072377681732
      vertex -0.11159056425094604 -0.42571946978569031 0.16597452759742737
      vertex -0.14288665354251862 -0.42571946978569031 0.13994072377681732
    endloop
  endfacet
  facet normal -0.63951336081115562 -0 0.76877998240330148
    outer loop
      vertex -0.14288665354251862 -0.85143893957138062 0.13994072377681732
      vertex -0.11159056425094604 -0.85143893957138062 0.16597452759742737
      vertex -0.11159056425094604 -0.63857918977737427 0.16597452759742737
    endloop
  endfacet
  facet normal -0.63951336081115573 0 0.76877998240330159
    outer loop
      vertex -0.14288665354251862 -0.85143893957138062 0.13994072377681732
      vertex -0.11159056425094604 -0.63857918977737427 0.16597452759742737
      vertex -0.14288665354251862 -0.63857918977737427 0.13994072377681732
    endloop
  endfacet
  facet normal -0.63951336081115562 -0 0.76877998240330148
    outer loop
      vertex -0.14288665354251862 -1.0642986297607422 0.13994072377681732
      vertex -0.11159056425094604 -1.0642986297607422 0.16597452759742737
      vertex -0.11159056425094604 -0.85143893957138062 0.16597452759742737
    endloop
  endfacet
  facet normal -0.63951336081115562 -1.066896546668835e-17 0.76877998240330148
    outer loop
      vertex -0.14288665354251862 -1.0642986297607422 0.13994072377681732
      vertex -0.11159056425094604 -0.85143893957138062 0.16597452759742737
      vertex -0.14288665354251862 -0.85143893957138062 0.13994072377681732
    endloop
  endfacet
  facet normal -0.78186682132891827 0 0.62344548575237391
    outer loop
      vertex -0.16823962330818176 -0.42571946978569031 0.10814540833234787
      vertex -0.14288665354251862 -0.42571946978569031 0.13994072377681732
      vertex -0.14288665354251862 -0.21285973489284515 0.13994072377681732
    endloop
  endfacet
  facet normal -0.78186682132891827 0 0.62344548575237391
    outer loop
      vertex -0.16823962330818176 -0.42571946978569031 0.10814540833234787
      vertex -0.14288665354251862 -0.21285973489284515 0.13994072377681732
      vertex -0.16823962330818176 -0.21285973489284515 0.10814540833234787
    endloop
  endfacet
  facet normal -0.78186682132891827 0 0.62344548575237391
    outer loop
      vertex -0.16823962330818176 -0.63857918977737427 0.10814540833234787
      vertex -0.14288665354251862 -0.63857918977737427 0.13994072377681732
      vertex -0.14288665354251862 -0.42571946978569031 0.13994072377681732
    endloop
  endfacet
  facet normal -0.78186682132891827 0 0.62344548575237391
    outer loop
      vertex -0.16823962330818176 -0.63857918977737427 0.10814540833234787
      vertex -0.14288665354251862 -0.42571946978569031 0.13994072377681732
      vertex -0.16823962330818176 -0.42571946978569031 0.10814540833234787
    endloop
  endfacet
  facet normal -0.78186682132891827 0 0.62344548575237391
    outer loop
      vertex -0.16823962330818176 -0.85143893957138062 0.10814540833234787
      vertex -0.14288665354251862 -0.85143893957138062 0.13994072377681732
      vertex -0.14288665354251862 -0.63857918977737427 0.13994072377681732
    endloop
  endfacet
  facet normal -0.78186682132891827 0 0.62344548575237391
    outer loop
      vertex -0.16823962330818176 -0.85143893957138062 0.10814540833234787
      vertex -0.14288665354251862 -0.63857918977737427 0.13994072377681732
      vertex -0.16823962330818176 -0.63857918977737427 0.10814540833234787
    endloop
  endfacet
  facet normal -0.78186682132891827 0 0.62344548575237391
    outer loop
      vertex -0.16823962330818176 -1.0642986297607422 0.10814540833234787
      vertex -0.14288665354251862 -1.0642986297607422 0.13994072377681732
      vertex -0.14288665354251862 -0.85143893957138062 0.13994072377681732
    endloop
  endfacet
  facet normal -0.78186682132891827 0 0.62344548575237391
    outer loop
      vertex -0.16823962330818176 -1.0642986297607422 0.10814540833234787
      vertex -0.14288665354251862 -0.85143893957138062 0.13994072377681732
      vertex -0.16823962330818176 -0.85143893957138062 0.10814540833234787
    endloop
  endfacet
  facet normal -0.89082686311187997 0 0.45434293210992904
    outer loop
      vertex -0.18632277846336365 -0.42571946978569031 0.072689898312091827
      vertex -0.16823962330818176 -0.42571946978569031 0.10814540833234787
      vertex -0.16823962330818176 -0.21285973489284515 0.10814540833234787
    endloop
  endfacet
  facet normal -0.89082686311187997 0 0.45434293210992904
    outer loop
      vertex -0.18632277846336365 -0.42571946978569031 0.072689898312091827
      vertex -0.16823962330818176 -0.21285973489284515 0.10814540833234787
      vertex -0.18632277846336365 -0.21285973489284515 0.072689898312091827
    endloop
  endfacet
  facet normal -0.89082686311188009 0 0.4543429321099291
    outer loop
      vertex -0.18632277846336365 -0.63857918977737427 0.072689898312091827
      vertex -0.16823962330818176 -0.63857918977737427 0.10814540833234787
      vertex -0.16823962330818176 -0.42571946978569031 0.10814540833234787
    endloop
  endfacet
  facet normal -0.89082686311188009 0 0.4543429321099291
    outer loop
      vertex -0.18632277846336365 -0.63857918977737427 0.072689898312091827
      vertex -0.16823962330818176 -0.42571946978569031 0.10814540833234787
      vertex -0.18632277846336365 -0.42571946978569031 0.072689898312091827
    endloop
  endfacet
  facet normal -0.89082686311187997 0 0.45434293210992904
    outer loop
      vertex -0.18632277846336365 -0.85143893957138062 0.072689898312091827
      vertex -0.16823962330818176 -0.85143893957138062 0.10814540833234787
      vertex -0.16823962330818176 -0.63857918977737427 0.10814540833234787
    endloop
  endfacet
  facet normal -0.89082686311187997 0 0.45434293210992904
    outer loop
      vertex -0.18632277846336365 -0.85143893957138062 0.072689898312091827
      vertex -0.16823962330818176 -0.63857918977737427 0.10814540833234787
      vertex -0.18632277846336365 -0.63857918977737427 0.072689898312091827
    endloop
  endfacet
  facet normal -0.89082686311188009 0 0.45434293210992904
    outer loop
      vertex -0.18632277846336365 -1.0642986297607422 0.072689898312091827
      vertex -0.16823962330818176 -1.0642986297607422 0.10814540833234787
      vertex -0.16823962330818176 -0.85143893957138062 0.10814540833234787
    endloop
  endfacet
  facet normal -0.89082686311188009 0 0.45434293210992904
    outer loop
      vertex -0.18632277846336365 -1.0642986297607422 0.072689898312091827
      vertex -0.16823962330818176 -0.85143893957138062 0.10814540833234787
      vertex -0.18632277846336365 -0.85143893957138062 0.072689898312091827
    endloop
  endfacet
  facet normal -0.96207452548005834 0 0.27278674348714294
    outer loop
      vertex -0.19674691557884216 -0.42571946978569031 0.035925660282373428
      vertex -0.18632277846336365 -0.42571946978569031 0.072689898312091827
      vertex -0.18632277846336365 -0.21285973489284515 0.072689898312091827
    endloop
  endfacet
  facet normal -0.96207452548005834 0 0.27278674348714294
    outer loop
      vertex -0.19674691557884216 -0.42571946978569031 0.035925660282373428
      vertex -0.18632277846336365 -0.21285973489284515 0.072689898312091827
      vertex -0.19674691557884216 -0.21285973489284515 0.035925660282373428
    endloop
  endfacet
  facet normal -0.96207452548005834 0 0.27278674348714288
    outer loop
      vertex -0.19674691557884216 -0.63857918977737427 0.035925660282373428
      vertex -0.18632277846336365 -0.63857918977737427 0.072689898312091827
      vertex -0.18632277846336365 -0.42571946978569031 0.072689898312091827
    endloop
  endfacet
  facet normal -0.96207452548005834 0 0.27278674348714288
    outer loop
      vertex -0.19674691557884216 -0.63857918977737427 0.035925660282373428
      vertex -0.18632277846336365 -0.42571946978569031 0.072689898312091827
      vertex -0.19674691557884216 -0.42571946978569031 0.035925660282373428
    endloop
  endfacet
  facet normal -0.96207452548005834 0 0.27278674348714288
    outer loop
      vertex -0.19674691557884216 -0.85143893957138062 0.035925660282373428
      vertex -0.18632277846336365 -0.85143893957138062 0.072689898312091827
      vertex -0.18632277846336365 -0.63857918977737427 0.072689898312091827
    endloop
  endfacet
  facet normal -0.96207452548005834 0 0.27278674348714288
    outer loop
      vertex -0.19674691557884216 -0.85143893957138062 0.035925660282373428
      vertex -0.18632277846336365 -0.63857918977737427 0.072689898312091827
      vertex -0.19674691557884216 -0.63857918977737427 0.035925660282373428
    endloop
  endfacet
  facet normal -0.96207452548005845 0 0.27278674348714294
    outer loop
      vertex -0.19674691557884216 -1.0642986297607422 0.035925660282373428
      vertex -0.18632277846336365 -1.0642986297607422 0.072689898312091827
      vertex -0.18632277846336365 -0.85143893957138062 0.072689898312091827
    endloop
  endfacet
  facet normal -0.96207452548005845 0 0.27278674348714294
    outer loop
      vertex -0.19674691557884216 -1.0642986297607422 0.035925660282373428
      vertex -0.18632277846336365 -0.85143893957138062 0.072689898312091827
      vertex -0.19674691557884216 -0.85143893957138062 0.035925660282373428
    endloop
  endfacet
  facet normal -0.99592534146407385 0 0.090181562581648153
    outer loop
      vertex -0.20000000298023224 -0.42571946978569031 3.6739405577555036e-17
      vertex -0.19674691557884216 -0.42571946978569031 0.035925660282373428
      vertex -0.19674691557884216 -0.21285973489284515 0.035925660282373428
    endloop
  endfacet
  facet normal -0.99592534146407385 1.7276550701579467e-18 0.090181562581648153
    outer loop
      vertex -0.20000000298023224 -0.42571946978569031 3.6739405577555036e-17
      vertex -0.19674691557884216 -0.21285973489284515 0.035925660282373428
      vertex -0.20000000298023224 -0.21285973489284515 3.6739405577555036e-17
    endloop
  endfacet
  facet normal -0.99592534146407385 0 0.090181562581648153
    outer loop
      vertex -0.20000000298023224 -0.63857918977737427 3.6739405577555036e-17
      vertex -0.19674691557884216 -0.63857918977737427 0.035925660282373428
      vertex -0.19674691557884216 -0.42571946978569031 0.035925660282373428
    endloop
  endfacet
  facet normal -0.99592534146407385 0 0.090181562581648153
    outer loop
      vertex -0.20000000298023224 -0.63857918977737427 3.6739405577555036e-17
      vertex -0.19674691557884216 -0.42571946978569031 0.035925660282373428
      vertex -0.20000000298023224 -0.42571946978569031 3.6739405577555036e-17
    endloop
  endfacet
  facet normal -0.99592534146407385 0 0.090181562581648153
    outer loop
      vertex -0.20000000298023224 -0.85143893957138062 3.6739405577555036e-17
      vertex -0.19674691557884216 -0.85143893957138062 0.035925660282373428
      vertex -0.19674691557884216 -0.63857918977737427 0.035925660282373428
    endloop
  endfacet
  facet normal -0.99592534146407385 0 0.090181562581648153
    outer loop
      vertex -0.20000000298023224 -0.85143893957138062 3.6739405577555036e-17
      vertex -0.19674691557884216 -0.63857918977737427 0.035925660282373428
      vertex -0.20000000298023224 -0.63857918977737427 3.6739405577555036e-17
    endloop
  endfacet
  facet normal -0.99592534146407385 0 0.090181562581648153
    outer loop
      vertex -0.20000000298023224 -1.0642986297607422 3.6739405577555036e-17
      vertex -0.19674691557884216 -1.0642986297607422 0.035925660282373428
      vertex -0.19674691557884216 -0.85143893957138062 0.035925660282373428
    endloop
  endfacet
  facet normal -0.99592534146407385 1.7276550701579467e-18 0.090181562581648153
    outer loop
      vertex -0.20000000298023224 -1.0642986297607422 3.6739405577555036e-17
      vertex -0.19674691557884216 -0.85143893957138062 0.035925660282373428
      vertex -0.20000000298023224 -0.85143893957138062 3.6739405577555036e-17
    endloop
  endfacet
  facet normal -0.99538440911354842 0 -0.09596810977440394
    outer loop
      vertex -0.19631604850292206 -0.42571946978569031 -0.038210097700357437
      vertex -0.20000000298023224 -0.42571946978569031 3.6739405577555036e-17
      vertex -0.20000000298023224 -0.21285973489284515 3.6739405577555036e-17
    endloop
  endfacet
  facet normal -0.99538440911354842 -0 -0.09596810977440394
    outer loop
      vertex -0.19631604850292206 -0.42571946978569031 -0.038210097700357437
      vertex -0.20000000298023224 -0.21285973489284515 3.6739405577555036e-17
      vertex -0.19631604850292206 -0.21285973489284515 -0.038210097700357437
    endloop
  endfacet
  facet normal -0.99538440911354842 0 -0.09596810977440394
    outer loop
      vertex -0.19631604850292206 -0.63857918977737427 -0.038210097700357437
      vertex -0.20000000298023224 -0.63857918977737427 3.6739405577555036e-17
      vertex -0.20000000298023224 -0.42571946978569031 3.6739405577555036e-17
    endloop
  endfacet
  facet normal -0.99538440911354842 -0 -0.09596810977440394
    outer loop
      vertex -0.19631604850292206 -0.63857918977737427 -0.038210097700357437
      vertex -0.20000000298023224 -0.42571946978569031 3.6739405577555036e-17
      vertex -0.19631604850292206 -0.42571946978569031 -0.038210097700357437
    endloop
  endfacet
  facet normal -0.99538440911354853 0 -0.095968109774403954
    outer loop
      vertex -0.19631604850292206 -0.85143893957138062 -0.038210097700357437
      vertex -0.20000000298023224 -0.85143893957138062 3.6739405577555036e-17
      vertex -0.20000000298023224 -0.63857918977737427 3.6739405577555036e-17
    endloop
  endfacet
  facet normal -0.99538440911354853 -0 -0.095968109774403954
    outer loop
      vertex -0.19631604850292206 -0.85143893957138062 -0.038210097700357437
      vertex -0.20000000298023224 -0.63857918977737427 3.6739405577555036e-17
      vertex -0.19631604850292206 -0.63857918977737427 -0.038210097700357437
    endloop
  endfacet
  facet normal -0.99538440911354842 0 -0.09596810977440394
    outer loop
      vertex -0.19631604850292206 -1.0642986297607422 -0.038210097700357437
      vertex -0.20000000298023224 -1.0642986297607422 3.6739405577555036e-17
      vertex -0.20000000298023224 -0.85143893957138062 3.6739405577555036e-17
    endloop
  endfacet
  facet normal -0.99538440911354842 -0 -0.09596810977440394
    outer loop
      vertex -0.19631604850292206 -1.0642986297607422 -0.038210097700357437
      vertex -0.20000000298023224 -0.85143893957138062 3.6739405577555036e-17
      vertex -0.19631604850292206 -0.85143893957138062 -0.038210097700357437
    endloop
  endfacet
  facet normal -0.95796716993482189 0 -0.28687785088268503
    outer loop
      vertex -0.18500465154647827 -0.42571946978569031 -0.075982086360454559
      vertex -0.19631604850292206 -0.42571946978569031 -0.038210097700357437
      vertex -0.19631604850292206 -0.21285973489284515 -0.038210097700357437
    endloop
  endfacet
  facet normal -0.95796716993482189 -0 -0.28687785088268503
    outer loop
      vertex -0.18500465154647827 -0.42571946978569031 -0.075982086360454559
      vertex -0.19631604850292206 -0.21285973489284515 -0.038210097700357437
      vertex -0.18500465154647827 -0.21285973489284515 -0.075982086360454559
    endloop
  endfacet
  facet normal -0.95796716993482189 0 -0.28687785088268503
    outer loop
      vertex -0.18500465154647827 -0.63857918977737427 -0.075982086360454559
      vertex -0.19631604850292206 -0.63857918977737427 -0.038210097700357437
      vertex -0.19631604850292206 -0.42571946978569031 -0.038210097700357437
    endloop
  endfacet
  facet normal -0.95796716993482189 0 -0.28687785088268503
    outer loop
      vertex -0.18500465154647827 -0.63857918977737427 -0.075982086360454559
      vertex -0.19631604850292206 -0.42571946978569031 -0.038210097700357437
      vertex -0.18500465154647827 -0.42571946978569031 -0.075982086360454559
    endloop
  endfacet
  facet normal -0.95796716993482189 0 -0.28687785088268503
    outer loop
      vertex -0.18500465154647827 -0.85143893957138062 -0.075982086360454559
      vertex -0.19631604850292206 -0.85143893957138062 -0.038210097700357437
      vertex -0.19631604850292206 -0.63857918977737427 -0.038210097700357437
    endloop
  endfacet
  facet normal -0.95796716993482189 -0 -0.28687785088268503
    outer loop
      vertex -0.18500465154647827 -0.85143893957138062 -0.075982086360454559
      vertex -0.19631604850292206 -0.63857918977737427 -0.038210097700357437
      vertex -0.18500465154647827 -0.63857918977737427 -0.075982086360454559
    endloop
  endfacet
  facet normal -0.95796716993482189 0 -0.28687785088268503
    outer loop
      vertex -0.18500465154647827 -1.0642986297607422 -0.075982086360454559
      vertex -0.19631604850292206 -1.0642986297607422 -0.038210097700357437
      vertex -0.19631604850292206 -0.85143893957138062 -0.038210097700357437
    endloop
  endfacet
  facet normal -0.95796716993482189 0 -0.28687785088268503
    outer loop
      vertex -0.18500465154647827 -1.0642986297607422 -0.075982086360454559
      vertex -0.19631604850292206 -0.85143893957138062 -0.038210097700357437
      vertex -0.18500465154647827 -0.85143893957138062 -0.075982086360454559
    endloop
  endfacet
  facet normal -0.8819521946279999 0 -0.47133886577583922
    outer loop
      vertex -0.16597452759742737 -0.42571946978569031 -0.11159056425094604
      vertex -0.18500465154647827 -0.42571946978569031 -0.075982086360454559
      vertex -0.18500465154647827 -0.21285973489284515 -0.075982086360454559
    endloop
  endfacet
  facet normal -0.8819521946279999 1.223954541368366e-17 -0.47133886577583922
    outer loop
      vertex -0.16597452759742737 -0.42571946978569031 -0.11159056425094604
      vertex -0.18500465154647827 -0.21285973489284515 -0.075982086360454559
      vertex -0.16597452759742737 -0.21285973489284515 -0.11159056425094604
    endloop
  endfacet
  facet normal -0.8819521946279999 0 -0.47133886577583922
    outer loop
      vertex -0.16597452759742737 -0.63857918977737427 -0.11159056425094604
      vertex -0.18500465154647827 -0.63857918977737427 -0.075982086360454559
      vertex -0.18500465154647827 -0.42571946978569031 -0.075982086360454559
    endloop
  endfacet
  facet normal -0.8819521946279999 0 -0.47133886577583922
    outer loop
      vertex -0.16597452759742737 -0.63857918977737427 -0.11159056425094604
      vertex -0.18500465154647827 -0.42571946978569031 -0.075982086360454559
      vertex -0.16597452759742737 -0.42571946978569031 -0.11159056425094604
    endloop
  endfacet
  facet normal -0.8819521946279999 0 -0.47133886577583922
    outer loop
      vertex -0.16597452759742737 -0.85143893957138062 -0.11159056425094604
      vertex -0.18500465154647827 -0.85143893957138062 -0.075982086360454559
      vertex -0.18500465154647827 -0.63857918977737427 -0.075982086360454559
    endloop
  endfacet
  facet normal -0.88195219462799979 -0 -0.47133886577583917
    outer loop
      vertex -0.16597452759742737 -0.85143893957138062 -0.11159056425094604
      vertex -0.18500465154647827 -0.63857918977737427 -0.075982086360454559
      vertex -0.16597452759742737 -0.63857918977737427 -0.11159056425094604
    endloop
  endfacet
  facet normal -0.8819521946279999 0 -0.47133886577583922
    outer loop
      vertex -0.16597452759742737 -1.0642986297607422 -0.11159056425094604
      vertex -0.18500465154647827 -1.0642986297607422 -0.075982086360454559
      vertex -0.18500465154647827 -0.85143893957138062 -0.075982086360454559
    endloop
  endfacet
  facet normal -0.8819521946279999 0 -0.47133886577583922
    outer loop
      vertex -0.16597452759742737 -1.0642986297607422 -0.11159056425094604
      vertex -0.18500465154647827 -0.85143893957138062 -0.075982086360454559
      vertex -0.16597452759742737 -0.85143893957138062 -0.11159056425094604
    endloop
  endfacet
  facet normal -0.76877998240330148 0 -0.63951336081115562
    outer loop
      vertex -0.13994072377681732 -0.42571946978569031 -0.14288665354251862
      vertex -0.16597452759742737 -0.42571946978569031 -0.11159056425094604
      vertex -0.16597452759742737 -0.21285973489284515 -0.11159056425094604
    endloop
  endfacet
  facet normal -0.76877998240330148 0 -0.63951336081115562
    outer loop
      vertex -0.13994072377681732 -0.42571946978569031 -0.14288665354251862
      vertex -0.16597452759742737 -0.21285973489284515 -0.11159056425094604
      vertex -0.13994072377681732 -0.21285973489284515 -0.14288665354251862
    endloop
  endfacet
  facet normal -0.76877998240330148 0 -0.63951336081115562
    outer loop
      vertex -0.13994072377681732 -0.63857918977737427 -0.14288665354251862
      vertex -0.16597452759742737 -0.63857918977737427 -0.11159056425094604
      vertex -0.16597452759742737 -0.42571946978569031 -0.11159056425094604
    endloop
  endfacet
  facet normal -0.76877998240330148 0 -0.63951336081115562
    outer loop
      vertex -0.13994072377681732 -0.63857918977737427 -0.14288665354251862
      vertex -0.16597452759742737 -0.42571946978569031 -0.11159056425094604
      vertex -0.13994072377681732 -0.42571946978569031 -0.14288665354251862
    endloop
  endfacet
  facet normal -0.76877998240330148 0 -0.63951336081115562
    outer loop
      vertex -0.13994072377681732 -0.85143893957138062 -0.14288665354251862
      vertex -0.16597452759742737 -0.85143893957138062 -0.11159056425094604
      vertex -0.16597452759742737 -0.63857918977737427 -0.11159056425094604
    endloop
  endfacet
  facet normal -0.76877998240330159 -0 -0.63951336081115573
    outer loop
      vertex -0.13994072377681732 -0.85143893957138062 -0.14288665354251862
      vertex -0.16597452759742737 -0.63857918977737427 -0.11159056425094604
      vertex -0.13994072377681732 -0.63857918977737427 -0.14288665354251862
    endloop
  endfacet
  facet normal -0.76877998240330148 0 -0.63951336081115562
    outer loop
      vertex -0.13994072377681732 -1.0642986297607422 -0.14288665354251862
      vertex -0.16597452759742737 -1.0642986297607422 -0.11159056425094604
      vertex -0.16597452759742737 -0.85143893957138062 -0.11159056425094604
    endloop
  endfacet
  facet normal -0.76877998240330148 -1.066896546668835e-17 -0.63951336081115562
    outer loop
      vertex -0.13994072377681732 -1.0642986297607422 -0.14288665354251862
      vertex -0.16597452759742737 -0.85143893957138062 -0.11159056425094604
      vertex -0.13994072377681732 -0.85143893957138062 -0.14288665354251862
    endloop
  endfacet
  facet normal -0.62344548575237391 0 -0.78186682132891827
    outer loop
      vertex -0.10814540833234787 -0.42571946978569031 -0.16823962330818176
      vertex -0.13994072377681732 -0.42571946978569031 -0.14288665354251862
      vertex -0.13994072377681732 -0.21285973489284515 -0.14288665354251862
    endloop
  endfacet
  facet normal -0.62344548575237391 0 -0.78186682132891827
    outer loop
      vertex -0.10814540833234787 -0.42571946978569031 -0.16823962330818176
      vertex -0.13994072377681732 -0.21285973489284515 -0.14288665354251862
      vertex -0.10814540833234787 -0.21285973489284515 -0.16823962330818176
    endloop
  endfacet
  facet normal -0.62344548575237391 0 -0.78186682132891827
    outer loop
      vertex -0.10814540833234787 -0.63857918977737427 -0.16823962330818176
      vertex -0.13994072377681732 -0.63857918977737427 -0.14288665354251862
      vertex -0.13994072377681732 -0.42571946978569031 -0.14288665354251862
    endloop
  endfacet
  facet normal -0.62344548575237391 0 -0.78186682132891827
    outer loop
      vertex -0.10814540833234787 -0.63857918977737427 -0.16823962330818176
      vertex -0.13994072377681732 -0.42571946978569031 -0.14288665354251862
      vertex -0.10814540833234787 -0.42571946978569031 -0.16823962330818176
    endloop
  endfacet
  facet normal -0.62344548575237391 0 -0.78186682132891827
    outer loop
      vertex -0.10814540833234787 -0.85143893957138062 -0.16823962330818176
      vertex -0.13994072377681732 -0.85143893957138062 -0.14288665354251862
      vertex -0.13994072377681732 -0.63857918977737427 -0.14288665354251862
    endloop
  endfacet
  facet normal -0.62344548575237391 -0 -0.78186682132891827
    outer loop
      vertex -0.10814540833234787 -0.85143893957138062 -0.16823962330818176
      vertex -0.13994072377681732 -0.63857918977737427 -0.14288665354251862
      vertex -0.10814540833234787 -0.63857918977737427 -0.16823962330818176
    endloop
  endfacet
  facet normal -0.62344548575237391 0 -0.78186682132891827
    outer loop
      vertex -0.10814540833234787 -1.0642986297607422 -0.16823962330818176
      vertex -0.13994072377681732 -1.0642986297607422 -0.14288665354251862
      vertex -0.13994072377681732 -0.85143893957138062 -0.14288665354251862
    endloop
  endfacet
  facet normal -0.62344548575237391 -0 -0.78186682132891827
    outer loop
      vertex -0.10814540833234787 -1.0642986297607422 -0.16823962330818176
      vertex -0.13994072377681732 -0.85143893957138062 -0.14288665354251862
      vertex -0.10814540833234787 -0.85143893957138062 -0.16823962330818176
    endloop
  endfacet
  facet normal -0.40904503879530801 -0 -0.91251419508791465
    outer loop
      vertex -0.090728364884853363 -0.21285973489284515 -0.17823682725429535
      vertex -0.072689898312091827 -0.21285973489284515 -0.18632277846336365
      vertex -0.072689898312091827 -0.42571946978569031 -0.18632277846336365
    endloop
  endfacet
  facet normal -0.49781249466611954 0 -0.8672846823012007
    outer loop
      vertex -0.10814540833234787 -0.42571946978569031 -0.16823962330818176
      vertex -0.10814540833234787 -0.21285973489284515 -0.16823962330818176
      vertex -0.090728364884853363 -0.21285973489284515 -0.17823682725429535
    endloop
  endfacet
  facet normal -0.45433799364437705 -0.0046624903272333871 -0.89081718029860102
    outer loop
      vertex -0.072689898312091827 -0.42571946978569031 -0.18632277846336365
      vertex -0.10814540833234787 -0.42571946978569031 -0.16823962330818176
      vertex -0.090728364884853363 -0.21285973489284515 -0.17823682725429535
    endloop
  endfacet
  facet normal -0.4543429321099291 0 -0.89082686311188009
    outer loop
      vertex -0.072689898312091827 -0.63857918977737427 -0.18632277846336365
      vertex -0.10814540833234787 -0.63857918977737427 -0.16823962330818176
      vertex -0.10814540833234787 -0.42571946978569031 -0.16823962330818176
    endloop
  endfacet
  facet normal -0.4543429321099291 -0 -0.89082686311188009
    outer loop
      vertex -0.072689898312091827 -0.63857918977737427 -0.18632277846336365
      vertex -0.10814540833234787 -0.42571946978569031 -0.16823962330818176
      vertex -0.072689898312091827 -0.42571946978569031 -0.18632277846336365
    endloop
  endfacet
  facet normal -0.45434293210992904 0 -0.89082686311187997
    outer loop
      vertex -0.072689898312091827 -0.85143893957138062 -0.18632277846336365
      vertex -0.10814540833234787 -0.85143893957138062 -0.16823962330818176
      vertex -0.10814540833234787 -0.63857918977737427 -0.16823962330818176
    endloop
  endfacet
  facet normal -0.45434293210992904 -0 -0.89082686311187997
    outer loop
      vertex -0.072689898312091827 -0.85143893957138062 -0.18632277846336365
      vertex -0.10814540833234787 -0.63857918977737427 -0.16823962330818176
      vertex -0.072689898312091827 -0.63857918977737427 -0.18632277846336365
    endloop
  endfacet
  facet normal -0.45434293210992904 0 -0.89082686311188009
    outer loop
      vertex -0.072689898312091827 -1.0642986297607422 -0.18632277846336365
      vertex -0.10814540833234787 -1.0642986297607422 -0.16823962330818176
      vertex -0.10814540833234787 -0.85143893957138062 -0.16823962330818176
    endloop
  endfacet
  facet normal -0.45434293210992904 -0 -0.89082686311188009
    outer loop
      vertex -0.072689898312091827 -1.0642986297607422 -0.18632277846336365
      vertex -0.10814540833234787 -0.85143893957138062 -0.16823962330818176
      vertex -0.072689898312091827 -0.85143893957138062 -0.18632277846336365
    endloop
  endfacet
  facet normal -0.27278674348714294 0 -0.96207452548005834
    outer loop
      vertex -0.035925660282373428 -0.42571946978569031 -0.19674691557884216
      vertex -0.072689898312091827 -0.42571946978569031 -0.18632277846336365
      vertex -0.072689898312091827 -0.21285973489284515 -0.18632277846336365
    endloop
  endfacet
  facet normal -0.27278674348714288 0 -0.96207452548005834
    outer loop
      vertex -0.035925660282373428 -0.63857918977737427 -0.19674691557884216
      vertex -0.072689898312091827 -0.63857918977737427 -0.18632277846336365
      vertex -0.072689898312091827 -0.42571946978569031 -0.18632277846336365
    endloop
  endfacet
  facet normal -0.27278674348714288 0 -0.96207452548005834
    outer loop
      vertex -0.035925660282373428 -0.63857918977737427 -0.19674691557884216
      vertex -0.072689898312091827 -0.42571946978569031 -0.18632277846336365
      vertex -0.035925660282373428 -0.42571946978569031 -0.19674691557884216
    endloop
  endfacet
  facet normal -0.27278674348714288 0 -0.96207452548005834
    outer loop
      vertex -0.035925660282373428 -0.85143893957138062 -0.19674691557884216
      vertex -0.072689898312091827 -0.85143893957138062 -0.18632277846336365
      vertex -0.072689898312091827 -0.63857918977737427 -0.18632277846336365
    endloop
  endfacet
  facet normal -0.27278674348714288 0 -0.96207452548005834
    outer loop
      vertex -0.035925660282373428 -0.85143893957138062 -0.19674691557884216
      vertex -0.072689898312091827 -0.63857918977737427 -0.18632277846336365
      vertex -0.035925660282373428 -0.63857918977737427 -0.19674691557884216
    endloop
  endfacet
  facet normal -0.27278674348714294 0 -0.96207452548005845
    outer loop
      vertex -0.035925660282373428 -1.0642986297607422 -0.19674691557884216
      vertex -0.072689898312091827 -1.0642986297607422 -0.18632277846336365
      vertex -0.072689898312091827 -0.85143893957138062 -0.18632277846336365
    endloop
  endfacet
  facet normal -0.27278674348714294 -0 -0.96207452548005845
    outer loop
      vertex -0.035925660282373428 -1.0642986297607422 -0.19674691557884216
      vertex -0.072689898312091827 -0.85143893957138062 -0.18632277846336365
      vertex -0.035925660282373428 -0.85143893957138062 -0.19674691557884216
    endloop
  endfacet
  facet normal -0.09018156258164807 0 -0.99592534146407385
    outer loop
      vertex 0 -0.85143893957138062 -0.20000000298023224
      vertex -0.035925660282373428 -0.85143893957138062 -0.19674691557884216
      vertex -0.035925660282373428 -0.63857918977737427 -0.19674691557884216
    endloop
  endfacet
  facet normal -0.09018156258164807 0 -0.99592534146407385
    outer loop
      vertex 0 -0.85143893957138062 -0.20000000298023224
      vertex -0.035925660282373428 -0.63857918977737427 -0.19674691557884216
      vertex 0 -0.63857918977737427 -0.20000000298023224
    endloop
  endfacet
  facet normal -0.09018156258164807 0 -0.99592534146407385
    outer loop
      vertex 0 -1.0642986297607422 -0.20000000298023224
      vertex -0.035925660282373428 -1.0642986297607422 -0.19674691557884216
      vertex -0.035925660282373428 -0.85143893957138062 -0.19674691557884216
    endloop
  endfacet
  facet normal -0.09018156258164807 0 -0.99592534146407385
    outer loop
      vertex 0 -1.0642986297607422 -0.20000000298023224
      vertex -0.035925660282373428 -0.85143893957138062 -0.19674691557884216
      vertex 0 -0.85143893957138062 -0.20000000298023224
    endloop
  endfacet
  facet normal 0.11420392929805921 0.055175379385089332 -0.99192395880057016
    outer loop
      vertex 0.038210097700357437 -0.21285973489284515 -0.19631604850292206
      vertex -1.8369702788777518e-17 -0.20000000298023224 -0.20000000298023224
      vertex 0.048561934381723404 -0.19407956302165985 -0.19407956302165985
    endloop
  endfacet
  facet normal 0.2865999485606992 -0.04400554196282469 -0.95703917462221078
    outer loop
      vertex 0.075982086360454559 -0.21285973489284515 -0.18500465154647827
      vertex 0.038210097700357437 -0.21285973489284515 -0.19631604850292206
      vertex 0.048561934381723404 -0.19407956302165985 -0.19407956302165985
    endloop
  endfacet
  facet normal 0.095968109774403981 7.8101622279481104e-18 -0.99538440911354853
    outer loop
      vertex 0 -0.42571946978569031 -0.20000000298023224
      vertex -1.8369702788777518e-17 -0.20000000298023224 -0.20000000298023224
      vertex 0.038210097700357437 -0.21285973489284515 -0.19631604850292206
    endloop
  endfacet
  facet normal 0.095968109774404037 0 -0.99538440911354853
    outer loop
      vertex 0 -0.42571946978569031 -0.20000000298023224
      vertex 0.038210097700357437 -0.21285973489284515 -0.19631604850292206
      vertex 0.038210097700357437 -0.42571946978569031 -0.19631604850292206
    endloop
  endfacet
  facet normal 0.59016020771178523 0.069615855075419841 -0.80427890806342828
    outer loop
      vertex 0.15435595810413361 -0.12717798352241516 -0.12717798352241516
      vertex 0.11159056425094604 -0.21285973489284515 -0.16597452759742737
      vertex 0.090911164879798889 -0.17814365029335022 -0.17814365029335022
    endloop
  endfacet
  facet normal 0.42582124992412412 -0.0043007423381175372 -0.90479708594159258
    outer loop
      vertex 0.090911164879798889 -0.17814365029335022 -0.17814365029335022
      vertex 0.094133734703063965 -0.21285973489284515 -0.17646200954914093
      vertex 0.075982086360454559 -0.21285973489284515 -0.18500465154647827
    endloop
  endfacet
  facet normal 0.33862945037560427 0.040164156759587996 -0.94006219786251755
    outer loop
      vertex 0.048561934381723404 -0.19407956302165985 -0.19407956302165985
      vertex 0.090911164879798889 -0.17814365029335022 -0.17814365029335022
      vertex 0.075982086360454559 -0.21285973489284515 -0.18500465154647827
    endloop
  endfacet
  facet normal 0.86009086700699944 0.026198475674305111 -0.50946770296407473
    outer loop
      vertex 0.16823962330818176 -0.21285973489284515 -0.10814540833234787
      vertex 0.15435595810413361 -0.12717798352241516 -0.12717798352241516
      vertex 0.18890319764614105 -0.065693072974681854 -0.065693072974681854
    endloop
  endfacet
  facet normal 0.28687785088268503 0 -0.95796716993482189
    outer loop
      vertex 0.038210097700357437 -0.42571946978569031 -0.19631604850292206
      vertex 0.038210097700357437 -0.21285973489284515 -0.19631604850292206
      vertex 0.075982086360454559 -0.21285973489284515 -0.18500465154647827
    endloop
  endfacet
  facet normal 0.51496876682801029 0.0062807779962940728 -0.8571859314170992
    outer loop
      vertex 0.090911164879798889 -0.17814365029335022 -0.17814365029335022
      vertex 0.11159056425094604 -0.21285973489284515 -0.16597452759742737
      vertex 0.094133734703063965 -0.21285973489284515 -0.17646200954914093
    endloop
  endfacet
  facet normal 0.63924629958374413 0.028896833918665328 -0.76845893934417031
    outer loop
      vertex 0.15435595810413361 -0.12717798352241516 -0.12717798352241516
      vertex 0.14288665354251862 -0.21285973489284515 -0.13994072377681732
      vertex 0.11159056425094604 -0.21285973489284515 -0.16597452759742737
    endloop
  endfacet
  facet normal 0.89081092832571673 0.0059812165069401896 -0.45433480498919687
    outer loop
      vertex 0.18890319764614105 -0.065693072974681854 -0.065693072974681854
      vertex 0.18632277846336365 -0.21285973489284515 -0.072689898312091827
      vertex 0.16823962330818176 -0.21285973489284515 -0.10814540833234787
    endloop
  endfacet
  facet normal 0.99592534146407385 2.5942097356454035e-18 -0.090181562581648111
    outer loop
      vertex 0.19674691557884216 -0.21285973489284515 -0.035925660282373428
      vertex 0.20000000298023224 0 -6.123233849335533e-18
      vertex 0.20000000298023224 -0.21285973489284515 -1.2246467698671066e-17
    endloop
  endfacet
  facet normal 0.96206720989483641 -0.0038997283132080908 -0.27278466922510131
    outer loop
      vertex 0.19674691557884216 -0.21285973489284515 -0.035925660282373428
      vertex 0.18632277846336365 -0.21285973489284515 -0.072689898312091827
      vertex 0.18890319764614105 -0.065693072974681854 -0.065693072974681854
    endloop
  endfacet
  facet normal 0.78181244174570896 -0.011793942104756944 -0.62340212452416466
    outer loop
      vertex 0.16823962330818176 -0.21285973489284515 -0.10814540833234787
      vertex 0.14288665354251862 -0.21285973489284515 -0.13994072377681732
      vertex 0.15435595810413361 -0.12717798352241516 -0.12717798352241516
    endloop
  endfacet
  facet normal 0.98322389338741034 0.015645406731111651 -0.18173056077699237
    outer loop
      vertex 0.20000000298023224 0 -6.123233849335533e-18
      vertex 0.19674691557884216 -0.21285973489284515 -0.035925660282373428
      vertex 0.18890319764614105 -0.065693072974681854 -0.065693072974681854
    endloop
  endfacet
  facet normal 0.98323332134734276 0.015596963509113717 0.18168371011614784
    outer loop
      vertex 0.19631604850292206 -0.21285973489284515 0.038210097700357437
      vertex 0.20000000298023224 0 -6.123233849335533e-18
      vertex 0.18890319764614105 -0.065693072974681854 0.065693072974681854
    endloop
  endfacet
  facet normal 0.95795361167371607 -0.0053203492840450889 0.28687379065501772
    outer loop
      vertex 0.18890319764614105 -0.065693072974681854 0.065693072974681854
      vertex 0.18500465154647827 -0.21285973489284515 0.075982086360454559
      vertex 0.19631604850292206 -0.21285973489284515 0.038210097700357437
    endloop
  endfacet
  facet normal 0.99538440911354853 -2.7606685619673339e-18 0.095968109774403995
    outer loop
      vertex 0.20000000298023224 -0.21285973489284515 -1.2246467698671066e-17
      vertex 0.20000000298023224 0 -6.123233849335533e-18
      vertex 0.19631604850292206 -0.21285973489284515 0.038210097700357437
    endloop
  endfacet
  facet normal 0.86096709491543355 0.024317486639635962 0.50807905026325395
    outer loop
      vertex 0.15435595810413361 -0.12717798352241516 0.12717798352241516
      vertex 0.16597452759742737 -0.21285973489284515 0.11159056425094604
      vertex 0.18890319764614105 -0.065693072974681854 0.065693072974681854
    endloop
  endfacet
  facet normal 0.33707809245676756 0.044642332730648285 0.94041768470933851
    outer loop
      vertex 0.048561934381723404 -0.19407956302165985 0.19407956302165985
      vertex 0.072689898312091827 -0.21285973489284515 0.18632277846336365
      vertex 0.090911164879798889 -0.17814365029335022 0.17814365029335022
    endloop
  endfacet
  facet normal 0.59260581699569026 0.065146366609175124 0.80285384509292435
    outer loop
      vertex 0.090911164879798889 -0.17814365029335022 0.17814365029335022
      vertex 0.10814540833234787 -0.21285973489284515 0.16823962330818176
      vertex 0.15435595810413361 -0.12717798352241516 0.12717798352241516
    endloop
  endfacet
  facet normal 0.1341392783678749 0.050309288742382587 0.98968461110860029
    outer loop
      vertex 0.048561934381723404 -0.19407956302165985 0.19407956302165985
      vertex 0.017741695046424866 -0.21285973489284515 0.19921152293682098
      vertex 0.035925660282373428 -0.21285973489284515 0.19674691557884216
    endloop
  endfacet
  facet normal 0.88191164443100334 0.0095892351216948467 0.47131719466489264
    outer loop
      vertex 0.18890319764614105 -0.065693072974681854 0.065693072974681854
      vertex 0.16597452759742737 -0.21285973489284515 0.11159056425094604
      vertex 0.18500465154647827 -0.21285973489284515 0.075982086360454559
    endloop
  endfacet
  facet normal 0.76872376538269638 -0.012093163859492715 0.63946659640962999
    outer loop
      vertex 0.15435595810413361 -0.12717798352241516 0.12717798352241516
      vertex 0.13994072377681732 -0.21285973489284515 0.14288665354251862
      vertex 0.16597452759742737 -0.21285973489284515 0.11159056425094604
    endloop
  endfacet
  facet normal 0.49781247322477795 -0.00029349997894024366 0.86728464494627833
    outer loop
      vertex 0.090911164879798889 -0.17814365029335022 0.17814365029335022
      vertex 0.090728364884853363 -0.21285973489284515 0.17823682725429535
      vertex 0.10814540833234787 -0.21285973489284515 0.16823962330818176
    endloop
  endfacet
  facet normal 0.27278674348714294 0 0.96207452548005834
    outer loop
      vertex 0.035925660282373428 -0.42571946978569031 0.19674691557884216
      vertex 0.072689898312091827 -0.21285973489284515 0.18632277846336365
      vertex 0.035925660282373428 -0.21285973489284515 0.19674691557884216
    endloop
  endfacet
  facet normal 0.27248720759833261 -0.046849886878914726 0.96101811106487267
    outer loop
      vertex 0.048561934381723404 -0.19407956302165985 0.19407956302165985
      vertex 0.035925660282373428 -0.21285973489284515 0.19674691557884216
      vertex 0.072689898312091827 -0.21285973489284515 0.18632277846336365
    endloop
  endfacet
  facet normal 0.40904502095979184 0.00029530599906553895 0.91251415529972479
    outer loop
      vertex 0.072689898312091827 -0.21285973489284515 0.18632277846336365
      vertex 0.090728364884853363 -0.21285973489284515 0.17823682725429535
      vertex 0.090911164879798889 -0.17814365029335022 0.17814365029335022
    endloop
  endfacet
  facet normal 0.62298500155559289 0.038427569094927248 0.78128932526320394
    outer loop
      vertex 0.10814540833234787 -0.21285973489284515 0.16823962330818176
      vertex 0.13994072377681732 -0.21285973489284515 0.14288665354251862
      vertex 0.15435595810413361 -0.12717798352241516 0.12717798352241516
    endloop
  endfacet
  facet normal 0.1096349956091083 0.090565154353981811 0.98983742127413543
    outer loop
      vertex 0.017741695046424866 -0.21285973489284515 0.19921152293682098
      vertex 0.048561934381723404 -0.19407956302165985 0.19407956302165985
      vertex -6.123233849335533e-18 -0.20000000298023224 0.20000000298023224
    endloop
  endfacet
  facet normal 0.28687767603472647 0.0011040702440802306 -0.95796658606749463
    outer loop
      vertex 0.073618941009044647 -1.2771583795547485 -0.1859576553106308
      vertex 0.038210097700357437 -1.0642986297607422 -0.19631604850292206
      vertex 0.075982086360454559 -1.0642986297607422 -0.18500465154647827
    endloop
  endfacet
  facet normal 0.63951307508994615 0.00094528197828185187 -0.76877963892846601
    outer loop
      vertex 0.1414213627576828 -1.2771583795547485 -0.1414213627576828
      vertex 0.11159056425094604 -1.0642986297607422 -0.16597452759742737
      vertex 0.14288665354251862 -1.0642986297607422 -0.13994072377681732
    endloop
  endfacet
  facet normal 0.47133847716294947 -0.0012841237632495069 -0.88195146746965192
    outer loop
      vertex 0.073618941009044647 -1.2771583795547485 -0.1859576553106308
      vertex 0.075982086360454559 -1.0642986297607422 -0.18500465154647827
      vertex 0.11159056425094604 -1.0642986297607422 -0.16597452759742737
    endloop
  endfacet
  facet normal 0.095968109774404037 0 -0.99538440911354853
    outer loop
      vertex 0 -1.2771583795547485 -0.20000000298023224
      vertex 0 -1.0642986297607422 -0.20000000298023224
      vertex 0.038210097700357437 -1.0642986297607422 -0.19631604850292206
    endloop
  endfacet
  facet normal 0.18733974072141457 -0.016630940139660037 -0.98215438367728336
    outer loop
      vertex 0.073618941009044647 -1.2771583795547485 -0.1859576553106308
      vertex 0 -1.2771583795547485 -0.20000000298023224
      vertex 0.038210097700357437 -1.0642986297607422 -0.19631604850292206
    endloop
  endfacet
  facet normal 0.54890522571980549 -0.019467111002945913 -0.83565787542910674
    outer loop
      vertex 0.1414213627576828 -1.2771583795547485 -0.1414213627576828
      vertex 0.073618941009044647 -1.2771583795547485 -0.1859576553106308
      vertex 0.11159056425094604 -1.0642986297607422 -0.16597452759742737
    endloop
  endfacet
  facet normal 0.89082677091677487 0.00045495900592505288 -0.45434288508822801
    outer loop
      vertex 0.1859576553106308 -1.2771583795547485 -0.073618941009044647
      vertex 0.16823962330818176 -1.0642986297607422 -0.10814540833234787
      vertex 0.18632277846336365 -1.0642986297607422 -0.072689898312091827
    endloop
  endfacet
  facet normal 0.9822898686660142 -0.0008671726185662845 -0.18736558362664651
    outer loop
      vertex 0.20000000298023224 -1.2771583795547485 -1.2246467698671066e-17
      vertex 0.1859576553106308 -1.2771583795547485 -0.073618941009044647
      vertex 0.18632277846336365 -1.0642986297607422 -0.072689898312091827
    endloop
  endfacet
  facet normal 0.96160249859971414 -0.031321368508076056 -0.27265290492046507
    outer loop
      vertex 0.20000000298023224 -1.2771583795547485 -1.2246467698671066e-17
      vertex 0.18632277846336365 -1.0642986297607422 -0.072689898312091827
      vertex 0.19674691557884216 -1.0642986297607422 -0.035925660282373428
    endloop
  endfacet
  facet normal 0.83581470009193715 -0.0019347414544340674 -0.54900823662831288
    outer loop
      vertex 0.1859576553106308 -1.2771583795547485 -0.073618941009044647
      vertex 0.1414213627576828 -1.2771583795547485 -0.1414213627576828
      vertex 0.14288665354251862 -1.0642986297607422 -0.13994072377681732
    endloop
  endfacet
  facet normal 0.78135943836213129 -0.036020196573287325 -0.62304090838502468
    outer loop
      vertex 0.1859576553106308 -1.2771583795547485 -0.073618941009044647
      vertex 0.14288665354251862 -1.0642986297607422 -0.13994072377681732
      vertex 0.16823962330818176 -1.0642986297607422 -0.10814540833234787
    endloop
  endfacet
  facet normal 0.99538440911354853 -0 0.095968109774403995
    outer loop
      vertex 0.20000000298023224 -1.2771583795547485 -1.2246467698671066e-17
      vertex 0.20000000298023224 -1.0642986297607422 -1.2246467698671066e-17
      vertex 0.19631604850292206 -1.0642986297607422 0.038210097700357437
    endloop
  endfacet
  facet normal 0.95796658606749463 0.0011040702440802306 0.28687767603472647
    outer loop
      vertex 0.1859576553106308 -1.2771583795547485 0.073618941009044647
      vertex 0.19631604850292206 -1.0642986297607422 0.038210097700357437
      vertex 0.18500465154647827 -1.0642986297607422 0.075982086360454559
    endloop
  endfacet
  facet normal 0.044398380520212173 1.0570269594438385e-16 0.9990139057126195
    outer loop
      vertex -6.123233849335533e-18 -0.20000000298023224 0.20000000298023224
      vertex 2.4492935397342132e-17 -0.21285973489284515 0.20000000298023224
      vertex 0.017741695046424866 -0.21285973489284515 0.19921152293682098
    endloop
  endfacet
  facet normal 0.88195146746965192 -0.0012841237632495069 0.47133847716294947
    outer loop
      vertex 0.1859576553106308 -1.2771583795547485 0.073618941009044647
      vertex 0.18500465154647827 -1.0642986297607422 0.075982086360454559
      vertex 0.16597452759742737 -1.0642986297607422 0.11159056425094604
    endloop
  endfacet
  facet normal 0.98215438367728336 -0.016630940139660044 0.18733974072141454
    outer loop
      vertex 0.20000000298023224 -1.2771583795547485 -1.2246467698671066e-17
      vertex 0.19631604850292206 -1.0642986297607422 0.038210097700357437
      vertex 0.1859576553106308 -1.2771583795547485 0.073618941009044647
    endloop
  endfacet
  facet normal 0.76877963892846601 0.00094528197828185187 0.63951307508994615
    outer loop
      vertex 0.1414213627576828 -1.2771583795547485 0.1414213627576828
      vertex 0.16597452759742737 -1.0642986297607422 0.11159056425094604
      vertex 0.13994072377681732 -1.0642986297607422 0.14288665354251862
    endloop
  endfacet
  facet normal 0.83565787542910674 -0.019467111002945913 0.54890522571980549
    outer loop
      vertex 0.1414213627576828 -1.2771583795547485 0.1414213627576828
      vertex 0.1859576553106308 -1.2771583795547485 0.073618941009044647
      vertex 0.16597452759742737 -1.0642986297607422 0.11159056425094604
    endloop
  endfacet
  facet normal 0.62344514495749648 -0.0010455919363203503 0.78186639393596469
    outer loop
      vertex 0.1414213627576828 -1.2771583795547485 0.1414213627576828
      vertex 0.13994072377681732 -1.0642986297607422 0.14288665354251862
      vertex 0.10814540833234787 -1.0642986297607422 0.16823962330818176
    endloop
  endfacet
  facet normal 0.45434288508822801 0.00045495900592505288 0.89082677091677487
    outer loop
      vertex 0.073618941009044647 -1.2771583795547485 0.1859576553106308
      vertex 0.10814540833234787 -1.0642986297607422 0.16823962330818176
      vertex 0.072689898312091827 -1.0642986297607422 0.18632277846336365
    endloop
  endfacet
  facet normal 0.18736558362664654 -0.00086717261856628439 0.9822898686660142
    outer loop
      vertex 2.4492935397342132e-17 -1.2771583795547485 0.20000000298023224
      vertex 0.073618941009044647 -1.2771583795547485 0.1859576553106308
      vertex 0.072689898312091827 -1.0642986297607422 0.18632277846336365
    endloop
  endfacet
  facet normal 0.27265290492046507 -0.031321368508076035 0.96160249859971414
    outer loop
      vertex 2.4492935397342132e-17 -1.2771583795547485 0.20000000298023224
      vertex 0.072689898312091827 -1.0642986297607422 0.18632277846336365
      vertex 0.035925660282373428 -1.0642986297607422 0.19674691557884216
    endloop
  endfacet
  facet normal 0.54890513629497928 -0.019475474757884383 0.83565773928800846
    outer loop
      vertex 0.1414213627576828 -1.2771583795547485 0.1414213627576828
      vertex 0.10814540833234787 -1.0642986297607422 0.16823962330818176
      vertex 0.073618941009044647 -1.2771583795547485 0.1859576553106308
    endloop
  endfacet
  facet normal 0.99592534146407385 0 -0.090181562581648098
    outer loop
      vertex 0.19674691557884216 -1.0642986297607422 -0.035925660282373428
      vertex 0.20000000298023224 -1.0642986297607422 -1.2246467698671066e-17
      vertex 0.20000000298023224 -1.2771583795547485 -1.2246467698671066e-17
    endloop
  endfacet
  facet normal -0.047210256321197144 -1.1161507838274941e-16 0.99888497420778477
    outer loop
      vertex 2.4492935397342132e-17 -0.21285973489284515 0.20000000298023224
      vertex -6.123233849335533e-18 -0.20000000298023224 0.20000000298023224
      vertex -0.018863009288907051 -0.21285973489284515 0.19910848140716553
    endloop
  endfacet
  facet normal -0.14274398909760694 0.039094061506040535 0.98898726378627555
    outer loop
      vertex -0.038210097700357437 -0.21285973489284515 0.19631604850292206
      vertex -0.018863009288907051 -0.21285973489284515 0.19910848140716553
      vertex -0.048561934381723404 -0.19407956302165985 0.19407956302165985
    endloop
  endfacet
  facet normal -0.2865999485606992 -0.04400554196282469 0.95703917462221078
    outer loop
      vertex -0.075982086360454559 -0.21285973489284515 0.18500465154647827
      vertex -0.038210097700357437 -0.21285973489284515 0.19631604850292206
      vertex -0.048561934381723404 -0.19407956302165985 0.19407956302165985
    endloop
  endfacet
  facet normal -0.59016020771178523 0.069615855075419841 0.80427890806342828
    outer loop
      vertex -0.15435595810413361 -0.12717798352241516 0.12717798352241516
      vertex -0.11159056425094604 -0.21285973489284515 0.16597452759742737
      vertex -0.090911164879798889 -0.17814365029335022 0.17814365029335022
    endloop
  endfacet
  facet normal -0.42582124992412412 -0.0043007423381175372 0.90479708594159258
    outer loop
      vertex -0.090911164879798889 -0.17814365029335022 0.17814365029335022
      vertex -0.094133734703063965 -0.21285973489284515 0.17646200954914093
      vertex -0.075982086360454559 -0.21285973489284515 0.18500465154647827
    endloop
  endfacet
  facet normal -0.33862945037560427 0.040164156759587996 0.94006219786251755
    outer loop
      vertex -0.048561934381723404 -0.19407956302165985 0.19407956302165985
      vertex -0.090911164879798889 -0.17814365029335022 0.17814365029335022
      vertex -0.075982086360454559 -0.21285973489284515 0.18500465154647827
    endloop
  endfacet
  facet normal -0.86009086700699944 0.026198475674305111 0.50946770296407473
    outer loop
      vertex -0.16823962330818176 -0.21285973489284515 0.10814540833234787
      vertex -0.15435595810413361 -0.12717798352241516 0.12717798352241516
      vertex -0.18890319764614105 -0.065693072974681854 0.065693072974681854
    endloop
  endfacet
  facet normal -0.10945480659832012 0.091936641645908465 0.98973092264281404
    outer loop
      vertex -0.048561934381723404 -0.19407956302165985 0.19407956302165985
      vertex -0.018863009288907051 -0.21285973489284515 0.19910848140716553
      vertex -6.123233849335533e-18 -0.20000000298023224 0.20000000298023224
    endloop
  endfacet
  facet normal -0.28687785088268503 -0 0.95796716993482189
    outer loop
      vertex -0.038210097700357437 -0.42571946978569031 0.19631604850292206
      vertex -0.038210097700357437 -0.21285973489284515 0.19631604850292206
      vertex -0.075982086360454559 -0.21285973489284515 0.18500465154647827
    endloop
  endfacet
  facet normal -0.51496876682801029 0.0062807779962940728 0.8571859314170992
    outer loop
      vertex -0.090911164879798889 -0.17814365029335022 0.17814365029335022
      vertex -0.11159056425094604 -0.21285973489284515 0.16597452759742737
      vertex -0.094133734703063965 -0.21285973489284515 0.17646200954914093
    endloop
  endfacet
  facet normal -0.78181244174570896 -0.011793942104756932 0.62340212452416466
    outer loop
      vertex -0.15435595810413361 -0.12717798352241516 0.12717798352241516
      vertex -0.16823962330818176 -0.21285973489284515 0.10814540833234787
      vertex -0.14288665354251862 -0.21285973489284515 0.13994072377681732
    endloop
  endfacet
  facet normal -0.96206720989483641 -0.0038997283132080908 0.27278466922510131
    outer loop
      vertex -0.18890319764614105 -0.065693072974681854 0.065693072974681854
      vertex -0.19674691557884216 -0.21285973489284515 0.035925660282373428
      vertex -0.18632277846336365 -0.21285973489284515 0.072689898312091827
    endloop
  endfacet
  facet normal -0.89081092832571673 0.0059812165069401896 0.45433480498919687
    outer loop
      vertex -0.18632277846336365 -0.21285973489284515 0.072689898312091827
      vertex -0.16823962330818176 -0.21285973489284515 0.10814540833234787
      vertex -0.18890319764614105 -0.065693072974681854 0.065693072974681854
    endloop
  endfacet
  facet normal -0.63924629958374413 0.028896833918665328 0.76845893934417031
    outer loop
      vertex -0.14288665354251862 -0.21285973489284515 0.13994072377681732
      vertex -0.11159056425094604 -0.21285973489284515 0.16597452759742737
      vertex -0.15435595810413361 -0.12717798352241516 0.12717798352241516
    endloop
  endfacet
  facet normal -0.98322389338741045 0.015645406731111644 0.18173056077699243
    outer loop
      vertex -0.19674691557884216 -0.21285973489284515 0.035925660282373428
      vertex -0.18890319764614105 -0.065693072974681854 0.065693072974681854
      vertex -0.20000000298023224 1.2246467698671066e-17 1.8369702788777518e-17
    endloop
  endfacet
  facet normal -0.99538440911354842 -8.2820062453053038e-18 -0.095968109774403926
    outer loop
      vertex -0.19631604850292206 -0.21285973489284515 -0.038210097700357437
      vertex -0.20000000298023224 -0.21285973489284515 3.6739405577555036e-17
      vertex -0.20000000298023224 1.2246467698671066e-17 1.8369702788777518e-17
    endloop
  endfacet
  facet normal -0.98323332134734265 0.015596963509113725 -0.18168371011614778
    outer loop
      vertex -0.20000000298023224 1.2246467698671066e-17 1.8369702788777518e-17
      vertex -0.18890319764614105 -0.065693072974681854 -0.065693072974681854
      vertex -0.19631604850292206 -0.21285973489284515 -0.038210097700357437
    endloop
  endfacet
  facet normal -0.99592534146407385 3.4553101403158934e-18 0.090181562581648153
    outer loop
      vertex -0.19674691557884216 -0.21285973489284515 0.035925660282373428
      vertex -0.20000000298023224 1.2246467698671066e-17 1.8369702788777518e-17
      vertex -0.20000000298023224 -0.21285973489284515 3.6739405577555036e-17
    endloop
  endfacet
  facet normal -0.86096709491543355 0.024317486639635962 -0.50807905026325395
    outer loop
      vertex -0.15435595810413361 -0.12717798352241516 -0.12717798352241516
      vertex -0.16597452759742737 -0.21285973489284515 -0.11159056425094604
      vertex -0.18890319764614105 -0.065693072974681854 -0.065693072974681854
    endloop
  endfacet
  facet normal -0.33707809245676756 0.044642332730648285 -0.94041768470933851
    outer loop
      vertex -0.048561934381723404 -0.19407956302165985 -0.19407956302165985
      vertex -0.072689898312091827 -0.21285973489284515 -0.18632277846336365
      vertex -0.090911164879798889 -0.17814365029335022 -0.17814365029335022
    endloop
  endfacet
  facet normal -0.59260581699569026 0.065146366609175124 -0.80285384509292435
    outer loop
      vertex -0.090911164879798889 -0.17814365029335022 -0.17814365029335022
      vertex -0.10814540833234787 -0.21285973489284515 -0.16823962330818176
      vertex -0.15435595810413361 -0.12717798352241516 -0.12717798352241516
    endloop
  endfacet
  facet normal -0.12043374688078824 0.0048613052354490342 -0.99270946420574724
    outer loop
      vertex -1.8369702788777518e-17 -0.20000000298023224 -0.20000000298023224
      vertex -0.035925660282373428 -0.42571946978569031 -0.19674691557884216
      vertex -0.048561934381723404 -0.19407956302165985 -0.19407956302165985
    endloop
  endfacet
  facet normal -0.95795361167371607 -0.0053203492840450889 -0.28687379065501772
    outer loop
      vertex -0.18890319764614105 -0.065693072974681854 -0.065693072974681854
      vertex -0.18500465154647827 -0.21285973489284515 -0.075982086360454559
      vertex -0.19631604850292206 -0.21285973489284515 -0.038210097700357437
    endloop
  endfacet
  facet normal -0.76872376538269638 -0.012093163859492715 -0.63946659640962999
    outer loop
      vertex -0.15435595810413361 -0.12717798352241516 -0.12717798352241516
      vertex -0.13994072377681732 -0.21285973489284515 -0.14288665354251862
      vertex -0.16597452759742737 -0.21285973489284515 -0.11159056425094604
    endloop
  endfacet
  facet normal -0.88191164443100334 0.0095892351216948467 -0.47131719466489264
    outer loop
      vertex -0.16597452759742737 -0.21285973489284515 -0.11159056425094604
      vertex -0.18500465154647827 -0.21285973489284515 -0.075982086360454559
      vertex -0.18890319764614105 -0.065693072974681854 -0.065693072974681854
    endloop
  endfacet
  facet normal -0.49781247322477795 -0.00029349997894024366 -0.86728464494627833
    outer loop
      vertex -0.090911164879798889 -0.17814365029335022 -0.17814365029335022
      vertex -0.090728364884853363 -0.21285973489284515 -0.17823682725429535
      vertex -0.10814540833234787 -0.21285973489284515 -0.16823962330818176
    endloop
  endfacet
  facet normal -0.30216604212127501 -0.0055069413313237076 -0.95323940150726949
    outer loop
      vertex -0.048561934381723404 -0.19407956302165985 -0.19407956302165985
      vertex -0.035925660282373428 -0.42571946978569031 -0.19674691557884216
      vertex -0.072689898312091827 -0.21285973489284515 -0.18632277846336365
    endloop
  endfacet
  facet normal -0.40904502095979184 0.00029530599906553895 -0.91251415529972479
    outer loop
      vertex -0.072689898312091827 -0.21285973489284515 -0.18632277846336365
      vertex -0.090728364884853363 -0.21285973489284515 -0.17823682725429535
      vertex -0.090911164879798889 -0.17814365029335022 -0.17814365029335022
    endloop
  endfacet
  facet normal -0.62298500155559289 0.038427569094927248 -0.78128932526320394
    outer loop
      vertex -0.10814540833234787 -0.21285973489284515 -0.16823962330818176
      vertex -0.13994072377681732 -0.21285973489284515 -0.14288665354251862
      vertex -0.15435595810413361 -0.12717798352241516 -0.12717798352241516
    endloop
  endfacet
  facet normal -0.09018156258164807 -8.6382753507897332e-18 -0.99592534146407385
    outer loop
      vertex -0.035925660282373428 -0.42571946978569031 -0.19674691557884216
      vertex -1.8369702788777518e-17 -0.20000000298023224 -0.20000000298023224
      vertex 0 -0.42571946978569031 -0.20000000298023224
    endloop
  endfacet
  facet normal -0.095968109774403967 0 0.99538440911354853
    outer loop
      vertex 2.4492935397342132e-17 -1.2771583795547485 0.20000000298023224
      vertex 2.4492935397342132e-17 -1.0642986297607422 0.20000000298023224
      vertex -0.038210097700357437 -1.0642986297607422 0.19631604850292206
    endloop
  endfacet
  facet normal -0.28687767603472647 0.0011040702440802306 0.95796658606749463
    outer loop
      vertex -0.073618941009044647 -1.2771583795547485 0.1859576553106308
      vertex -0.038210097700357437 -1.0642986297607422 0.19631604850292206
      vertex -0.075982086360454559 -1.0642986297607422 0.18500465154647827
    endloop
  endfacet
  facet normal -0.63951307508994615 0.00094528197828185187 0.76877963892846601
    outer loop
      vertex -0.1414213627576828 -1.2771583795547485 0.1414213627576828
      vertex -0.11159056425094604 -1.0642986297607422 0.16597452759742737
      vertex -0.14288665354251862 -1.0642986297607422 0.13994072377681732
    endloop
  endfacet
  facet normal -0.89082677091677487 0.00045495900592505288 0.45434288508822801
    outer loop
      vertex -0.1859576553106308 -1.2771583795547485 0.073618941009044647
      vertex -0.16823962330818176 -1.0642986297607422 0.10814540833234787
      vertex -0.18632277846336365 -1.0642986297607422 0.072689898312091827
    endloop
  endfacet
  facet normal -0.78186639393596469 -0.0010455919363203503 0.62344514495749648
    outer loop
      vertex -0.1414213627576828 -1.2771583795547485 0.1414213627576828
      vertex -0.14288665354251862 -1.0642986297607422 0.13994072377681732
      vertex -0.16823962330818176 -1.0642986297607422 0.10814540833234787
    endloop
  endfacet
  facet normal -0.47133847716294947 -0.0012841237632495069 0.88195146746965192
    outer loop
      vertex -0.073618941009044647 -1.2771583795547485 0.1859576553106308
      vertex -0.075982086360454559 -1.0642986297607422 0.18500465154647827
      vertex -0.11159056425094604 -1.0642986297607422 0.16597452759742737
    endloop
  endfacet
  facet normal -0.18733974072141452 -0.016630940139660055 0.98215438367728336
    outer loop
      vertex -0.073618941009044647 -1.2771583795547485 0.1859576553106308
      vertex 2.4492935397342132e-17 -1.2771583795547485 0.20000000298023224
      vertex -0.038210097700357437 -1.0642986297607422 0.19631604850292206
    endloop
  endfacet
  facet normal -0.54890522571980549 -0.019467111002945913 0.83565787542910674
    outer loop
      vertex -0.1414213627576828 -1.2771583795547485 0.1414213627576828
      vertex -0.073618941009044647 -1.2771583795547485 0.1859576553106308
      vertex -0.11159056425094604 -1.0642986297607422 0.16597452759742737
    endloop
  endfacet
  facet normal -0.99592534146407385 0 0.090181562581648153
    outer loop
      vertex -0.20000000298023224 -1.2771583795547485 3.6739405577555036e-17
      vertex -0.19674691557884216 -1.0642986297607422 0.035925660282373428
      vertex -0.20000000298023224 -1.0642986297607422 3.6739405577555036e-17
    endloop
  endfacet
  facet normal -0.98228986866601431 -0.00086717261856628428 0.1873655836266466
    outer loop
      vertex -0.20000000298023224 -1.2771583795547485 3.6739405577555036e-17
      vertex -0.1859576553106308 -1.2771583795547485 0.073618941009044647
      vertex -0.18632277846336365 -1.0642986297607422 0.072689898312091827
    endloop
  endfacet
  facet normal -0.96160249859971414 -0.031321368508076035 0.27265290492046507
    outer loop
      vertex -0.20000000298023224 -1.2771583795547485 3.6739405577555036e-17
      vertex -0.18632277846336365 -1.0642986297607422 0.072689898312091827
      vertex -0.19674691557884216 -1.0642986297607422 0.035925660282373428
    endloop
  endfacet
  facet normal -0.99538440911354853 0 -0.095968109774403954
    outer loop
      vertex -0.20000000298023224 -1.2771583795547485 3.6739405577555036e-17
      vertex -0.20000000298023224 -1.0642986297607422 3.6739405577555036e-17
      vertex -0.19631604850292206 -1.0642986297607422 -0.038210097700357437
    endloop
  endfacet
  facet normal -0.83565773928800846 -0.019475474757884397 0.54890513629497928
    outer loop
      vertex -0.16823962330818176 -1.0642986297607422 0.10814540833234787
      vertex -0.1859576553106308 -1.2771583795547485 0.073618941009044647
      vertex -0.1414213627576828 -1.2771583795547485 0.1414213627576828
    endloop
  endfacet
  facet normal 0.090181562581648139 0 0.99592534146407385
    outer loop
      vertex 0.035925660282373428 -1.0642986297607422 0.19674691557884216
      vertex 2.4492935397342132e-17 -1.0642986297607422 0.20000000298023224
      vertex 2.4492935397342132e-17 -1.2771583795547485 0.20000000298023224
    endloop
  endfacet
  facet normal -0.95796658606749463 0.0011040702440802306 -0.28687767603472647
    outer loop
      vertex -0.1859576553106308 -1.2771583795547485 -0.073618941009044647
      vertex -0.19631604850292206 -1.0642986297607422 -0.038210097700357437
      vertex -0.18500465154647827 -1.0642986297607422 -0.075982086360454559
    endloop
  endfacet
  facet normal -0.88195146746965192 -0.0012841237632495069 -0.47133847716294947
    outer loop
      vertex -0.1859576553106308 -1.2771583795547485 -0.073618941009044647
      vertex -0.18500465154647827 -1.0642986297607422 -0.075982086360454559
      vertex -0.16597452759742737 -1.0642986297607422 -0.11159056425094604
    endloop
  endfacet
  facet normal -0.09018156258164807 -0 -0.99592534146407385
    outer loop
      vertex 0 -0.42571946978569031 -0.20000000298023224
      vertex 0 -0.63857918977737427 -0.20000000298023224
      vertex -0.035925660282373428 -0.63857918977737427 -0.19674691557884216
    endloop
  endfacet
  facet normal -0.09018156258164807 0 -0.99592534146407385
    outer loop
      vertex 0 -0.42571946978569031 -0.20000000298023224
      vertex -0.035925660282373428 -0.63857918977737427 -0.19674691557884216
      vertex -0.035925660282373428 -0.42571946978569031 -0.19674691557884216
    endloop
  endfacet
  facet normal -0.76877963892846601 0.00094528197828185187 -0.63951307508994615
    outer loop
      vertex -0.1414213627576828 -1.2771583795547485 -0.1414213627576828
      vertex -0.16597452759742737 -1.0642986297607422 -0.11159056425094604
      vertex -0.13994072377681732 -1.0642986297607422 -0.14288665354251862
    endloop
  endfacet
  facet normal -0.83565787542910674 -0.019467111002945913 -0.54890522571980549
    outer loop
      vertex -0.1859576553106308 -1.2771583795547485 -0.073618941009044647
      vertex -0.16597452759742737 -1.0642986297607422 -0.11159056425094604
      vertex -0.1414213627576828 -1.2771583795547485 -0.1414213627576828
    endloop
  endfacet
  facet normal -0.62344514495749648 -0.0010455919363203505 -0.78186639393596469
    outer loop
      vertex -0.10814540833234787 -1.0642986297607422 -0.16823962330818176
      vertex -0.1414213627576828 -1.2771583795547485 -0.1414213627576828
      vertex -0.13994072377681732 -1.0642986297607422 -0.14288665354251862
    endloop
  endfacet
  facet normal -0.54890513629497928 -0.019475474757884383 -0.83565773928800846
    outer loop
      vertex -0.10814540833234787 -1.0642986297607422 -0.16823962330818176
      vertex -0.073618941009044647 -1.2771583795547485 -0.1859576553106308
      vertex -0.1414213627576828 -1.2771583795547485 -0.1414213627576828
    endloop
  endfacet
  facet normal -0.45434288508822801 0.00045495900592505288 -0.89082677091677487
    outer loop
      vertex -0.073618941009044647 -1.2771583795547485 -0.1859576553106308
      vertex -0.10814540833234787 -1.0642986297607422 -0.16823962330818176
      vertex -0.072689898312091827 -1.0642986297607422 -0.18632277846336365
    endloop
  endfacet
  facet normal -0.18736558362664649 -0.00086717261856628471 -0.9822898686660142
    outer loop
      vertex 0 -1.2771583795547485 -0.20000000298023224
      vertex -0.073618941009044647 -1.2771583795547485 -0.1859576553106308
      vertex -0.072689898312091827 -1.0642986297607422 -0.18632277846336365
    endloop
  endfacet
  facet normal -0.27265290492046507 -0.031321368508076076 -0.96160249859971403
    outer loop
      vertex 0 -1.2771583795547485 -0.20000000298023224
      vertex -0.072689898312091827 -1.0642986297607422 -0.18632277846336365
      vertex -0.035925660282373428 -1.0642986297607422 -0.19674691557884216
    endloop
  endfacet
  facet normal -0.09018156258164807 -0 -0.99592534146407385
    outer loop
      vertex -0.035925660282373428 -1.0642986297607422 -0.19674691557884216
      vertex 0 -1.0642986297607422 -0.20000000298023224
      vertex 0 -1.2771583795547485 -0.20000000298023224
    endloop
  endfacet
  facet normal -0.98215438367728325 -0.016630940139660051 -0.18733974072141446
    outer loop
      vertex -0.20000000298023224 -1.2771583795547485 3.6739405577555036e-17
      vertex -0.19631604850292206 -1.0642986297607422 -0.038210097700357437
      vertex -0.1859576553106308 -1.2771583795547485 -0.073618941009044647
    endloop
  endfacet
  facet normal 0.99538440911354853 0.095968109774404037 -0
    outer loop
      vertex 0.19631604850292206 0.038210097700357437 -0.1111111119389534
      vertex 0.19631604850292206 0.038210097700357437 0.1111111119389534
      vertex 0.20000000298023224 0 -6.123233849335533e-18
    endloop
  endfacet
  facet normal 0.99538440911354842 0.095968109774404023 0
    outer loop
      vertex 0.19631604850292206 0.038210097700357437 -0.1111111119389534
      vertex 0.20000000298023224 0 -6.123233849335533e-18
      vertex 0.20000000298023224 0 -0.1111111119389534
    endloop
  endfacet
  facet normal 0.99538440911354853 0.095968109774404037 0
    outer loop
      vertex 0.19631604850292206 0.038210097700357437 0.1111111119389534
      vertex 0.20000000298023224 0 0.1111111119389534
      vertex 0.20000000298023224 0 -6.123233849335533e-18
    endloop
  endfacet
endsolid OBJECT
