solid OBJECT
  facet normal 0.72035262459085136 -0.037601075323455239 0.69258808492464807
    outer loop
      vertex 0.015566431917250156 -0.0073202555067837238 0.0020348064135760069
      vertex 0.016411503776907921 -0.0073202555067837238 0.0011558572296053171
      vertex 0.016760651022195816 -0.00017739857139531523 0.001180503866635263
    endloop
  endfacet
  facet normal 0.72032924520599884 -0.037594213732649769 0.69261277319637971
    outer loop
      vertex 0.015566431917250156 -0.0073202555067837238 0.0020348064135760069
      vertex 0.016760651022195816 -0.00017739857139531523 0.001180503866635263
      vertex 0.015897521749138832 -0.00017739857139531523 0.002078173216432333
    endloop
  endfacet
  facet normal 0.72070721753338673 -0.037617226901091545 0.69221821041890796
    outer loop
      vertex 0.011924454942345619 -0.085891686379909515 0.0015577719314023852
      vertex 0.012570878490805626 -0.085891686379909515 0.00088474410586059093
      vertex 0.012920026667416096 -0.078748829662799835 0.00090939074289053679
    endloop
  endfacet
  facet normal 0.72066624743813423 -0.03760759717006102 0.69226138736645748
    outer loop
      vertex 0.011924454942345619 -0.085891686379909515 0.0015577719314023852
      vertex 0.012920026667416096 -0.078748829662799835 0.00090939074289053679
      vertex 0.01225554384291172 -0.078748829662799835 0.0016011386178433895
    endloop
  endfacet
  facet normal 0.42402629122240953 -0.02515102601211747 0.90530057452909329
    outer loop
      vertex 0.01272966992110014 -0.021605970337986946 0.002966608852148056
      vertex 0.014904255047440529 -0.021605970337986946 0.0019480728078633547
      vertex 0.015566431917250156 -0.0073202555067837238 0.0020348064135760069
    endloop
  endfacet
  facet normal 0.42399343722054661 -0.025143484753243212 0.90531617149389854
    outer loop
      vertex 0.01272966992110014 -0.021605970337986946 0.002966608852148056
      vertex 0.015566431917250156 -0.0073202555067837238 0.0020348064135760069
      vertex 0.013294885866343975 -0.0073202555067837238 0.0030986564233899117
    endloop
  endfacet
  facet normal 0.4240625509332196 -0.025152622797753228 0.9052835458917855
    outer loop
      vertex 0.012164454907178879 -0.035891685634851456 0.0028345612809062004
      vertex 0.014242077246308327 -0.035891685634851456 0.0018613393185660243
      vertex 0.014904255047440529 -0.021605970337986946 0.0019480728078633547
    endloop
  endfacet
  facet normal 0.42402635961725132 -0.025144616050509258 0.90530072055279709
    outer loop
      vertex 0.012164454907178879 -0.035891685634851456 0.0028345612809062004
      vertex 0.014904255047440529 -0.021605970337986946 0.0019480728078633547
      vertex 0.01272966992110014 -0.021605970337986946 0.002966608852148056
    endloop
  endfacet
  facet normal 0.42410223873703951 -0.025154359909495057 0.90526490558055706
    outer loop
      vertex 0.011599238961935043 -0.050177399069070816 0.0027025137096643448
      vertex 0.013579899445176125 -0.050177399069070816 0.0017746057128533721
      vertex 0.014242077246308327 -0.035891685634851456 0.0018613393185660243
    endloop
  endfacet
  facet normal 0.42406262241622578 -0.025145924373781159 0.90528369849283252
    outer loop
      vertex 0.011599238961935043 -0.050177399069070816 0.0027025137096643448
      vertex 0.014242077246308327 -0.035891685634851456 0.0018613393185660243
      vertex 0.012164454907178879 -0.035891685634851456 0.0028345612809062004
    endloop
  endfacet
  facet normal 0.42414596391416542 -0.025156248046315083 0.90524436727303415
    outer loop
      vertex 0.011034023016691208 -0.064463116228580475 0.0025704661384224892
      vertex 0.012917721644043922 -0.064463116228580475 0.0016878722235560417
      vertex 0.013579899445176125 -0.050177399069070816 0.0017746057128533721
    endloop
  endfacet
  facet normal 0.42410231391876541 -0.025147315989367324 0.90526506605926194
    outer loop
      vertex 0.011034023016691208 -0.064463116228580475 0.0025704661384224892
      vertex 0.013579899445176125 -0.050177399069070816 0.0017746057128533721
      vertex 0.011599238961935043 -0.050177399069070816 0.0027025137096643448
    endloop
  endfacet
  facet normal 0.42419466056849231 -0.025158380296029664 0.90522148993827023
    outer loop
      vertex 0.010468808002769947 -0.078748829662799835 0.0024384185671806335
      vertex 0.01225554384291172 -0.078748829662799835 0.0016011386178433895
      vertex 0.012917721644043922 -0.064463116228580475 0.0016878722235560417
    endloop
  endfacet
  facet normal 0.42414604304622083 -0.025148835279355245 0.90524453616264655
    outer loop
      vertex 0.010468808002769947 -0.078748829662799835 0.0024384185671806335
      vertex 0.012917721644043922 -0.064463116228580475 0.0016878722235560417
      vertex 0.011034023016691208 -0.064463116228580475 0.0025704661384224892
    endloop
  endfacet
  facet normal 0.24839258415097049 -0.018995588855051319 0.96847317554119838
    outer loop
      vertex 0.010983212850987911 -0.0073202555067837238 0.0037672563921660185
      vertex 0.012149210087954998 -0.0073202555067837238 0.0034682031255215406
      vertex 0.012407376430928707 -0.00017739857139531523 0.003542088670656085
    endloop
  endfacet
  facet normal 0.24837532888442646 -0.018992006729905898 0.96847767123559647
    outer loop
      vertex 0.010983212850987911 -0.0073202555067837238 0.0037672563921660185
      vertex 0.012407376430928707 -0.00017739857139531523 0.003542088670656085
      vertex 0.011216501705348492 -0.00017739857139531523 0.0038474998436868191
    endloop
  endfacet
  facet normal 0.30691582035589549 -0.020938207546498992 0.95150631667898422
    outer loop
      vertex 0.012149210087954998 -0.0073202555067837238 0.0034682031255215406
      vertex 0.013294885866343975 -0.0073202555067837238 0.0030986564233899117
      vertex 0.013577492907643318 -0.00017739857139531523 0.0031646802090108395
    endloop
  endfacet
  facet normal 0.30689980092301594 -0.020934781539482947 0.95151155910756413
    outer loop
      vertex 0.012149210087954998 -0.0073202555067837238 0.0034682031255215406
      vertex 0.013577492907643318 -0.00017739857139531523 0.0031646802090108395
      vertex 0.012407376430928707 -0.00017739857139531523 0.003542088670656085
    endloop
  endfacet
  facet normal 0.2483925986387219 -0.018992519211363457 0.96847323202838642
    outer loop
      vertex 0.012149210087954998 -0.0073202555067837238 0.0034682031255215406
      vertex 0.010983212850987911 -0.0073202555067837238 0.0037672563921660185
      vertex 0.010516636073589325 -0.021605970337986946 0.0036067692562937737
    endloop
  endfacet
  facet normal 0.30691582010777974 -0.020938246139166658 0.95150631590977097
    outer loop
      vertex 0.01272966992110014 -0.021605970337986946 0.002966608852148056
      vertex 0.013294885866343975 -0.0073202555067837238 0.0030986564233899117
      vertex 0.012149210087954998 -0.0073202555067837238 0.0034682031255215406
    endloop
  endfacet
  facet normal 0.27780605177656609 -0.022432441441282164 0.9603752304007529
    outer loop
      vertex 0.010516636073589325 -0.021605970337986946 0.0036067692562937737
      vertex 0.01272966992110014 -0.021605970337986946 0.002966608852148056
      vertex 0.012149210087954998 -0.0073202555067837238 0.0034682031255215406
    endloop
  endfacet
  facet normal 0.27786033320055309 -0.019870998302625953 0.96041594044462575
    outer loop
      vertex 0.010050059296190739 -0.035891685634851456 0.0034462823532521725
      vertex 0.012164454907178879 -0.035891685634851456 0.0028345612809062004
      vertex 0.01272966992110014 -0.021605970337986946 0.002966608852148056
    endloop
  endfacet
  facet normal 0.2778211528911278 -0.019863263192762309 0.96042743493799654
    outer loop
      vertex 0.010050059296190739 -0.035891685634851456 0.0034462823532521725
      vertex 0.01272966992110014 -0.021605970337986946 0.002966608852148056
      vertex 0.010516636073589325 -0.021605970337986946 0.0036067692562937737
    endloop
  endfacet
  facet normal 0.27790340049195045 -0.019872607481969687 0.9604034461968981
    outer loop
      vertex 0.0095834825187921524 -0.050177399069070816 0.0032857952173799276
      vertex 0.011599238961935043 -0.050177399069070816 0.0027025137096643448
      vertex 0.012164454907178879 -0.035891685634851456 0.0028345612809062004
    endloop
  endfacet
  facet normal 0.2778603694497857 -0.019864434540668972 0.96041606573901517
    outer loop
      vertex 0.0095834825187921524 -0.050177399069070816 0.0032857952173799276
      vertex 0.012164454907178879 -0.035891685634851456 0.0028345612809062004
      vertex 0.010050059296190739 -0.035891685634851456 0.0034462823532521725
    endloop
  endfacet
  facet normal 0.27795089777055138 -0.019874354149841927 0.96038966491506528
    outer loop
      vertex 0.0091169057413935661 -0.064463116228580475 0.0031253080815076828
      vertex 0.011034023016691208 -0.064463116228580475 0.0025704661384224892
      vertex 0.011599238961935043 -0.050177399069070816 0.0027025137096643448
    endloop
  endfacet
  facet normal 0.27790343867167783 -0.019865695730363599 0.96040357814181732
    outer loop
      vertex 0.0091169057413935661 -0.064463116228580475 0.0031253080815076828
      vertex 0.011599238961935043 -0.050177399069070816 0.0027025137096643448
      vertex 0.0095834825187921524 -0.050177399069070816 0.0032857952173799276
    endloop
  endfacet
  facet normal 0.30712662783488276 -0.020945938468578642 0.95143812312543175
    outer loop
      vertex 0.0095675447955727577 -0.078748829662799835 0.0027293486054986715
      vertex 0.010468808002769947 -0.078748829662799835 0.0024384185671806335
      vertex 0.011034023016691208 -0.064463116228580475 0.0025704661384224892
    endloop
  endfacet
  facet normal 0.24861684215547802 -0.018999181269886506 0.96841556002973861
    outer loop
      vertex 0.0091169057413935661 -0.064463116228580475 0.0031253080815076828
      vertex 0.0086503289639949799 -0.078748829662799835 0.0029648211784660816
      vertex 0.0095675447955727577 -0.078748829662799835 0.0027293486054986715
    endloop
  endfacet
  facet normal 0.27796150467621628 -0.017852072408668863 0.96042631441920068
    outer loop
      vertex 0.011034023016691208 -0.064463116228580475 0.0025704661384224892
      vertex 0.0091169057413935661 -0.064463116228580475 0.0031253080815076828
      vertex 0.0095675447955727577 -0.078748829662799835 0.0027293486054986715
    endloop
  endfacet
  facet normal 0.30715442436658069 -0.020946975110458985 0.95142912706399529
    outer loop
      vertex 0.0093093784525990486 -0.085891686379909515 0.0026554632931947708
      vertex 0.010186200030148029 -0.085891686379909515 0.0023723947815597057
      vertex 0.010468808002769947 -0.078748829662799835 0.0024384185671806335
    endloop
  endfacet
  facet normal 0.3071266519480132 -0.020942191460876728 0.95143819782475603
    outer loop
      vertex 0.0093093784525990486 -0.085891686379909515 0.0026554632931947708
      vertex 0.010468808002769947 -0.078748829662799835 0.0024384185671806335
      vertex 0.0095675447955727577 -0.078748829662799835 0.0027293486054986715
    endloop
  endfacet
  facet normal 0.24864564318860036 -0.01900403080981742 0.96840807046219246
    outer loop
      vertex 0.0084170401096343994 -0.085891686379909515 0.0028845774941146374
      vertex 0.0093093784525990486 -0.085891686379909515 0.0026554632931947708
      vertex 0.0095675447955727577 -0.078748829662799835 0.0027293486054986715
    endloop
  endfacet
  facet normal 0.24861684192981304 -0.018999229027372069 0.96841555915072541
    outer loop
      vertex 0.0084170401096343994 -0.085891686379909515 0.0028845774941146374
      vertex 0.0095675447955727577 -0.078748829662799835 0.0027293486054986715
      vertex 0.0086503289639949799 -0.078748829662799835 0.0029648211784660816
    endloop
  endfacet
  facet normal 0.16922288487148923 -0.016700334032229588 0.98543630645464986
    outer loop
      vertex 0.0085650263354182243 -0.0073202555067837238 0.0042183240875601768
      vertex 0.0097773484885692596 -0.0073202555067837238 0.0040101394988596439
      vertex 0.0099849095568060875 -0.00017739857139531523 0.004095547366887331
    endloop
  endfacet
  facet normal 0.16921404451038832 -0.016698550099755356 0.98543785474529155
    outer loop
      vertex 0.0085650263354182243 -0.0073202555067837238 0.0042183240875601768
      vertex 0.0099849095568060875 -0.00017739857139531523 0.004095547366887331
      vertex 0.0087467217817902565 -0.00017739857139531523 0.0043081622570753098
    endloop
  endfacet
  facet normal 0.19742272386662177 -0.017459145816689895 0.98016296927012858
    outer loop
      vertex 0.0097773484885692596 -0.0073202555067837238 0.0040101394988596439
      vertex 0.010983212850987911 -0.0073202555067837238 0.0037672563921660185
      vertex 0.011216501705348492 -0.00017739857139531523 0.0038474998436868191
    endloop
  endfacet
  facet normal 0.19740924994564799 -0.017456368153040167 0.98016573254057515
    outer loop
      vertex 0.0097773484885692596 -0.0073202555067837238 0.0040101394988596439
      vertex 0.011216501705348492 -0.00017739857139531523 0.0038474998436868191
      vertex 0.0099849095568060875 -0.00017739857139531523 0.004095547366887331
    endloop
  endfacet
  facet normal 0.16922288933550209 -0.016698754819697421 0.98543633244995377
    outer loop
      vertex 0.0097773484885692596 -0.0073202555067837238 0.0040101394988596439
      vertex 0.0085650263354182243 -0.0073202555067837238 0.0042183240875601768
      vertex 0.00820163544267416 -0.021605970337986946 0.004038647748529911
    endloop
  endfacet
  facet normal 0.19742272385996743 -0.017459147746667104 0.98016296923709112
    outer loop
      vertex 0.010516636073589325 -0.021605970337986946 0.0036067692562937737
      vertex 0.010983212850987911 -0.0073202555067837238 0.0037672563921660185
      vertex 0.0097773484885692596 -0.0073202555067837238 0.0040101394988596439
    endloop
  endfacet
  facet normal 0.18336190400370897 -0.018263396569036229 0.98287581133421764
    outer loop
      vertex 0.00820163544267416 -0.021605970337986946 0.004038647748529911
      vertex 0.010516636073589325 -0.021605970337986946 0.0036067692562937737
      vertex 0.0097773484885692596 -0.0073202555067837238 0.0040101394988596439
    endloop
  endfacet
  facet normal 0.18339190017359097 -0.017031541173552264 0.98289233263667941
    outer loop
      vertex 0.0078382445499300957 -0.035891685634851456 0.0038589714094996452
      vertex 0.010050059296190739 -0.035891685634851456 0.0034462823532521725
      vertex 0.010516636073589325 -0.021605970337986946 0.0036067692562937737
    endloop
  endfacet
  facet normal 0.18336590691262417 -0.01702658063254198 0.98289726814864753
    outer loop
      vertex 0.0078382445499300957 -0.035891685634851456 0.0038589714094996452
      vertex 0.010516636073589325 -0.021605970337986946 0.0036067692562937737
      vertex 0.00820163544267416 -0.021605970337986946 0.004038647748529911
    endloop
  endfacet
  facet normal 0.18342063432583058 -0.017032437472670824 0.9828869553398546
    outer loop
      vertex 0.007474854588508606 -0.050177399069070816 0.0036792950704693794
      vertex 0.0095834825187921524 -0.050177399069070816 0.0032857952173799276
      vertex 0.010050059296190739 -0.035891685634851456 0.0034462823532521725
    endloop
  endfacet
  facet normal 0.18339191382490197 -0.017027171288637503 0.98289240580113701
    outer loop
      vertex 0.007474854588508606 -0.050177399069070816 0.0036792950704693794
      vertex 0.010050059296190739 -0.035891685634851456 0.0034462823532521725
      vertex 0.0078382445499300957 -0.035891685634851456 0.0038589714094996452
    endloop
  endfacet
  facet normal 0.18345224263047238 -0.017033398911921221 0.98288103959500495
    outer loop
      vertex 0.0071114636957645416 -0.064463116228580475 0.0034996187314391136
      vertex 0.0091169057413935661 -0.064463116228580475 0.0031253080815076828
      vertex 0.0095834825187921524 -0.050177399069070816 0.0032857952173799276
    endloop
  endfacet
  facet normal 0.18342064868428193 -0.017027842158547732 0.98288703228176788
    outer loop
      vertex 0.0071114636957645416 -0.064463116228580475 0.0034996187314391136
      vertex 0.0095834825187921524 -0.050177399069070816 0.0032857952173799276
      vertex 0.007474854588508606 -0.050177399069070816 0.0036792950704693794
    endloop
  endfacet
  facet normal 0.19759645650026422 -0.017464413305215552 0.98012786647786121
    outer loop
      vertex 0.0077017382718622684 -0.078748829662799835 0.0031560596544295549
      vertex 0.0086503289639949799 -0.078748829662799835 0.0029648211784660816
      vertex 0.0091169057413935661 -0.064463116228580475 0.0031253080815076828
    endloop
  endfacet
  facet normal 0.16933905091404386 -0.016701454223931034 0.98541633194418732
    outer loop
      vertex 0.0071114636957645416 -0.064463116228580475 0.0034996187314391136
      vertex 0.0067480732686817646 -0.078748829662799835 0.0033199423924088478
      vertex 0.0077017382718622684 -0.078748829662799835 0.0031560596544295549
    endloop
  endfacet
  facet normal 0.18345520532959961 -0.01605759583973863 0.98289691283131109
    outer loop
      vertex 0.0091169057413935661 -0.064463116228580475 0.0031253080815076828
      vertex 0.0071114636957645416 -0.064463116228580475 0.0034996187314391136
      vertex 0.0077017382718622684 -0.078748829662799835 0.0031560596544295549
    endloop
  endfacet
  facet normal 0.19761928957775241 -0.017465152009976219 0.9801232498273128
    outer loop
      vertex 0.0074941772036254406 -0.085891686379909515 0.0030706515535712242
      vertex 0.0084170401096343994 -0.085891686379909515 0.0028845774941146374
      vertex 0.0086503289639949799 -0.078748829662799835 0.0029648211784660816
    endloop
  endfacet
  facet normal 0.19759646694003352 -0.017461388740460257 0.98012791826172918
    outer loop
      vertex 0.0074941772036254406 -0.085891686379909515 0.0030706515535712242
      vertex 0.0086503289639949799 -0.078748829662799835 0.0029648211784660816
      vertex 0.0077017382718622684 -0.078748829662799835 0.0031560596544295549
    endloop
  endfacet
  facet normal 0.16935432642909654 -0.016703915439432587 0.98541366508118788
    outer loop
      vertex 0.0065663778223097324 -0.085891686379909515 0.0032301042228937149
      vertex 0.0074941772036254406 -0.085891686379909515 0.0030706515535712242
      vertex 0.0077017382718622684 -0.078748829662799835 0.0031560596544295549
    endloop
  endfacet
  facet normal 0.16933905089843262 -0.016701459742216498 0.98541633185334254
    outer loop
      vertex 0.0065663778223097324 -0.085891686379909515 0.0032301042228937149
      vertex 0.0077017382718622684 -0.078748829662799835 0.0031560596544295549
      vertex 0.0067480732686817646 -0.078748829662799835 0.0033199423924088478
    endloop
  endfacet
  facet normal 0.13702174748575552 -0.015942572285260043 0.99043973825007614
    outer loop
      vertex 0.0058687673881649971 -0.021605970337986946 0.004361386876553297
      vertex 0.00820163544267416 -0.021605970337986946 0.004038647748529911
      vertex 0.0085650263354182243 -0.0073202555067837238 0.0042183240875601768
    endloop
  endfacet
  facet normal 0.13699865438838982 -0.015938181038508369 0.99044300344893854
    outer loop
      vertex 0.0058687673881649971 -0.021605970337986946 0.004361386876553297
      vertex 0.0085650263354182243 -0.0073202555067837238 0.0042183240875601768
      vertex 0.0061281723901629448 -0.0073202555067837238 0.0045553911477327347
    endloop
  endfacet
  facet normal 0.13704723538875299 -0.015943175635154953 0.99043620209631178
    outer loop
      vertex 0.0056093628518283367 -0.035891685634851456 0.0041673830710351467
      vertex 0.0078382445499300957 -0.035891685634851456 0.0038589714094996452
      vertex 0.00820163544267416 -0.021605970337986946 0.004038647748529911
    endloop
  endfacet
  facet normal 0.13702175633947611 -0.015938519787942616 0.99043980224777628
    outer loop
      vertex 0.0056093628518283367 -0.035891685634851456 0.0041673830710351467
      vertex 0.00820163544267416 -0.021605970337986946 0.004038647748529911
      vertex 0.0058687673881649971 -0.021605970337986946 0.004361386876553297
    endloop
  endfacet
  facet normal 0.13707491622455753 -0.015943824594874301 0.99043236104204424
    outer loop
      vertex 0.005349957849830389 -0.050177399069070816 0.0039733787998557091
      vertex 0.007474854588508606 -0.050177399069070816 0.0036792950704693794
      vertex 0.0078382445499300957 -0.035891685634851456 0.0038589714094996452
    endloop
  endfacet
  facet normal 0.13704724457151415 -0.015938973451525347 0.99043626845984745
    outer loop
      vertex 0.005349957849830389 -0.050177399069070816 0.0039733787998557091
      vertex 0.0078382445499300957 -0.035891685634851456 0.0038589714094996452
      vertex 0.0056093628518283367 -0.035891685634851456 0.0041673830710351467
    endloop
  endfacet
  facet normal 0.13710573117211991 -0.015944559430026636 0.99042808396386905
    outer loop
      vertex 0.0050905528478324413 -0.064463116228580475 0.0037793749943375587
      vertex 0.0071114636957645416 -0.064463116228580475 0.0034996187314391136
      vertex 0.007474854588508606 -0.050177399069070816 0.0036792950704693794
    endloop
  endfacet
  facet normal 0.13707492592283649 -0.015939387546011544 0.99043243111678581
    outer loop
      vertex 0.0050905528478324413 -0.064463116228580475 0.0037793749943375587
      vertex 0.007474854588508606 -0.050177399069070816 0.0036792950704693794
      vertex 0.005349957849830389 -0.050177399069070816 0.0039733787998557091
    endloop
  endfacet
  facet normal 0.14830019007282505 -0.016208959402054069 0.98880954852765557
    outer loop
      vertex 0.005791069008409977 -0.078748829662799835 0.0034634724725037813
      vertex 0.0067480732686817646 -0.078748829662799835 0.0033199423924088478
      vertex 0.0071114636957645416 -0.064463116228580475 0.0034996187314391136
    endloop
  endfacet
  facet normal 0.12596075234587648 -0.015757655414127707 0.99191006909109969
    outer loop
      vertex 0.0050905528478324413 -0.064463116228580475 0.0037793749943375587
      vertex 0.0048311483114957809 -0.078748829662799835 0.0035853709559887648
      vertex 0.005791069008409977 -0.078748829662799835 0.0034634724725037813
    endloop
  endfacet
  facet normal 0.13710736590180439 -0.015178558310265131 0.99043989296831669
    outer loop
      vertex 0.0071114636957645416 -0.064463116228580475 0.0034996187314391136
      vertex 0.0050905528478324413 -0.064463116228580475 0.0037793749943375587
      vertex 0.005791069008409977 -0.078748829662799835 0.0034634724725037813
    endloop
  endfacet
  facet normal 0.14831668352097424 -0.016209352590989198 0.98880706827870113
    outer loop
      vertex 0.0056353211402893066 -0.085891686379909515 0.0033697586040943861
      vertex 0.0065663778223097324 -0.085891686379909515 0.0032301042228937149
      vertex 0.0067480732686817646 -0.078748829662799835 0.0033199423924088478
    endloop
  endfacet
  facet normal 0.14830019534529609 -0.016206766432369651 0.98880958368249727
    outer loop
      vertex 0.0056353211402893066 -0.085891686379909515 0.0033697586040943861
      vertex 0.0067480732686817646 -0.078748829662799835 0.0033199423924088478
      vertex 0.005791069008409977 -0.078748829662799835 0.0034634724725037813
    endloop
  endfacet
  facet normal 0.12598079884114646 -0.015760742768713247 0.99190747416819325
    outer loop
      vertex 0.0047014458104968071 -0.085891686379909515 0.0034883688203990459
      vertex 0.0056353211402893066 -0.085891686379909515 0.0033697586040943861
      vertex 0.005791069008409977 -0.078748829662799835 0.0034634724725037813
    endloop
  endfacet
  facet normal 0.12596075230563938 -0.015757675681242672 0.99191006877424237
    outer loop
      vertex 0.0047014458104968071 -0.085891686379909515 0.0034883688203990459
      vertex 0.005791069008409977 -0.078748829662799835 0.0034634724725037813
      vertex 0.0048311483114957809 -0.078748829662799835 0.0035853709559887648
    endloop
  endfacet
  facet normal 0.084011191183713599 -0.015126023908549091 0.99635000032950849
    outer loop
      vertex 0.0036789507139474154 -0.0073202555067837238 0.0047860979102551937
      vertex 0.0049046347849071026 -0.0073202555067837238 0.0046827495098114014
      vertex 0.00500823138281703 -0.00017739857139531523 0.004782453179359436
    endloop
  endfacet
  facet normal 0.083999908344052396 -0.015123923678319611 0.99635098350469009
    outer loop
      vertex 0.0036789507139474154 -0.0073202555067837238 0.0047860979102551937
      vertex 0.00500823138281703 -0.00017739857139531523 0.004782453179359436
      vertex 0.0037564050871878862 -0.00017739857139531523 0.0048879915848374367
    endloop
  endfacet
  facet normal 0.10351866122577547 -0.015385419027156014 0.99450850959626369
    outer loop
      vertex 0.0049046347849071026 -0.0073202555067837238 0.0046827495098114014
      vertex 0.0061281723901629448 -0.0073202555067837238 0.0045553911477327347
      vertex 0.0062578748911619186 -0.00017739857139531523 0.0046523930504918098
    endloop
  endfacet
  facet normal 0.10350638001929664 -0.015383086722237246 0.99450982395258281
    outer loop
      vertex 0.0049046347849071026 -0.0073202555067837238 0.0046827495098114014
      vertex 0.0062578748911619186 -0.00017739857139531523 0.0046523930504918098
      vertex 0.00500823138281703 -0.00017739857139531523 0.004782453179359436
    endloop
  endfacet
  facet normal 0.084011193755592878 -0.015124000338081499 0.99635003083130091
    outer loop
      vertex 0.0049046347849071026 -0.0073202555067837238 0.0046827495098114014
      vertex 0.0036789507139474154 -0.0073202555067837238 0.0047860979102551937
      vertex 0.0035240417346358299 -0.021605970337986946 0.0045823110267519951
    endloop
  endfacet
  facet normal 0.1035186611757925 -0.015385450402654613 0.99450850911607513
    outer loop
      vertex 0.0058687673881649971 -0.021605970337986946 0.004361386876553297
      vertex 0.0061281723901629448 -0.0073202555067837238 0.0045553911477327347
      vertex 0.0049046347849071026 -0.0073202555067837238 0.0046827495098114014
    endloop
  endfacet
  facet normal 0.093794171527670528 -0.016063198726581913 0.99546201687161739
    outer loop
      vertex 0.0035240417346358299 -0.021605970337986946 0.0045823110267519951
      vertex 0.0058687673881649971 -0.021605970337986946 0.004361386876553297
      vertex 0.0049046347849071026 -0.0073202555067837238 0.0046827495098114014
    endloop
  endfacet
  facet normal 0.093822815699095924 -0.015222445529692796 0.99547252920730511
    outer loop
      vertex 0.0033691329881548882 -0.035891685634851456 0.0043785236775875092
      vertex 0.0056093628518283367 -0.035891685634851456 0.0041673830710351467
      vertex 0.0058687673881649971 -0.021605970337986946 0.004361386876553297
    endloop
  endfacet
  facet normal 0.093795412246873336 -0.015217647441439273 0.99547518494826737
    outer loop
      vertex 0.0033691329881548882 -0.035891685634851456 0.0043785236775875092
      vertex 0.0058687673881649971 -0.021605970337986946 0.004361386876553297
      vertex 0.0035240417346358299 -0.021605970337986946 0.0045823110267519951
    endloop
  endfacet
  facet normal 0.093853132473418824 -0.015222994600192444 0.99546966300351392
    outer loop
      vertex 0.0032142240088433027 -0.050177399069070816 0.0041747363284230232
      vertex 0.005349957849830389 -0.050177399069070816 0.0039733787998557091
      vertex 0.0056093628518283367 -0.035891685634851456 0.0041673830710351467
    endloop
  endfacet
  facet normal 0.0938228221755147 -0.015217911273174498 0.99547259792296805
    outer loop
      vertex 0.0032142240088433027 -0.050177399069070816 0.0041747363284230232
      vertex 0.0056093628518283367 -0.035891685634851456 0.0041673830710351467
      vertex 0.0033691329881548882 -0.035891685634851456 0.0043785236775875092
    endloop
  endfacet
  facet normal 0.093886352791711217 -0.015223518757818483 0.99546652240851408
    outer loop
      vertex 0.003059315262362361 -0.064463116228580475 0.0039709489792585373
      vertex 0.0050905528478324413 -0.064463116228580475 0.0037793749943375587
      vertex 0.005349957849830389 -0.050177399069070816 0.0039733787998557091
    endloop
  endfacet
  facet normal 0.093853139333104782 -0.015218193694047503 0.99546973576197262
    outer loop
      vertex 0.003059315262362361 -0.064463116228580475 0.0039709489792585373
      vertex 0.005349957849830389 -0.050177399069070816 0.0039733787998557091
      vertex 0.0032142240088433027 -0.050177399069070816 0.0041747363284230232
    endloop
  endfacet
  facet normal 0.10367678142625449 -0.015388079282282283 0.99449199695577972
    outer loop
      vertex 0.0038686657790094614 -0.078748829662799835 0.0036857107188552618
      vertex 0.0048311483114957809 -0.078748829662799835 0.0035853709559887648
      vertex 0.0050905528478324413 -0.064463116228580475 0.0037793749943375587
    endloop
  endfacet
  facet normal 0.084160768196766059 -0.015125459597310232 0.99633738541143801
    outer loop
      vertex 0.003059315262362361 -0.064463116228580475 0.0039709489792585373
      vertex 0.0029044062830507755 -0.078748829662799835 0.003767161862924695
      vertex 0.0038686657790094614 -0.078748829662799835 0.0036857107188552618
    endloop
  endfacet
  facet normal 0.093887284494019965 -0.014557217298290327 0.99547640114413039
    outer loop
      vertex 0.0050905528478324413 -0.064463116228580475 0.0037793749943375587
      vertex 0.003059315262362361 -0.064463116228580475 0.0039709489792585373
      vertex 0.0038686657790094614 -0.078748829662799835 0.0036857107188552618
    endloop
  endfacet
  facet normal 0.10369780225393245 -0.015388450732161774 0.99448979954133665
    outer loop
      vertex 0.0037650689482688904 -0.085891686379909515 0.0035860070493072271
      vertex 0.0047014458104968071 -0.085891686379909515 0.0034883688203990459
      vertex 0.0048311483114957809 -0.078748829662799835 0.0035853709559887648
    endloop
  endfacet
  facet normal 0.10367678583890129 -0.015385313809229424 0.99449203928292251
    outer loop
      vertex 0.0037650689482688904 -0.085891686379909515 0.0035860070493072271
      vertex 0.0048311483114957809 -0.078748829662799835 0.0035853709559887648
      vertex 0.0038686657790094614 -0.078748829662799835 0.0036857107188552618
    endloop
  endfacet
  facet normal 0.084180012244270686 -0.015128276239864655 0.99633571691301159
    outer loop
      vertex 0.0028269519098103046 -0.085891686379909515 0.003665268188342452
      vertex 0.0037650689482688904 -0.085891686379909515 0.0035860070493072271
      vertex 0.0038686657790094614 -0.078748829662799835 0.0036857107188552618
    endloop
  endfacet
  facet normal 0.084160768177841058 -0.015125474460696718 0.99633738518739434
    outer loop
      vertex 0.0028269519098103046 -0.085891686379909515 0.003665268188342452
      vertex 0.0038686657790094614 -0.078748829662799835 0.0036857107188552618
      vertex 0.0029044062830507755 -0.078748829662799835 0.003767161862924695
    endloop
  endfacet
  facet normal 0.050763348911176467 -0.014851549813150683 0.99860027732595269
    outer loop
      vertex 0.0012230409774929285 -0.0073202555067837238 0.0049303513951599598
      vertex 0.0024515981785953045 -0.0073202555067837238 0.0048678983002901077
      vertex 0.0025028754025697708 -0.00017739857139531523 0.0049715228378772736
    endloop
  endfacet
  facet normal 0.050752189302793307 -0.014849553710577104 0.99860087424134059
    outer loop
      vertex 0.0012230409774929285 -0.0073202555067837238 0.0049303513951599598
      vertex 0.0025028754025697708 -0.00017739857139531523 0.0049715228378772736
      vertex 0.0012481086887419224 -0.00017739857139531523 0.0050352942198514938
    endloop
  endfacet
  facet normal 0.06649286943738679 -0.014952969243821824 0.99767485035194492
    outer loop
      vertex 0.0024515981785953045 -0.0073202555067837238 0.0048678983002901077
      vertex 0.0036789507139474154 -0.0073202555067837238 0.0047860979102551937
      vertex 0.0037564050871878862 -0.00017739857139531523 0.0048879915848374367
    endloop
  endfacet
  facet normal 0.06648194669646311 -0.014950976085972564 0.99767560814000322
    outer loop
      vertex 0.0024515981785953045 -0.0073202555067837238 0.0048678983002901077
      vertex 0.0037564050871878862 -0.00017739857139531523 0.0048879915848374367
      vertex 0.0025028754025697708 -0.00017739857139531523 0.0049715228378772736
    endloop
  endfacet
  facet normal 0.050763350418967422 -0.01484955016983734 0.99860030698673152
    outer loop
      vertex 0.0024515981785953045 -0.0073202555067837238 0.0048678983002901077
      vertex 0.0012230409774929285 -0.0073202555067837238 0.0049303513951599598
      vertex 0.0011729057878255844 -0.021605970337986946 0.004720466211438179
    endloop
  endfacet
  facet normal 0.066492869469642807 -0.014952936809002523 0.99767485083592189
    outer loop
      vertex 0.0035240417346358299 -0.021605970337986946 0.0045823110267519951
      vertex 0.0036789507139474154 -0.0073202555067837238 0.0047860979102551937
      vertex 0.0024515981785953045 -0.0073202555067837238 0.0048678983002901077
    endloop
  endfacet
  facet normal 0.058652757922055328 -0.015551147080584219 0.99815731015337206
    outer loop
      vertex 0.0011729057878255844 -0.021605970337986946 0.004720466211438179
      vertex 0.0035240417346358299 -0.021605970337986946 0.0045823110267519951
      vertex 0.0024515981785953045 -0.0073202555067837238 0.0048678983002901077
    endloop
  endfacet
  facet normal 0.05867917861356263 -0.014875246268541373 0.99816605885277832
    outer loop
      vertex 0.0011227705981582403 -0.035891685634851456 0.0045105805620551109
      vertex 0.0033691329881548882 -0.035891685634851456 0.0043785236775875092
      vertex 0.0035240417346358299 -0.021605970337986946 0.0045823110267519951
    endloop
  endfacet
  facet normal 0.058653364947448244 -0.014870915218013312 0.99816764055990104
    outer loop
      vertex 0.0011227705981582403 -0.035891685634851456 0.0045105805620551109
      vertex 0.0035240417346358299 -0.021605970337986946 0.0045823110267519951
      vertex 0.0011729057878255844 -0.021605970337986946 0.004720466211438179
    endloop
  endfacet
  facet normal 0.058707744469939233 -0.014875534899339547 0.99816437484049236
    outer loop
      vertex 0.0010726354084908962 -0.050177399069070816 0.0043006953783333302
      vertex 0.0032142240088433027 -0.050177399069070816 0.0041747363284230232
      vertex 0.0033691329881548882 -0.035891685634851456 0.0043785236775875092
    endloop
  endfacet
  facet normal 0.058679182361370825 -0.014870952923930999 0.99816612260511806
    outer loop
      vertex 0.0010726354084908962 -0.050177399069070816 0.0043006953783333302
      vertex 0.0033691329881548882 -0.035891685634851456 0.0043785236775875092
      vertex 0.0011227705981582403 -0.035891685634851456 0.0045105805620551109
    endloop
  endfacet
  facet normal 0.058739014918107131 -0.014875842839183017 0.99816253056617699
    outer loop
      vertex 0.0010225002188235521 -0.064463116228580475 0.0040908097289502621
      vertex 0.003059315262362361 -0.064463116228580475 0.0039709489792585373
      vertex 0.0032142240088433027 -0.050177399069070816 0.0041747363284230232
    endloop
  endfacet
  facet normal 0.05870774838069031 -0.014871057132659628 0.99816444133210169
    outer loop
      vertex 0.0010225002188235521 -0.064463116228580475 0.0040908097289502621
      vertex 0.0032142240088433027 -0.050177399069070816 0.0041747363284230232
      vertex 0.0010726354084908962 -0.050177399069070816 0.0043006953783333302
    endloop
  endfacet
  facet normal 0.05877368202159166 -0.014876178143154088 0.99816048490484621
    outer loop
      vertex 0.00097236497094854712 -0.078748829662799835 0.0038809243123978376
      vertex 0.0029044062830507755 -0.078748829662799835 0.003767161862924695
      vertex 0.003059315262362361 -0.064463116228580475 0.0039709489792585373
    endloop
  endfacet
  facet normal 0.058739019038435258 -0.014871127680686625 0.99816260058364581
    outer loop
      vertex 0.00097236497094854712 -0.078748829662799835 0.0038809243123978376
      vertex 0.003059315262362361 -0.064463116228580475 0.0039709489792585373
      vertex 0.0010225002188235521 -0.064463116228580475 0.0040908097289502621
    endloop
  endfacet
  facet normal 0.021599766170980035 -0.014816524723023907 0.99965690148995179
    outer loop
      vertex -0.0012360987020656466 -0.0073202555067837238 0.0050021358765661716
      vertex -6.2562348830397241e-06 -0.0073202555067837238 0.0049755624495446682
      vertex -7.416279458993813e-06 -0.00017739857139531523 0.0050814561545848846
    endloop
  endfacet
  facet normal 0.021585895480339748 -0.014814142467816479 0.99965723640618698
    outer loop
      vertex -0.0012360987020656466 -0.0073202555067837238 0.0050021358765661716
      vertex -7.416279458993813e-06 -0.00017739857139531523 0.0050814561545848846
      vertex -0.001263496233150363 -0.00017739857139531523 0.0051085790619254112
    endloop
  endfacet
  facet normal 0.036749090049499195 -0.01480942968245874 0.99921478430466293
    outer loop
      vertex -6.2562348830397241e-06 -0.0073202555067837238 0.0049755624495446682
      vertex 0.0012230409774929285 -0.0073202555067837238 0.0049303513951599598
      vertex 0.0012481086887419224 -0.00017739857139531523 0.0050352942198514938
    endloop
  endfacet
  facet normal 0.036738184143203623 -0.01480751807488383 0.99921521367237098
    outer loop
      vertex -6.2562348830397241e-06 -0.0073202555067837238 0.0049755624495446682
      vertex 0.0012481086887419224 -0.00017739857139531523 0.0050352942198514938
      vertex -7.416279458993813e-06 -0.00017739857139531523 0.0050814561545848846
    endloop
  endfacet
  facet normal 0.021599766952259902 -0.014814083813590735 0.99965693764829755
    outer loop
      vertex -6.2562348830397241e-06 -0.0073202555067837238 0.0049755624495446682
      vertex -0.0012360987020656466 -0.0073202555067837238 0.0050021358765661716
      vertex -0.001181303639896214 -0.021605970337986946 0.0047892495058476925
    endloop
  endfacet
  facet normal 0.036749090068093043 -0.014809395524680413 0.99921478481023318
    outer loop
      vertex 0.0011729057878255844 -0.021605970337986946 0.004720466211438179
      vertex 0.0012230409774929285 -0.0073202555067837238 0.0049303513951599598
      vertex -6.2562348830397241e-06 -0.0073202555067837238 0.0049755624495446682
    endloop
  endfacet
  facet normal 0.029201209547469405 -0.015436685540841027 0.99945435018337803
    outer loop
      vertex -0.001181303639896214 -0.021605970337986946 0.0047892495058476925
      vertex 0.0011729057878255844 -0.021605970337986946 0.004720466211438179
      vertex -6.2562348830397241e-06 -0.0073202555067837238 0.0049755624495446682
    endloop
  endfacet
  facet normal 0.029230374490391706 -0.014786692516081586 0.99946332545601002
    outer loop
      vertex -0.0011265084613114595 -0.035891685634851456 0.0045763631351292133
      vertex 0.0011227705981582403 -0.035891685634851456 0.0045105805620551109
      vertex 0.0011729057878255844 -0.021605970337986946 0.004720466211438179
    endloop
  endfacet
  facet normal 0.029201498446149519 -0.014782053863977445 0.99946423816565944
    outer loop
      vertex -0.0011265084613114595 -0.035891685634851456 0.0045763631351292133
      vertex 0.0011729057878255844 -0.021605970337986946 0.004720466211438179
      vertex -0.001181303639896214 -0.021605970337986946 0.0047892495058476925
    endloop
  endfacet
  facet normal 0.029262077041815753 -0.014786759480224163 0.99946239678702908
    outer loop
      vertex -0.0010717133991420269 -0.050177399069070816 0.0043634772300720215
      vertex 0.0010726354084908962 -0.050177399069070816 0.0043006953783333302
      vertex 0.0011227705981582403 -0.035891685634851456 0.0045105805620551109
    endloop
  endfacet
  facet normal 0.029230376561873102 -0.014781900138286541 0.99946339628540304
    outer loop
      vertex -0.0010717133991420269 -0.050177399069070816 0.0043634772300720215
      vertex 0.0011227705981582403 -0.035891685634851456 0.0045105805620551109
      vertex -0.0011265084613114595 -0.035891685634851456 0.0045763631351292133
    endloop
  endfacet
  facet normal 0.029297041723575053 -0.014786895831608089 0.99946137046806971
    outer loop
      vertex -0.0010169183369725943 -0.064463116228580475 0.0041505908593535423
      vertex 0.0010225002188235521 -0.064463116228580475 0.0040908097289502621
      vertex 0.0010726354084908962 -0.050177399069070816 0.0043006953783333302
    endloop
  endfacet
  facet normal 0.029262079190677869 -0.014781793461273328 0.99946247018260104
    outer loop
      vertex -0.0010169183369725943 -0.064463116228580475 0.0041505908593535423
      vertex 0.0010726354084908962 -0.050177399069070816 0.0043006953783333302
      vertex -0.0010717133991420269 -0.050177399069070816 0.0043634772300720215
    endloop
  endfacet
  facet normal 0.036891377088645753 -0.014809835631226426 0.99920953511517263
    outer loop
      vertex 5.344212240743218e-06 -0.078748829662799835 0.003916627261787653
      vertex 0.00097236497094854712 -0.078748829662799835 0.0038809243123978376
      vertex 0.0010225002188235521 -0.064463116228580475 0.0040908097289502621
    endloop
  endfacet
  facet normal 0.021778423970842321 -0.014813342217919242 0.99965307239145762
    outer loop
      vertex -0.0010169183369725943 -0.064463116228580475 0.0041505908593535423
      vertex -0.00096212315838783979 -0.078748829662799835 0.0039377044886350632
      vertex 5.344212240743218e-06 -0.078748829662799835 0.003916627261787653
    endloop
  endfacet
  facet normal 0.029297260825350471 -0.014272289238506678 0.99946884507123257
    outer loop
      vertex 0.0010225002188235521 -0.064463116228580475 0.0040908097289502621
      vertex -0.0010169183369725943 -0.064463116228580475 0.0041505908593535423
      vertex 5.344212240743218e-06 -0.078748829662799835 0.003916627261787653
    endloop
  endfacet
  facet normal 0.036909647747657003 -0.014809873394523167 0.99920885982520302
    outer loop
      vertex 6.5042568166973069e-06 -0.085891686379909515 0.0038107335567474365
      vertex 0.00094729737611487508 -0.085891686379909515 0.0037759817205369473
      vertex 0.00097236497094854712 -0.078748829662799835 0.0038809243123978376
    endloop
  endfacet
  facet normal 0.036891378414087163 -0.014807409994609545 0.99920957101498975
    outer loop
      vertex 6.5042568166973069e-06 -0.085891686379909515 0.0038107335567474365
      vertex 0.00097236497094854712 -0.078748829662799835 0.0038809243123978376
      vertex 5.344212240743218e-06 -0.078748829662799835 0.003916627261787653
    endloop
  endfacet
  facet normal 0.021802161642057272 -0.01481642718990606 0.99965250924161619
    outer loop
      vertex -0.00093472562730312347 -0.085891686379909515 0.0038312615361064672
      vertex 6.5042568166973069e-06 -0.085891686379909515 0.0038107335567474365
      vertex 5.344212240743218e-06 -0.078748829662799835 0.003916627261787653
    endloop
  endfacet
  facet normal 0.02177842398129734 -0.014813309817521032 0.99965307287135419
    outer loop
      vertex -0.00093472562730312347 -0.085891686379909515 0.0038312615361064672
      vertex 5.344212240743218e-06 -0.078748829662799835 0.003916627261787653
      vertex -0.00096212315838783979 -0.078748829662799835 0.0039377044886350632
    endloop
  endfacet
  facet normal -0.00099326317790588673 -0.014904192619033491 0.9998884330117207
    outer loop
      vertex -0.0035865488462150097 -0.021605970337986946 0.0047868601977825165
      vertex -0.001181303639896214 -0.021605970337986946 0.0047892495058476925
      vertex -0.0012360987020656466 -0.0073202555067837238 0.0050021358765661716
    endloop
  endfacet
  facet normal -0.0010177954696927185 -0.014900156818805766 0.99988846848993973
    outer loop
      vertex -0.0035865488462150097 -0.021605970337986946 0.0047868601977825165
      vertex -0.0012360987020656466 -0.0073202555067837238 0.0050021358765661716
      vertex -0.0037485156208276749 -0.0073202555067837238 0.0049995784647762775
    endloop
  endfacet
  facet normal -0.0009662400479107595 -0.014904088907334322 0.99988846103653584
    outer loop
      vertex -0.0034245823044329882 -0.035891685634851456 0.0045741423964500427
      vertex -0.0011265084613114595 -0.035891685634851456 0.0045763631351292133
      vertex -0.001181303639896214 -0.021605970337986946 0.0047892495058476925
    endloop
  endfacet
  facet normal -0.00099326324225688435 -0.014899846022206524 0.99988849779195177
    outer loop
      vertex -0.0034245823044329882 -0.035891685634851456 0.0045741423964500427
      vertex -0.001181303639896214 -0.021605970337986946 0.0047892495058476925
      vertex -0.0035865488462150097 -0.021605970337986946 0.0047868601977825165
    endloop
  endfacet
  facet normal -0.00093678582847352523 -0.014903945723360686 0.99988849119998713
    outer loop
      vertex -0.003262615529820323 -0.050177399069070816 0.004361424595117569
      vertex -0.0010717133991420269 -0.050177399069070816 0.0043634772300720215
      vertex -0.0011265084613114595 -0.035891685634851456 0.0045763631351292133
    endloop
  endfacet
  facet normal -0.00096624011339408573 -0.014899542063385354 0.99988852880025814
    outer loop
      vertex -0.003262615529820323 -0.050177399069070816 0.004361424595117569
      vertex -0.0011265084613114595 -0.035891685634851456 0.0045763631351292133
      vertex -0.0034245823044329882 -0.035891685634851456 0.0045741423964500427
    endloop
  endfacet
  facet normal -0.00090430178993801879 -0.014903850298846024 0.99988852252865768
    outer loop
      vertex -0.0031006487552076578 -0.064463116228580475 0.0041487063281238079
      vertex -0.0010169183369725943 -0.064463116228580475 0.0041505908593535423
      vertex -0.0010717133991420269 -0.050177399069070816 0.0043634772300720215
    endloop
  endfacet
  facet normal -0.00093678589421564487 -0.014899237313384045 0.99988856137054993
    outer loop
      vertex -0.0031006487552076578 -0.064463116228580475 0.0041487063281238079
      vertex -0.0010717133991420269 -0.050177399069070816 0.0043634772300720215
      vertex -0.003262615529820323 -0.050177399069070816 0.004361424595117569
    endloop
  endfacet
  facet normal -0.00086805937157803691 -0.014903715687571314 0.99988855665600607
    outer loop
      vertex -0.0029386822134256363 -0.078748829662799835 0.0039359885267913342
      vertex -0.00096212315838783979 -0.078748829662799835 0.0039377044886350632
      vertex -0.0010169183369725943 -0.064463116228580475 0.0041505908593535423
    endloop
  endfacet
  facet normal -0.00090430185745716228 -0.014898840831098929 0.99988859718472645
    outer loop
      vertex -0.0029386822134256363 -0.078748829662799835 0.0039359885267913342
      vertex -0.0010169183369725943 -0.064463116228580475 0.0041505908593535423
      vertex -0.0031006487552076578 -0.064463116228580475 0.0041487063281238079
    endloop
  endfacet
  facet normal -0.022575743095939956 -0.015162923917215902 0.99963014238364523
    outer loop
      vertex -0.0061560464091598988 -0.0073202555067837238 0.0049530691467225552
      vertex -0.0049524540081620216 -0.0073202555067837238 0.0049802511930465698
      vertex -0.0050591304898262024 -0.00017739857139531523 0.0050861886702477932
    endloop
  endfacet
  facet normal -0.022582575675222354 -0.01516187207120008 0.99963000400706747
    outer loop
      vertex -0.0061560464091598988 -0.0073202555067837238 0.0049530691467225552
      vertex -0.0050591304898262024 -0.00017739857139531523 0.0050861886702477932
      vertex -0.0062883924692869186 -0.00017739857139531523 0.0050584184937179089
    endloop
  endfacet
  facet normal -0.016049482180711651 -0.015068601625360762 0.99975764631573949
    outer loop
      vertex -0.0049524540081620216 -0.0073202555067837238 0.0049802511930465698
      vertex -0.0037485156208276749 -0.0073202555067837238 0.0049995784647762775
      vertex -0.0038294990081340075 -0.00017739857139531523 0.0051059373654425144
    endloop
  endfacet
  facet normal -0.016056767698949884 -0.015067454487819706 0.99975754662133931
    outer loop
      vertex -0.0049524540081620216 -0.0073202555067837238 0.0049802511930465698
      vertex -0.0038294990081340075 -0.00017739857139531523 0.0051059373654425144
      vertex -0.0050591304898262024 -0.00017739857139531523 0.0050861886702477932
    endloop
  endfacet
  facet normal -0.022575743487819322 -0.015161779343102717 0.99963015973565106
    outer loop
      vertex -0.0049524540081620216 -0.0073202555067837238 0.0049802511930465698
      vertex -0.0061560464091598988 -0.0073202555067837238 0.0049530691467225552
      vertex -0.005891354288905859 -0.021605970337986946 0.0047423699870705605
    endloop
  endfacet
  facet normal -0.01604948217307536 -0.01506863319352043 0.99975764584005811
    outer loop
      vertex -0.0035865488462150097 -0.021605970337986946 0.0047868601977825165
      vertex -0.0037485156208276749 -0.0073202555067837238 0.0049995784647762775
      vertex -0.0049524540081620216 -0.0073202555067837238 0.0049802511930465698
    endloop
  endfacet
  facet normal -0.01929736158960399 -0.015378332734737855 0.999695513002824
    outer loop
      vertex -0.005891354288905859 -0.021605970337986946 0.0047423699870705605
      vertex -0.0035865488462150097 -0.021605970337986946 0.0047868601977825165
      vertex -0.0049524540081620216 -0.0073202555067837238 0.0049802511930465698
    endloop
  endfacet
  facet normal -0.019281023345228174 -0.01510437967085923 0.99970000492823818
    outer loop
      vertex -0.0056266626343131065 -0.035891685634851456 0.0045316712930798531
      vertex -0.0034245823044329882 -0.035891685634851456 0.0045741423964500427
      vertex -0.0035865488462150097 -0.021605970337986946 0.0047868601977825165
    endloop
  endfacet
  facet normal -0.019297442868043888 -0.015102029807209072 0.99969972361427439
    outer loop
      vertex -0.0056266626343131065 -0.035891685634851456 0.0045316712930798531
      vertex -0.0035865488462150097 -0.021605970337986946 0.0047868601977825165
      vertex -0.005891354288905859 -0.021605970337986946 0.0047423699870705605
    endloop
  endfacet
  facet normal -0.019263221539721511 -0.01510418527719814 0.99970035104676414
    outer loop
      vertex -0.0053619705140590668 -0.050177399069070816 0.0043209721334278584
      vertex -0.003262615529820323 -0.050177399069070816 0.004361424595117569
      vertex -0.0034245823044329882 -0.035891685634851456 0.0045741423964500427
    endloop
  endfacet
  facet normal -0.019281024106652857 -0.015101765508984758 0.99970004440727644
    outer loop
      vertex -0.0053619705140590668 -0.050177399069070816 0.0043209721334278584
      vertex -0.0034245823044329882 -0.035891685634851456 0.0045741423964500427
      vertex -0.0056266626343131065 -0.035891685634851456 0.0045316712930798531
    endloop
  endfacet
  facet normal -0.019243354854976202 -0.015103994423196015 0.99970073654388658
    outer loop
      vertex -0.005097278393805027 -0.064463116228580475 0.0041102729737758636
      vertex -0.0031006487552076578 -0.064463116228580475 0.0041487063281238079
      vertex -0.003262615529820323 -0.050177399069070816 0.004361424595117569
    endloop
  endfacet
  facet normal -0.019263222339495734 -0.015101436866607835 0.99970039255252008
    outer loop
      vertex -0.005097278393805027 -0.064463116228580475 0.0041102729737758636
      vertex -0.003262615529820323 -0.050177399069070816 0.004361424595117569
      vertex -0.0053619705140590668 -0.050177399069070816 0.0043209721334278584
    endloop
  endfacet
  facet normal -0.015953881313267977 -0.015067540956532307 0.99975919244614364
    outer loop
      vertex -0.0038856910541653633 -0.078748829662799835 0.0039208764210343361
      vertex -0.0029386822134256363 -0.078748829662799835 0.0039359885267913342
      vertex -0.0031006487552076578 -0.064463116228580475 0.0041487063281238079
    endloop
  endfacet
  facet normal -0.022488555027619931 -0.015160162121856325 0.99963214953162083
    outer loop
      vertex -0.005097278393805027 -0.064463116228580475 0.0041102729737758636
      vertex -0.0048325862735509872 -0.078748829662799835 0.0038995742797851562
      vertex -0.0038856910541653633 -0.078748829662799835 0.0039208764210343361
    endloop
  endfacet
  facet normal -0.019243417803611912 -0.014885891068891819 0.99970400675315929
    outer loop
      vertex -0.0031006487552076578 -0.064463116228580475 0.0041487063281238079
      vertex -0.005097278393805027 -0.064463116228580475 0.0041102729737758636
      vertex -0.0038856910541653633 -0.078748829662799835 0.0039208764210343361
    endloop
  endfacet
  facet normal -0.015941235380580648 -0.015067400876178317 0.99975939627761312
    outer loop
      vertex -0.0037790148053318262 -0.085891686379909515 0.0038149391766637564
      vertex -0.0028576988261193037 -0.085891686379909515 0.0038296296261250973
      vertex -0.0029386822134256363 -0.078748829662799835 0.0039359885267913342
    endloop
  endfacet
  facet normal -0.015953881705384514 -0.015065910041553013 0.99975921701835302
    outer loop
      vertex -0.0037790148053318262 -0.085891686379909515 0.0038149391766637564
      vertex -0.0029386822134256363 -0.078748829662799835 0.0039359885267913342
      vertex -0.0038856910541653633 -0.078748829662799835 0.0039208764210343361
    endloop
  endfacet
  facet normal -0.022477507639210307 -0.015161457108036005 0.99963237836151064
    outer loop
      vertex -0.0047002406790852547 -0.085891686379909515 0.0037942246999591589
      vertex -0.0037790148053318262 -0.085891686379909515 0.0038149391766637564
      vertex -0.0038856910541653633 -0.078748829662799835 0.0039208764210343361
    endloop
  endfacet
  facet normal -0.022488555017010782 -0.015160193232918867 0.99963214906003672
    outer loop
      vertex -0.0047002406790852547 -0.085891686379909515 0.0037942246999591589
      vertex -0.0038856910541653633 -0.078748829662799835 0.0039208764210343361
      vertex -0.0048325862735509872 -0.078748829662799835 0.0038995742797851562
    endloop
  endfacet
  facet normal -0.031882588631474244 -0.015330443287857477 0.99937404311436573
    outer loop
      vertex -0.008345513604581356 -0.021605970337986946 0.0046640760265290737
      vertex -0.005891354288905859 -0.021605970337986946 0.0047423699870705605
      vertex -0.0061560464091598988 -0.0073202555067837238 0.0049530691467225552
    endloop
  endfacet
  facet normal -0.031897534418595934 -0.015328143721878089 0.9993736014664667
    outer loop
      vertex -0.008345513604581356 -0.021605970337986946 0.0046640760265290737
      vertex -0.0061560464091598988 -0.0073202555067837238 0.0049530691467225552
      vertex -0.0087195849046111107 -0.0073202555067837238 0.004871247336268425
    endloop
  endfacet
  facet normal -0.031866441774998436 -0.015330117666645111 0.99937456310480866
    outer loop
      vertex -0.007971443235874176 -0.035891685634851456 0.0044569047167897224
      vertex -0.0056266626343131065 -0.035891685634851456 0.0045316712930798531
      vertex -0.005891354288905859 -0.021605970337986946 0.0047423699870705605
    endloop
  endfacet
  facet normal -0.031882589944741795 -0.015327756824591223 0.99937408427932617
    outer loop
      vertex -0.007971443235874176 -0.035891685634851456 0.0044569047167897224
      vertex -0.005891354288905859 -0.021605970337986946 0.0047423699870705605
      vertex -0.008345513604581356 -0.021605970337986946 0.0046640760265290737
    endloop
  endfacet
  facet normal -0.031848513374074711 -0.015329829588983181 0.9993751390347041
    outer loop
      vertex -0.0075973719358444214 -0.050177399069070816 0.0042497334070503712
      vertex -0.0053619705140590668 -0.050177399069070816 0.0043209721334278584
      vertex -0.0056266626343131065 -0.035891685634851456 0.0045316712930798531
    endloop
  endfacet
  facet normal -0.031866443129366047 -0.015327345657263994 0.99937460557960234
    outer loop
      vertex -0.0075973719358444214 -0.050177399069070816 0.0042497334070503712
      vertex -0.0056266626343131065 -0.035891685634851456 0.0045316712930798531
      vertex -0.007971443235874176 -0.035891685634851456 0.0044569047167897224
    endloop
  endfacet
  facet normal -0.031828740204640209 -0.015329468598017792 0.99937577451601645
    outer loop
      vertex -0.0072233006358146667 -0.064463116228580475 0.0040425620973110199
      vertex -0.005097278393805027 -0.064463116228580475 0.0041102729737758636
      vertex -0.0053619705140590668 -0.050177399069070816 0.0043209721334278584
    endloop
  endfacet
  facet normal -0.031848514814066656 -0.01532688059910762 0.99937518422024008
    outer loop
      vertex -0.0072233006358146667 -0.064463116228580475 0.0040425620973110199
      vertex -0.0053619705140590668 -0.050177399069070816 0.0043209721334278584
      vertex -0.0075973719358444214 -0.050177399069070816 0.0042497334070503712
    endloop
  endfacet
  facet normal -0.031807045271600852 -0.01532904832848702 0.99937647168043386
    outer loop
      vertex -0.0068492298014461994 -0.078748829662799835 0.0038353907875716686
      vertex -0.0048325862735509872 -0.078748829662799835 0.0038995742797851562
      vertex -0.005097278393805027 -0.064463116228580475 0.0041102729737758636
    endloop
  endfacet
  facet normal -0.031828741714240459 -0.015326375047780871 0.99937582191525087
    outer loop
      vertex -0.0068492298014461994 -0.078748829662799835 0.0038353907875716686
      vertex -0.005097278393805027 -0.064463116228580475 0.0041102729737758636
      vertex -0.0072233006358146667 -0.064463116228580475 0.0040425620973110199
    endloop
  endfacet
  facet normal -0.047997902928473557 -0.015761582688660101 0.99872307163979002
    outer loop
      vertex -0.011072834022343159 -0.0073202555067837238 0.0047657671384513378
      vertex -0.0098963771015405655 -0.0073202555067837238 0.0048223068006336689
      vertex -0.01010851189494133 -0.00017739857139531523 0.0049248384311795235
    endloop
  endfacet
  facet normal -0.048006469682788308 -0.01576041737302963 0.99872267828102479
    outer loop
      vertex -0.011072834022343159 -0.0073202555067837238 0.0047657671384513378
      vertex -0.01010851189494133 -0.00017739857139531523 0.0049248384311795235
      vertex -0.011310062371194363 -0.00017739857139531523 0.0048670824617147446
    endloop
  endfacet
  facet normal -0.041547127713105196 -0.015575653325113219 0.99901513261926467
    outer loop
      vertex -0.0098963771015405655 -0.0073202555067837238 0.0048223068006336689
      vertex -0.0087195849046111107 -0.0073202555067837238 0.004871247336268425
      vertex -0.008906620554625988 -0.00017739857139531523 0.0049748332239687443
    endloop
  endfacet
  facet normal -0.041555784464876892 -0.015574446507586704 0.99901479137873184
    outer loop
      vertex -0.0098963771015405655 -0.0073202555067837238 0.0048223068006336689
      vertex -0.008906620554625988 -0.00017739857139531523 0.0049748332239687443
      vertex -0.01010851189494133 -0.00017739857139531523 0.0049248384311795235
    endloop
  endfacet
  facet normal -0.047997904048830094 -0.015760102058246444 0.99872309495176526
    outer loop
      vertex -0.0098963771015405655 -0.0073202555067837238 0.0048223068006336689
      vertex -0.011072834022343159 -0.0073202555067837238 0.0047657671384513378
      vertex -0.010598378255963326 -0.021605970337986946 0.0045631369575858116
    endloop
  endfacet
  facet normal -0.04154712773485586 -0.015575619721932717 0.99901513314226686
    outer loop
      vertex -0.008345513604581356 -0.021605970337986946 0.0046640760265290737
      vertex -0.0087195849046111107 -0.0073202555067837238 0.004871247336268425
      vertex -0.0098963771015405655 -0.0073202555067837238 0.0048223068006336689
    endloop
  endfacet
  facet normal -0.044754185490090095 -0.015922184393793889 0.99887113629599333
    outer loop
      vertex -0.010598378255963326 -0.021605970337986946 0.0045631369575858116
      vertex -0.008345513604581356 -0.021605970337986946 0.0046640760265290737
      vertex -0.0098963771015405655 -0.0073202555067837238 0.0048223068006336689
    endloop
  endfacet
  facet normal -0.044734280120469018 -0.015657057315866214 0.99887621892720591
    outer loop
      vertex -0.010123922489583492 -0.035891685634851456 0.0043605067767202854
      vertex -0.007971443235874176 -0.035891685634851456 0.0044569047167897224
      vertex -0.008345513604581356 -0.021605970337986946 0.0046640760265290737
    endloop
  endfacet
  facet normal -0.044754374655675888 -0.01565453748670538 0.99887535829314411
    outer loop
      vertex -0.010123922489583492 -0.035891685634851456 0.0043605067767202854
      vertex -0.008345513604581356 -0.021605970337986946 0.0046640760265290737
      vertex -0.010598378255963326 -0.021605970337986946 0.0045631369575858116
    endloop
  endfacet
  facet normal -0.04471244807043246 -0.015656504902867071 0.99887720508667888
    outer loop
      vertex -0.0096494657918810844 -0.050177399069070816 0.0041578761301934719
      vertex -0.0075973719358444214 -0.050177399069070816 0.0042497334070503712
      vertex -0.007971443235874176 -0.035891685634851456 0.0044569047167897224
    endloop
  endfacet
  facet normal -0.044734282317764308 -0.015653920602255643 0.9988762679908324
    outer loop
      vertex -0.0096494657918810844 -0.050177399069070816 0.0041578761301934719
      vertex -0.007971443235874176 -0.035891685634851456 0.0044569047167897224
      vertex -0.010123922489583492 -0.035891685634851456 0.0043605067767202854
    endloop
  endfacet
  facet normal -0.044688110980471894 -0.015655879489991482 0.99887830398622235
    outer loop
      vertex -0.0091750100255012512 -0.064463116228580475 0.0039552459493279457
      vertex -0.0072233006358146667 -0.064463116228580475 0.0040425620973110199
      vertex -0.0075973719358444214 -0.050177399069070816 0.0042497334070503712
    endloop
  endfacet
  facet normal -0.044712450405326037 -0.015653169996691314 0.9988772572482596
    outer loop
      vertex -0.0091750100255012512 -0.064463116228580475 0.0039552459493279457
      vertex -0.0075973719358444214 -0.050177399069070816 0.0042497334070503712
      vertex -0.0096494657918810844 -0.050177399069070816 0.0041578761301934719
    endloop
  endfacet
  facet normal -0.041438517496703832 -0.0155728419821911 0.99901968742376301
    outer loop
      vertex -0.0077750305645167828 -0.078748829662799835 0.0037969893310219049
      vertex -0.0068492298014461994 -0.078748829662799835 0.0038353907875716686
      vertex -0.0072233006358146667 -0.064463116228580475 0.0040425620973110199
    endloop
  endfacet
  facet normal -0.047883870635280538 -0.015756430472204232 0.99872862672087159
    outer loop
      vertex -0.0091750100255012512 -0.064463116228580475 0.0039552459493279457
      vertex -0.0087005533277988434 -0.078748829662799835 0.0037526153028011322
      vertex -0.0077750305645167828 -0.078748829662799835 0.0037969893310219049
    endloop
  endfacet
  facet normal -0.044688257588522587 -0.015444959391388286 0.99888158100102142
    outer loop
      vertex -0.0072233006358146667 -0.064463116228580475 0.0040425620973110199
      vertex -0.0091750100255012512 -0.064463116228580475 0.0039552459493279457
      vertex -0.0077750305645167828 -0.078748829662799835 0.0037969893310219049
    endloop
  endfacet
  facet normal -0.041424456050265408 -0.015572483672015901 0.999020276167218
    outer loop
      vertex -0.0075628957711160183 -0.085891686379909515 0.0036944574676454067
      vertex -0.0066621941514313221 -0.085891686379909515 0.003731805132701993
      vertex -0.0068492298014461994 -0.078748829662799835 0.0038353907875716686
    endloop
  endfacet
  facet normal -0.041438518641977555 -0.015571067561370309 0.9990197150345721
    outer loop
      vertex -0.0075628957711160183 -0.085891686379909515 0.0036944574676454067
      vertex -0.0068492298014461994 -0.078748829662799835 0.0038353907875716686
      vertex -0.0077750305645167828 -0.078748829662799835 0.0037969893310219049
    endloop
  endfacet
  facet normal -0.047868696122249754 -0.01575786828482929 0.99872933146006759
    outer loop
      vertex -0.0084633259102702141 -0.085891686379909515 0.0036513002123683691
      vertex -0.0075628957711160183 -0.085891686379909515 0.0036944574676454067
      vertex -0.0077750305645167828 -0.078748829662799835 0.0037969893310219049
    endloop
  endfacet
  facet normal -0.047883870664552929 -0.01575639168363991 0.99872862733141488
    outer loop
      vertex -0.0084633259102702141 -0.085891686379909515 0.0036513002123683691
      vertex -0.0077750305645167828 -0.078748829662799835 0.0037969893310219049
      vertex -0.0087005533277988434 -0.078748829662799835 0.0037526153028011322
    endloop
  endfacet
  facet normal -0.0578615297100026 -0.01608020278210897 0.9981951064086142
    outer loop
      vertex -0.012949718162417412 -0.021605970337986946 0.0044268388301134109
      vertex -0.010598378255963326 -0.021605970337986946 0.0045631369575858116
      vertex -0.011072834022343159 -0.0073202555067837238 0.0047657671384513378
    endloop
  endfacet
  facet normal -0.057879760654557411 -0.01607778341485297 0.99819408843522817
    outer loop
      vertex -0.012949718162417412 -0.021605970337986946 0.0044268388301134109
      vertex -0.011072834022343159 -0.0073202555067837238 0.0047657671384513378
      vertex -0.013528963550925255 -0.0073202555067837238 0.0046233497560024261
    endloop
  endfacet
  facet normal -0.057841783317276303 -0.016079562821605532 0.99819626114414162
    outer loop
      vertex -0.012370473705232143 -0.035891685634851456 0.0042303274385631084
      vertex -0.010123922489583492 -0.035891685634851456 0.0043605067767202854
      vertex -0.010598378255963326 -0.021605970337986946 0.0045631369575858116
    endloop
  endfacet
  facet normal -0.057861532609239472 -0.016077087251370262 0.99819515642464518
    outer loop
      vertex -0.012370473705232143 -0.035891685634851456 0.0042303274385631084
      vertex -0.010598378255963326 -0.021605970337986946 0.0045631369575858116
      vertex -0.012949718162417412 -0.021605970337986946 0.0044268388301134109
    endloop
  endfacet
  facet normal -0.057819671979491054 -0.01607888519045499 0.99819755308416602
    outer loop
      vertex -0.0117912283167243 -0.050177399069070816 0.0040338165126740932
      vertex -0.0096494657918810844 -0.050177399069070816 0.0041578761301934719
      vertex -0.010123922489583492 -0.035891685634851456 0.0043605067767202854
    endloop
  endfacet
  facet normal -0.057841786374869676 -0.016076275850253223 0.99819631391011976
    outer loop
      vertex -0.0117912283167243 -0.050177399069070816 0.0040338165126740932
      vertex -0.010123922489583492 -0.035891685634851456 0.0043605067767202854
      vertex -0.012370473705232143 -0.035891685634851456 0.0042303274385631084
    endloop
  endfacet
  facet normal -0.057795626793469321 -0.016078066042965262 0.99819895878320175
    outer loop
      vertex -0.011211983859539032 -0.064463116228580475 0.0038373053539544344
      vertex -0.0091750100255012512 -0.064463116228580475 0.0039552459493279457
      vertex -0.0096494657918810844 -0.050177399069070816 0.0041578761301934719
    endloop
  endfacet
  facet normal -0.057819675215029856 -0.016075405426612278 0.99819760894243714
    outer loop
      vertex -0.011211983859539032 -0.064463116228580475 0.0038373053539544344
      vertex -0.0096494657918810844 -0.050177399069070816 0.0041578761301934719
      vertex -0.0117912283167243 -0.050177399069070816 0.0040338165126740932
    endloop
  endfacet
  facet normal -0.05776873355387032 -0.016077235634510419 0.99820052891086675
    outer loop
      vertex -0.010632738471031189 -0.078748829662799835 0.0036407941952347755
      vertex -0.0087005533277988434 -0.078748829662799835 0.0037526153028011322
      vertex -0.0091750100255012512 -0.064463116228580475 0.0039552459493279457
    endloop
  endfacet
  facet normal -0.057795630146896801 -0.016074457793136803 0.99819901670086797
    outer loop
      vertex -0.010632738471031189 -0.078748829662799835 0.0036407941952347755
      vertex -0.0091750100255012512 -0.064463116228580475 0.0039552459493279457
      vertex -0.011211983859539032 -0.064463116228580475 0.0038373053539544344
    endloop
  endfacet
  facet normal -0.07245260134296129 -0.016674466030951123 0.99723246173659064
    outer loop
      vertex -0.015983160585165024 -0.0073202555067837238 0.0044519058428704739
      vertex -0.014756306074559689 -0.0073202555067837238 0.0045410413295030594
      vertex -0.015072108246386051 -0.00017739857139531523 0.004637531004846096
    endloop
  endfacet
  facet normal -0.072460769882325901 -0.016673409190967395 0.997231885899168
    outer loop
      vertex -0.015983160585165024 -0.0073202555067837238 0.0044519058428704739
      vertex -0.015072108246386051 -0.00017739857139531523 0.004637531004846096
      vertex -0.016325131058692932 -0.00017739857139531523 0.0045464839786291122
    endloop
  endfacet
  facet normal -0.066902978340850475 -0.016435866261513974 0.99762410445485816
    outer loop
      vertex -0.014756306074559689 -0.0073202555067837238 0.0045410413295030594
      vertex -0.013528963550925255 -0.0073202555067837238 0.0046233497560024261
      vertex -0.013818585313856602 -0.00017739857139531523 0.0047216056846082211
    endloop
  endfacet
  facet normal -0.066911325988761441 -0.016434756684395164 0.99762356288689891
    outer loop
      vertex -0.014756306074559689 -0.0073202555067837238 0.0045410413295030594
      vertex -0.013818585313856602 -0.00017739857139531523 0.0047216056846082211
      vertex -0.015072108246386051 -0.00017739857139531523 0.004637531004846096
    endloop
  endfacet
  facet normal -0.072452603061444881 -0.016673043907711835 0.99723248538967679
    outer loop
      vertex -0.014756306074559689 -0.0073202555067837238 0.0045410413295030594
      vertex -0.015983160585165024 -0.0073202555067837238 0.0044519058428704739
      vertex -0.015299215912818909 -0.021605970337986946 0.0042627495713531971
    endloop
  endfacet
  facet normal -0.06690297840398933 -0.016435808857512568 0.9976241053963536
    outer loop
      vertex -0.012949718162417412 -0.021605970337986946 0.0044268388301134109
      vertex -0.013528963550925255 -0.0073202555067837238 0.0046233497560024261
      vertex -0.014756306074559689 -0.0073202555067837238 0.0045410413295030594
    endloop
  endfacet
  facet normal -0.069660623118049866 -0.016782988553662118 0.99742956086232593
    outer loop
      vertex -0.015299215912818909 -0.021605970337986946 0.0042627495713531971
      vertex -0.012949718162417412 -0.021605970337986946 0.0044268388301134109
      vertex -0.014756306074559689 -0.0073202555067837238 0.0045410413295030594
    endloop
  endfacet
  facet normal -0.069641721938613982 -0.016544281510655189 0.99743486870808806
    outer loop
      vertex -0.014615272171795368 -0.035891685634851456 0.0040735937654972076
      vertex -0.012370473705232143 -0.035891685634851456 0.0042303274385631084
      vertex -0.012949718162417412 -0.021605970337986946 0.0044268388301134109
    endloop
  endfacet
  facet normal -0.069660902901442417 -0.01654201303614472 0.99743356691644769
    outer loop
      vertex -0.014615272171795368 -0.035891685634851456 0.0040735937654972076
      vertex -0.012949718162417412 -0.021605970337986946 0.0044268388301134109
      vertex -0.015299215912818909 -0.021605970337986946 0.0042627495713531971
    endloop
  endfacet
  facet normal -0.069621069769238278 -0.016543438332577307 0.99743632442994734
    outer loop
      vertex -0.013931328430771828 -0.050177399069070816 0.0038844374939799309
      vertex -0.0117912283167243 -0.050177399069070816 0.0040338165126740932
      vertex -0.012370473705232143 -0.035891685634851456 0.0042303274385631084
    endloop
  endfacet
  facet normal -0.069641725550190506 -0.016541147491354206 0.99743492043444204
    outer loop
      vertex -0.013931328430771828 -0.050177399069070816 0.0038844374939799309
      vertex -0.012370473705232143 -0.035891685634851456 0.0042303274385631084
      vertex -0.014615272171795368 -0.035891685634851456 0.0040735937654972076
    endloop
  endfacet
  facet normal -0.069598097424738908 -0.016542536533147776 0.99743794259086915
    outer loop
      vertex -0.013247384689748287 -0.064463116228580475 0.0036952814552932978
      vertex -0.011211983859539032 -0.064463116228580475 0.0038373053539544344
      vertex -0.0117912283167243 -0.050177399069070816 0.0040338165126740932
    endloop
  endfacet
  facet normal -0.069621073548677276 -0.016540157492419747 0.9974363785766267
    outer loop
      vertex -0.013247384689748287 -0.064463116228580475 0.0036952814552932978
      vertex -0.0117912283167243 -0.050177399069070816 0.0040338165126740932
      vertex -0.013931328430771828 -0.050177399069070816 0.0038844374939799309
    endloop
  endfacet
  facet normal -0.066795944803660245 -0.016431586428913923 0.99763134710433754
    outer loop
      vertex -0.011598289012908936 -0.078748829662799835 0.0035761462058871984
      vertex -0.010632738471031189 -0.078748829662799835 0.0036407941952347755
      vertex -0.011211983859539032 -0.064463116228580475 0.0038373053539544344
    endloop
  endfacet
  facet normal -0.072348992658097883 -0.016668181034641117 0.99724008894666627
    outer loop
      vertex -0.013247384689748287 -0.064463116228580475 0.0036952814552932978
      vertex -0.012563440948724747 -0.078748829662799835 0.003506125183776021
      vertex -0.011598289012908936 -0.078748829662799835 0.0035761462058871984
    endloop
  endfacet
  facet normal -0.069598315217697826 -0.016352327920358518 0.99744106386815812
    outer loop
      vertex -0.011211983859539032 -0.064463116228580475 0.0038373053539544344
      vertex -0.013247384689748287 -0.064463116228580475 0.0036952814552932978
      vertex -0.011598289012908936 -0.078748829662799835 0.0035761462058871984
    endloop
  endfacet
  facet normal -0.066781938576497252 -0.016431015284293089 0.99763229419295185
    outer loop
      vertex -0.011282487772405148 -0.085891686379909515 0.0034796567633748055
      vertex -0.010343115776777267 -0.085891686379909515 0.0035425387322902679
      vertex -0.010632738471031189 -0.078748829662799835 0.0036407941952347755
    endloop
  endfacet
  facet normal -0.066795946852239663 -0.016429720347418787 0.99763137770091126
    outer loop
      vertex -0.011282487772405148 -0.085891686379909515 0.0034796567633748055
      vertex -0.010632738471031189 -0.078748829662799835 0.0036407941952347755
      vertex -0.011598289012908936 -0.078748829662799835 0.0035761462058871984
    endloop
  endfacet
  facet normal -0.072335347243235218 -0.016669356667329098 0.99724105916648775
    outer loop
      vertex -0.012221469543874264 -0.085891686379909515 0.0034115472808480263
      vertex -0.011282487772405148 -0.085891686379909515 0.0034796567633748055
      vertex -0.011598289012908936 -0.078748829662799835 0.0035761462058871984
    endloop
  endfacet
  facet normal -0.072348992702985962 -0.016668143822035696 0.99724008956539212
    outer loop
      vertex -0.012221469543874264 -0.085891686379909515 0.0034115472808480263
      vertex -0.011598289012908936 -0.078748829662799835 0.0035761462058871984
      vertex -0.012563440948724747 -0.078748829662799835 0.003506125183776021
    endloop
  endfacet
  facet normal -0.080033715358521565 -0.017028241832953334 0.99664669938047223
    outer loop
      vertex -0.01764698326587677 -0.021605970337986946 0.0040742168202996254
      vertex -0.015299215912818909 -0.021605970337986946 0.0042627495713531971
      vertex -0.015983160585165024 -0.0073202555067837238 0.0044519058428704739
    endloop
  endfacet
  facet normal -0.080050302676512558 -0.017026275616531906 0.99664540082219266
    outer loop
      vertex -0.01764698326587677 -0.021605970337986946 0.0040742168202996254
      vertex -0.015983160585165024 -0.0073202555067837238 0.0044519058428704739
      vertex -0.018435554578900337 -0.0073202555067837238 0.0042549301870167255
    endloop
  endfacet
  facet normal -0.080016028867579317 -0.017027375813425113 0.99664813429673926
    outer loop
      vertex -0.016858411952853203 -0.035891685634851456 0.0038935029879212379
      vertex -0.014615272171795368 -0.035891685634851456 0.0040735937654972076
      vertex -0.015299215912818909 -0.021605970337986946 0.0042627495713531971
    endloop
  endfacet
  facet normal -0.08003371921975852 -0.017025409176837616 0.9966467474638212
    outer loop
      vertex -0.016858411952853203 -0.035891685634851456 0.0038935029879212379
      vertex -0.015299215912818909 -0.021605970337986946 0.0042627495713531971
      vertex -0.01764698326587677 -0.021605970337986946 0.0040742168202996254
    endloop
  endfacet
  facet normal -0.07999628812057849 -0.017026486595253406 0.99664973418004332
    outer loop
      vertex -0.016069840639829636 -0.050177399069070816 0.0037127893883734941
      vertex -0.013931328430771828 -0.050177399069070816 0.0038844374939799309
      vertex -0.014615272171795368 -0.035891685634851456 0.0040735937654972076
    endloop
  endfacet
  facet normal -0.080016032872363099 -0.017024437041288764 0.99664818417874834
    outer loop
      vertex -0.016069840639829636 -0.050177399069070816 0.0037127893883734941
      vertex -0.014615272171795368 -0.035891685634851456 0.0040735937654972076
      vertex -0.016858411952853203 -0.035891685634851456 0.0038935029879212379
    endloop
  endfacet
  facet normal -0.079974629682957932 -0.017025452240318189 0.99665149003204045
    outer loop
      vertex -0.015281269326806068 -0.064463116228580475 0.0035320757888257504
      vertex -0.013247384689748287 -0.064463116228580475 0.0036952814552932978
      vertex -0.013931328430771828 -0.050177399069070816 0.0038844374939799309
    endloop
  endfacet
  facet normal -0.079996292375653533 -0.017023363204828248 0.99664978719274577
    outer loop
      vertex -0.015281269326806068 -0.064463116228580475 0.0035320757888257504
      vertex -0.013931328430771828 -0.050177399069070816 0.0038844374939799309
      vertex -0.016069840639829636 -0.050177399069070816 0.0037127893883734941
    endloop
  endfacet
  facet normal -0.079950502385960437 -0.01702434368561551 0.99665344472906248
    outer loop
      vertex -0.014492698013782501 -0.078748829662799835 0.0033513621892780066
      vertex -0.012563440948724747 -0.078748829662799835 0.003506125183776021
      vertex -0.013247384689748287 -0.064463116228580475 0.0036952814552932978
    endloop
  endfacet
  facet normal -0.079974634119778537 -0.017022194348674826 0.99665154532412348
    outer loop
      vertex -0.014492698013782501 -0.078748829662799835 0.0033513621892780066
      vertex -0.013247384689748287 -0.064463116228580475 0.0036952814552932978
      vertex -0.015281269326806068 -0.064463116228580475 0.0035320757888257504
    endloop
  endfacet
  facet normal -0.09155295446538661 -0.017663646516497843 0.99564353667384342
    outer loop
      vertex -0.020885968580842018 -0.0073202555067837238 0.0040350998751819134
      vertex -0.019660999998450279 -0.0073202555067837238 0.0041477400809526443
      vertex -0.020081426948308945 -0.00017739857139531523 0.0042358012869954109
    endloop
  endfacet
  facet normal -0.091560416510719375 -0.017662787170483141 0.99564286572935068
    outer loop
      vertex -0.020885968580842018 -0.0073202555067837238 0.0040350998751819134
      vertex -0.020081426948308945 -0.00017739857139531523 0.0042358012869954109
      vertex -0.021332524716854095 -0.00017739857139531523 0.0041207489557564259
    endloop
  endfacet
  facet normal -0.087124404395201194 -0.017409219831878091 0.99604530882065145
    outer loop
      vertex -0.019660999998450279 -0.0073202555067837238 0.0041477400809526443
      vertex -0.018435554578900337 -0.0073202555067837238 0.0042549301870167255
      vertex -0.018829841166734695 -0.00017739857139531523 0.0043452871032059193
    endloop
  endfacet
  facet normal -0.087131675066747391 -0.017408356628065568 0.99604468791293332
    outer loop
      vertex -0.019660999998450279 -0.0073202555067837238 0.0041477400809526443
      vertex -0.018829841166734695 -0.00017739857139531523 0.0043452871032059193
      vertex -0.020081426948308945 -0.00017739857139531523 0.0042358012869954109
    endloop
  endfacet
  facet normal -0.091552956677058372 -0.017662279262391355 0.99564356072589844
    outer loop
      vertex -0.019660999998450279 -0.0073202555067837238 0.0041477400809526443
      vertex -0.020885968580842018 -0.0073202555067837238 0.0040350998751819134
      vertex -0.019992856308817863 -0.021605970337986946 0.0038638024125248194
    endloop
  endfacet
  facet normal -0.087124404463451904 -0.017409174847987142 0.9960453096009243
    outer loop
      vertex -0.01764698326587677 -0.021605970337986946 0.0040742168202996254
      vertex -0.018435554578900337 -0.0073202555067837238 0.0042549301870167255
      vertex -0.019660999998450279 -0.0073202555067837238 0.0041477400809526443
    endloop
  endfacet
  facet normal -0.089322890034343502 -0.01771808957349549 0.99584511376909313
    outer loop
      vertex -0.019992856308817863 -0.021605970337986946 0.0038638024125248194
      vertex -0.01764698326587677 -0.021605970337986946 0.0040742168202996254
      vertex -0.019660999998450279 -0.0073202555067837238 0.0041477400809526443
    endloop
  endfacet
  facet normal -0.089305702696135969 -0.017527144157149444 0.99585003423389196
    outer loop
      vertex -0.019099745899438858 -0.035891685634851456 0.0036925049498677254
      vertex -0.016858411952853203 -0.035891685634851456 0.0038935029879212379
      vertex -0.01764698326587677 -0.021605970337986946 0.0040742168202996254
    endloop
  endfacet
  facet normal -0.089323193545703367 -0.017525324394020214 0.99584849756360072
    outer loop
      vertex -0.019099745899438858 -0.035891685634851456 0.0036925049498677254
      vertex -0.01764698326587677 -0.021605970337986946 0.0040742168202996254
      vertex -0.019992856308817863 -0.021605970337986946 0.0038638024125248194
    endloop
  endfacet
  facet normal -0.089286689945536846 -0.017526102506229324 0.99585175740644793
    outer loop
      vertex -0.018206633627414703 -0.050177399069070816 0.0035212074872106314
      vertex -0.016069840639829636 -0.050177399069070816 0.0037127893883734941
      vertex -0.016858411952853203 -0.035891685634851456 0.0038935029879212379
    endloop
  endfacet
  facet normal -0.089305707205157514 -0.017524264145686339 0.9958500845140994
    outer loop
      vertex -0.018206633627414703 -0.050177399069070816 0.0035212074872106314
      vertex -0.016858411952853203 -0.035891685634851456 0.0038935029879212379
      vertex -0.019099745899438858 -0.035891685634851456 0.0036925049498677254
    endloop
  endfacet
  facet normal -0.089265753013214627 -0.017524966214021699 0.99585365435799911
    outer loop
      vertex -0.017313523218035698 -0.064463116228580475 0.0033499097917228937
      vertex -0.015281269326806068 -0.064463116228580475 0.0035320757888257504
      vertex -0.016069840639829636 -0.050177399069070816 0.0037127893883734941
    endloop
  endfacet
  facet normal -0.089286694650943813 -0.017523096229455994 0.99585180988781774
    outer loop
      vertex -0.017313523218035698 -0.064463116228580475 0.0033499097917228937
      vertex -0.016069840639829636 -0.050177399069070816 0.0037127893883734941
      vertex -0.018206633627414703 -0.050177399069070816 0.0035212074872106314
    endloop
  endfacet
  facet normal -0.087027158813393818 -0.017403933524715118 0.9960539025207098
    outer loop
      vertex -0.015456742607057095 -0.078748829662799835 0.0032671317458152771
      vertex -0.014492698013782501 -0.078748829662799835 0.0033513621892780066
      vertex -0.015281269326806068 -0.064463116228580475 0.0035320757888257504
    endloop
  endfacet
  facet normal -0.091457372366311837 -0.017656411846252142 0.99565244948253184
    outer loop
      vertex -0.017313523218035698 -0.064463116228580475 0.0033499097917228937
      vertex -0.016420410946011543 -0.078748829662799835 0.0031786123290657997
      vertex -0.015456742607057095 -0.078748829662799835 0.0032671317458152771
    endloop
  endfacet
  facet normal -0.089265990146162849 -0.017372768911430175 0.99585629982622259
    outer loop
      vertex -0.015281269326806068 -0.064463116228580475 0.0035320757888257504
      vertex -0.017313523218035698 -0.064463116228580475 0.0033499097917228937
      vertex -0.015456742607057095 -0.078748829662799835 0.0032671317458152771
    endloop
  endfacet
  facet normal -0.087014257590677421 -0.017403252019786968 0.99605504154894908
    outer loop
      vertex -0.015036316588521004 -0.085891686379909515 0.0031790710054337978
      vertex -0.014098412357270718 -0.085891686379909515 0.0032610052730888128
      vertex -0.014492698013782501 -0.078748829662799835 0.0033513621892780066
    endloop
  endfacet
  facet normal -0.087027161374252204 -0.01740224318936855 0.99605393183056001
    outer loop
      vertex -0.015036316588521004 -0.085891686379909515 0.0031790710054337978
      vertex -0.014492698013782501 -0.078748829662799835 0.0033513621892780066
      vertex -0.015456742607057095 -0.078748829662799835 0.0032671317458152771
    endloop
  endfacet
  facet normal -0.091445085744150015 -0.017657344686569636 0.99565356147199346
    outer loop
      vertex -0.015973854809999466 -0.085891686379909515 0.0030929634813219309
      vertex -0.015036316588521004 -0.085891686379909515 0.0031790710054337978
      vertex -0.015456742607057095 -0.078748829662799835 0.0032671317458152771
    endloop
  endfacet
  facet normal -0.09145737234010784 -0.017656428068482308 0.99565244919726159
    outer loop
      vertex -0.015973854809999466 -0.085891686379909515 0.0030929634813219309
      vertex -0.015456742607057095 -0.078748829662799835 0.0032671317458152771
      vertex -0.016420410946011543 -0.078748829662799835 0.0031786123290657997
    endloop
  endfacet
  facet normal -0.097750907953909727 -0.018042612807357899 0.99504734767611425
    outer loop
      vertex -0.022336861118674278 -0.021605970337986946 0.0036335333716124296
      vertex -0.019992856308817863 -0.021605970337986946 0.0038638024125248194
      vertex -0.020885968580842018 -0.0073202555067837238 0.0040350998751819134
    endloop
  endfacet
  facet normal -0.097766371028084151 -0.018041000457604234 0.99504585773646026
    outer loop
      vertex -0.022336861118674278 -0.021605970337986946 0.0036335333716124296
      vertex -0.020885968580842018 -0.0073202555067837238 0.0040350998751819134
      vertex -0.023334432393312454 -0.0073202555067837238 0.0037945306394249201
    endloop
  endfacet
  facet normal -0.097734190224103748 -0.018041574236259385 0.99504900867259616
    outer loop
      vertex -0.021339289844036102 -0.035891685634851456 0.0034725358709692955
      vertex -0.019099745899438858 -0.035891685634851456 0.0036925049498677254
      vertex -0.019992856308817863 -0.021605970337986946 0.0038638024125248194
    endloop
  endfacet
  facet normal -0.097750912644455748 -0.018039953957708028 0.99504739542314269
    outer loop
      vertex -0.021339289844036102 -0.035891685634851456 0.0034725358709692955
      vertex -0.019992856308817863 -0.021605970337986946 0.0038638024125248194
      vertex -0.022336861118674278 -0.021605970337986946 0.0036335333716124296
    endloop
  endfacet
  facet normal -0.097715836485717189 -0.018040463750589833 0.99505083134861005
    outer loop
      vertex -0.020341716706752777 -0.050177399069070816 0.0033115383703261614
      vertex -0.018206633627414703 -0.050177399069070816 0.0035212074872106314
      vertex -0.019099745899438858 -0.035891685634851456 0.0036925049498677254
    endloop
  endfacet
  facet normal -0.097734195081087716 -0.018038820403931406 0.99504905812240563
    outer loop
      vertex -0.020341716706752777 -0.050177399069070816 0.0033115383703261614
      vertex -0.019099745899438858 -0.035891685634851456 0.0036925049498677254
      vertex -0.021339289844036102 -0.035891685634851456 0.0034725358709692955
    endloop
  endfacet
  facet normal -0.097695481336286458 -0.018039214203267241 0.99505285270552324
    outer loop
      vertex -0.019344145432114601 -0.064463116228580475 0.0031505408696830273
      vertex -0.017313523218035698 -0.064463116228580475 0.0033499097917228937
      vertex -0.018206633627414703 -0.050177399069070816 0.0035212074872106314
    endloop
  endfacet
  facet normal -0.097715841637708523 -0.018037541911558569 0.99505088381188966
    outer loop
      vertex -0.019344145432114601 -0.064463116228580475 0.0031505408696830273
      vertex -0.018206633627414703 -0.050177399069070816 0.0035212074872106314
      vertex -0.020341716706752777 -0.050177399069070816 0.0033115383703261614
    endloop
  endfacet
  facet normal -0.0956724769866521 -0.01791512513391768 0.99525163925445259
    outer loop
      vertex -0.017383690923452377 -0.078748829662799835 0.0030860132537782192
      vertex -0.016420410946011543 -0.078748829662799835 0.0031786123290657997
      vertex -0.017313523218035698 -0.064463116228580475 0.0033499097917228937
    endloop
  endfacet
  facet normal -0.099673019268242194 -0.018172000790809894 0.99485429466691822
    outer loop
      vertex -0.019344145432114601 -0.064463116228580475 0.0031505408696830273
      vertex -0.018346574157476425 -0.078748829662799835 0.0029895433690398932
      vertex -0.017383690923452377 -0.078748829662799835 0.0030860132537782192
    endloop
  endfacet
  facet normal -0.097695723082458899 -0.017901560824299695 0.99505531495060595
    outer loop
      vertex -0.017313523218035698 -0.064463116228580475 0.0033499097917228937
      vertex -0.019344145432114601 -0.064463116228580475 0.0031505408696830273
      vertex -0.017383690923452377 -0.078748829662799835 0.0030860132537782192
    endloop
  endfacet
  facet normal -0.095659826307655169 -0.017914365206323543 0.99525286894841136
    outer loop
      vertex -0.016911016777157784 -0.085891686379909515 0.0030028871260583401
      vertex -0.015973854809999466 -0.085891686379909515 0.0030929634813219309
      vertex -0.016420410946011543 -0.078748829662799835 0.0031786123290657997
    endloop
  endfacet
  facet normal -0.09567247983017417 -0.017913466576769017 0.99525166883474658
    outer loop
      vertex -0.016911016777157784 -0.085891686379909515 0.0030028871260583401
      vertex -0.016420410946011543 -0.078748829662799835 0.0031786123290657997
      vertex -0.017383690923452377 -0.078748829662799835 0.0030860132537782192
    endloop
  endfacet
  facet normal -0.099661107165477394 -0.018172800748640937 0.99485547343898217
    outer loop
      vertex -0.017847787588834763 -0.085891686379909515 0.0029090447351336479
      vertex -0.016911016777157784 -0.085891686379909515 0.0030028871260583401
      vertex -0.017383690923452377 -0.078748829662799835 0.0030860132537782192
    endloop
  endfacet
  facet normal -0.099673019274071545 -0.018171997573475492 0.99485429472510201
    outer loop
      vertex -0.017847787588834763 -0.085891686379909515 0.0029090447351336479
      vertex -0.017383690923452377 -0.078748829662799835 0.0030860132537782192
      vertex -0.018346574157476425 -0.078748829662799835 0.0029895433690398932
    endloop
  endfacet
  facet normal -0.10717169426625252 -0.018698858250374328 0.99406467629034745
    outer loop
      vertex -0.025780946016311646 -0.0073202555067837238 0.0035352753475308418
      vertex -0.024557936936616898 -0.0073202555067837238 0.0036671299021691084
      vertex -0.025082822889089584 -0.00017739857139531523 0.0037449018564075232
    endloop
  endfacet
  facet normal -0.1071784844715713 -0.018698173487398613 0.9940639570845593
    outer loop
      vertex -0.025780946016311646 -0.0073202555067837238 0.0035352753475308418
      vertex -0.025082822889089584 -0.00017739857139531523 0.0037449018564075232
      vertex -0.02633192203938961 -0.00017739857139531523 0.003610225860029459
    endloop
  endfacet
  facet normal -0.10355015534908907 -0.018438251355259276 0.99445331525121872
    outer loop
      vertex -0.024557936936616898 -0.0073202555067837238 0.0036671299021691084
      vertex -0.023334432393312454 -0.0073202555067837238 0.0037945306394249201
      vertex -0.023833218961954117 -0.00017739857139531523 0.003875029506161809
    endloop
  endfacet
  facet normal -0.10355743376169148 -0.01843749123420341 0.99445257143298782
    outer loop
      vertex -0.024557936936616898 -0.0073202555067837238 0.0036671299021691084
      vertex -0.023833218961954117 -0.00017739857139531523 0.003875029506161809
      vertex -0.025082822889089584 -0.00017739857139531523 0.0037449018564075232
    endloop
  endfacet
  facet normal -0.10717169667992832 -0.018697654196664845 0.99406469867825376
    outer loop
      vertex -0.024557936936616898 -0.0073202555067837238 0.0036671299021691084
      vertex -0.025780946016311646 -0.0073202555067837238 0.0035352753475308418
      vertex -0.024678992107510567 -0.021605970337986946 0.0033853745553642511
    endloop
  endfacet
  facet normal -0.10355015543912408 -0.018438204214799539 0.99445331611587806
    outer loop
      vertex -0.022336861118674278 -0.021605970337986946 0.0036335333716124296
      vertex -0.023334432393312454 -0.0073202555067837238 0.0037945306394249201
      vertex -0.024557936936616898 -0.0073202555067837238 0.0036671299021691084
    endloop
  endfacet
  facet normal -0.10534605159216738 -0.018716965820623668 0.99425946543365129
    outer loop
      vertex -0.024678992107510567 -0.021605970337986946 0.0033853745553642511
      vertex -0.022336861118674278 -0.021605970337986946 0.0036335333716124296
      vertex -0.024557936936616898 -0.0073202555067837238 0.0036671299021691084
    endloop
  endfacet
  facet normal -0.10533003442119686 -0.018560376286309386 0.99426409785375436
    outer loop
      vertex -0.023577038198709488 -0.035891685634851456 0.0032354739960283041
      vertex -0.021339289844036102 -0.035891685634851456 0.0034725358709692955
      vertex -0.022336861118674278 -0.021605970337986946 0.0036335333716124296
    endloop
  endfacet
  facet normal -0.10534636202975034 -0.018558911408871604 0.99426239535366845
    outer loop
      vertex -0.023577038198709488 -0.035891685634851456 0.0032354739960283041
      vertex -0.022336861118674278 -0.021605970337986946 0.0036335333716124296
      vertex -0.024678992107510567 -0.021605970337986946 0.0033853745553642511
    endloop
  endfacet
  facet normal -0.10531222175183259 -0.018559170097336666 0.99426600724101544
    outer loop
      vertex -0.02247508242726326 -0.050177399069070816 0.0030855732038617134
      vertex -0.020341716706752777 -0.050177399069070816 0.0033115383703261614
      vertex -0.021339289844036102 -0.035891685634851456 0.0034725358709692955
    endloop
  endfacet
  facet normal -0.10533003964862055 -0.018557703093095575 0.99426414719808165
    outer loop
      vertex -0.02247508242726326 -0.050177399069070816 0.0030855732038617134
      vertex -0.021339289844036102 -0.035891685634851456 0.0034725358709692955
      vertex -0.023577038198709488 -0.035891685634851456 0.0032354739960283041
    endloop
  endfacet
  facet normal -0.10529257626122952 -0.018557803418383922 0.99426811339625998
    outer loop
      vertex -0.021373128518462181 -0.064463116228580475 0.0029356724116951227
      vertex -0.019344145432114601 -0.064463116228580475 0.0031505408696830273
      vertex -0.020341716706752777 -0.050177399069070816 0.0033115383703261614
    endloop
  endfacet
  facet normal -0.10531222730313629 -0.018556330601218734 0.99426605965157577
    outer loop
      vertex -0.021373128518462181 -0.064463116228580475 0.0029356724116951227
      vertex -0.020341716706752777 -0.050177399069070816 0.0033115383703261614
      vertex -0.02247508242726326 -0.050177399069070816 0.0030855732038617134
    endloop
  endfacet
  facet normal -0.10345913934500439 -0.018431974633863077 0.99446290468628695
    outer loop
      vertex -0.019309068098664284 -0.078748829662799835 0.0028894101269543171
      vertex -0.018346574157476425 -0.078748829662799835 0.0029895433690398932
      vertex -0.019344145432114601 -0.064463116228580475 0.0031505408696830273
    endloop
  endfacet
  facet normal -0.10708211025233975 -0.018690848263562727 0.99407448104007501
    outer loop
      vertex -0.021373128518462181 -0.064463116228580475 0.0029356724116951227
      vertex -0.020271174609661102 -0.078748829662799835 0.002785771619528532
      vertex -0.019309068098664284 -0.078748829662799835 0.0028894101269543171
    endloop
  endfacet
  facet normal -0.10529281947110924 -0.018432958437026799 0.994270410004785
    outer loop
      vertex -0.019344145432114601 -0.064463116228580475 0.0031505408696830273
      vertex -0.021373128518462181 -0.064463116228580475 0.0029356724116951227
      vertex -0.019309068098664284 -0.078748829662799835 0.0028894101269543171
    endloop
  endfacet
  facet normal -0.10344734059736954 -0.018431162009953539 0.9944641471618243
    outer loop
      vertex -0.018784180283546448 -0.085891686379909515 0.0028116381727159023
      vertex -0.017847787588834763 -0.085891686379909515 0.0029090447351336479
      vertex -0.018346574157476425 -0.078748829662799835 0.0029895433690398932
    endloop
  endfacet
  facet normal -0.10345914233196922 -0.018430408747418307 0.99446293339738723
    outer loop
      vertex -0.018784180283546448 -0.085891686379909515 0.0028116381727159023
      vertex -0.018346574157476425 -0.078748829662799835 0.0029895433690398932
      vertex -0.019309068098664284 -0.078748829662799835 0.0028894101269543171
    endloop
  endfacet
  facet normal -0.10707009641217596 -0.018691541624698594 0.99407576206543713
    outer loop
      vertex -0.019720198586583138 -0.085891686379909515 0.0027108213398605585
      vertex -0.018784180283546448 -0.085891686379909515 0.0028116381727159023
      vertex -0.019309068098664284 -0.078748829662799835 0.0028894101269543171
    endloop
  endfacet
  facet normal -0.10708211031271059 -0.018690818110610238 0.99407448160051515
    outer loop
      vertex -0.019720198586583138 -0.085891686379909515 0.0027108213398605585
      vertex -0.019309068098664284 -0.078748829662799835 0.0028894101269543171
      vertex -0.020271174609661102 -0.078748829662799835 0.002785771619528532
    endloop
  endfacet
  facet normal -0.11413375678101892 -0.019237886323574795 0.99327910946161169
    outer loop
      vertex -0.028225572779774666 -0.0073202555067837238 0.003258648794144392
      vertex -0.027003496885299683 -0.0073202555067837238 0.0033990726806223392
      vertex -0.02758055180311203 -0.00017739857139531523 0.0034711088519543409
    endloop
  endfacet
  facet normal -0.11414019557577179 -0.0192372832217012 0.99327838126487611
    outer loop
      vertex -0.028225572779774666 -0.0073202555067837238 0.003258648794144392
      vertex -0.02758055180311203 -0.00017739857139531523 0.0034711088519543409
      vertex -0.02882869727909565 -0.00017739857139531523 0.0033276812173426151
    endloop
  endfacet
  facet normal -0.11070364839444861 -0.01896598498948944 0.99367247805579129
    outer loop
      vertex -0.027003496885299683 -0.0073202555067837238 0.0033990726806223392
      vertex -0.025780946016311646 -0.0073202555067837238 0.0035352753475308418
      vertex -0.02633192203938961 -0.00017739857139531523 0.003610225860029459
    endloop
  endfacet
  facet normal -0.1107106679532773 -0.018965302273444642 0.99367170902215796
    outer loop
      vertex -0.027003496885299683 -0.0073202555067837238 0.0033990726806223392
      vertex -0.02633192203938961 -0.00017739857139531523 0.003610225860029459
      vertex -0.02758055180311203 -0.00017739857139531523 0.0034711088519543409
    endloop
  endfacet
  facet normal -0.11413375938719032 -0.019236699778763522 0.99327913214250541
    outer loop
      vertex -0.027003496885299683 -0.0073202555067837238 0.0033990726806223392
      vertex -0.028225572779774666 -0.0073202555067837238 0.003258648794144392
      vertex -0.027019327506422997 -0.021605970337986946 0.0031205841805785894
    endloop
  endfacet
  facet normal -0.11070364840082297 -0.0189659819545961 0.9936724781130073
    outer loop
      vertex -0.024678992107510567 -0.021605970337986946 0.0033853745553642511
      vertex -0.025780946016311646 -0.0073202555067837238 0.0035352753475308418
      vertex -0.027003496885299683 -0.0073202555067837238 0.0033990726806223392
    endloop
  endfacet
  facet normal -0.11240395343524136 -0.019242459498866646 0.99347625990989963
    outer loop
      vertex -0.027019327506422997 -0.021605970337986946 0.0031205841805785894
      vertex -0.024678992107510567 -0.021605970337986946 0.0033853745553642511
      vertex -0.027003496885299683 -0.0073202555067837238 0.0033990726806223392
    endloop
  endfacet
  facet normal -0.11238849276832864 -0.019093918091860184 0.99348087499718107
    outer loop
      vertex -0.025813082233071327 -0.035891685634851456 0.0029825193341821432
      vertex -0.023577038198709488 -0.035891685634851456 0.0032354739960283041
      vertex -0.024678992107510567 -0.021605970337986946 0.0033853745553642511
    endloop
  endfacet
  facet normal -0.11240427639443552 -0.019092615438609538 0.99347911436726088
    outer loop
      vertex -0.025813082233071327 -0.035891685634851456 0.0029825193341821432
      vertex -0.024678992107510567 -0.021605970337986946 0.0033853745553642511
      vertex -0.027019327506422997 -0.021605970337986946 0.0031205841805785894
    endloop
  endfacet
  facet normal -0.11237095626636653 -0.019092619792215593 0.99348288362570814
    outer loop
      vertex -0.024606835097074509 -0.050177399069070816 0.0028444547206163406
      vertex -0.02247508242726326 -0.050177399069070816 0.0030855732038617134
      vertex -0.023577038198709488 -0.035891685634851456 0.0032354739960283041
    endloop
  endfacet
  facet normal -0.11238849838474249 -0.019091301634844567 0.99348092464461035
    outer loop
      vertex -0.024606835097074509 -0.050177399069070816 0.0028444547206163406
      vertex -0.023577038198709488 -0.035891685634851456 0.0032354739960283041
      vertex -0.025813082233071327 -0.035891685634851456 0.0029825193341821432
    endloop
  endfacet
  facet normal -0.11235161562853588 -0.019091131540344961 0.99348509961758702
    outer loop
      vertex -0.023400589823722839 -0.064463116228580475 0.0027063901070505381
      vertex -0.021373128518462181 -0.064463116228580475 0.0029356724116951227
      vertex -0.02247508242726326 -0.050177399069070816 0.0030855732038617134
    endloop
  endfacet
  facet normal -0.11237096227333937 -0.019089820749184382 0.99348293673395693
    outer loop
      vertex -0.023400589823722839 -0.064463116228580475 0.0027063901070505381
      vertex -0.02247508242726326 -0.050177399069070816 0.0030855732038617134
      vertex -0.024606835097074509 -0.050177399069070816 0.0028444547206163406
    endloop
  endfacet
  facet normal -0.11061497474343408 -0.018959248776215507 0.99368248160483885
    outer loop
      vertex -0.021232940256595612 -0.078748829662799835 0.0026787095703184605
      vertex -0.020271174609661102 -0.078748829662799835 0.002785771619528532
      vertex -0.021373128518462181 -0.064463116228580475 0.0029356724116951227
    endloop
  endfacet
  facet normal -0.11404544356676412 -0.019229374988248144 0.99328941801431747
    outer loop
      vertex -0.023400589823722839 -0.064463116228580475 0.0027063901070505381
      vertex -0.022194342687726021 -0.078748829662799835 0.0025683252606540918
      vertex -0.021232940256595612 -0.078748829662799835 0.0026787095703184605
    endloop
  endfacet
  facet normal -0.11235186878156327 -0.01897278310496012 0.99348733815914447
    outer loop
      vertex -0.021373128518462181 -0.064463116228580475 0.0029356724116951227
      vertex -0.023400589823722839 -0.064463116228580475 0.0027063901070505381
      vertex -0.021232940256595612 -0.078748829662799835 0.0026787095703184605
    endloop
  endfacet
  facet normal -0.11060362752785086 -0.018958356304597163 0.99368376171894279
    outer loop
      vertex -0.020655885338783264 -0.085891686379909515 0.0026066731661558151
      vertex -0.019720198586583138 -0.085891686379909515 0.0027108213398605585
      vertex -0.020271174609661102 -0.078748829662799835 0.002785771619528532
    endloop
  endfacet
  facet normal -0.11061497796398929 -0.018957713603827538 0.99368251053590628
    outer loop
      vertex -0.020655885338783264 -0.085891686379909515 0.0026066731661558151
      vertex -0.020271174609661102 -0.078748829662799835 0.002785771619528532
      vertex -0.021232940256595612 -0.078748829662799835 0.0026787095703184605
    endloop
  endfacet
  facet normal -0.11403367734817432 -0.01922995157607835 0.99329075773050168
    outer loop
      vertex -0.021591220051050186 -0.085891686379909515 0.0024992930702865124
      vertex -0.020655885338783264 -0.085891686379909515 0.0026066731661558151
      vertex -0.021232940256595612 -0.078748829662799835 0.0026787095703184605
    endloop
  endfacet
  facet normal -0.11404544367037857 -0.01922932775833238 0.99328941891675715
    outer loop
      vertex -0.021591220051050186 -0.085891686379909515 0.0024992930702865124
      vertex -0.021232940256595612 -0.078748829662799835 0.0026787095703184605
      vertex -0.022194342687726021 -0.078748829662799835 0.0025683252606540918
    endloop
  endfacet
  facet normal -0.1206860583197262 -0.019793101297194755 0.99249337955892014
    outer loop
      vertex -0.030668297782540321 -0.0073202555067837238 0.0029656430706381798
      vertex -0.029447169974446297 -0.0073202555067837238 0.0031141308136284351
      vertex -0.030076349154114723 -0.00017739857139531523 0.0031800719443708658
    endloop
  endfacet
  facet normal -0.1206927277176723 -0.019792524584035399 0.99249258004614738
    outer loop
      vertex -0.030668297782540321 -0.0073202555067837238 0.0029656430706381798
      vertex -0.030076349154114723 -0.00017739857139531523 0.0031800719443708658
      vertex -0.031323526054620743 -0.00017739857139531523 0.003028408158570528
    endloop
  endfacet
  facet normal -0.11746085152488278 -0.019513876499643028 0.99288577237414688
    outer loop
      vertex -0.029447169974446297 -0.0073202555067837238 0.0031141308136284351
      vertex -0.028225572779774666 -0.0073202555067837238 0.003258648794144392
      vertex -0.02882869727909565 -0.00017739857139531523 0.0033276812173426151
    endloop
  endfacet
  facet normal -0.11746788424188244 -0.019513243060994591 0.99288495281023292
    outer loop
      vertex -0.029447169974446297 -0.0073202555067837238 0.0031141308136284351
      vertex -0.02882869727909565 -0.00017739857139531523 0.0033276812173426151
      vertex -0.030076349154114723 -0.00017739857139531523 0.0031800719443708658
    endloop
  endfacet
  facet normal -0.12068606122026623 -0.019791887486218313 0.99249340341226999
    outer loop
      vertex -0.029447169974446297 -0.0073202555067837238 0.0031141308136284351
      vertex -0.030668297782540321 -0.0073202555067837238 0.0029656430706381798
      vertex -0.029357844963669777 -0.021605970337986946 0.0028401128947734833
    endloop
  endfacet
  facet normal -0.11746085163518939 -0.019513828393554911 0.99288577330655858
    outer loop
      vertex -0.027019327506422997 -0.021605970337986946 0.0031205841805785894
      vertex -0.028225572779774666 -0.0073202555067837238 0.003258648794144392
      vertex -0.029447169974446297 -0.0073202555067837238 0.0031141308136284351
    endloop
  endfacet
  facet normal -0.11905878848512801 -0.019785484523632327 0.99269005207396877
    outer loop
      vertex -0.029357844963669777 -0.021605970337986946 0.0028401128947734833
      vertex -0.027019327506422997 -0.021605970337986946 0.0031205841805785894
      vertex -0.029447169974446297 -0.0073202555067837238 0.0031141308136284351
    endloop
  endfacet
  facet normal -0.11904323435199347 -0.019645609168097298 0.99269469546050804
    outer loop
      vertex -0.028047390282154083 -0.035891685634851456 0.0027145827189087868
      vertex -0.025813082233071327 -0.035891685634851456 0.0029825193341821432
      vertex -0.027019327506422997 -0.021605970337986946 0.0031205841805785894
    endloop
  endfacet
  facet normal -0.11905911974390546 -0.019644412515641477 0.99269281404809284
    outer loop
      vertex -0.028047390282154083 -0.035891685634851456 0.0027145827189087868
      vertex -0.027019327506422997 -0.021605970337986946 0.0031205841805785894
      vertex -0.029357844963669777 -0.021605970337986946 0.0028401128947734833
    endloop
  endfacet
  facet normal -0.11902570279504927 -0.01964415135028777 0.99269682652452929
    outer loop
      vertex -0.026736937463283539 -0.050177399069070816 0.0025890525430440903
      vertex -0.024606835097074509 -0.050177399069070816 0.0028444547206163406
      vertex -0.025813082233071327 -0.035891685634851456 0.0029825193341821432
    endloop
  endfacet
  facet normal -0.11904324054971625 -0.019642959914238999 0.99269474714296235
    outer loop
      vertex -0.026736937463283539 -0.050177399069070816 0.0025890525430440903
      vertex -0.025813082233071327 -0.035891685634851456 0.0029825193341821432
      vertex -0.028047390282154083 -0.035891685634851456 0.0027145827189087868
    endloop
  endfacet
  facet normal -0.11900658331663831 -0.019642538776216464 0.99269915069860148
    outer loop
      vertex -0.025426482781767845 -0.064463116228580475 0.0024635223671793938
      vertex -0.023400589823722839 -0.064463116228580475 0.0027063901070505381
      vertex -0.024606835097074509 -0.050177399069070816 0.0028444547206163406
    endloop
  endfacet
  facet normal -0.11902570927488217 -0.019641380884486689 0.99269688056755856
    outer loop
      vertex -0.025426482781767845 -0.064463116228580475 0.0024635223671793938
      vertex -0.024606835097074509 -0.050177399069070816 0.0028444547206163406
      vertex -0.026736937463283539 -0.050177399069070816 0.0025890525430440903
    endloop
  endfacet
  facet normal -0.11898516256472456 -0.019640792033595929 0.99270175298411722
    outer loop
      vertex -0.024116029962897301 -0.078748829662799835 0.0023379919584840536
      vertex -0.022194342687726021 -0.078748829662799835 0.0025683252606540918
      vertex -0.023400589823722839 -0.064463116228580475 0.0027063901070505381
    endloop
  endfacet
  facet normal -0.11900659006387819 -0.01963965327102199 0.9926992069810282
    outer loop
      vertex -0.024116029962897301 -0.078748829662799835 0.0023379919584840536
      vertex -0.023400589823722839 -0.064463116228580475 0.0027063901070505381
      vertex -0.025426482781767845 -0.064463116228580475 0.0024635223671793938
    endloop
  endfacet
  facet normal -0.12682983065245318 -0.020358625495306353 0.99171554410758933
    outer loop
      vertex -0.033109135925769806 -0.0073202555067837238 0.0026572635397315025
      vertex -0.031888946890830994 -0.0073202555067837238 0.002813312690705061
      vertex -0.032570213079452515 -0.00017739857139531523 0.002872819546610117
    endloop
  endfacet
  facet normal -0.12683675887177001 -0.020358076367207021 0.99171466931044805
    outer loop
      vertex -0.033109135925769806 -0.0073202555067837238 0.0026572635397315025
      vertex -0.032570213079452515 -0.00017739857139531523 0.002872819546610117
      vertex -0.03381643071770668 -0.00017739857139531523 0.0027134327683597803
    endloop
  endfacet
  facet normal -0.12380906352741659 -0.020074968667831965 0.99210297420250171
    outer loop
      vertex -0.031888946890830994 -0.0073202555067837238 0.002813312690705061
      vertex -0.030668297782540321 -0.0073202555067837238 0.0029656430706381798
      vertex -0.031323526054620743 -0.00017739857139531523 0.003028408158570528
    endloop
  endfacet
  facet normal -0.12381599299627116 -0.020074394446877641 0.99210212103691142
    outer loop
      vertex -0.031888946890830994 -0.0073202555067837238 0.002813312690705061
      vertex -0.031323526054620743 -0.00017739857139531523 0.003028408158570528
      vertex -0.032570213079452515 -0.00017739857139531523 0.002872819546610117
    endloop
  endfacet
  facet normal -0.12682983382743579 -0.020357396346231228 0.99171556893360679
    outer loop
      vertex -0.031888946890830994 -0.0073202555067837238 0.002813312690705061
      vertex -0.033109135925769806 -0.0073202555067837238 0.0026572635397315025
      vertex -0.031694546341896057 -0.021605970337986946 0.002544925082474947
    endloop
  endfacet
  facet normal -0.12380906361101598 -0.020074935046022091 0.99210297487239774
    outer loop
      vertex -0.029357844963669777 -0.021605970337986946 0.0028401128947734833
      vertex -0.030668297782540321 -0.0073202555067837238 0.0029656430706381798
      vertex -0.031888946890830994 -0.0073202555067837238 0.002813312690705061
    endloop
  endfacet
  facet normal -0.12530470494328963 -0.020340290926053488 0.9919097758788944
    outer loop
      vertex -0.031694546341896057 -0.021605970337986946 0.002544925082474947
      vertex -0.029357844963669777 -0.021605970337986946 0.0028401128947734833
      vertex -0.031888946890830994 -0.0073202555067837238 0.002813312690705061
    endloop
  endfacet
  facet normal -0.12528878510924499 -0.020209031667163941 0.99191446978301778
    outer loop
      vertex -0.030279958620667458 -0.035891685634851456 0.0024325868580490351
      vertex -0.028047390282154083 -0.035891685634851456 0.0027145827189087868
      vertex -0.029357844963669777 -0.021605970337986946 0.0028401128947734833
    endloop
  endfacet
  facet normal -0.1253050413513169 -0.020207924424798736 0.99191243887874803
    outer loop
      vertex -0.030279958620667458 -0.035891685634851456 0.0024325868580490351
      vertex -0.029357844963669777 -0.021605970337986946 0.0028401128947734833
      vertex -0.031694546341896057 -0.021605970337986946 0.002544925082474947
    endloop
  endfacet
  facet normal -0.12527115995566912 -0.020207421030082509 0.99191672867165326
    outer loop
      vertex -0.028865370899438858 -0.050177399069070816 0.0023202484007924795
      vertex -0.026736937463283539 -0.050177399069070816 0.0025890525430440903
      vertex -0.028047390282154083 -0.035891685634851456 0.0027145827189087868
    endloop
  endfacet
  facet normal -0.12528879189998721 -0.020206350579825508 0.99191452354549525
    outer loop
      vertex -0.028865370899438858 -0.050177399069070816 0.0023202484007924795
      vertex -0.028047390282154083 -0.035891685634851456 0.0027145827189087868
      vertex -0.030279958620667458 -0.035891685634851456 0.0024325868580490351
    endloop
  endfacet
  facet normal -0.1252516078192428 -0.020205660552471843 0.99191923361750223
    outer loop
      vertex -0.027450783178210258 -0.064463116228580475 0.002207909943535924
      vertex -0.025426482781767845 -0.064463116228580475 0.0024635223671793938
      vertex -0.026736937463283539 -0.050177399069070816 0.0025890525430440903
    endloop
  endfacet
  facet normal -0.12527116705403726 -0.020204617861030266 0.99191678487764745
    outer loop
      vertex -0.027450783178210258 -0.064463116228580475 0.002207909943535924
      vertex -0.026736937463283539 -0.050177399069070816 0.0025890525430440903
      vertex -0.028865370899438858 -0.050177399069070816 0.0023202484007924795
    endloop
  endfacet
  facet normal -0.12371961187026943 -0.020066847111380584 0.99211429749080737
    outer loop
      vertex -0.025076301768422127 -0.078748829662799835 0.0022182432003319263
      vertex -0.024116029962897301 -0.078748829662799835 0.0023379919584840536
      vertex -0.025426482781767845 -0.064463116228580475 0.0024635223671793938
    endloop
  endfacet
  facet normal -0.12673995779366584 -0.020348574311957926 0.99172724003222301
    outer loop
      vertex -0.027450783178210258 -0.064463116228580475 0.002207909943535924
      vertex -0.02603619359433651 -0.078748829662799835 0.0020955717191100121
      vertex -0.025076301768422127 -0.078748829662799835 0.0022182432003319263
    endloop
  endfacet
  facet normal -0.12525187187904049 -0.020101093646421875 0.99192132481614403
    outer loop
      vertex -0.025426482781767845 -0.064463116228580475 0.0024635223671793938
      vertex -0.027450783178210258 -0.064463116228580475 0.002207909943535924
      vertex -0.025076301768422127 -0.078748829662799835 0.0022182432003319263
    endloop
  endfacet
  facet normal -0.12370811880096433 -0.020065789444186462 0.99211575203537028
    outer loop
      vertex -0.024395037442445755 -0.085891686379909515 0.0021587361115962267
      vertex -0.023460803553462029 -0.085891686379909515 0.0022752268705517054
      vertex -0.024116029962897301 -0.078748829662799835 0.0023379919584840536
    endloop
  endfacet
  facet normal -0.12371961570112268 -0.020065304631151151 0.99211432821062795
    outer loop
      vertex -0.024395037442445755 -0.085891686379909515 0.0021587361115962267
      vertex -0.024116029962897301 -0.078748829662799835 0.0023379919584840536
      vertex -0.025076301768422127 -0.078748829662799835 0.0022182432003319263
    endloop
  endfacet
  facet normal -0.12672796365063885 -0.020349019731858306 0.99172876363697071
    outer loop
      vertex -0.025328900665044785 -0.085891686379909515 0.0020394024904817343
      vertex -0.024395037442445755 -0.085891686379909515 0.0021587361115962267
      vertex -0.025076301768422127 -0.078748829662799835 0.0022182432003319263
    endloop
  endfacet
  facet normal -0.12673995783721625 -0.020348557432244046 0.99172724037300053
    outer loop
      vertex -0.025328900665044785 -0.085891686379909515 0.0020394024904817343
      vertex -0.025076301768422127 -0.078748829662799835 0.0022182432003319263
      vertex -0.02603619359433651 -0.078748829662799835 0.0020955717191100121
    endloop
  endfacet
  facet normal -0.13144299558760666 -0.02080939847115262 0.99110529604387909
    outer loop
      vertex -0.034029409289360046 -0.021605970337986946 0.0022352694068104029
      vertex -0.031694546341896057 -0.021605970337986946 0.002544925082474947
      vertex -0.033109135925769806 -0.0073202555067837238 0.0026572635397315025
    endloop
  endfacet
  facet normal -0.13145810535257865 -0.020808366555441715 0.99110331369560289
    outer loop
      vertex -0.034029409289360046 -0.021605970337986946 0.0022352694068104029
      vertex -0.033109135925769806 -0.0073202555067837238 0.0026572635397315025
      vertex -0.035548049956560135 -0.0073202555067837238 0.0023337705060839653
    endloop
  endfacet
  facet normal -0.13142657924716453 -0.020807756327466898 0.99110750756111499
    outer loop
      vertex -0.032510772347450256 -0.035891685634851456 0.0021367680747061968
      vertex -0.030279958620667458 -0.035891685634851456 0.0024325868580490351
      vertex -0.031694546341896057 -0.021605970337986946 0.002544925082474947
    endloop
  endfacet
  facet normal -0.13144300281720595 -0.020806756325629443 0.99110535055643889
    outer loop
      vertex -0.032510772347450256 -0.035891685634851456 0.0021367680747061968
      vertex -0.031694546341896057 -0.021605970337986946 0.002544925082474947
      vertex -0.034029409289360046 -0.021605970337986946 0.0022352694068104029
    endloop
  endfacet
  facet normal -0.13140845620032574 -0.02080599981566943 0.99110994748853032
    outer loop
      vertex -0.030992133542895317 -0.050177399069070816 0.0020382669754326344
      vertex -0.028865370899438858 -0.050177399069070816 0.0023202484007924795
      vertex -0.030279958620667458 -0.035891685634851456 0.0024325868580490351
    endloop
  endfacet
  facet normal -0.13142658670509616 -0.020805030173818028 0.99110756380249387
    outer loop
      vertex -0.030992133542895317 -0.050177399069070816 0.0020382669754326344
      vertex -0.030279958620667458 -0.035891685634851456 0.0024325868580490351
      vertex -0.032510772347450256 -0.035891685634851456 0.0021367680747061968
    endloop
  endfacet
  facet normal -0.13138858060589648 -0.02080404732993546 0.99111262352018381
    outer loop
      vertex -0.029473494738340378 -0.064463116228580475 0.0019397656433284283
      vertex -0.027450783178210258 -0.064463116228580475 0.002207909943535924
      vertex -0.028865370899438858 -0.050177399069070816 0.0023202484007924795
    endloop
  endfacet
  facet normal -0.13140846404615897 -0.02080313122171722 0.99111000666343874
    outer loop
      vertex -0.029473494738340378 -0.064463116228580475 0.0019397656433284283
      vertex -0.028865370899438858 -0.050177399069070816 0.0023202484007924795
      vertex -0.030992133542895317 -0.050177399069070816 0.0020382669754326344
    endloop
  endfacet
  facet normal -0.1298119907569264 -0.020649596690250953 0.9913235804782683
    outer loop
      vertex -0.026995714753866196 -0.078748829662799835 0.001969924196600914
      vertex -0.02603619359433651 -0.078748829662799835 0.0020955717191100121
      vertex -0.027450783178210258 -0.064463116228580475 0.002207909943535924
    endloop
  endfacet
  facet normal -0.13292058496126616 -0.020962460536599413 0.99090498704053664
    outer loop
      vertex -0.029473494738340378 -0.064463116228580475 0.0019397656433284283
      vertex -0.027954855933785439 -0.078748829662799835 0.001841264427639544
      vertex -0.026995714753866196 -0.078748829662799835 0.001969924196600914
    endloop
  endfacet
  facet normal -0.13138887435060234 -0.020696350569286977 0.9911148393450655
    outer loop
      vertex -0.027450783178210258 -0.064463116228580475 0.002207909943535924
      vertex -0.029473494738340378 -0.064463116228580475 0.0019397656433284283
      vertex -0.026995714753866196 -0.078748829662799835 0.001969924196600914
    endloop
  endfacet
  facet normal -0.1298001357318237 -0.020648417499369163 0.9913251573619889
    outer loop
      vertex -0.026262402534484863 -0.085891686379909515 0.0019171735038980842
      vertex -0.025328900665044785 -0.085891686379909515 0.0020394024904817343
      vertex -0.02603619359433651 -0.078748829662799835 0.0020955717191100121
    endloop
  endfacet
  facet normal -0.12981199502962165 -0.020648003355336148 0.99132361310717676
    outer loop
      vertex -0.026262402534484863 -0.085891686379909515 0.0019171735038980842
      vertex -0.02603619359433651 -0.078748829662799835 0.0020955717191100121
      vertex -0.026995714753866196 -0.078748829662799835 0.001969924196600914
    endloop
  endfacet
  facet normal -0.13290881435473609 -0.020962854341726584 0.9909065575545789
    outer loop
      vertex -0.027195535600185394 -0.085891686379909515 0.001792013761587441
      vertex -0.026262402534484863 -0.085891686379909515 0.0019171735038980842
      vertex -0.026995714753866196 -0.078748829662799835 0.001969924196600914
    endloop
  endfacet
  facet normal -0.13292058489047676 -0.020962485931265359 0.99090498651281134
    outer loop
      vertex -0.027195535600185394 -0.085891686379909515 0.001792013761587441
      vertex -0.026995714753866196 -0.078748829662799835 0.001969924196600914
      vertex -0.027954855933785439 -0.078748829662799835 0.001841264427639544
    endloop
  endfacet
  facet normal -0.13885340206426652 -0.021596791702916979 0.99007742693353018
    outer loop
      vertex -0.037984944880008698 -0.0073202555067837238 0.0019955935422331095
      vertex -0.036766741424798965 -0.0073202555067837238 0.0021664404775947332
      vertex -0.037552054971456528 -0.00017739857139531523 0.0022121130023151636
    endloop
  endfacet
  facet normal -0.13886042786927189 -0.021596336339056083 0.99007645150700008
    outer loop
      vertex -0.037984944880008698 -0.0073202555067837238 0.0019955935422331095
      vertex -0.037552054971456528 -0.00017739857139531523 0.0022121130023151636
      vertex -0.038796242326498032 -0.00017739857139531523 0.0020376129541546106
    endloop
  endfacet
  facet normal -0.13599599618578934 -0.021286455324080151 0.99048067918620741
    outer loop
      vertex -0.036766741424798965 -0.0073202555067837238 0.0021664404775947332
      vertex -0.035548049956560135 -0.0073202555067837238 0.0023337705060839653
      vertex -0.03630736842751503 -0.00017739857139531523 0.0023830211721360683
    endloop
  endfacet
  facet normal -0.13600297909152562 -0.021285977477243114 0.9904797306563462
    outer loop
      vertex -0.036766741424798965 -0.0073202555067837238 0.0021664404775947332
      vertex -0.03630736842751503 -0.00017739857139531523 0.0023830211721360683
      vertex -0.037552054971456528 -0.00017739857139531523 0.0022121130023151636
    endloop
  endfacet
  facet normal -0.13885340587007408 -0.021595523142342213 0.99007745407038172
    outer loop
      vertex -0.036766741424798965 -0.0073202555067837238 0.0021664404775947332
      vertex -0.037984944880008698 -0.0073202555067837238 0.0019955935422331095
      vertex -0.036362353712320328 -0.021605970337986946 0.0019115544855594635
    endloop
  endfacet
  facet normal -0.1359959961340011 -0.021286473205610043 0.99048067880902535
    outer loop
      vertex -0.034029409289360046 -0.021605970337986946 0.0022352694068104029
      vertex -0.035548049956560135 -0.0073202555067837238 0.0023337705060839653
      vertex -0.036766741424798965 -0.0073202555067837238 0.0021664404775947332
    endloop
  endfacet
  facet normal -0.13740932599933264 -0.021558254160145587 0.99027971745662624
    outer loop
      vertex -0.036362353712320328 -0.021605970337986946 0.0019115544855594635
      vertex -0.034029409289360046 -0.021605970337986946 0.0022352694068104029
      vertex -0.036766741424798965 -0.0073202555067837238 0.0021664404775947332
    endloop
  endfacet
  facet normal -0.13739339882209864 -0.021433651734272904 0.99028463207981066
    outer loop
      vertex -0.03473975881934166 -0.035891685634851456 0.0018275155453011394
      vertex -0.032510772347450256 -0.035891685634851456 0.0021367680747061968
      vertex -0.034029409289360046 -0.021605970337986946 0.0022352694068104029
    endloop
  endfacet
  facet normal -0.13740969679013165 -0.021432777321881896 0.99028238966686399
    outer loop
      vertex -0.03473975881934166 -0.035891685634851456 0.0018275155453011394
      vertex -0.034029409289360046 -0.021605970337986946 0.0022352694068104029
      vertex -0.036362353712320328 -0.021605970337986946 0.0019115544855594635
    endloop
  endfacet
  facet normal -0.1373755027895035 -0.021431771269784131 0.99028715553296498
    outer loop
      vertex -0.033117163926362991 -0.050177399069070816 0.0017434766050428152
      vertex -0.030992133542895317 -0.050177399069070816 0.0020382669754326344
      vertex -0.032510772347450256 -0.035891685634851456 0.0021367680747061968
    endloop
  endfacet
  facet normal -0.13739340680087023 -0.021430943402357783 0.9902846895880677
    outer loop
      vertex -0.033117163926362991 -0.050177399069070816 0.0017434766050428152
      vertex -0.032510772347450256 -0.035891685634851456 0.0021367680747061968
      vertex -0.03473975881934166 -0.035891685634851456 0.0018275155453011394
    endloop
  endfacet
  facet normal -0.13735570963231786 -0.021429696955745387 0.99028994598541054
    outer loop
      vertex -0.031494569033384323 -0.064463116228580475 0.0016594375483691692
      vertex -0.029473494738340378 -0.064463116228580475 0.0019397656433284283
      vertex -0.030992133542895317 -0.050177399069070816 0.0020382669754326344
    endloop
  endfacet
  facet normal -0.137375511163568 -0.021428928129843889 0.99028721589837476
    outer loop
      vertex -0.031494569033384323 -0.064463116228580475 0.0016594375483691692
      vertex -0.030992133542895317 -0.050177399069070816 0.0020382669754326344
      vertex -0.033117163926362991 -0.050177399069070816 0.0017434766050428152
    endloop
  endfacet
  facet normal -0.13733376974649122 -0.021427383486567905 0.99029303891531895
    outer loop
      vertex -0.029871974140405655 -0.078748829662799835 0.0015753986081108451
      vertex -0.027954855933785439 -0.078748829662799835 0.001841264427639544
      vertex -0.029473494738340378 -0.064463116228580475 0.0019397656433284283
    endloop
  endfacet
  facet normal -0.13735571847494144 -0.021426693997124574 0.99029000973784742
    outer loop
      vertex -0.029871974140405655 -0.078748829662799835 0.0015753986081108451
      vertex -0.029473494738340378 -0.064463116228580475 0.0019397656433284283
      vertex -0.031494569033384323 -0.064463116228580475 0.0016594375483691692
    endloop
  endfacet
  facet normal -0.14419067920964557 -0.022205647558286093 0.98930074155717607
    outer loop
      vertex -0.040419936180114746 -0.0073202555067837238 0.0016439687460660934
      vertex -0.039202675223350525 -0.0073202555067837238 0.0018213846487924457
      vertex -0.040039945393800735 -0.00017739857139531523 0.0018596795853227377
    endloop
  endfacet
  facet normal -0.14419686991701294 -0.022205291212670019 0.98929984723960041
    outer loop
      vertex -0.040419936180114746 -0.0073202555067837238 0.0016439687460660934
      vertex -0.040039945393800735 -0.00017739857139531523 0.0018596795853227377
      vertex -0.041283175349235535 -0.00017739857139531523 0.0016784707549959421
    endloop
  endfacet
  facet normal -0.14158448537893337 -0.021903429562746362 0.98968382490236373
    outer loop
      vertex -0.039202675223350525 -0.0073202555067837238 0.0018213846487924457
      vertex -0.037984944880008698 -0.0073202555067837238 0.0019955935422331095
      vertex -0.038796242326498032 -0.00017739857139531523 0.0020376129541546106
    endloop
  endfacet
  facet normal -0.14159135603209044 -0.021903009144485588 0.98968285126469191
    outer loop
      vertex -0.039202675223350525 -0.0073202555067837238 0.0018213846487924457
      vertex -0.038796242326498032 -0.00017739857139531523 0.0020376129541546106
      vertex -0.040039945393800735 -0.00017739857139531523 0.0018596795853227377
    endloop
  endfacet
  facet normal -0.1441906828315663 -0.022204516890083181 0.98930076640738762
    outer loop
      vertex -0.039202675223350525 -0.0073202555067837238 0.0018213846487924457
      vertex -0.040419936180114746 -0.0073202555067837238 0.0016439687460660934
      vertex -0.038693461567163467 -0.021605970337986946 0.0015749646117910743
    endloop
  endfacet
  facet normal -0.14158448544797683 -0.021903407309842977 0.98968382538498156
    outer loop
      vertex -0.036362353712320328 -0.021605970337986946 0.0019115544855594635
      vertex -0.037984944880008698 -0.0073202555067837238 0.0019955935422331095
      vertex -0.039202675223350525 -0.0073202555067837238 0.0018213846487924457
    endloop
  endfacet
  facet normal -0.14287338582779852 -0.022160875147166526 0.98949284546923966
    outer loop
      vertex -0.038693461567163467 -0.021605970337986946 0.0015749646117910743
      vertex -0.036362353712320328 -0.021605970337986946 0.0019115544855594635
      vertex -0.039202675223350525 -0.0073202555067837238 0.0018213846487924457
    endloop
  endfacet
  facet normal -0.14285845350605558 -0.022047038986195058 0.98949754437987336
    outer loop
      vertex -0.03696698322892189 -0.035891685634851456 0.0015059605939313769
      vertex -0.03473975881934166 -0.035891685634851456 0.0018275155453011394
      vertex -0.036362353712320328 -0.021605970337986946 0.0019115544855594635
    endloop
  endfacet
  facet normal -0.14287374774235559 -0.02204632942593597 0.98949535196730298
    outer loop
      vertex -0.03696698322892189 -0.035891685634851456 0.0015059605939313769
      vertex -0.036362353712320328 -0.021605970337986946 0.0019115544855594635
      vertex -0.038693461567163467 -0.021605970337986946 0.0015749646117910743
    endloop
  endfacet
  facet normal -0.14284147875086933 -0.022045128506588244 0.98950003752268378
    outer loop
      vertex -0.035240508615970612 -0.050177399069070816 0.0014369564596563578
      vertex -0.033117163926362991 -0.050177399069070816 0.0017434766050428152
      vertex -0.03473975881934166 -0.035891685634851456 0.0018275155453011394
    endloop
  endfacet
  facet normal -0.1428584616115581 -0.02204446658957266 0.9894976005219821
    outer loop
      vertex -0.035240508615970612 -0.050177399069070816 0.0014369564596563578
      vertex -0.03473975881934166 -0.035891685634851456 0.0018275155453011394
      vertex -0.03696698322892189 -0.035891685634851456 0.0015059605939313769
    endloop
  endfacet
  facet normal -0.14282264579812562 -0.022043008014155024 0.98950280325267947
    outer loop
      vertex -0.033514034003019333 -0.064463116228580475 0.0013679524417966604
      vertex -0.031494569033384323 -0.064463116228580475 0.0016594375483691692
      vertex -0.033117163926362991 -0.050177399069070816 0.0017434766050428152
    endloop
  endfacet
  facet normal -0.14284148730414536 -0.022042413435794564 0.98950009677344908
    outer loop
      vertex -0.033514034003019333 -0.064463116228580475 0.0013679524417966604
      vertex -0.033117163926362991 -0.050177399069070816 0.0017434766050428152
      vertex -0.035240508615970612 -0.050177399069070816 0.0014369564596563578
    endloop
  endfacet
  facet normal -0.14149696981165238 -0.021893573046127761 0.98969655904898146
    outer loop
      vertex -0.030829958617687225 -0.078748829662799835 0.001438435516320169
      vertex -0.029871974140405655 -0.078748829662799835 0.0015753986081108451
      vertex -0.031494569033384323 -0.064463116228580475 0.0016594375483691692
    endloop
  endfacet
  facet normal -0.14410709918995046 -0.022194515198024907 0.98931316955662862
    outer loop
      vertex -0.033514034003019333 -0.064463116228580475 0.0013679524417966604
      vertex -0.031787555664777756 -0.078748829662799835 0.0012989483075216413
      vertex -0.030829958617687225 -0.078748829662799835 0.001438435516320169
    endloop
  endfacet
  facet normal -0.1428229309398282 -0.021952293511783655 0.98950477876932441
    outer loop
      vertex -0.031494569033384323 -0.064463116228580475 0.0016594375483691692
      vertex -0.033514034003019333 -0.064463116228580475 0.0013679524417966604
      vertex -0.030829958617687225 -0.078748829662799835 0.001438435516320169
    endloop
  endfacet
  facet normal -0.14148552296398634 -0.021892290753295476 0.98969822390321627
    outer loop
      vertex -0.029992686584591866 -0.085891686379909515 0.0014001405797898769
      vertex -0.029060676693916321 -0.085891686379909515 0.0015333790797740221
      vertex -0.029871974140405655 -0.078748829662799835 0.0015753986081108451
    endloop
  endfacet
  facet normal -0.14149697450969714 -0.021892057182306933 0.98969659190932291
    outer loop
      vertex -0.029992686584591866 -0.085891686379909515 0.0014001405797898769
      vertex -0.029871974140405655 -0.078748829662799835 0.0015753986081108451
      vertex -0.030829958617687225 -0.078748829662799835 0.001438435516320169
    endloop
  endfacet
  facet normal -0.14409594356019151 -0.022194656430223589 0.98931479129518829
    outer loop
      vertex -0.030924318358302116 -0.085891686379909515 0.0012644462985917926
      vertex -0.029992686584591866 -0.085891686379909515 0.0014001405797898769
      vertex -0.030829958617687225 -0.078748829662799835 0.001438435516320169
    endloop
  endfacet
  facet normal -0.14410709933592736 -0.022194469579665362 0.98931317055877832
    outer loop
      vertex -0.030924318358302116 -0.085891686379909515 0.0012644462985917926
      vertex -0.030829958617687225 -0.078748829662799835 0.001438435516320169
      vertex -0.031787555664777756 -0.078748829662799835 0.0012989483075216413
    endloop
  endfacet
  facet normal -0.14794108683972126 -0.022655040490045551 0.9887366605750374
    outer loop
      vertex -0.041121784597635269 -0.021605970337986946 0.00121162342838943
      vertex -0.038693461567163467 -0.021605970337986946 0.0015749646117910743
      vertex -0.040419936180114746 -0.0073202555067837238 0.0016439687460660934
    endloop
  endfacet
  facet normal -0.14795519213563249 -0.022654284153586855 0.98873456727758657
    outer loop
      vertex -0.041121784597635269 -0.021605970337986946 0.00121162342838943
      vertex -0.040419936180114746 -0.0073202555067837238 0.0016439687460660934
      vertex -0.042956486344337463 -0.0073202555067837238 0.001264396938495338
    endloop
  endfacet
  facet normal -0.14792549064310009 -0.022653196893753117 0.98873903629243398
    outer loop
      vertex -0.039287082850933075 -0.035891685634851456 0.0011588499182835221
      vertex -0.03696698322892189 -0.035891685634851456 0.0015059605939313769
      vertex -0.038693461567163467 -0.021605970337986946 0.0015749646117910743
    endloop
  endfacet
  facet normal -0.14794109542228648 -0.022652480931588854 0.98873671793501128
    outer loop
      vertex -0.039287082850933075 -0.035891685634851456 0.0011588499182835221
      vertex -0.038693461567163467 -0.021605970337986946 0.0015749646117910743
      vertex -0.041121784597635269 -0.021605970337986946 0.00121162342838943
    endloop
  endfacet
  facet normal -0.14790851012778797 -0.022651129679192351 0.98874162396251652
    outer loop
      vertex -0.037452381104230881 -0.050177399069070816 0.001106076524592936
      vertex -0.035240508615970612 -0.050177399069070816 0.0014369564596563578
      vertex -0.03696698322892189 -0.035891685634851456 0.0015059605939313769
    endloop
  endfacet
  facet normal -0.14792549974587446 -0.022650481677791622 0.98873909713568897
    outer loop
      vertex -0.037452381104230881 -0.050177399069070816 0.001106076524592936
      vertex -0.03696698322892189 -0.035891685634851456 0.0015059605939313769
      vertex -0.039287082850933075 -0.035891685634851456 0.0011588499182835221
    endloop
  endfacet
  facet normal -0.14789014525231234 -0.022648909775967795 0.98874442189233613
    outer loop
      vertex -0.035617675632238388 -0.064463116228580475 0.0010533030144870281
      vertex -0.033514034003019333 -0.064463116228580475 0.0013679524417966604
      vertex -0.035240508615970612 -0.050177399069070816 0.0014369564596563578
    endloop
  endfacet
  facet normal -0.14790851944072664 -0.022648351197866179 0.98874168621782621
    outer loop
      vertex -0.035617675632238388 -0.064463116228580475 0.0010533030144870281
      vertex -0.035240508615970612 -0.050177399069070816 0.0014369564596563578
      vertex -0.037452381104230881 -0.050177399069070816 0.001106076524592936
    endloop
  endfacet
  facet normal -0.14786919152242262 -0.022646445383743549 0.98874761223984065
    outer loop
      vertex -0.033782973885536194 -0.078748829662799835 0.0010005295043811202
      vertex -0.031787555664777756 -0.078748829662799835 0.0012989483075216413
      vertex -0.033514034003019333 -0.064463116228580475 0.0013679524417966604
    endloop
  endfacet
  facet normal -0.1478901551024249 -0.022645970366997531 0.98874448774691914
    outer loop
      vertex -0.033782973885536194 -0.078748829662799835 0.0010005295043811202
      vertex -0.033514034003019333 -0.064463116228580475 0.0013679524417966604
      vertex -0.035617675632238388 -0.064463116228580475 0.0010533030144870281
    endloop
  endfacet
  facet normal -0.1556105611990877 -0.023644030041186842 0.98753547434343669
    outer loop
      vertex -0.045284092426300049 -0.0073202555067837238 0.00090188428293913603
      vertex -0.044120602309703827 -0.0073202555067837238 0.0010852208361029625
      vertex -0.045062784105539322 -0.00017739857139531523 0.0011077744420617819
    endloop
  endfacet
  facet normal -0.15562123991363944 -0.023643650937685511 0.98753380066612328
    outer loop
      vertex -0.045284092426300049 -0.0073202555067837238 0.00090188428293913603
      vertex -0.045062784105539322 -0.00017739857139531523 0.0011077744420617819
      vertex -0.046251092106103897 -0.00017739857139531523 0.00092051405226811767
    endloop
  endfacet
  facet normal -0.15208376300063509 -0.023182185967910694 0.98809570148104364
    outer loop
      vertex -0.044120602309703827 -0.0073202555067837238 0.0010852208361029625
      vertex -0.042956486344337463 -0.0073202555067837238 0.001264396938495338
      vertex -0.04387383908033371 -0.00017739857139531523 0.001290783635340631
    endloop
  endfacet
  facet normal -0.15209310094123982 -0.023181822253154117 0.98809427271040351
    outer loop
      vertex -0.044120602309703827 -0.0073202555067837238 0.0010852208361029625
      vertex -0.04387383908033371 -0.00017739857139531523 0.001290783635340631
      vertex -0.045062784105539322 -0.00017739857139531523 0.0011077744420617819
    endloop
  endfacet
  facet normal -0.15561056803697035 -0.023642172513540755 0.98753551773799586
    outer loop
      vertex -0.044120602309703827 -0.0073202555067837238 0.0010852208361029625
      vertex -0.045284092426300049 -0.0073202555067837238 0.00090188428293913603
      vertex -0.043350096791982651 -0.021605970337986946 0.00086462468607351184
    endloop
  endfacet
  facet normal -0.15208376311756405 -0.023182152820332473 0.98809570224073695
    outer loop
      vertex -0.041121784597635269 -0.021605970337986946 0.00121162342838943
      vertex -0.042956486344337463 -0.0073202555067837238 0.001264396938495338
      vertex -0.044120602309703827 -0.0073202555067837238 0.0010852208361029625
    endloop
  endfacet
  facet normal -0.15382556041504519 -0.02355024915178755 0.98781733267233451
    outer loop
      vertex -0.043350096791982651 -0.021605970337986946 0.00086462468607351184
      vertex -0.041121784597635269 -0.021605970337986946 0.00121162342838943
      vertex -0.044120602309703827 -0.0073202555067837238 0.0010852208361029625
    endloop
  endfacet
  facet normal -0.15380245767812806 -0.023401880460099694 0.98782445606651126
    outer loop
      vertex -0.041416104882955551 -0.035891685634851456 0.00082736508920788765
      vertex -0.039287082850933075 -0.035891685634851456 0.0011588499182835221
      vertex -0.041121784597635269 -0.021605970337986946 0.00121162342838943
    endloop
  endfacet
  facet normal -0.15382609861279975 -0.023401294757286421 0.98782078880192004
    outer loop
      vertex -0.041416104882955551 -0.035891685634851456 0.00082736508920788765
      vertex -0.041121784597635269 -0.021605970337986946 0.00121162342838943
      vertex -0.043350096791982651 -0.021605970337986946 0.00086462468607351184
    endloop
  endfacet
  facet normal -0.15377684850683793 -0.02339860151323753 0.98782852070110294
    outer loop
      vertex -0.039482109248638153 -0.050177399069070816 0.00079010549234226346
      vertex -0.037452381104230881 -0.050177399069070816 0.001106076524592936
      vertex -0.039287082850933075 -0.035891685634851456 0.0011588499182835221
    endloop
  endfacet
  facet normal -0.15380247111483453 -0.023398149028048053 0.98782454236621986
    outer loop
      vertex -0.039482109248638153 -0.050177399069070816 0.00079010549234226346
      vertex -0.039287082850933075 -0.035891685634851456 0.0011588499182835221
      vertex -0.041416104882955551 -0.035891685634851456 0.00082736508920788765
    endloop
  endfacet
  facet normal -0.15374825664607775 -0.02339498828459079 0.98783305679727884
    outer loop
      vertex -0.037548113614320755 -0.064463116228580475 0.00075284589547663927
      vertex -0.035617675632238388 -0.064463116228580475 0.0010533030144870281
      vertex -0.037452381104230881 -0.050177399069070816 0.001106076524592936
    endloop
  endfacet
  facet normal -0.15377686259963197 -0.023394686666535471 0.98782861123010024
    outer loop
      vertex -0.037548113614320755 -0.064463116228580475 0.00075284589547663927
      vertex -0.037452381104230881 -0.050177399069070816 0.001106076524592936
      vertex -0.039482109248638153 -0.050177399069070816 0.00079010549234226346
    endloop
  endfacet
  facet normal -0.15196331034391483 -0.023166755236681505 0.98811459546002178
    outer loop
      vertex -0.034698788076639175 -0.078748829662799835 0.00085968535859137774
      vertex -0.033782973885536194 -0.078748829662799835 0.0010005295043811202
      vertex -0.035617675632238388 -0.064463116228580475 0.0010533030144870281
    endloop
  endfacet
  facet normal -0.15546984597380362 -0.023623182907075876 0.98755813612274013
    outer loop
      vertex -0.037548113614320755 -0.064463116228580475 0.00075284589547663927
      vertex -0.035614117980003357 -0.078748829662799835 0.00071558629861101508
      vertex -0.034698788076639175 -0.078748829662799835 0.00085968535859137774
    endloop
  endfacet
  facet normal -0.15374867728641745 -0.023277814715167967 0.98783575941285073
    outer loop
      vertex -0.035617675632238388 -0.064463116228580475 0.0010533030144870281
      vertex -0.037548113614320755 -0.064463116228580475 0.00075284589547663927
      vertex -0.034698788076639175 -0.078748829662799835 0.00085968535859137774
    endloop
  endfacet
  facet normal -0.15194805690998162 -0.023164757414118227 0.98811698802076353
    outer loop
      vertex -0.03375660628080368 -0.085891686379909515 0.00083713181084021926
      vertex -0.032865624874830246 -0.085891686379909515 0.00097414280753582716
      vertex -0.033782973885536194 -0.078748829662799835 0.0010005295043811202
    endloop
  endfacet
  facet normal -0.15196331737139199 -0.023164760061427907 0.98811464115495129
    outer loop
      vertex -0.03375660628080368 -0.085891686379909515 0.00083713181084021926
      vertex -0.033782973885536194 -0.078748829662799835 0.0010005295043811202
      vertex -0.034698788076639175 -0.078748829662799835 0.00085968535859137774
    endloop
  endfacet
  facet normal -0.15545116486501576 -0.02362307831740711 0.98756107938340665
    outer loop
      vertex -0.034647122025489807 -0.085891686379909515 0.00069695647107437253
      vertex -0.03375660628080368 -0.085891686379909515 0.00083713181084021926
      vertex -0.034698788076639175 -0.078748829662799835 0.00085968535859137774
    endloop
  endfacet
  facet normal -0.15546984610792325 -0.023623146409372561 0.98755813697467965
    outer loop
      vertex -0.034647122025489807 -0.085891686379909515 0.00069695647107437253
      vertex -0.034698788076639175 -0.078748829662799835 0.00085968535859137774
      vertex -0.035614117980003357 -0.078748829662799835 0.00071558629861101508
    endloop
  endfacet
  facet normal -0.16136256243982219 -0.024414770897918249 0.98659314938066367
    outer loop
      vertex -0.046693343669176102 -0.014463112689554691 0.00049457990098744631
      vertex -0.045674555003643036 -0.021605970337986946 0.00048444716958329082
      vertex -0.043350096791982651 -0.021605970337986946 0.00086462468607351184
    endloop
  endfacet
  facet normal -0.16138344447360226 -0.024417745952920906 0.98658966015888017
    outer loop
      vertex -0.045284092426300049 -0.0073202555067837238 0.00090188428293913603
      vertex -0.047712132334709167 -0.0073202555067837238 0.0005047126323916018
      vertex -0.046693343669176102 -0.014463112689554691 0.00049457990098744631
    endloop
  endfacet
  facet normal -0.1613732193234336 -0.024419855720999615 0.98659128048638078
    outer loop
      vertex -0.043350096791982651 -0.021605970337986946 0.00086462468607351184
      vertex -0.045284092426300049 -0.0073202555067837238 0.00090188428293913603
      vertex -0.046693343669176102 -0.014463112689554691 0.00049457990098744631
    endloop
  endfacet
  facet normal -0.16133998314694586 -0.024411548552954916 0.98659692181528225
    outer loop
      vertex -0.04465576633810997 -0.028748827055096626 0.00047431443817913532
      vertex -0.043636977672576904 -0.035891685634851456 0.00046418173587881029
      vertex -0.041416104882955551 -0.035891685634851456 0.00082736508920788765
    endloop
  endfacet
  facet normal -0.16136256242728111 -0.024414774079344743 0.98659314930398567
    outer loop
      vertex -0.043350096791982651 -0.021605970337986946 0.00086462468607351184
      vertex -0.045674555003643036 -0.021605970337986946 0.00048444716958329082
      vertex -0.04465576633810997 -0.028748827055096626 0.00047431443817913532
    endloop
  endfacet
  facet normal -0.16135153146389591 -0.024416886197022192 0.98659490114367443
    outer loop
      vertex -0.041416104882955551 -0.035891685634851456 0.00082736508920788765
      vertex -0.043350096791982651 -0.021605970337986946 0.00086462468607351184
      vertex -0.04465576633810997 -0.028748827055096626 0.00047431443817913532
    endloop
  endfacet
  facet normal -0.16131493107982425 -0.024407991687827188 0.98660110630004794
    outer loop
      vertex -0.042618189007043839 -0.043034542351961136 0.00045404900447465479
      vertex -0.041599400341510773 -0.050177399069070816 0.0004439162730704993
      vertex -0.039482109248638153 -0.050177399069070816 0.00079010549234226346
    endloop
  endfacet
  facet normal -0.16133998310604103 -0.024411558932498707 0.98659692156514833
    outer loop
      vertex -0.041416104882955551 -0.035891685634851456 0.00082736508920788765
      vertex -0.043636977672576904 -0.035891685634851456 0.00046418173587881029
      vertex -0.042618189007043839 -0.043034542351961136 0.00045404900447465479
    endloop
  endfacet
  facet normal -0.16132774083363108 -0.024413721039297911 0.98659886998847324
    outer loop
      vertex -0.039482109248638153 -0.050177399069070816 0.00079010549234226346
      vertex -0.041416104882955551 -0.035891685634851456 0.00082736508920788765
      vertex -0.042618189007043839 -0.043034542351961136 0.00045404900447465479
    endloop
  endfacet
  facet normal -0.16128699715885819 -0.02440399733202734 0.98660577205979128
    outer loop
      vertex -0.040580615401268005 -0.057320255786180496 0.00043378354166634381
      vertex -0.03956182673573494 -0.064463116228580475 0.00042365083936601877
      vertex -0.037548113614320755 -0.064463116228580475 0.00075284589547663927
    endloop
  endfacet
  facet normal -0.16131493141108397 -0.024407907605651053 0.98660110832603032
    outer loop
      vertex -0.039482109248638153 -0.050177399069070816 0.00079010549234226346
      vertex -0.041599400341510773 -0.050177399069070816 0.0004439162730704993
      vertex -0.040580615401268005 -0.057320255786180496 0.00043378354166634381
    endloop
  endfacet
  facet normal -0.16130118480542793 -0.024410131083154828 0.98660330086659864
    outer loop
      vertex -0.037548113614320755 -0.064463116228580475 0.00075284589547663927
      vertex -0.039482109248638153 -0.050177399069070816 0.00079010549234226346
      vertex -0.040580615401268005 -0.057320255786180496 0.00043378354166634381
    endloop
  endfacet
  facet normal -0.16125635394931295 -0.024399650683895727 0.98661088852570333
    outer loop
      vertex -0.038543038070201874 -0.071605972945690155 0.00041351810796186328
      vertex -0.037524249404668808 -0.078748829662799835 0.00040338537655770779
      vertex -0.035614117980003357 -0.078748829662799835 0.00071558629861101508
    endloop
  endfacet
  facet normal -0.16128699709293867 -0.024404014069691615 0.98660577165655627
    outer loop
      vertex -0.037548113614320755 -0.064463116228580475 0.00075284589547663927
      vertex -0.03956182673573494 -0.064463116228580475 0.00042365083936601877
      vertex -0.038543038070201874 -0.071605972945690155 0.00041351810796186328
    endloop
  endfacet
  facet normal -0.16127206303665598 -0.024406207622133708 0.98660815864932239
    outer loop
      vertex -0.035614117980003357 -0.078748829662799835 0.00071558629861101508
      vertex -0.037548113614320755 -0.064463116228580475 0.00075284589547663927
      vertex -0.038543038070201874 -0.071605972945690155 0.00041351810796186328
    endloop
  endfacet
  facet normal -0.16668005569667546 -0.025175825855609551 0.98568957427044002
    outer loop
      vertex -0.049531687051057816 -0.0073202555067837238 0.00019868079107254744
      vertex -0.048925206065177917 -0.0073202555067837238 0.00030123669421300292
      vertex -0.049447540193796158 -0.0037488271482288837 0.00030412906198762357
    endloop
  endfacet
  facet normal -0.16668448276206838 -0.025175699540648418 0.98568882886993325
    outer loop
      vertex -0.049531687051057816 -0.0073202555067837238 0.00019868079107254744
      vertex -0.049447540193796158 -0.0037488271482288837 0.00030412906198762357
      vertex -0.050060484558343887 -0.0037488271482288837 0.00020047737052664161
    endloop
  endfacet
  facet normal -0.16668448025351063 -0.025176296942934846 0.98568881403557485
    outer loop
      vertex -0.050060484558343887 -0.0037488271482288837 0.00020047737052664161
      vertex -0.049447540193796158 -0.0037488271482288837 0.00030412906198762357
      vertex -0.0499698705971241 -0.00017739857139531523 0.00030702142976224422
    endloop
  endfacet
  facet normal -0.16668684292955344 -0.025176225132772328 0.98568841632751392
    outer loop
      vertex -0.050060484558343887 -0.0037488271482288837 0.00020047737052664161
      vertex -0.0499698705971241 -0.00017739857139531523 0.00030702142976224422
      vertex -0.050589285790920258 -0.00017739857139531523 0.00020227396453265101
    endloop
  endfacet
  facet normal -0.16537319946872611 -0.024984875657182184 0.98591453021338105
    outer loop
      vertex -0.049447540193796158 -0.0037488271482288837 0.00030412906198762357
      vertex -0.048925206065177917 -0.0073202555067837238 0.00030123669421300292
      vertex -0.047712132334709167 -0.0073202555067837238 0.0005047126323916018
    endloop
  endfacet
  facet normal -0.16537914526543915 -0.024985570398207178 0.98591351526548665
    outer loop
      vertex -0.048730921000242233 -0.00017739857139531523 0.00051484536379575729
      vertex -0.0499698705971241 -0.00017739857139531523 0.00030702142976224422
      vertex -0.049447540193796158 -0.0037488271482288837 0.00030412906198762357
    endloop
  endfacet
  facet normal -0.1653759530073893 -0.024986241525122077 0.98591403372776187
    outer loop
      vertex -0.047712132334709167 -0.0073202555067837238 0.0005047126323916018
      vertex -0.048730921000242233 -0.00017739857139531523 0.00051484536379575729
      vertex -0.049447540193796158 -0.0037488271482288837 0.00030412906198762357
    endloop
  endfacet
  facet normal -0.16668684048434212 -0.025176807429134612 0.98568840186796547
    outer loop
      vertex -0.050589285790920258 -0.00017739857139531523 0.00020227396453265101
      vertex -0.0499698705971241 -0.00017739857139531523 0.00030702142976224422
      vertex -0.05049220472574234 0.0033940300345420837 0.00030991376843303442
    endloop
  endfacet
  facet normal -0.16669009672862956 -0.025176702400081824 0.98568785389131064
    outer loop
      vertex -0.050589285790920258 -0.00017739857139531523 0.00020227396453265101
      vertex -0.05049220472574234 0.0033940300345420837 0.00030991376843303442
      vertex -0.051118087023496628 0.0033940300345420837 0.00020407054398674518
    endloop
  endfacet
  facet normal -0.16666664226553171 -0.025173865970891812 0.9856918924430762
    outer loop
      vertex -0.047416485846042633 -0.021605970337986946 0.00019149445870425552
      vertex -0.046835877001285553 -0.021605970337986946 0.00028966725221835077
      vertex -0.047358211129903793 -0.018034541979432106 0.00029255961999297142
    endloop
  endfacet
  facet normal -0.16667141209720013 -0.025173765391416456 0.985691088488449
    outer loop
      vertex -0.047416485846042633 -0.021605970337986946 0.00019149445870425552
      vertex -0.047358211129903793 -0.018034541979432106 0.00029255961999297142
      vertex -0.047945283353328705 -0.018034541979432106 0.00019329103815834969
    endloop
  endfacet
  facet normal -0.16667140950790293 -0.025174382117017721 0.98569107317540194
    outer loop
      vertex -0.047945283353328705 -0.018034541979432106 0.00019329103815834969
      vertex -0.047358211129903793 -0.018034541979432106 0.00029255961999297142
      vertex -0.047880541533231735 -0.014463112689554691 0.00029545198776759207
    endloop
  endfacet
  facet normal -0.16667404120708193 -0.025174321725215987 0.98569062971775057
    outer loop
      vertex -0.047945283353328705 -0.018034541979432106 0.00019329103815834969
      vertex -0.047880541533231735 -0.014463112689554691 0.00029545198776759207
      vertex -0.048474084585905075 -0.014463112689554691 0.00019508761761244386
    endloop
  endfacet
  facet normal -0.16536049044694751 -0.024983018681916901 0.98591670894487005
    outer loop
      vertex -0.047358211129903793 -0.018034541979432106 0.00029255961999297142
      vertex -0.046835877001285553 -0.021605970337986946 0.00028966725221835077
      vertex -0.045674555003643036 -0.021605970337986946 0.00048444716958329082
    endloop
  endfacet
  facet normal -0.16536697246229853 -0.024983786797285679 0.98591560227837005
    outer loop
      vertex -0.046693343669176102 -0.014463112689554691 0.00049457990098744631
      vertex -0.047880541533231735 -0.014463112689554691 0.00029545198776759207
      vertex -0.047358211129903793 -0.018034541979432106 0.00029255961999297142
    endloop
  endfacet
  facet normal -0.16536349802639641 -0.024984465599290163 0.98591616783537528
    outer loop
      vertex -0.045674555003643036 -0.021605970337986946 0.00048444716958329082
      vertex -0.046693343669176102 -0.014463112689554691 0.00049457990098744631
      vertex -0.047358211129903793 -0.018034541979432106 0.00029255961999297142
    endloop
  endfacet
  facet normal -0.16536697175592674 -0.024983957662502117 0.98591559806699114
    outer loop
      vertex -0.048402875661849976 -0.010891684330999851 0.00029834432643838227
      vertex -0.047880541533231735 -0.014463112689554691 0.00029545198776759207
      vertex -0.046693343669176102 -0.014463112689554691 0.00049457990098744631
    endloop
  endfacet
  facet normal -0.16537320019491455 -0.024984700011561493 0.98591453454273881
    outer loop
      vertex -0.047712132334709167 -0.0073202555067837238 0.0005047126323916018
      vertex -0.048925206065177917 -0.0073202555067837238 0.00030123669421300292
      vertex -0.048402875661849976 -0.010891684330999851 0.00029834432643838227
    endloop
  endfacet
  facet normal -0.16536987251954066 -0.024985374875259019 0.98591507560500047
    outer loop
      vertex -0.046693343669176102 -0.014463112689554691 0.00049457990098744631
      vertex -0.047712132334709167 -0.0073202555067837238 0.0005047126323916018
      vertex -0.048402875661849976 -0.010891684330999851 0.00029834432643838227
    endloop
  endfacet
  facet normal -0.1666740386168665 -0.025174938646135521 0.98569061439952188
    outer loop
      vertex -0.048474084585905075 -0.014463112689554691 0.00019508761761244386
      vertex -0.047880541533231735 -0.014463112689554691 0.00029545198776759207
      vertex -0.048402875661849976 -0.010891684330999851 0.00029834432643838227
    endloop
  endfacet
  facet normal -0.16667755002322046 -0.025174851531482613 0.98569002286145957
    outer loop
      vertex -0.048474084585905075 -0.014463112689554691 0.00019508761761244386
      vertex -0.048402875661849976 -0.010891684330999851 0.00029834432643838227
      vertex -0.049002885818481445 -0.010891684330999851 0.00019688421161845326
    endloop
  endfacet
  facet normal -0.16667754821434499 -0.02517528234128948 0.98569001216421526
    outer loop
      vertex -0.049002885818481445 -0.010891684330999851 0.00019688421161845326
      vertex -0.048402875661849976 -0.010891684330999851 0.00029834432643838227
      vertex -0.048925206065177917 -0.0073202555067837238 0.00030123669421300292
    endloop
  endfacet
  facet normal -0.166680058259949 -0.025175215395193729 0.98568958942877438
    outer loop
      vertex -0.049002885818481445 -0.010891684330999851 0.00019688421161845326
      vertex -0.048925206065177917 -0.0073202555067837238 0.00030123669421300292
      vertex -0.049531687051057816 -0.0073202555067837238 0.00019868079107254744
    endloop
  endfacet
  facet normal -0.1666520529612133 -0.0251717262426049 0.98569441382295575
    outer loop
      vertex -0.045301284641027451 -0.035891685634851456 0.00018430811178404838
      vertex -0.044746547937393188 -0.035891685634851456 0.00027809783932752907
      vertex -0.045268882066011429 -0.032320257276296616 0.00028099017799831927
    endloop
  endfacet
  facet normal -0.16665608541751264 -0.02517167123885812 0.98569373344886047
    outer loop
      vertex -0.045301284641027451 -0.035891685634851456 0.00018430811178404838
      vertex -0.045268882066011429 -0.032320257276296616 0.00028099017799831927
      vertex -0.045830085873603821 -0.032320257276296616 0.00018610469123814255
    endloop
  endfacet
  facet normal -0.16665608346563018 -0.02517213622623532 0.98569372190437765
    outer loop
      vertex -0.045830085873603821 -0.032320257276296616 0.00018610469123814255
      vertex -0.045268882066011429 -0.032320257276296616 0.00028099017799831927
      vertex -0.045791212469339371 -0.028748827055096626 0.00028388254577293992
    endloop
  endfacet
  facet normal -0.16666004863334294 -0.025172074755576711 0.98569305305558041
    outer loop
      vertex -0.045830085873603821 -0.032320257276296616 0.00018610469123814255
      vertex -0.045791212469339371 -0.028748827055096626 0.00028388254577293992
      vertex -0.046358883380889893 -0.028748827055096626 0.00018790128524415195
    endloop
  endfacet
  facet normal -0.16534659583290454 -0.024980980439838613 0.9859190909312664
    outer loop
      vertex -0.045268882066011429 -0.032320257276296616 0.00028099017799831927
      vertex -0.044746547937393188 -0.035891685634851456 0.00027809783932752907
      vertex -0.043636977672576904 -0.035891685634851456 0.00046418173587881029
    endloop
  endfacet
  facet normal -0.16535368994345506 -0.024981839525550789 0.9859178793976725
    outer loop
      vertex -0.04465576633810997 -0.028748827055096626 0.00047431443817913532
      vertex -0.045791212469339371 -0.028748827055096626 0.00028388254577293992
      vertex -0.045268882066011429 -0.032320257276296616 0.00028099017799831927
    endloop
  endfacet
  facet normal -0.16534990459769217 -0.024982522792588176 0.98591849693798317
    outer loop
      vertex -0.043636977672576904 -0.035891685634851456 0.00046418173587881029
      vertex -0.04465576633810997 -0.028748827055096626 0.00047431443817913532
      vertex -0.045268882066011429 -0.032320257276296616 0.00028099017799831927
    endloop
  endfacet
  facet normal -0.16535368917715509 -0.02498202491617121 0.98591787482862514
    outer loop
      vertex -0.046313546597957611 -0.025177398696541786 0.00028677491354756057
      vertex -0.045791212469339371 -0.028748827055096626 0.00028388254577293992
      vertex -0.04465576633810997 -0.028748827055096626 0.00047431443817913532
    endloop
  endfacet
  facet normal -0.16536049119270466 -0.024982838275836524 0.98591671339124309
    outer loop
      vertex -0.045674555003643036 -0.021605970337986946 0.00048444716958329082
      vertex -0.046835877001285553 -0.021605970337986946 0.00028966725221835077
      vertex -0.046313546597957611 -0.025177398696541786 0.00028677491354756057
    endloop
  endfacet
  facet normal -0.16535685099701022 -0.024983522403709168 0.98591730659150911
    outer loop
      vertex -0.04465576633810997 -0.028748827055096626 0.00047431443817913532
      vertex -0.045674555003643036 -0.021605970337986946 0.00048444716958329082
      vertex -0.046313546597957611 -0.025177398696541786 0.00028677491354756057
    endloop
  endfacet
  facet normal -0.16666004516046193 -0.025172902044061037 0.9856930325155967
    outer loop
      vertex -0.046358883380889893 -0.028748827055096626 0.00018790128524415195
      vertex -0.045791212469339371 -0.028748827055096626 0.00028388254577293992
      vertex -0.046313546597957611 -0.025177398696541786 0.00028677491354756057
    endloop
  endfacet
  facet normal -0.16666394531350118 -0.025172834325823384 0.98569237480288086
    outer loop
      vertex -0.046358883380889893 -0.028748827055096626 0.00018790128524415195
      vertex -0.046313546597957611 -0.025177398696541786 0.00028677491354756057
      vertex -0.046887684613466263 -0.025177398696541786 0.00018969786469824612
    endloop
  endfacet
  facet normal -0.16666394340155308 -0.025173289757372454 0.98569236349514011
    outer loop
      vertex -0.046887684613466263 -0.025177398696541786 0.00018969786469824612
      vertex -0.046313546597957611 -0.025177398696541786 0.00028677491354756057
      vertex -0.046835877001285553 -0.021605970337986946 0.00028966725221835077
    endloop
  endfacet
  facet normal -0.16666664490266656 -0.025173237820185022 0.98569190803949314
    outer loop
      vertex -0.046887684613466263 -0.025177398696541786 0.00018969786469824612
      vertex -0.046835877001285553 -0.021605970337986946 0.00028966725221835077
      vertex -0.047416485846042633 -0.021605970337986946 0.00019149445870425552
    endloop
  endfacet
  facet normal -0.1666359569787102 -0.025169382432571562 0.98569719489798313
    outer loop
      vertex -0.043186083436012268 -0.050177399069070816 0.00017712177941575646
      vertex -0.042657218873500824 -0.050177399069070816 0.00026652839733287692
      vertex -0.043179553002119064 -0.046605970710515976 0.00026942076510749757
    endloop
  endfacet
  facet normal -0.16664043089658026 -0.025169354723468228 0.98569643926180761
    outer loop
      vertex -0.043186083436012268 -0.050177399069070816 0.00017712177941575646
      vertex -0.043179553002119064 -0.046605970710515976 0.00026942076510749757
      vertex -0.043714884668588638 -0.046605970710515976 0.00017891835886985064
    endloop
  endfacet
  facet normal -0.16664042880124047 -0.025169853978523199 0.98569642686764281
    outer loop
      vertex -0.043714884668588638 -0.046605970710515976 0.00017891835886985064
      vertex -0.043179553002119064 -0.046605970710515976 0.00026942076510749757
      vertex -0.043701883405447006 -0.043034542351961136 0.00027231310377828777
    endloop
  endfacet
  facet normal -0.16664474445964056 -0.025169819211559395 0.98569569814666336
    outer loop
      vertex -0.043714884668588638 -0.046605970710515976 0.00017891835886985064
      vertex -0.043701883405447006 -0.043034542351961136 0.00027231310377828777
      vertex -0.04424368217587471 -0.043034542351961136 0.00018071493832394481
    endloop
  endfacet
  facet normal -0.16533134149888951 -0.024978759590762015 0.98592170535366763
    outer loop
      vertex -0.043179553002119064 -0.046605970710515976 0.00026942076510749757
      vertex -0.042657218873500824 -0.050177399069070816 0.00026652839733287692
      vertex -0.041599400341510773 -0.050177399069070816 0.0004439162730704993
    endloop
  endfacet
  facet normal -0.16533916439598176 -0.024979722138627564 0.98592036909616354
    outer loop
      vertex -0.042618189007043839 -0.043034542351961136 0.00045404900447465479
      vertex -0.043701883405447006 -0.043034542351961136 0.00027231310377828777
      vertex -0.043179553002119064 -0.046605970710515976 0.00026942076510749757
    endloop
  endfacet
  facet normal -0.16533500262404013 -0.024980411470757937 0.98592104955217386
    outer loop
      vertex -0.041599400341510773 -0.050177399069070816 0.0004439162730704993
      vertex -0.042618189007043839 -0.043034542351961136 0.00045404900447465479
      vertex -0.043179553002119064 -0.046605970710515976 0.00026942076510749757
    endloop
  endfacet
  facet normal -0.16533916365050561 -0.024979902522534115 0.98592036465087596
    outer loop
      vertex -0.044224217534065247 -0.039463113993406296 0.00027520547155290842
      vertex -0.043701883405447006 -0.043034542351961136 0.00027231310377828777
      vertex -0.042618189007043839 -0.043034542351961136 0.00045404900447465479
    endloop
  endfacet
  facet normal -0.1653465965121069 -0.024980816106830506 0.98591909498117491
    outer loop
      vertex -0.043636977672576904 -0.035891685634851456 0.00046418173587881029
      vertex -0.044746547937393188 -0.035891685634851456 0.00027809783932752907
      vertex -0.044224217534065247 -0.039463113993406296 0.00027520547155290842
    endloop
  endfacet
  facet normal -0.16534264608513669 -0.024981499803367897 0.98591974016810302
    outer loop
      vertex -0.042618189007043839 -0.043034542351961136 0.00045404900447465479
      vertex -0.043636977672576904 -0.035891685634851456 0.00046418173587881029
      vertex -0.044224217534065247 -0.039463113993406296 0.00027520547155290842
    endloop
  endfacet
  facet normal -0.16664474090603104 -0.025170665884068154 0.98569567712723294
    outer loop
      vertex -0.04424368217587471 -0.043034542351961136 0.00018071493832394481
      vertex -0.043701883405447006 -0.043034542351961136 0.00027231310377828777
      vertex -0.044224217534065247 -0.039463113993406296 0.00027520547155290842
    endloop
  endfacet
  facet normal -0.16664898021284438 -0.0251706238453215 0.98569496148111457
    outer loop
      vertex -0.04424368217587471 -0.043034542351961136 0.00018071493832394481
      vertex -0.044224217534065247 -0.039463113993406296 0.00027520547155290842
      vertex -0.04477248340845108 -0.039463113993406296 0.00018251153232995421
    endloop
  endfacet
  facet normal -0.16664897816732252 -0.025171111180822579 0.98569494938226709
    outer loop
      vertex -0.04477248340845108 -0.039463113993406296 0.00018251153232995421
      vertex -0.044224217534065247 -0.039463113993406296 0.00027520547155290842
      vertex -0.044746547937393188 -0.035891685634851456 0.00027809783932752907
    endloop
  endfacet
  facet normal -0.1666520556951101 -0.025171074931005198 0.98569442999309442
    outer loop
      vertex -0.04477248340845108 -0.039463113993406296 0.00018251153232995421
      vertex -0.044746547937393188 -0.035891685634851456 0.00027809783932752907
      vertex -0.045301284641027451 -0.035891685634851456 0.00018430811178404838
    endloop
  endfacet
  facet normal -0.16661943259246126 -0.025166767949879501 0.98570005502359748
    outer loop
      vertex -0.041070882230997086 -0.064463116228580475 0.00016993543249554932
      vertex -0.040567893534898758 -0.064463116228580475 0.00025495895533822477
      vertex -0.0410902239382267 -0.060891684144735336 0.00025785132311284542
    endloop
  endfacet
  facet normal -0.16662315899779223 -0.025166772621893225 0.98569942499800345
    outer loop
      vertex -0.041070882230997086 -0.064463116228580475 0.00016993543249554932
      vertex -0.0410902239382267 -0.060891684144735336 0.00025785132311284542
      vertex -0.041599683463573456 -0.060891684144735336 0.00017173201194964349
    endloop
  endfacet
  facet normal -0.16662315665773167 -0.02516733030082027 0.98569941115481163
    outer loop
      vertex -0.041599683463573456 -0.060891684144735336 0.00017173201194964349
      vertex -0.0410902239382267 -0.060891684144735336 0.00025785132311284542
      vertex -0.041612554341554642 -0.057320255786180496 0.00026074366178363562
    endloop
  endfacet
  facet normal -0.16662670852242664 -0.025167328138251469 0.98569881079433375
    outer loop
      vertex -0.041599683463573456 -0.060891684144735336 0.00017173201194964349
      vertex -0.041612554341554642 -0.057320255786180496 0.00026074366178363562
      vertex -0.042128484696149826 -0.057320255786180496 0.00017352860595565289
    endloop
  endfacet
  facet normal -0.16531454624933084 -0.02497610707223951 0.98592458883724665
    outer loop
      vertex -0.0410902239382267 -0.060891684144735336 0.00025785132311284542
      vertex -0.040567893534898758 -0.064463116228580475 0.00025495895533822477
      vertex -0.03956182673573494 -0.064463116228580475 0.00042365083936601877
    endloop
  endfacet
  facet normal -0.16532373495049643 -0.024977467684991848 0.98592301361214951
    outer loop
      vertex -0.040580615401268005 -0.057320255786180496 0.00043378354166634381
      vertex -0.041612554341554642 -0.057320255786180496 0.00026074366178363562
      vertex -0.0410902239382267 -0.060891684144735336 0.00025785132311284542
    endloop
  endfacet
  facet normal -0.16531922405943705 -0.024978147757881007 0.98592375277755173
    outer loop
      vertex -0.03956182673573494 -0.064463116228580475 0.00042365083936601877
      vertex -0.040580615401268005 -0.057320255786180496 0.00043378354166634381
      vertex -0.0410902239382267 -0.060891684144735336 0.00025785132311284542
    endloop
  endfacet
  facet normal -0.1653237342052235 -0.024977648052856145 0.98592300916764719
    outer loop
      vertex -0.042134888470172882 -0.053748827427625656 0.00026363602955825627
      vertex -0.041612554341554642 -0.057320255786180496 0.00026074366178363562
      vertex -0.040580615401268005 -0.057320255786180496 0.00043378354166634381
    endloop
  endfacet
  facet normal -0.16533134221108289 -0.024978587244323426 0.98592170960069614
    outer loop
      vertex -0.041599400341510773 -0.050177399069070816 0.0004439162730704993
      vertex -0.042657218873500824 -0.050177399069070816 0.00026652839733287692
      vertex -0.042134888470172882 -0.053748827427625656 0.00026363602955825627
    endloop
  endfacet
  facet normal -0.16532729409917996 -0.024979227651988685 0.98592237220369094
    outer loop
      vertex -0.040580615401268005 -0.057320255786180496 0.00043378354166634381
      vertex -0.041599400341510773 -0.050177399069070816 0.0004439162730704993
      vertex -0.042134888470172882 -0.053748827427625656 0.00026363602955825627
    endloop
  endfacet
  facet normal -0.16662670557439069 -0.025168030676242223 0.98569879335489952
    outer loop
      vertex -0.042128484696149826 -0.057320255786180496 0.00017352860595565289
      vertex -0.041612554341554642 -0.057320255786180496 0.00026074366178363562
      vertex -0.042134888470172882 -0.053748827427625656 0.00026363602955825627
    endloop
  endfacet
  facet normal -0.16663256009185906 -0.025168016213075146 0.98569780403383833
    outer loop
      vertex -0.042128484696149826 -0.057320255786180496 0.00017352860595565289
      vertex -0.042134888470172882 -0.053748827427625656 0.00026363602955825627
      vertex -0.042657282203435898 -0.053748827427625656 0.00017532518540974706
    endloop
  endfacet
  facet normal -0.16663255717252928 -0.025168711866817316 0.98569778676484265
    outer loop
      vertex -0.042657282203435898 -0.053748827427625656 0.00017532518540974706
      vertex -0.042134888470172882 -0.053748827427625656 0.00026363602955825627
      vertex -0.042657218873500824 -0.050177399069070816 0.00026652839733287692
    endloop
  endfacet
  facet normal -0.16663595985475183 -0.025168697126482689 0.9856972119105547
    outer loop
      vertex -0.042657282203435898 -0.053748827427625656 0.00017532518540974706
      vertex -0.042657218873500824 -0.050177399069070816 0.00026652839733287692
      vertex -0.043186083436012268 -0.050177399069070816 0.00017712177941575646
    endloop
  endfacet
  facet normal -0.16659987994315859 -0.025163933295453484 0.98570343230812951
    outer loop
      vertex -0.038955681025981903 -0.078748829662799835 0.00016274908557534218
      vertex -0.038478564471006393 -0.078748829662799835 0.00024338952789548784
      vertex -0.039000894874334335 -0.075177401304244995 0.00024628188111819327
    endloop
  endfacet
  facet normal -0.16660400973900874 -0.02516396923079138 0.98570273337930647
    outer loop
      vertex -0.038955681025981903 -0.078748829662799835 0.00016274908557534218
      vertex -0.039000894874334335 -0.075177401304244995 0.00024628188111819327
      vertex -0.039484482258558273 -0.075177401304244995 0.00016454567958135158
    endloop
  endfacet
  facet normal -0.16660400661439731 -0.025164714048336007 0.98570271489272843
    outer loop
      vertex -0.039484482258558273 -0.075177401304244995 0.00016454567958135158
      vertex -0.039000894874334335 -0.075177401304244995 0.00024628188111819327
      vertex -0.039523229002952576 -0.071605972945690155 0.00024917424889281392
    endloop
  endfacet
  facet normal -0.16660931558851896 -0.025164750360523454 0.98570181662530065
    outer loop
      vertex -0.039484482258558273 -0.075177401304244995 0.00016454567958135158
      vertex -0.039523229002952576 -0.071605972945690155 0.00024917424889281392
      vertex -0.040013283491134644 -0.071605972945690155 0.00016634225903544575
    endloop
  endfacet
  facet normal -0.1652958844003454 -0.024973402354176676 0.98592778628820688
    outer loop
      vertex -0.039000894874334335 -0.075177401304244995 0.00024628188111819327
      vertex -0.038478564471006393 -0.078748829662799835 0.00024338952789548784
      vertex -0.037524249404668808 -0.078748829662799835 0.00040338537655770779
    endloop
  endfacet
  facet normal -0.16530545378348091 -0.024974977013173982 0.98592614199676687
    outer loop
      vertex -0.038543038070201874 -0.071605972945690155 0.00041351810796186328
      vertex -0.039523229002952576 -0.071605972945690155 0.00024917424889281392
      vertex -0.039000894874334335 -0.075177401304244995 0.00024628188111819327
    endloop
  endfacet
  facet normal -0.16530104424506478 -0.024975576224145573 0.98592686613346903
    outer loop
      vertex -0.037524249404668808 -0.078748829662799835 0.00040338537655770779
      vertex -0.038543038070201874 -0.071605972945690155 0.00041351810796186328
      vertex -0.039000894874334335 -0.075177401304244995 0.00024628188111819327
    endloop
  endfacet
  facet normal -0.1653054545285132 -0.024974796664316175 0.9859261464403396
    outer loop
      vertex -0.040045559406280518 -0.068034544587135315 0.00025206658756360412
      vertex -0.039523229002952576 -0.071605972945690155 0.00024917424889281392
      vertex -0.038543038070201874 -0.071605972945690155 0.00041351810796186328
    endloop
  endfacet
  facet normal -0.16531454542978516 -0.0249763054370504 0.98592458394953253
    outer loop
      vertex -0.03956182673573494 -0.064463116228580475 0.00042365083936601877
      vertex -0.040567893534898758 -0.064463116228580475 0.00025495895533822477
      vertex -0.040045559406280518 -0.068034544587135315 0.00025206658756360412
    endloop
  endfacet
  facet normal -0.16531036926947063 -0.024976903990662089 0.98592526901334276
    outer loop
      vertex -0.038543038070201874 -0.071605972945690155 0.00041351810796186328
      vertex -0.03956182673573494 -0.064463116228580475 0.00042365083936601877
      vertex -0.040045559406280518 -0.068034544587135315 0.00025206658756360412
    endloop
  endfacet
  facet normal -0.16660931325066589 -0.025165307604509329 0.98570180279398512
    outer loop
      vertex -0.040013283491134644 -0.071605972945690155 0.00016634225903544575
      vertex -0.039523229002952576 -0.071605972945690155 0.00024917424889281392
      vertex -0.040045559406280518 -0.068034544587135315 0.00025206658756360412
    endloop
  endfacet
  facet normal -0.1666143996975421 -0.025165332919967264 0.98570094239198891
    outer loop
      vertex -0.040013283491134644 -0.071605972945690155 0.00016634225903544575
      vertex -0.040045559406280518 -0.068034544587135315 0.00025206658756360412
      vertex -0.040542080998420715 -0.068034544587135315 0.00016813885304145515
    endloop
  endfacet
  facet normal -0.1666143959250396 -0.025166232068494918 0.98570092007363419
    outer loop
      vertex -0.040542080998420715 -0.068034544587135315 0.00016813885304145515
      vertex -0.040045559406280518 -0.068034544587135315 0.00025206658756360412
      vertex -0.040567893534898758 -0.064463116228580475 0.00025495895533822477
    endloop
  endfacet
  facet normal -0.16661943477507007 -0.025166247771677783 0.98570006793564258
    outer loop
      vertex -0.040542080998420715 -0.068034544587135315 0.00016813885304145515
      vertex -0.040567893534898758 -0.064463116228580475 0.00025495895533822477
      vertex -0.041070882230997086 -0.064463116228580475 0.00016993543249554932
    endloop
  endfacet
  facet normal -0.16658272274777611 -0.025161604184483891 0.98570639145579297
    outer loop
      vertex -0.037369281053543091 -0.089463114738464355 0.00015735933266114444
      vertex -0.036911565810441971 -0.089463114738464355 0.00023471243912354112
      vertex -0.037433899939060211 -0.085891686379909515 0.00023760480689816177
    endloop
  endfacet
  facet normal -0.16658859416999197 -0.025161688074466924 0.98570539703590387
    outer loop
      vertex -0.037369281053543091 -0.089463114738464355 0.00015735933266114444
      vertex -0.037433899939060211 -0.085891686379909515 0.00023760480689816177
      vertex -0.037898082286119461 -0.085891686379909515 0.00015915592666715384
    endloop
  endfacet
  facet normal -0.16528578079345208 -0.024971926078268251 0.98592951754952585
    outer loop
      vertex -0.037956230342388153 -0.082320258021354675 0.00024049716012086719
      vertex -0.037433899939060211 -0.085891686379909515 0.00023760480689816177
      vertex -0.036505460739135742 -0.085891686379909515 0.00039325264515355229
    endloop
  endfacet
  facet normal -0.16529588367202211 -0.02497357867839092 0.98592778194403241
    outer loop
      vertex -0.037524249404668808 -0.078748829662799835 0.00040338537655770779
      vertex -0.038478564471006393 -0.078748829662799835 0.00024338952789548784
      vertex -0.037956230342388153 -0.082320258021354675 0.00024049716012086719
    endloop
  endfacet
  facet normal -0.16529122134729302 -0.024974177566564292 0.98592854842549005
    outer loop
      vertex -0.036505460739135742 -0.085891686379909515 0.00039325264515355229
      vertex -0.037524249404668808 -0.078748829662799835 0.00040338537655770779
      vertex -0.037956230342388153 -0.082320258021354675 0.00024049716012086719
    endloop
  endfacet
  facet normal -0.16658859167073556 -0.025162283936322648 0.98570538224779347
    outer loop
      vertex -0.037898082286119461 -0.085891686379909515 0.00015915592666715384
      vertex -0.037433899939060211 -0.085891686379909515 0.00023760480689816177
      vertex -0.037956230342388153 -0.082320258021354675 0.00024049716012086719
    endloop
  endfacet
  facet normal -0.16659430176426304 -0.025162354884214005 0.98570441538848697
    outer loop
      vertex -0.037898082286119461 -0.085891686379909515 0.00015915592666715384
      vertex -0.037956230342388153 -0.082320258021354675 0.00024049716012086719
      vertex -0.038426879793405533 -0.082320258021354675 0.00016095250612124801
    endloop
  endfacet
  facet normal -0.16659429781888432 -0.02516329546064619 0.9857043920444879
    outer loop
      vertex -0.038426879793405533 -0.082320258021354675 0.00016095250612124801
      vertex -0.037956230342388153 -0.082320258021354675 0.00024049716012086719
      vertex -0.038478564471006393 -0.078748829662799835 0.00024338952789548784
    endloop
  endfacet
  facet normal -0.16659988237133622 -0.025163354457299399 0.9857034466746647
    outer loop
      vertex -0.038426879793405533 -0.082320258021354675 0.00016095250612124801
      vertex -0.038478564471006393 -0.078748829662799835 0.00024338952789548784
      vertex -0.038955681025981903 -0.078748829662799835 0.00016274908557534218
    endloop
  endfacet
  facet normal 0.85776021503750921 -0.00383082397359717 0.51403573639046651
    outer loop
      vertex 0.016760651022195816 -0.00017739857139531523 0.001180503866635263
      vertex 0.017500000074505806 0.0069654583930969238 1.4210855390181384e-17
      vertex 0.016228610649704933 0.0069654583930969238 0.0021215397864580154
    endloop
  endfacet
  facet normal 0.27777751909769127 -0.014621401081569247 0.9605341558291115
    outer loop
      vertex 0.012407376430928707 -0.00017739857139531523 0.003542088670656085
      vertex 0.013860100880265236 0.0069654583930969238 0.0032307039946317673
      vertex 0.011449789628386497 0.0069654583930969238 0.0039277435280382633
    endloop
  endfacet
  facet normal 0.42397765868617149 -0.025142930507592549 0.9053235763971258
    outer loop
      vertex 0.013860100880265236 0.0069654583930969238 0.0032307039946317673
      vertex 0.013577492907643318 -0.00017739857139531523 0.0031646802090108395
      vertex 0.015897521749138832 -0.00017739857139531523 0.002078173216432333
    endloop
  endfacet
  facet normal 0.42396280962128385 -0.025148264178580158 0.9053303821626838
    outer loop
      vertex 0.013860100880265236 0.0069654583930969238 0.0032307039946317673
      vertex 0.015897521749138832 -0.00017739857139531523 0.002078173216432333
      vertex 0.016228610649704933 0.0069654583930969238 0.0021215397864580154
    endloop
  endfacet
  facet normal 0.72032924836490153 -0.03759409724748039 0.69261277623373574
    outer loop
      vertex 0.016228610649704933 0.0069654583930969238 0.0021215397864580154
      vertex 0.015897521749138832 -0.00017739857139531523 0.002078173216432333
      vertex 0.016760651022195816 -0.00017739857139531523 0.001180503866635263
    endloop
  endfacet
  facet normal 0.30689978241432575 -0.02093766086249425 0.95151150172325638
    outer loop
      vertex 0.013860100880265236 0.0069654583930969238 0.0032307039946317673
      vertex 0.012407376430928707 -0.00017739857139531523 0.003542088670656085
      vertex 0.013577492907643318 -0.00017739857139531523 0.0031646802090108395
    endloop
  endfacet
  facet normal 0.24837532888863922 -0.018992005837166415 0.968477671252023
    outer loop
      vertex 0.011449789628386497 0.0069654583930969238 0.0039277435280382633
      vertex 0.011216501705348492 -0.00017739857139531523 0.0038474998436868191
      vertex 0.012407376430928707 -0.00017739857139531523 0.003542088670656085
    endloop
  endfacet
  facet normal 0.42399343779187343 -0.025143431195062498 0.90531617271380282
    outer loop
      vertex 0.013577492907643318 -0.00017739857139531523 0.0031646802090108395
      vertex 0.013294885866343975 -0.0073202555067837238 0.0030986564233899117
      vertex 0.015566431917250156 -0.0073202555067837238 0.0020348064135760069
    endloop
  endfacet
  facet normal 0.42397759401954122 -0.025148992206336963 0.90532343831384754
    outer loop
      vertex 0.013577492907643318 -0.00017739857139531523 0.0031646802090108395
      vertex 0.015566431917250156 -0.0073202555067837238 0.0020348064135760069
      vertex 0.015897521749138832 -0.00017739857139531523 0.002078173216432333
    endloop
  endfacet
  facet normal 0.19740924176147895 -0.017458742210897139 0.9801656919049816
    outer loop
      vertex 0.011216501705348492 -0.00017739857139531523 0.0038474998436868191
      vertex 0.011449789628386497 0.0069654583930969238 0.0039277435280382633
      vertex 0.0099849095568060875 -0.00017739857139531523 0.004095547366887331
    endloop
  endfacet
  facet normal 0.95030406090149966 -0.047515123391506937 0.30767597384782686
    outer loop
      vertex 0.017000000923871994 -0.0030345413833856583 1.5631940102018909e-17
      vertex 0.017500000074505806 0.0069654583930969238 1.4210855390181384e-17
      vertex 0.016760651022195816 -0.00017739857139531523 0.001180503866635263
    endloop
  endfacet
  facet normal 0.13698773646109155 -0.015937963133538069 0.99044451706818004
    outer loop
      vertex 0.0063875769264996052 0.0069654583930969238 0.004749394953250885
      vertex 0.0062578748911619186 -0.00017739857139531523 0.0046523930504918098
      vertex 0.0087467217817902565 -0.00017739857139531523 0.0043081622570753098
    endloop
  endfacet
  facet normal 0.1369770542128948 -0.015941578937504357 0.99044593627322075
    outer loop
      vertex 0.0063875769264996052 0.0069654583930969238 0.004749394953250885
      vertex 0.0087467217817902565 -0.00017739857139531523 0.0043081622570753098
      vertex 0.0089284172281622887 0.0069654583930969238 0.00439800089225173
    endloop
  endfacet
  facet normal 0.093749269575123376 -0.013496424417975671 0.99550435507940438
    outer loop
      vertex 0.0038338594604283571 0.0069654583930969238 0.0049898852594196796
      vertex 0.00500823138281703 -0.00017739857139531523 0.004782453179359436
      vertex 0.0063875769264996052 0.0069654583930969238 0.004749394953250885
    endloop
  endfacet
  facet normal 0.058609215356330027 -0.013487196410525808 0.99818988945405551
    outer loop
      vertex 0.0012731762835755944 0.0069654583930969238 0.0051402370445430279
      vertex 0.0025028754025697708 -0.00017739857139531523 0.0049715228378772736
      vertex 0.0038338594604283571 0.0069654583930969238 0.0049898852594196796
    endloop
  endfacet
  facet normal 0.10350637664296221 -0.015385206557616885 0.99450979151209196
    outer loop
      vertex 0.00500823138281703 -0.00017739857139531523 0.004782453179359436
      vertex 0.0062578748911619186 -0.00017739857139531523 0.0046523930504918098
      vertex 0.0063875769264996052 0.0069654583930969238 0.004749394953250885
    endloop
  endfacet
  facet normal 0.16921404432905263 -0.01669861425705969 0.98543785368926184
    outer loop
      vertex 0.0087467217817902565 -0.00017739857139531523 0.0043081622570753098
      vertex 0.0099849095568060875 -0.00017739857139531523 0.004095547366887331
      vertex 0.0089284172281622887 0.0069654583930969238 0.00439800089225173
    endloop
  endfacet
  facet normal -0.0010293838498513863 -0.014900256353726644 0.99988845514361402
    outer loop
      vertex -0.00391048239544034 0.0069654583930969238 0.0052122962661087513
      vertex -0.0038294990081340075 -0.00017739857139531523 0.0051059373654425144
      vertex -0.001263496233150363 -0.00017739857139531523 0.0051085790619254112
    endloop
  endfacet
  facet normal -0.0010403203734294984 -0.014904308148338114 0.99988838343694153
    outer loop
      vertex -0.00391048239544034 0.0069654583930969238 0.0052122962661087513
      vertex -0.001263496233150363 -0.00017739857139531523 0.0051085790619254112
      vertex -0.0012908938806504011 0.0069654583930969238 0.0052150217816233635
    endloop
  endfacet
  facet normal -0.019326220624918192 -0.014542035446321232 0.99970747041393815
    outer loop
      vertex -0.00391048239544034 0.0069654583930969238 0.0052122962661087513
      vertex -0.0064207385294139385 0.0069654583930969238 0.0051637683063745499
      vertex -0.0050591304898262024 -0.00017739857139531523 0.0050861886702477932
    endloop
  endfacet
  facet normal -0.016056767401795499 -0.015068682401454999 0.99975752811933793
    outer loop
      vertex -0.00391048239544034 0.0069654583930969238 0.0052122962661087513
      vertex -0.0050591304898262024 -0.00017739857139531523 0.0050861886702477932
      vertex -0.0038294990081340075 -0.00017739857139531523 0.0051059373654425144
    endloop
  endfacet
  facet normal 0.029150832826200967 -0.0147822062271444 0.99946571493203162
    outer loop
      vertex 0.0012731762835755944 0.0069654583930969238 0.0051402370445430279
      vertex -0.0012908938806504011 0.0069654583930969238 0.0052150217816233635
      vertex -0.001263496233150363 -0.00017739857139531523 0.0051085790619254112
    endloop
  endfacet
  facet normal 0.021586684853024438 -0.012096929749296615 0.99969379278241843
    outer loop
      vertex 0.0012731762835755944 0.0069654583930969238 0.0051402370445430279
      vertex -0.001263496233150363 -0.00017739857139531523 0.0051085790619254112
      vertex -7.416279458993813e-06 -0.00017739857139531523 0.0050814561545848846
    endloop
  endfacet
  facet normal 0.13699865445654419 -0.015938149833190418 0.99044300394166607
    outer loop
      vertex 0.0062578748911619186 -0.00017739857139531523 0.0046523930504918098
      vertex 0.0061281723901629448 -0.0073202555067837238 0.0045553911477327347
      vertex 0.0085650263354182243 -0.0073202555067837238 0.0042183240875601768
    endloop
  endfacet
  facet normal 0.13698772815223542 -0.01594176734419599 0.99044445699374417
    outer loop
      vertex 0.0062578748911619186 -0.00017739857139531523 0.0046523930504918098
      vertex 0.0085650263354182243 -0.0073202555067837238 0.0042183240875601768
      vertex 0.0087467217817902565 -0.00017739857139531523 0.0043081622570753098
    endloop
  endfacet
  facet normal 0.18332756322437496 -0.014505536635538767 0.98294485805111553
    outer loop
      vertex 0.011449789628386497 0.0069654583930969238 0.0039277435280382633
      vertex 0.0089284172281622887 0.0069654583930969238 0.00439800089225173
      vertex 0.0099849095568060875 -0.00017739857139531523 0.004095547366887331
    endloop
  endfacet
  facet normal 0.95030791407205106 -0.047515493058358137 0.3076640153990195
    outer loop
      vertex 0.016499999910593033 -0.01303454115986824 1.705302646821766e-17
      vertex 0.017000000923871994 -0.0030345413833856583 1.5631940102018909e-17
      vertex 0.016411503776907921 -0.0073202555067837238 0.0011558572296053171
    endloop
  endfacet
  facet normal 0.95030560255061203 -0.047513152590733063 0.30767151654289954
    outer loop
      vertex 0.016411503776907921 -0.0073202555067837238 0.0011558572296053171
      vertex 0.017000000923871994 -0.0030345413833856583 1.5631940102018909e-17
      vertex 0.016760651022195816 -0.00017739857139531523 0.001180503866635263
    endloop
  endfacet
  facet normal 0.72035278902234912 -0.037595012705388092 0.69258824301846522
    outer loop
      vertex 0.014904255047440529 -0.021605970337986946 0.0019480728078633547
      vertex 0.016411503776907921 -0.0073202555067837238 0.0011558572296053171
      vertex 0.015566431917250156 -0.0073202555067837238 0.0020348064135760069
    endloop
  endfacet
  facet normal 0.85702915677216729 -0.042851386003252619 0.51348299208443904
    outer loop
      vertex 0.014904255047440529 -0.021605970337986946 0.0019480728078633547
      vertex 0.016000000759959221 -0.023034540936350822 1.8474111180055186e-17
      vertex 0.016499999910593033 -0.01303454115986824 1.705302646821766e-17
    endloop
  endfacet
  facet normal 0.85705249875610667 -0.042843776025318928 0.51344466618303286
    outer loop
      vertex 0.014904255047440529 -0.021605970337986946 0.0019480728078633547
      vertex 0.014242077246308327 -0.035891685634851456 0.0018613393185660243
      vertex 0.01549999974668026 -0.033034540712833405 1.9895195891892712e-17
    endloop
  endfacet
  facet normal 0.85702909939339977 -0.042851542768432088 0.51348307477004862
    outer loop
      vertex 0.014904255047440529 -0.021605970337986946 0.0019480728078633547
      vertex 0.01549999974668026 -0.033034540712833405 1.9895195891892712e-17
      vertex 0.016000000759959221 -0.023034540936350822 1.8474111180055186e-17
    endloop
  endfacet
  facet normal 0.90287808190356256 -0.071754796686007302 0.42386603823695684
    outer loop
      vertex 0.016411503776907921 -0.0073202555067837238 0.0011558572296053171
      vertex 0.014904255047440529 -0.021605970337986946 0.0019480728078633547
      vertex 0.016499999910593033 -0.01303454115986824 1.705302646821766e-17
    endloop
  endfacet
  facet normal 0.083999908344130667 -0.015123923616710729 0.99635098350561857
    outer loop
      vertex 0.0038338594604283571 0.0069654583930969238 0.0049898852594196796
      vertex 0.0037564050871878862 -0.00017739857139531523 0.0048879915848374367
      vertex 0.00500823138281703 -0.00017739857139531523 0.004782453179359436
    endloop
  endfacet
  facet normal 0.0507521893034623 -0.014849552823101235 0.99860087425450383
    outer loop
      vertex 0.0012731762835755944 0.0069654583930969238 0.0051402370445430279
      vertex 0.0012481086887419224 -0.00017739857139531523 0.0050352942198514938
      vertex 0.0025028754025697708 -0.00017739857139531523 0.0049715228378772736
    endloop
  endfacet
  facet normal 0.036738183120969756 -0.014809396645496124 0.99921518586937352
    outer loop
      vertex 0.0012731762835755944 0.0069654583930969238 0.0051402370445430279
      vertex -7.416279458993813e-06 -0.00017739857139531523 0.0050814561545848846
      vertex 0.0012481086887419224 -0.00017739857139531523 0.0050352942198514938
    endloop
  endfacet
  facet normal 0.066481944822249478 -0.014952861129317912 0.99767558001421397
    outer loop
      vertex 0.0025028754025697708 -0.00017739857139531523 0.0049715228378772736
      vertex 0.0037564050871878862 -0.00017739857139531523 0.0048879915848374367
      vertex 0.0038338594604283571 0.0069654583930969238 0.0049898852594196796
    endloop
  endfacet
  facet normal -0.0010293837873226114 -0.014904331591920126 0.99988839440650401
    outer loop
      vertex -0.0012360987020656466 -0.0073202555067837238 0.0050021358765661716
      vertex -0.001263496233150363 -0.00017739857139531523 0.0051085790619254112
      vertex -0.0038294990081340075 -0.00017739857139531523 0.0051059373654425144
    endloop
  endfacet
  facet normal -0.0010177954701718042 -0.014900125234899159 0.99988846896059635
    outer loop
      vertex -0.0012360987020656466 -0.0073202555067837238 0.0050021358765661716
      vertex -0.0038294990081340075 -0.00017739857139531523 0.0051059373654425144
      vertex -0.0037485156208276749 -0.0073202555067837238 0.0049995784647762775
    endloop
  endfacet
  facet normal -0.022582575652930162 -0.015161937162916363 0.99963000302029137
    outer loop
      vertex -0.0050591304898262024 -0.00017739857139531523 0.0050861886702477932
      vertex -0.0064207385294139385 0.0069654583930969238 0.0051637683063745499
      vertex -0.0062883924692869186 -0.00017739857139531523 0.0050584184937179089
    endloop
  endfacet
  facet normal -0.031904360864580948 -0.015328287672398702 0.99937338135196252
    outer loop
      vertex -0.0090936562046408653 0.0069654583930969238 0.0050784186460077763
      vertex -0.008906620554625988 -0.00017739857139531523 0.0049748332239687443
      vertex -0.0062883924692869186 -0.00017739857139531523 0.0050584184937179089
    endloop
  endfacet
  facet normal -0.031911254558803115 -0.015330994348184064 0.99937311973295517
    outer loop
      vertex -0.0090936562046408653 0.0069654583930969238 0.0050784186460077763
      vertex -0.0062883924692869186 -0.00017739857139531523 0.0050584184937179089
      vertex -0.0064207385294139385 0.0069654583930969238 0.0051637683063745499
    endloop
  endfacet
  facet normal -0.04478982842845055 -0.015113464564712298 0.99888210238155795
    outer loop
      vertex -0.011547290720045567 0.0069654583930969238 0.0049683977849781513
      vertex -0.01010851189494133 -0.00017739857139531523 0.0049248384311795235
      vertex -0.0090936562046408653 0.0069654583930969238 0.0050784186460077763
    endloop
  endfacet
  facet normal -0.057888243352389936 -0.016078121538320944 0.99819359108810823
    outer loop
      vertex -0.014108208008110523 0.0069654583930969238 0.0048198611475527287
      vertex -0.013818585313856602 -0.00017739857139531523 0.0047216056846082211
      vertex -0.011310062371194363 -0.00017739857139531523 0.0048670824617147446
    endloop
  endfacet
  facet normal -0.057896536131568303 -0.016081373680886763 0.99819305774208911
    outer loop
      vertex -0.014108208008110523 0.0069654583930969238 0.0048198611475527287
      vertex -0.011310062371194363 -0.00017739857139531523 0.0048670824617147446
      vertex -0.011547290720045567 0.0069654583930969238 0.0049683977849781513
    endloop
  endfacet
  facet normal -0.041555783582464215 -0.015575809530847215 0.99901477016523943
    outer loop
      vertex -0.0090936562046408653 0.0069654583930969238 0.0050784186460077763
      vertex -0.01010851189494133 -0.00017739857139531523 0.0049248384311795235
      vertex -0.008906620554625988 -0.00017739857139531523 0.0049748332239687443
    endloop
  endfacet
  facet normal -0.057879760600016969 -0.016077842008797676 0.99819408749462402
    outer loop
      vertex -0.013818585313856602 -0.00017739857139531523 0.0047216056846082211
      vertex -0.013528963550925255 -0.0073202555067837238 0.0046233497560024261
      vertex -0.011072834022343159 -0.0073202555067837238 0.0047657671384513378
    endloop
  endfacet
  facet normal -0.057888240574492343 -0.016081105120248827 0.99819354318754305
    outer loop
      vertex -0.013818585313856602 -0.00017739857139531523 0.0047216056846082211
      vertex -0.011072834022343159 -0.0073202555067837238 0.0047657671384513378
      vertex -0.011310062371194363 -0.00017739857139531523 0.0048670824617147446
    endloop
  endfacet
  facet normal -0.066911324466510852 -0.016436140529969331 0.99762354019069555
    outer loop
      vertex -0.014108208008110523 0.0069654583930969238 0.0048198611475527287
      vertex -0.015072108246386051 -0.00017739857139531523 0.004637531004846096
      vertex -0.013818585313856602 -0.00017739857139531523 0.0047216056846082211
    endloop
  endfacet
  facet normal -0.048006469682836894 -0.015760417308829187 0.99872267828203554
    outer loop
      vertex -0.011310062371194363 -0.00017739857139531523 0.0048670824617147446
      vertex -0.01010851189494133 -0.00017739857139531523 0.0049248384311795235
      vertex -0.011547290720045567 0.0069654583930969238 0.0049683977849781513
    endloop
  endfacet
  facet normal -0.069694586992699065 -0.016055843708997722 0.99743915825814133
    outer loop
      vertex -0.015072108246386051 -0.00017739857139531523 0.004637531004846096
      vertex -0.014108208008110523 0.0069654583930969238 0.0048198611475527287
      vertex -0.01666710339486599 0.0069654583930969238 0.0046410621143877506
    endloop
  endfacet
  facet normal -0.031897534402164744 -0.015328177320363776 0.99937360095166539
    outer loop
      vertex -0.008906620554625988 -0.00017739857139531523 0.0049748332239687443
      vertex -0.0087195849046111107 -0.0073202555067837238 0.004871247336268425
      vertex -0.0061560464091598988 -0.0073202555067837238 0.0049530691467225552
    endloop
  endfacet
  facet normal -0.031904359633218186 -0.015330804796370863 0.99937334278070966
    outer loop
      vertex -0.008906620554625988 -0.00017739857139531523 0.0049748332239687443
      vertex -0.0061560464091598988 -0.0073202555067837238 0.0049530691467225552
      vertex -0.0062883924692869186 -0.00017739857139531523 0.0050584184937179089
    endloop
  endfacet
  facet normal -0.080057894017749417 -0.017026709975038402 0.99664478363801667
    outer loop
      vertex -0.019224125891923904 0.0069654583930969238 0.004435644019395113
      vertex -0.018829841166734695 -0.00017739857139531523 0.0043452871032059193
      vertex -0.016325131058692932 -0.00017739857139531523 0.0045464839786291122
    endloop
  endfacet
  facet normal -0.080065287072161914 -0.017029720528790763 0.9966441383085356
    outer loop
      vertex -0.019224125891923904 0.0069654583930969238 0.004435644019395113
      vertex -0.016325131058692932 -0.00017739857139531523 0.0045464839786291122
      vertex -0.01666710339486599 0.0069654583930969238 0.0046410621143877506
    endloop
  endfacet
  facet normal -0.089354077576765972 -0.017137475321368927 0.9958524769060999
    outer loop
      vertex -0.021779080852866173 0.0069654583930969238 0.004206397570669651
      vertex -0.020081426948308945 -0.00017739857139531523 0.0042358012869954109
      vertex -0.019224125891923904 0.0069654583930969238 0.004435644019395113
    endloop
  endfacet
  facet normal -0.097773625720150428 -0.01804148731098185 0.99504513608637046
    outer loop
      vertex -0.02433200366795063 0.0069654583930969238 0.0039555281400680542
      vertex -0.023833218961954117 -0.00017739857139531523 0.003875029506161809
      vertex -0.021332524716854095 -0.00017739857139531523 0.0041207489557564259
    endloop
  endfacet
  facet normal -0.097780559982087498 -0.018044416184825551 0.99504440158926455
    outer loop
      vertex -0.02433200366795063 0.0069654583930969238 0.0039555281400680542
      vertex -0.021332524716854095 -0.00017739857139531523 0.0041207489557564259
      vertex -0.021779080852866173 0.0069654583930969238 0.004206397570669651
    endloop
  endfacet
  facet normal -0.087131673195079279 -0.017409590153119645 0.99604466651698198
    outer loop
      vertex -0.020081426948308945 -0.00017739857139531523 0.0042358012869954109
      vertex -0.018829841166734695 -0.00017739857139531523 0.0043452871032059193
      vertex -0.019224125891923904 0.0069654583930969238 0.004435644019395113
    endloop
  endfacet
  facet normal -0.080050302616448271 -0.017026319672745909 0.99664540007437796
    outer loop
      vertex -0.018829841166734695 -0.00017739857139531523 0.0043452871032059193
      vertex -0.018435554578900337 -0.0073202555067837238 0.0042549301870167255
      vertex -0.015983160585165024 -0.0073202555067837238 0.0044519058428704739
    endloop
  endfacet
  facet normal -0.080057890412909768 -0.017029353548605249 0.99664473876118509
    outer loop
      vertex -0.018829841166734695 -0.00017739857139531523 0.0043452871032059193
      vertex -0.015983160585165024 -0.0073202555067837238 0.0044519058428704739
      vertex -0.016325131058692932 -0.00017739857139531523 0.0045464839786291122
    endloop
  endfacet
  facet normal -0.11243288018571539 -0.018792606620084883 0.99348159791189261
    outer loop
      vertex -0.029431819915771484 0.0069654583930969238 0.0033967134077101946
      vertex -0.02758055180311203 -0.00017739857139531523 0.0034711088519543409
      vertex -0.026882899925112724 0.0069654583930969238 0.0036851761396974325
    endloop
  endfacet
  facet normal -0.11908763349568569 -0.019362479453514644 0.99269493296672429
    outer loop
      vertex -0.031978752464056015 0.0069654583930969238 0.0030911732465028763
      vertex -0.030076349154114723 -0.00017739857139531523 0.0031800719443708658
      vertex -0.029431819915771484 0.0069654583930969238 0.0033967134077101946
    endloop
  endfacet
  facet normal -0.10537472978706096 -0.018561083154085608 0.99425934871865851
    outer loop
      vertex -0.02433200366795063 0.0069654583930969238 0.0039555281400680542
      vertex -0.026882899925112724 0.0069654583930969238 0.0036851761396974325
      vertex -0.02633192203938961 -0.00017739857139531523 0.003610225860029459
    endloop
  endfacet
  facet normal -0.10717976751089972 -0.01804682279502361 0.99407585707697099
    outer loop
      vertex -0.02433200366795063 0.0069654583930969238 0.0039555281400680542
      vertex -0.02633192203938961 -0.00017739857139531523 0.003610225860029459
      vertex -0.025082822889089584 -0.00017739857139531523 0.0037449018564075232
    endloop
  endfacet
  facet normal -0.12533386154350065 -0.019944131539255228 0.99191413679196017
    outer loop
      vertex -0.031978752464056015 0.0069654583930969238 0.0030911732465028763
      vertex -0.034523725509643555 0.0069654583930969238 0.0027696017641574144
      vertex -0.032570213079452515 -0.00017739857139531523 0.002872819546610117
    endloop
  endfacet
  facet normal -0.12381599008809398 -0.020075563983866358 0.99210209773451985
    outer loop
      vertex -0.031978752464056015 0.0069654583930969238 0.0030911732465028763
      vertex -0.032570213079452515 -0.00017739857139531523 0.002872819546610117
      vertex -0.031323526054620743 -0.00017739857139531523 0.003028408158570528
    endloop
  endfacet
  facet normal -0.072460769859578875 -0.016673428013415512 0.99723188558611497
    outer loop
      vertex -0.015072108246386051 -0.00017739857139531523 0.004637531004846096
      vertex -0.01666710339486599 0.0069654583930969238 0.0046410621143877506
      vertex -0.016325131058692932 -0.00017739857139531523 0.0045464839786291122
    endloop
  endfacet
  facet normal -0.091560416615806411 -0.01766272221025857 0.99564286687208425
    outer loop
      vertex -0.021779080852866173 0.0069654583930969238 0.004206397570669651
      vertex -0.021332524716854095 -0.00017739857139531523 0.0041207489557564259
      vertex -0.020081426948308945 -0.00017739857139531523 0.0042358012869954109
    endloop
  endfacet
  facet normal -0.097773621187967161 -0.018044055583488261 0.99504508996220464
    outer loop
      vertex -0.020885968580842018 -0.0073202555067837238 0.0040350998751819134
      vertex -0.021332524716854095 -0.00017739857139531523 0.0041207489557564259
      vertex -0.023833218961954117 -0.00017739857139531523 0.003875029506161809
    endloop
  endfacet
  facet normal -0.097766370946252415 -0.018041046837486134 0.99504585690359382
    outer loop
      vertex -0.020885968580842018 -0.0073202555067837238 0.0040350998751819134
      vertex -0.023833218961954117 -0.00017739857139531523 0.003875029506161809
      vertex -0.023334432393312454 -0.0073202555067837238 0.0037945306394249201
    endloop
  endfacet
  facet normal -0.11414019571239087 -0.019237221024776749 0.99327838245377165
    outer loop
      vertex -0.029431819915771484 0.0069654583930969238 0.0033967134077101946
      vertex -0.02882869727909565 -0.00017739857139531523 0.0033276812173426151
      vertex -0.02758055180311203 -0.00017739857139531523 0.0034711088519543409
    endloop
  endfacet
  facet normal -0.1174678815914338 -0.019514398887176491 0.99288493040759418
    outer loop
      vertex -0.029431819915771484 0.0069654583930969238 0.0033967134077101946
      vertex -0.030076349154114723 -0.00017739857139531523 0.0031800719443708658
      vertex -0.02882869727909565 -0.00017739857139531523 0.0033276812173426151
    endloop
  endfacet
  facet normal -0.11071066540732624 -0.018966514351787804 0.99367168617124757
    outer loop
      vertex -0.02758055180311203 -0.00017739857139531523 0.0034711088519543409
      vertex -0.02633192203938961 -0.00017739857139531523 0.003610225860029459
      vertex -0.026882899925112724 0.0069654583930969238 0.0036851761396974325
    endloop
  endfacet
  facet normal -0.12683675895545538 -0.020358043971469415 0.99171466996476942
    outer loop
      vertex -0.034523725509643555 0.0069654583930969238 0.0027696017641574144
      vertex -0.03381643071770668 -0.00017739857139531523 0.0027134327683597803
      vertex -0.032570213079452515 -0.00017739857139531523 0.002872819546610117
    endloop
  endfacet
  facet normal -0.13146522780626477 -0.020811577784878802 0.99110230153498813
    outer loop
      vertex -0.033109135925769806 -0.0073202555067837238 0.0026572635397315025
      vertex -0.03381643071770668 -0.00017739857139531523 0.0027134327683597803
      vertex -0.03630736842751503 -0.00017739857139531523 0.0023830211721360683
    endloop
  endfacet
  facet normal -0.13145810539833766 -0.020808349834400955 0.99110331404059426
    outer loop
      vertex -0.033109135925769806 -0.0073202555067837238 0.0026572635397315025
      vertex -0.03630736842751503 -0.00017739857139531523 0.0023830211721360683
      vertex -0.035548049956560135 -0.0073202555067837238 0.0023337705060839653
    endloop
  endfacet
  facet normal -0.12069272779304821 -0.01979249304266887 0.99249258066598611
    outer loop
      vertex -0.031323526054620743 -0.00017739857139531523 0.003028408158570528
      vertex -0.030076349154114723 -0.00017739857139531523 0.0031800719443708658
      vertex -0.031978752464056015 0.0069654583930969238 0.0030911732465028763
    endloop
  endfacet
  facet normal -0.10355743146946376 -0.018438691321544763 0.99445254942093453
    outer loop
      vertex -0.025082822889089584 -0.00017739857139531523 0.0037449018564075232
      vertex -0.023833218961954117 -0.00017739857139531523 0.003875029506161809
      vertex -0.02433200366795063 0.0069654583930969238 0.0039555281400680542
    endloop
  endfacet
  facet normal -0.13147197635273863 -0.020812206500219851 0.99110139314527113
    outer loop
      vertex -0.03381643071770668 -0.00017739857139531523 0.0027134327683597803
      vertex -0.034523725509643555 0.0069654583930969238 0.0027696017641574144
      vertex -0.037066686898469925 0.0069654583930969238 0.0024322718381881714
    endloop
  endfacet
  facet normal -0.13146523458531642 -0.020809100985968988 0.9911023526415339
    outer loop
      vertex -0.03381643071770668 -0.00017739857139531523 0.0027134327683597803
      vertex -0.037066686898469925 0.0069654583930969238 0.0024322718381881714
      vertex -0.03630736842751503 -0.00017739857139531523 0.0023830211721360683
    endloop
  endfacet
  facet normal 0.8570897821530421 -0.042854505072196618 0.51338153134278997
    outer loop
      vertex 0.013579899445176125 -0.050177399069070816 0.0017746057128533721
      vertex 0.014499999582767487 -0.053034540265798569 2.2737366969928989e-17
      vertex 0.014999999664723873 -0.043034542351961136 2.1316282258091463e-17
    endloop
  endfacet
  facet normal 0.85707391136025479 -0.042844560909819335 0.51340885662995639
    outer loop
      vertex 0.014999999664723873 -0.043034542351961136 2.1316282258091463e-17
      vertex 0.014242077246308327 -0.035891685634851456 0.0018613393185660243
      vertex 0.013579899445176125 -0.050177399069070816 0.0017746057128533721
    endloop
  endfacet
  facet normal 0.85705815097161053 -0.042852907548580461 0.51343446920493852
    outer loop
      vertex 0.014242077246308327 -0.035891685634851456 0.0018613393185660243
      vertex 0.014999999664723873 -0.043034542351961136 2.1316282258091463e-17
      vertex 0.01549999974668026 -0.033034540712833405 1.9895195891892712e-17
    endloop
  endfacet
  facet normal 0.85708985352978329 -0.042854412853789263 0.51338141987731911
    outer loop
      vertex 0.014000000432133675 -0.0630345419049263 2.415845333612774e-17
      vertex 0.014499999582767487 -0.053034540265798569 2.2737366969928989e-17
      vertex 0.013579899445176125 -0.050177399069070816 0.0017746057128533721
    endloop
  endfacet
  facet normal 0.85712120515500423 -0.042846257486029868 0.51332975551108861
    outer loop
      vertex 0.014000000432133675 -0.0630345419049263 2.415845333612774e-17
      vertex 0.013579899445176125 -0.050177399069070816 0.0017746057128533721
      vertex 0.012917721644043922 -0.064463116228580475 0.0016878722235560417
    endloop
  endfacet
  facet normal 0.90273953541153629 -0.023262556170858546 0.4295581272486429
    outer loop
      vertex 0.012917721644043922 -0.064463116228580475 0.0016878722235560417
      vertex 0.012920026667416096 -0.078748829662799835 0.00090939074289053679
      vertex 0.013500000350177288 -0.073034539818763733 2.5579538047965265e-17
    endloop
  endfacet
  facet normal 0.95035994264200563 -0.047515353646558491 0.30750328549354744
    outer loop
      vertex 0.012570878490805626 -0.085891686379909515 0.00088474410586059093
      vertex 0.013000000268220901 -0.083034537732601166 2.7000624414164016e-17
      vertex 0.012920026667416096 -0.078748829662799835 0.00090939074289053679
    endloop
  endfacet
  facet normal 0.95035615731977496 -0.047517825567755259 0.30751460208858916
    outer loop
      vertex 0.013500000350177288 -0.073034539818763733 2.5579538047965265e-17
      vertex 0.012920026667416096 -0.078748829662799835 0.00090939074289053679
      vertex 0.013000000268220901 -0.083034537732601166 2.7000624414164016e-17
    endloop
  endfacet
  facet normal 0.9503623021026455 -0.047518097403265284 0.30749556933610195
    outer loop
      vertex 0.012500000186264515 -0.093034543097019196 0
      vertex 0.013000000268220901 -0.083034537732601166 2.7000624414164016e-17
      vertex 0.012570878490805626 -0.085891686379909515 0.00088474410586059093
    endloop
  endfacet
  facet normal 0.85712450094813697 -0.042856241012598051 0.51332341898716927
    outer loop
      vertex 0.014000000432133675 -0.0630345419049263 2.415845333612774e-17
      vertex 0.012917721644043922 -0.064463116228580475 0.0016878722235560417
      vertex 0.013500000350177288 -0.073034539818763733 2.5579538047965265e-17
    endloop
  endfacet
  facet normal 0.72066624713234784 -0.037607608436680894 0.69226138707272356
    outer loop
      vertex 0.012920026667416096 -0.078748829662799835 0.00090939074289053679
      vertex 0.012917721644043922 -0.064463116228580475 0.0016878722235560417
      vertex 0.01225554384291172 -0.078748829662799835 0.0016011386178433895
    endloop
  endfacet
  facet normal 0.42422098752906512 -0.025151502820904188 0.90520934354751037
    outer loop
      vertex 0.010468808002769947 -0.078748829662799835 0.0024384185671806335
      vertex 0.010186200030148029 -0.085891686379909515 0.0023723947815597057
      vertex 0.011924454942345619 -0.085891686379909515 0.0015577719314023852
    endloop
  endfacet
  facet normal 0.42419466072594164 -0.025158365551935732 0.90522149027426346
    outer loop
      vertex 0.010468808002769947 -0.078748829662799835 0.0024384185671806335
      vertex 0.011924454942345619 -0.085891686379909515 0.0015577719314023852
      vertex 0.01225554384291172 -0.078748829662799835 0.0016011386178433895
    endloop
  endfacet
  facet normal 0.42424878703580421 -0.025152482032579717 0.90519628774440386
    outer loop
      vertex 0.010186200030148029 -0.085891686379909515 0.0023723947815597057
      vertex 0.0099035920575261116 -0.093034543097019196 0.0023063709959387779
      vertex 0.011593366041779518 -0.093034543097019196 0.0015144051285460591
    endloop
  endfacet
  facet normal 0.4242209019004714 -0.025159521791673668 0.90520916083188474
    outer loop
      vertex 0.010186200030148029 -0.085891686379909515 0.0023723947815597057
      vertex 0.011593366041779518 -0.093034543097019196 0.0015144051285460591
      vertex 0.011924454942345619 -0.085891686379909515 0.0015577719314023852
    endloop
  endfacet
  facet normal -0.00084854447171380312 -0.014898209554508038 0.9998886554633718
    outer loop
      vertex -0.0029386822134256363 -0.078748829662799835 0.0039359885267913342
      vertex -0.0028576988261193037 -0.085891686379909515 0.0038296296261250973
      vertex -0.00093472562730312347 -0.085891686379909515 0.0038312615361064672
    endloop
  endfacet
  facet normal -0.0008680593719997895 -0.014903683095079077 0.9998885571418088
    outer loop
      vertex -0.0029386822134256363 -0.078748829662799835 0.0039359885267913342
      vertex -0.00093472562730312347 -0.085891686379909515 0.0038312615361064672
      vertex -0.00096212315838783979 -0.078748829662799835 0.0039377044886350632
    endloop
  endfacet
  facet normal 0.058792589726190177 -0.014871252812789854 0.99815944479480134
    outer loop
      vertex 0.00097236497094854712 -0.078748829662799835 0.0038809243123978376
      vertex 0.00094729737611487508 -0.085891686379909515 0.0037759817205369473
      vertex 0.0028269519098103046 -0.085891686379909515 0.003665268188342452
    endloop
  endfacet
  facet normal 0.058773682008205486 -0.014876193450029203 0.99816048467750706
    outer loop
      vertex 0.00097236497094854712 -0.078748829662799835 0.0038809243123978376
      vertex 0.0028269519098103046 -0.085891686379909515 0.003665268188342452
      vertex 0.0029044062830507755 -0.078748829662799835 0.003767161862924695
    endloop
  endfacet
  facet normal 0.30715442436658069 -0.020946975110458985 0.95142912706399529
    outer loop
      vertex 0.0099035920575261116 -0.093034543097019196 0.0023063709959387779
      vertex 0.010186200030148029 -0.085891686379909515 0.0023723947815597057
      vertex 0.0093093784525990486 -0.085891686379909515 0.0026554632931947708
    endloop
  endfacet
  facet normal 0.72070743389775327 -0.037609256665118752 0.69221841823055597
    outer loop
      vertex 0.011593366041779518 -0.093034543097019196 0.0015144051285460591
      vertex 0.012570878490805626 -0.085891686379909515 0.00088474410586059093
      vertex 0.011924454942345619 -0.085891686379909515 0.0015577719314023852
    endloop
  endfacet
  facet normal 0.19761928977695259 -0.017465094312573013 0.98012325081527685
    outer loop
      vertex 0.0081837521865963936 -0.093034543097019196 0.0028043340425938368
      vertex 0.0084170401096343994 -0.085891686379909515 0.0028845774941146374
      vertex 0.0074941772036254406 -0.085891686379909515 0.0030706515535712242
    endloop
  endfacet
  facet normal 0.14831668352097424 -0.016209352590989198 0.98880706827870113
    outer loop
      vertex 0.0063846823759377003 -0.093034543097019196 0.003140266053378582
      vertex 0.0065663778223097324 -0.085891686379909515 0.0032301042228937149
      vertex 0.0056353211402893066 -0.085891686379909515 0.0033697586040943861
    endloop
  endfacet
  facet normal 0.13717431896728133 -0.017429277208141827 0.99039357152187968
    outer loop
      vertex 0.0045717433094978333 -0.093034543097019196 0.0033913669176399708
      vertex 0.0063846823759377003 -0.093034543097019196 0.003140266053378582
      vertex 0.0056353211402893066 -0.085891686379909515 0.0033697586040943861
    endloop
  endfacet
  facet normal 0.1693543323712641 -0.016701815356558136 0.98541369965658521
    outer loop
      vertex 0.0063846823759377003 -0.093034543097019196 0.003140266053378582
      vertex 0.0074941772036254406 -0.085891686379909515 0.0030706515535712242
      vertex 0.0065663778223097324 -0.085891686379909515 0.0032301042228937149
    endloop
  endfacet
  facet normal 0.85577088724229589 -0.071950786357216662 0.51232731031159351
    outer loop
      vertex 0.011593366041779518 -0.093034543097019196 0.0015144051285460591
      vertex 0.012500000186264515 -0.093034543097019196 0
      vertex 0.012570878490805626 -0.085891686379909515 0.00088474410586059093
    endloop
  endfacet
  facet normal 0.27803837584018309 -0.023801462179558867 0.96027503974552408
    outer loop
      vertex 0.0081837521865963936 -0.093034543097019196 0.0028043340425938368
      vertex 0.0099035920575261116 -0.093034543097019196 0.0023063709959387779
      vertex 0.0093093784525990486 -0.085891686379909515 0.0026554632931947708
    endloop
  endfacet
  facet normal 0.18352001287026867 -0.018927304739974182 0.98283374077784713
    outer loop
      vertex 0.0074941772036254406 -0.085891686379909515 0.0030706515535712242
      vertex 0.0063846823759377003 -0.093034543097019196 0.003140266053378582
      vertex 0.0081837521865963936 -0.093034543097019196 0.0028043340425938368
    endloop
  endfacet
  facet normal 0.12598080434191711 -0.015757972813290708 0.99190751747840844
    outer loop
      vertex 0.0045717433094978333 -0.093034543097019196 0.0033913669176399708
      vertex 0.0056353211402893066 -0.085891686379909515 0.0033697586040943861
      vertex 0.0047014458104968071 -0.085891686379909515 0.0034883688203990459
    endloop
  endfacet
  facet normal 0.24864566213132286 -0.019000023021676124 0.96840814423901445
    outer loop
      vertex 0.0093093784525990486 -0.085891686379909515 0.0026554632931947708
      vertex 0.0084170401096343994 -0.085891686379909515 0.0028845774941146374
      vertex 0.0081837521865963936 -0.093034543097019196 0.0028043340425938368
    endloop
  endfacet
  facet normal 0.084180015617955503 -0.015125627467117472 0.99633575684318731
    outer loop
      vertex 0.0027494975365698338 -0.093034543097019196 0.0035633747465908527
      vertex 0.0037650689482688904 -0.085891686379909515 0.0035860070493072271
      vertex 0.0028269519098103046 -0.085891686379909515 0.003665268188342452
    endloop
  endfacet
  facet normal 0.036909647729853057 -0.014809905957883196 0.99920885934321912
    outer loop
      vertex 0.00092222978128120303 -0.093034543097019196 0.0036710388958454132
      vertex 0.00094729737611487508 -0.085891686379909515 0.0037759817205369473
      vertex 6.5042568166973069e-06 -0.085891686379909515 0.0038107335567474365
    endloop
  endfacet
  facet normal 0.021802162670608433 -0.014813243474971118 0.99965255640179085
    outer loop
      vertex -0.00090732803801074624 -0.093034543097019196 0.0037248183507472277
      vertex 6.5042568166973069e-06 -0.085891686379909515 0.0038107335567474365
      vertex -0.00093472562730312347 -0.085891686379909515 0.0038312615361064672
    endloop
  endfacet
  facet normal 0.058812323390879197 -0.014871337505261765 0.99815828100465664
    outer loop
      vertex 0.00094729737611487508 -0.085891686379909515 0.0037759817205369473
      vertex 0.00092222978128120303 -0.093034543097019196 0.0036710388958454132
      vertex 0.0027494975365698338 -0.093034543097019196 0.0035633747465908527
    endloop
  endfacet
  facet normal 0.058792585267888151 -0.014876349979571511 0.9981593691033529
    outer loop
      vertex 0.00094729737611487508 -0.085891686379909515 0.0037759817205369473
      vertex 0.0027494975365698338 -0.093034543097019196 0.0035633747465908527
      vertex 0.0028269519098103046 -0.085891686379909515 0.003665268188342452
    endloop
  endfacet
  facet normal 0.093962768362248802 -0.016513697111295581 0.99543874546323496
    outer loop
      vertex 0.0027494975365698338 -0.093034543097019196 0.0035633747465908527
      vertex 0.0045717433094978333 -0.093034543097019196 0.0033913669176399708
      vertex 0.0037650689482688904 -0.085891686379909515 0.0035860070493072271
    endloop
  endfacet
  facet normal 0.029378433366934582 -0.015780014237317327 0.99944379471963041
    outer loop
      vertex 0.00092222978128120303 -0.093034543097019196 0.0036710388958454132
      vertex 6.5042568166973069e-06 -0.085891686379909515 0.0038107335567474365
      vertex -0.00090732803801074624 -0.093034543097019196 0.0037248183507472277
    endloop
  endfacet
  facet normal -0.00082791068572132028 -0.014898008510185299 0.99988867575661988
    outer loop
      vertex -0.0028576988261193037 -0.085891686379909515 0.0038296296261250973
      vertex -0.0027767154388129711 -0.093034543097019196 0.0037232704926282167
      vertex -0.00090732803801074624 -0.093034543097019196 0.0037248183507472277
    endloop
  endfacet
  facet normal -0.00084854440302154941 -0.01490364110093409 0.99988857451934654
    outer loop
      vertex -0.0028576988261193037 -0.085891686379909515 0.0038296296261250973
      vertex -0.00090732803801074624 -0.093034543097019196 0.0037248183507472277
      vertex -0.00093472562730312347 -0.085891686379909515 0.0038312615361064672
    endloop
  endfacet
  facet normal 0.10369780230566128 -0.015388418323158213 0.99448980003743004
    outer loop
      vertex 0.0047014458104968071 -0.085891686379909515 0.0034883688203990459
      vertex 0.0037650689482688904 -0.085891686379909515 0.0035860070493072271
      vertex 0.0045717433094978333 -0.093034543097019196 0.0033913669176399708
    endloop
  endfacet
  facet normal -0.015941235372753122 -0.015067433457229114 0.99975939578670736
    outer loop
      vertex -0.0028576988261193037 -0.085891686379909515 0.0038296296261250973
      vertex -0.0037790148053318262 -0.085891686379909515 0.0038149391766637564
      vertex -0.0027767154388129711 -0.093034543097019196 0.0037232704926282167
    endloop
  endfacet
  facet normal -0.031795185110220441 -0.015325513088107715 0.99937690330144879
    outer loop
      vertex -0.0068492298014461994 -0.078748829662799835 0.0038353907875716686
      vertex -0.0066621941514313221 -0.085891686379909515 0.003731805132701993
      vertex -0.0047002406790852547 -0.085891686379909515 0.0037942246999591589
    endloop
  endfacet
  facet normal -0.031807045256728742 -0.015329078823703428 0.99937647121315254
    outer loop
      vertex -0.0068492298014461994 -0.078748829662799835 0.0038353907875716686
      vertex -0.0047002406790852547 -0.085891686379909515 0.0037942246999591589
      vertex -0.0048325862735509872 -0.078748829662799835 0.0038995742797851562
    endloop
  endfacet
  facet normal -0.057754256345493547 -0.016072797241846778 0.99820143811898077
    outer loop
      vertex -0.010632738471031189 -0.078748829662799835 0.0036407941952347755
      vertex -0.010343115776777267 -0.085891686379909515 0.0035425387322902679
      vertex -0.0084633259102702141 -0.085891686379909515 0.0036513002123683691
    endloop
  endfacet
  facet normal -0.057768733591085586 -0.016077195575045514 0.99820052955391869
    outer loop
      vertex -0.010632738471031189 -0.078748829662799835 0.0036407941952347755
      vertex -0.0084633259102702141 -0.085891686379909515 0.0036513002123683691
      vertex -0.0087005533277988434 -0.078748829662799835 0.0037526153028011322
    endloop
  endfacet
  facet normal -0.03178274946958172 -0.01532519119698021 0.99937730380018608
    outer loop
      vertex -0.0066621941514313221 -0.085891686379909515 0.003731805132701993
      vertex -0.0064751589670777321 -0.093034543097019196 0.0036282194778323174
      vertex -0.0045678946189582348 -0.093034543097019196 0.0036888753529638052
    endloop
  endfacet
  facet normal -0.0317951834913794 -0.01532883416356241 0.99937685241851359
    outer loop
      vertex -0.0066621941514313221 -0.085891686379909515 0.003731805132701993
      vertex -0.0045678946189582348 -0.093034543097019196 0.0036888753529638052
      vertex -0.0047002406790852547 -0.085891686379909515 0.0037942246999591589
    endloop
  endfacet
  facet normal -0.047868697603881218 -0.015755904425647616 0.99872936237272913
    outer loop
      vertex -0.0082260975614190102 -0.093034543097019196 0.003549985121935606
      vertex -0.0075628957711160183 -0.085891686379909515 0.0036944574676454067
      vertex -0.0084633259102702141 -0.085891686379909515 0.0036513002123683691
    endloop
  endfacet
  facet normal -0.057739013194511669 -0.016072216443285513 0.99820232929698394
    outer loop
      vertex -0.010343115776777267 -0.085891686379909515 0.0035425387322902679
      vertex -0.010053494013845921 -0.093034543097019196 0.0034442830365151167
      vertex -0.0082260975614190102 -0.093034543097019196 0.003549985121935606
    endloop
  endfacet
  facet normal -0.057754252689569775 -0.016076734158883971 0.99820137493145833
    outer loop
      vertex -0.010343115776777267 -0.085891686379909515 0.0035425387322902679
      vertex -0.0082260975614190102 -0.093034543097019196 0.003549985121935606
      vertex -0.0084633259102702141 -0.085891686379909515 0.0036513002123683691
    endloop
  endfacet
  facet normal -0.041424456052007487 -0.015572480972103456 0.99902027620923117
    outer loop
      vertex -0.0064751589670777321 -0.093034543097019196 0.0036282194778323174
      vertex -0.0066621941514313221 -0.085891686379909515 0.003731805132701993
      vertex -0.0075628957711160183 -0.085891686379909515 0.0036944574676454067
    endloop
  endfacet
  facet normal -0.022477508149112625 -0.0151599611497729 0.99963240103817363
    outer loop
      vertex -0.0045678946189582348 -0.093034543097019196 0.0036888753529638052
      vertex -0.0037790148053318262 -0.085891686379909515 0.0038149391766637564
      vertex -0.0047002406790852547 -0.085891686379909515 0.0037942246999591589
    endloop
  endfacet
  facet normal -0.079937638754451049 -0.01702020642208131 0.99665454721468694
    outer loop
      vertex -0.014492698013782501 -0.078748829662799835 0.0033513621892780066
      vertex -0.014098412357270718 -0.085891686379909515 0.0032610052730888128
      vertex -0.012221469543874264 -0.085891686379909515 0.0034115472808480263
    endloop
  endfacet
  facet normal -0.079950502437273224 -0.017024305997155213 0.99665344536872147
    outer loop
      vertex -0.014492698013782501 -0.078748829662799835 0.0033513621892780066
      vertex -0.012221469543874264 -0.085891686379909515 0.0034115472808480263
      vertex -0.012563440948724747 -0.078748829662799835 0.003506125183776021
    endloop
  endfacet
  facet normal -0.079923865609690295 -0.017019460278802405 0.99665566454910715
    outer loop
      vertex -0.014098412357270718 -0.085891686379909515 0.0032610052730888128
      vertex -0.013704126700758934 -0.093034543097019196 0.0031706483568996191
      vertex -0.011879497207701206 -0.093034543097019196 0.0033169691450893879
    endloop
  endfacet
  facet normal -0.079937633935935129 -0.017023746608682881 0.99665448713790861
    outer loop
      vertex -0.014098412357270718 -0.085891686379909515 0.0032610052730888128
      vertex -0.011879497207701206 -0.093034543097019196 0.0033169691450893879
      vertex -0.012221469543874264 -0.085891686379909515 0.0034115472808480263
    endloop
  endfacet
  facet normal -0.091445088514463507 -0.017655629431047152 0.99565359163515066
    outer loop
      vertex -0.015527299605309963 -0.093034543097019196 0.0030073148664087057
      vertex -0.015036316588521004 -0.085891686379909515 0.0031790710054337978
      vertex -0.015973854809999466 -0.085891686379909515 0.0030929634813219309
    endloop
  endfacet
  facet normal -0.095659826384623822 -0.017914320306561822 0.9952528697491998
    outer loop
      vertex -0.015527299605309963 -0.093034543097019196 0.0030073148664087057
      vertex -0.015973854809999466 -0.085891686379909515 0.0030929634813219309
      vertex -0.016911016777157784 -0.085891686379909515 0.0030028871260583401
    endloop
  endfacet
  facet normal -0.087014257590677421 -0.017403252019786972 0.99605504154894919
    outer loop
      vertex -0.013704126700758934 -0.093034543097019196 0.0031706483568996191
      vertex -0.014098412357270718 -0.085891686379909515 0.0032610052730888128
      vertex -0.015036316588521004 -0.085891686379909515 0.0031790710054337978
    endloop
  endfacet
  facet normal -0.11897368349242878 -0.019636653696870485 0.99270321066662848
    outer loop
      vertex -0.024116029962897301 -0.078748829662799835 0.0023379919584840536
      vertex -0.023460803553462029 -0.085891686379909515 0.0022752268705517054
      vertex -0.021591220051050186 -0.085891686379909515 0.0024992930702865124
    endloop
  endfacet
  facet normal -0.11898516267660018 -0.019640744179766408 0.99270175391750359
    outer loop
      vertex -0.024116029962897301 -0.078748829662799835 0.0023379919584840536
      vertex -0.021591220051050186 -0.085891686379909515 0.0024992930702865124
      vertex -0.022194342687726021 -0.078748829662799835 0.0025683252606540918
    endloop
  endfacet
  facet normal -0.07233534942722393 -0.016667545811462126 0.99724108927574007
    outer loop
      vertex -0.011879497207701206 -0.093034543097019196 0.0033169691450893879
      vertex -0.011282487772405148 -0.085891686379909515 0.0034796567633748055
      vertex -0.012221469543874264 -0.085891686379909515 0.0034115472808480263
    endloop
  endfacet
  facet normal -0.066781938550368708 -0.016431039089603749 0.99763229380262664
    outer loop
      vertex -0.010053494013845921 -0.093034543097019196 0.0034442830365151167
      vertex -0.010343115776777267 -0.085891686379909515 0.0035425387322902679
      vertex -0.011282487772405148 -0.085891686379909515 0.0034796567633748055
    endloop
  endfacet
  facet normal -0.019196659235449994 -0.015523417040173614 0.99969520945015766
    outer loop
      vertex -0.0045678946189582348 -0.093034543097019196 0.0036888753529638052
      vertex -0.0027767154388129711 -0.093034543097019196 0.0037232704926282167
      vertex -0.0037790148053318262 -0.085891686379909515 0.0038149391766637564
    endloop
  endfacet
  facet normal -0.044631090547919992 -0.016059445086447469 0.99887444655473012
    outer loop
      vertex -0.0064751589670777321 -0.093034543097019196 0.0036282194778323174
      vertex -0.0075628957711160183 -0.085891686379909515 0.0036944574676454067
      vertex -0.0082260975614190102 -0.093034543097019196 0.003549985121935606
    endloop
  endfacet
  facet normal -0.099661110149534229 -0.018171153588759707 0.99485550322698435
    outer loop
      vertex -0.016911016777157784 -0.085891686379909515 0.0030028871260583401
      vertex -0.017847787588834763 -0.085891686379909515 0.0029090447351336479
      vertex -0.017349002882838249 -0.093034543097019196 0.0028285461012274027
    endloop
  endfacet
  facet normal -0.069543915990965641 -0.016905288647546243 0.9974356395098305
    outer loop
      vertex -0.011879497207701206 -0.093034543097019196 0.0033169691450893879
      vertex -0.010053494013845921 -0.093034543097019196 0.0034442830365151167
      vertex -0.011282487772405148 -0.085891686379909515 0.0034796567633748055
    endloop
  endfacet
  facet normal -0.089215973419491848 -0.017813648293512282 0.99585299317785225
    outer loop
      vertex -0.015527299605309963 -0.093034543097019196 0.0030073148664087057
      vertex -0.013704126700758934 -0.093034543097019196 0.0031706483568996191
      vertex -0.015036316588521004 -0.085891686379909515 0.0031790710054337978
    endloop
  endfacet
  facet normal -0.097647277862241172 -0.018299454232742467 0.9950528323163943
    outer loop
      vertex -0.017349002882838249 -0.093034543097019196 0.0028285461012274027
      vertex -0.015527299605309963 -0.093034543097019196 0.0030073148664087057
      vertex -0.016911016777157784 -0.085891686379909515 0.0030028871260583401
    endloop
  endfacet
  facet normal -0.10344734064880343 -0.018431135043119665 0.99446414765627067
    outer loop
      vertex -0.017349002882838249 -0.093034543097019196 0.0028285461012274027
      vertex -0.017847787588834763 -0.085891686379909515 0.0029090447351336479
      vertex -0.018784180283546448 -0.085891686379909515 0.0028116381727159023
    endloop
  endfacet
  facet normal -0.10707009956703308 -0.018689965709160174 0.99407579135622048
    outer loop
      vertex -0.019169220700860023 -0.093034543097019196 0.0026358708273619413
      vertex -0.018784180283546448 -0.085891686379909515 0.0028116381727159023
      vertex -0.019720198586583138 -0.085891686379909515 0.0027108213398605585
    endloop
  endfacet
  facet normal -0.11403368079524823 -0.019228380141152086 0.99329078775625146
    outer loop
      vertex -0.020988097414374352 -0.093034543097019196 0.0024302606470882893
      vertex -0.020655885338783264 -0.085891686379909515 0.0026066731661558151
      vertex -0.021591220051050186 -0.085891686379909515 0.0024992930702865124
    endloop
  endfacet
  facet normal -0.11896153329435329 -0.019635583141175802 0.99270468794650224
    outer loop
      vertex -0.023460803553462029 -0.085891686379909515 0.0022752268705517054
      vertex -0.022805575281381607 -0.093034543097019196 0.0022124617826193571
      vertex -0.020988097414374352 -0.093034543097019196 0.0024302606470882893
    endloop
  endfacet
  facet normal -0.11897367609142549 -0.019639820125363867 0.99270314891347855
    outer loop
      vertex -0.023460803553462029 -0.085891686379909515 0.0022752268705517054
      vertex -0.020988097414374352 -0.093034543097019196 0.0024302606470882893
      vertex -0.021591220051050186 -0.085891686379909515 0.0024992930702865124
    endloop
  endfacet
  facet normal -0.11060362739945435 -0.018958417515140161 0.99368376056540453
    outer loop
      vertex -0.019169220700860023 -0.093034543097019196 0.0026358708273619413
      vertex -0.019720198586583138 -0.085891686379909515 0.0027108213398605585
      vertex -0.020655885338783264 -0.085891686379909515 0.0026066731661558151
    endloop
  endfacet
  facet normal -0.11230603190181813 -0.01931355274278471 0.99348595454536714
    outer loop
      vertex -0.020988097414374352 -0.093034543097019196 0.0024302606470882893
      vertex -0.019169220700860023 -0.093034543097019196 0.0026358708273619413
      vertex -0.020655885338783264 -0.085891686379909515 0.0026066731661558151
    endloop
  endfacet
  facet normal -0.12520577860869653 -0.020201529729398808 0.99192510362405006
    outer loop
      vertex -0.02462160587310791 -0.093034543097019196 0.0019832332618534565
      vertex -0.022805575281381607 -0.093034543097019196 0.0022124617826193571
      vertex -0.023460803553462029 -0.085891686379909515 0.0022752268705517054
    endloop
  endfacet
  facet normal -0.1237071490953524 -0.020452551136069735 0.99210797517947946
    outer loop
      vertex -0.02462160587310791 -0.093034543097019196 0.0019832332618534565
      vertex -0.023460803553462029 -0.085891686379909515 0.0022752268705517054
      vertex -0.024395037442445755 -0.085891686379909515 0.0021587361115962267
    endloop
  endfacet
  facet normal -0.12672796778930662 -0.020347415445579775 0.99172879602473862
    outer loop
      vertex -0.025328900665044785 -0.085891686379909515 0.0020394024904817343
      vertex -0.02462160587310791 -0.093034543097019196 0.0019832332618534565
      vertex -0.024395037442445755 -0.085891686379909515 0.0021587361115962267
    endloop
  endfacet
  facet normal -0.10524618223199192 -0.018793029880859433 0.99426860714471299
    outer loop
      vertex -0.017349002882838249 -0.093034543097019196 0.0028285461012274027
      vertex -0.018784180283546448 -0.085891686379909515 0.0028116381727159023
      vertex -0.019169220700860023 -0.093034543097019196 0.0026358708273619413
    endloop
  endfacet
  facet normal -0.13743923454451584 -0.021183551710158618 0.99028365327554546
    outer loop
      vertex -0.037552054971456528 -0.00017739857139531523 0.0022121130023151636
      vertex -0.037066686898469925 0.0069654583930969238 0.0024322718381881714
      vertex -0.039607539772987366 0.0069654583930969238 0.0020796325989067554
    endloop
  endfacet
  facet normal -0.14796808478550499 -0.022658238198513047 0.98873254731835802
    outer loop
      vertex -0.041283175349235535 -0.00017739857139531523 0.0016784707549959421
      vertex -0.042146410793066025 0.0069654583930969238 0.0017129727639257908
      vertex -0.044791188091039658 0.0069654583930969238 0.0013171704486012459
    endloop
  endfacet
  facet normal -0.14796179888292194 -0.02265509983501109 0.98873355992542078
    outer loop
      vertex -0.041283175349235535 -0.00017739857139531523 0.0016784707549959421
      vertex -0.044791188091039658 0.0069654583930969238 0.0013171704486012459
      vertex -0.04387383908033371 -0.00017739857139531523 0.001290783635340631
    endloop
  endfacet
  facet normal -0.14290153938558611 -0.021819179808957142 0.98949637363342269
    outer loop
      vertex -0.039607539772987366 0.0069654583930969238 0.0020796325989067554
      vertex -0.042146410793066025 0.0069654583930969238 0.0017129727639257908
      vertex -0.040039945393800735 -0.00017739857139531523 0.0018596795853227377
    endloop
  endfacet
  facet normal -0.14159135222596855 -0.021904235797136185 0.98968282466099466
    outer loop
      vertex -0.039607539772987366 0.0069654583930969238 0.0020796325989067554
      vertex -0.040039945393800735 -0.00017739857139531523 0.0018596795853227377
      vertex -0.038796242326498032 -0.00017739857139531523 0.0020376129541546106
    endloop
  endfacet
  facet normal -0.13600297557829527 -0.021287190462176218 0.99047970507026373
    outer loop
      vertex -0.037066686898469925 0.0069654583930969238 0.0024322718381881714
      vertex -0.037552054971456528 -0.00017739857139531523 0.0022121130023151636
      vertex -0.03630736842751503 -0.00017739857139531523 0.0023830211721360683
    endloop
  endfacet
  facet normal -0.14419687015810212 -0.022205215954789682 0.98929984889365497
    outer loop
      vertex -0.042146410793066025 0.0069654583930969238 0.0017129727639257908
      vertex -0.041283175349235535 -0.00017739857139531523 0.0016784707549959421
      vertex -0.040039945393800735 -0.00017739857139531523 0.0018596795853227377
    endloop
  endfacet
  facet normal -0.13886042777275348 -0.021596368508869982 0.99007645081882278
    outer loop
      vertex -0.038796242326498032 -0.00017739857139531523 0.0020376129541546106
      vertex -0.037552054971456528 -0.00017739857139531523 0.0022121130023151636
      vertex -0.039607539772987366 0.0069654583930969238 0.0020796325989067554
    endloop
  endfacet
  facet normal -0.16140262656633436 -0.024423787537339776 0.98658637267084703
    outer loop
      vertex -0.046251092106103897 -0.00017739857139531523 0.00092051405226811767
      vertex -0.047218088060617447 0.0069654583930969238 0.00093914387980476022
      vertex -0.049749709665775299 0.0069654583930969238 0.00052497803699225187
    endloop
  endfacet
  facet normal -0.16139333799822847 -0.024419147431819305 0.98658800706702932
    outer loop
      vertex -0.046251092106103897 -0.00017739857139531523 0.00092051405226811767
      vertex -0.049749709665775299 0.0069654583930969238 0.00052497803699225187
      vertex -0.048730921000242233 -0.00017739857139531523 0.00051484536379575729
    endloop
  endfacet
  facet normal -0.16646229635967685 -0.024751832888590567 0.98573711031862776
    outer loop
      vertex -0.05049220472574234 0.0033940300345420837 0.00030991376843303442
      vertex -0.049749709665775299 0.0069654583930969238 0.00052497803699225187
      vertex -0.052279062569141388 0.0069654583930969238 9.7843978437595069e-05
    endloop
  endfacet
  facet normal -0.16835138137258424 -0.025417352648247155 0.98539929499380985
    outer loop
      vertex -0.052098490297794342 0.0057606394402682781 9.7616946732159704e-05
      vertex -0.051118087023496628 0.0033940300345420837 0.00020407054398674518
      vertex -0.052279062569141388 0.0069654583930969238 9.7843978437595069e-05
    endloop
  endfacet
  facet normal -0.16834945764036552 -0.025416539986981498 0.98539964461495777
    outer loop
      vertex -0.052098490297794342 0.0057606394402682781 9.7616946732159704e-05
      vertex -0.051917921751737595 0.0045558200217783451 9.7389907750766724e-05
      vertex -0.051118087023496628 0.0033940300345420837 0.00020407054398674518
    endloop
  endfacet
  facet normal -0.15209309567215862 -0.023183315839570107 0.98809423847907463
    outer loop
      vertex -0.04387383908033371 -0.00017739857139531523 0.001290783635340631
      vertex -0.044791188091039658 0.0069654583930969238 0.0013171704486012459
      vertex -0.045062784105539322 -0.00017739857139531523 0.0011077744420617819
    endloop
  endfacet
  facet normal -0.16538178427117717 -0.024987063687482079 0.98591303474472813
    outer loop
      vertex -0.049749709665775299 0.0069654583930969238 0.00052497803699225187
      vertex -0.05049220472574234 0.0033940300345420837 0.00030991376843303442
      vertex -0.048730921000242233 -0.00017739857139531523 0.00051484536379575729
    endloop
  endfacet
  facet normal -0.15562124018301796 -0.023643577766956744 0.98753380237553245
    outer loop
      vertex -0.047218088060617447 0.0069654583930969238 0.00093914387980476022
      vertex -0.046251092106103897 -0.00017739857139531523 0.00092051405226811767
      vertex -0.045062784105539322 -0.00017739857139531523 0.0011077744420617819
    endloop
  endfacet
  facet normal -0.16669138130486283 -0.024868922492632926 0.98569544997059411
    outer loop
      vertex -0.052279062569141388 0.0069654583930969238 9.7843978437595069e-05
      vertex -0.051118087023496628 0.0033940300345420837 0.00020407054398674518
      vertex -0.05049220472574234 0.0033940300345420837 0.00030991376843303442
    endloop
  endfacet
  facet normal -0.16834028805041421 -0.025420892645212488 0.98540109886087723
    outer loop
      vertex -0.050589285790920258 -0.00017739857139531523 0.00020227396453265101
      vertex -0.051118087023496628 0.0033940300345420837 0.00020407054398674518
      vertex -0.051556777209043503 0.0021461814176291227 9.6935837063938379e-05
    endloop
  endfacet
  facet normal -0.16831943915686368 -0.02541203978100192 0.98540488868083442
    outer loop
      vertex -0.050589285790920258 -0.00017739857139531523 0.00020227396453265101
      vertex -0.051556777209043503 0.0021461814176291227 9.6935837063938379e-05
      vertex -0.051376208662986755 0.00094136217376217246 9.6708805358503014e-05
    endloop
  endfacet
  facet normal -0.15386816237713544 -0.023107815879645791 0.98782114648956365
    outer loop
      vertex -0.047218088060617447 0.0069654583930969238 0.00093914387980476022
      vertex -0.045062784105539322 -0.00017739857139531523 0.0011077744420617819
      vertex -0.044791188091039658 0.0069654583930969238 0.0013171704486012459
    endloop
  endfacet
  facet normal -0.14795519202821303 -0.022654316185237462 0.98873456655973857
    outer loop
      vertex -0.04387383908033371 -0.00017739857139531523 0.001290783635340631
      vertex -0.042956486344337463 -0.0073202555067837238 0.001264396938495338
      vertex -0.040419936180114746 -0.0073202555067837238 0.0016439687460660934
    endloop
  endfacet
  facet normal -0.14796179063350193 -0.02265755941689359 0.98873350479985134
    outer loop
      vertex -0.04387383908033371 -0.00017739857139531523 0.001290783635340631
      vertex -0.040419936180114746 -0.0073202555067837238 0.0016439687460660934
      vertex -0.041283175349235535 -0.00017739857139531523 0.0016784707549959421
    endloop
  endfacet
  facet normal -0.16139332434880227 -0.024422608486452849 0.9865879236288877
    outer loop
      vertex -0.045284092426300049 -0.0073202555067837238 0.00090188428293913603
      vertex -0.046251092106103897 -0.00017739857139531523 0.00092051405226811767
      vertex -0.048730921000242233 -0.00017739857139531523 0.00051484536379575729
    endloop
  endfacet
  facet normal -0.16138344447026975 -0.024417746798090147 0.98658966013850757
    outer loop
      vertex -0.045284092426300049 -0.0073202555067837238 0.00090188428293913603
      vertex -0.048730921000242233 -0.00017739857139531523 0.00051484536379575729
      vertex -0.047712132334709167 -0.0073202555067837238 0.0005047126323916018
    endloop
  endfacet
  facet normal -0.16830968061338791 -0.025416367686108055 0.98540644389280507
    outer loop
      vertex -0.050060484558343887 -0.0037488271482288837 0.00020047737052664161
      vertex -0.050589285790920258 -0.00017739857139531523 0.00020227396453265101
      vertex -0.051015064120292664 -0.001468276372179389 9.6254727395717055e-05
    endloop
  endfacet
  facet normal -0.16828878538409223 -0.0254074478782901 0.98541024264326516
    outer loop
      vertex -0.050060484558343887 -0.0037488271482288837 0.00020047737052664161
      vertex -0.051015064120292664 -0.001468276372179389 9.6254727395717055e-05
      vertex -0.050834495574235916 -0.0026730955578386784 9.6027695690281689e-05
    endloop
  endfacet
  facet normal -0.16537914458667466 -0.024985734561657959 0.98591351121900861
    outer loop
      vertex -0.0499698705971241 -0.00017739857139531523 0.00030702142976224422
      vertex -0.048730921000242233 -0.00017739857139531523 0.00051484536379575729
      vertex -0.05049220472574234 0.0033940300345420837 0.00030991376843303442
    endloop
  endfacet
  facet normal -0.16827875875230758 -0.025411613988865985 0.98541184751720079
    outer loop
      vertex -0.049531687051057816 -0.0073202555067837238 0.00019868079107254744
      vertex -0.050060484558343887 -0.0037488271482288837 0.00020047737052664161
      vertex -0.050473351031541824 -0.0050827343948185444 9.5573625003453344e-05
    endloop
  endfacet
  facet normal -0.16825850889670271 -0.025402922139761239 0.98541552947506339
    outer loop
      vertex -0.049531687051057816 -0.0073202555067837238 0.00019868079107254744
      vertex -0.050473351031541824 -0.0050827343948185444 9.5573625003453344e-05
      vertex -0.050292782485485077 -0.0062875533476471901 9.5346586022060364e-05
    endloop
  endfacet
  facet normal -0.16821484619549751 -0.025402335970647789 0.985422998943428
    outer loop
      vertex -0.048474084585905075 -0.014463112689554691 0.00019508761761244386
      vertex -0.049002885818481445 -0.010891684330999851 0.00019688421161845326
      vertex -0.049389924854040146 -0.012311649508774281 9.4211405667010695e-05
    endloop
  endfacet
  facet normal -0.16819384559066375 -0.025393217286914072 0.98542681860260106
    outer loop
      vertex -0.048474084585905075 -0.014463112689554691 0.00019508761761244386
      vertex -0.049389924854040146 -0.012311649508774281 9.4211405667010695e-05
      vertex -0.049209356307983398 -0.013516468927264214 9.3984373961575329e-05
    endloop
  endfacet
  facet normal -0.16814784001592264 -0.025392241220520147 0.98543469493608704
    outer loop
      vertex -0.047416485846042633 -0.021605970337986946 0.00019149445870425552
      vertex -0.047945283353328705 -0.018034541979432106 0.00019329103815834969
      vertex -0.048306498676538467 -0.019540565088391304 9.284919360652566e-05
    endloop
  endfacet
  facet normal -0.16812737161833616 -0.025383243223877253 0.98543841911919972
    outer loop
      vertex -0.047416485846042633 -0.021605970337986946 0.00019149445870425552
      vertex -0.048306498676538467 -0.019540565088391304 9.284919360652566e-05
      vertex -0.04812593013048172 -0.020745385438203812 9.262215462513268e-05
    endloop
  endfacet
  facet normal -0.16811350685357612 -0.02538734012033125 0.98544067897312182
    outer loop
      vertex -0.046887684613466263 -0.025177398696541786 0.00018969786469824612
      vertex -0.047416485846042633 -0.021605970337986946 0.00019149445870425552
      vertex -0.047764785587787628 -0.023155024275183678 9.2168083938304335e-05
    endloop
  endfacet
  facet normal -0.16809254174893393 -0.025378063589208844 0.98544449427496661
    outer loop
      vertex -0.046887684613466263 -0.025177398696541786 0.00018969786469824612
      vertex -0.047764785587787628 -0.023155024275183678 9.2168083938304335e-05
      vertex -0.047584217041730881 -0.024359842762351036 9.1941044956911355e-05
    endloop
  endfacet
  facet normal -0.16818147275715267 -0.025397386845719495 0.98542882287999078
    outer loop
      vertex -0.047945283353328705 -0.018034541979432106 0.00019329103815834969
      vertex -0.048474084585905075 -0.014463112689554691 0.00019508761761244386
      vertex -0.048848211765289307 -0.01592610776424408 9.353029599878937e-05
    endloop
  endfacet
  facet normal -0.16816055439967489 -0.025388248593479056 0.98543262822851052
    outer loop
      vertex -0.047945283353328705 -0.018034541979432106 0.00019329103815834969
      vertex -0.048848211765289307 -0.01592610776424408 9.353029599878937e-05
      vertex -0.048667643219232559 -0.017130926251411438 9.3303264293354005e-05
    endloop
  endfacet
  facet normal -0.16804189718127716 -0.025376555048008405 0.98545317049853409
    outer loop
      vertex -0.045830085873603821 -0.032320257276296616 0.00018610469123814255
      vertex -0.046358883380889893 -0.028748827055096626 0.00018790128524415195
      vertex -0.04668135941028595 -0.030383938923478127 9.0805864601861686e-05
    endloop
  endfacet
  facet normal -0.16802139497545024 -0.025367357849871357 0.98545690316026524
    outer loop
      vertex -0.045830085873603821 -0.032320257276296616 0.00018610469123814255
      vertex -0.04668135941028595 -0.030383938923478127 9.0805864601861686e-05
      vertex -0.046500790864229202 -0.031588759273290634 9.057883289642632e-05
    endloop
  endfacet
  facet normal -0.16796690156243307 -0.025365641944146922 0.9854662369600885
    outer loop
      vertex -0.04477248340845108 -0.039463113993406296 0.00018251153232995421
      vertex -0.045301284641027451 -0.035891685634851456 0.00018430811178404838
      vertex -0.045597933232784271 -0.037612855434417725 8.944365254137665e-05
    endloop
  endfacet
  facet normal -0.16794593519346765 -0.025356096189687004 0.98547005598242865
    outer loop
      vertex -0.04477248340845108 -0.039463113993406296 0.00018251153232995421
      vertex -0.045597933232784271 -0.037612855434417725 8.944365254137665e-05
      vertex -0.045417364686727524 -0.038817673921585083 8.9216613559983671e-05
    endloop
  endfacet
  facet normal -0.16792785448961906 -0.025359867902155837 0.98547304011144754
    outer loop
      vertex -0.04424368217587471 -0.043034542351961136 0.00018071493832394481
      vertex -0.04477248340845108 -0.039463113993406296 0.00018251153232995421
      vertex -0.045056220144033432 -0.0412273108959198 8.8762542873155326e-05
    endloop
  endfacet
  facet normal -0.16790661014453179 -0.02535011942429154 0.98547691079748101
    outer loop
      vertex -0.04424368217587471 -0.043034542351961136 0.00018071493832394481
      vertex -0.045056220144033432 -0.0412273108959198 8.8762542873155326e-05
      vertex -0.044875651597976685 -0.042432133108377457 8.853551116771996e-05
    endloop
  endfacet
  facet normal -0.16800518460261263 -0.025371306941602927 0.98545956524391043
    outer loop
      vertex -0.045301284641027451 -0.035891685634851456 0.00018430811178404838
      vertex -0.045830085873603821 -0.032320257276296616 0.00018610469123814255
      vertex -0.04613964632153511 -0.033998396247625351 9.0124762209597975e-05
    endloop
  endfacet
  facet normal -0.16798421668781849 -0.025361832256121569 0.98546338359595709
    outer loop
      vertex -0.045301284641027451 -0.035891685634851456 0.00018430811178404838
      vertex -0.04613964632153511 -0.033998396247625351 9.0124762209597975e-05
      vertex -0.045959077775478363 -0.035203214734792709 8.9897723228204995e-05
    endloop
  endfacet
  facet normal -0.16807784864913697 -0.025382059524310104 0.98544689752811221
    outer loop
      vertex -0.046358883380889893 -0.028748827055096626 0.00018790128524415195
      vertex -0.046887684613466263 -0.025177398696541786 0.00018969786469824612
      vertex -0.047223072499036789 -0.026769481599330902 9.148697427008301e-05
    endloop
  endfacet
  facet normal -0.16805686473590595 -0.025372711825663741 0.9854507170375133
    outer loop
      vertex -0.046358883380889893 -0.028748827055096626 0.00018790128524415195
      vertex -0.047223072499036789 -0.026769481599330902 9.148697427008301e-05
      vertex -0.047042503952980042 -0.02797430008649826 9.1259942564647645e-05
    endloop
  endfacet
  facet normal -0.16824745724708473 -0.025407154313966115 0.98541730735742439
    outer loop
      vertex -0.049002885818481445 -0.010891684330999851 0.00019688421161845326
      vertex -0.049531687051057816 -0.0073202555067837238 0.00019868079107254744
      vertex -0.049931637942790985 -0.0086971921846270561 9.4892515335232019e-05
    endloop
  endfacet
  facet normal -0.16822653006708199 -0.025398120646568011 0.98542111305228852
    outer loop
      vertex -0.049002885818481445 -0.010891684330999851 0.00019688421161845326
      vertex -0.049931637942790985 -0.0086971921846270561 9.4892515335232019e-05
      vertex -0.049751069396734238 -0.0099020116031169891 9.466547635383904e-05
    endloop
  endfacet
  facet normal -0.16835039203534632 -0.025417199492037214 0.9853994679679543
    outer loop
      vertex -0.051737349480390549 0.0033510008361190557 9.7162876045331359e-05
      vertex -0.051118087023496628 0.0033940300345420837 0.00020407054398674518
      vertex -0.051917921751737595 0.0045558200217783451 9.7389907750766724e-05
    endloop
  endfacet
  facet normal -0.16835039196152005 -0.025417200519981906 0.98539946795405253
    outer loop
      vertex -0.051118087023496628 0.0033940300345420837 0.00020407054398674518
      vertex -0.051737349480390549 0.0033510008361190557 9.7162876045331359e-05
      vertex -0.051556777209043503 0.0021461814176291227 9.6935837063938379e-05
    endloop
  endfacet
  facet normal -0.16832035928181202 -0.025412703431103446 0.98540471439686372
    outer loop
      vertex -0.050589285790920258 -0.00017739857139531523 0.00020227396453265101
      vertex -0.051376208662986755 0.00094136217376217246 9.6708805358503014e-05
      vertex -0.051195636391639709 -0.00026345709920860827 9.6481766377110034e-05
    endloop
  endfacet
  facet normal -0.16828967317417237 -0.025408096341444326 0.98541007430573491
    outer loop
      vertex -0.050060484558343887 -0.0037488271482288837 0.00020047737052664161
      vertex -0.05065392330288887 -0.0038779149763286114 9.580065670888871e-05
      vertex -0.050473351031541824 -0.0050827343948185444 9.5573625003453344e-05
    endloop
  endfacet
  facet normal -0.16828967193142583 -0.025408102106134613 0.98541007436933459
    outer loop
      vertex -0.050060484558343887 -0.0037488271482288837 0.00020047737052664161
      vertex -0.050834495574235916 -0.0026730955578386784 9.6027695690281689e-05
      vertex -0.05065392330288887 -0.0038779149763286114 9.580065670888871e-05
    endloop
  endfacet
  facet normal -0.16832035928181202 -0.025412703431103439 0.98540471439686372
    outer loop
      vertex -0.050589285790920258 -0.00017739857139531523 0.00020227396453265101
      vertex -0.051195636391639709 -0.00026345709920860827 9.6481766377110034e-05
      vertex -0.051015064120292664 -0.001468276372179389 9.6254727395717055e-05
    endloop
  endfacet
  facet normal -0.16825935260039734 -0.025403553044171905 0.98541536914908467
    outer loop
      vertex -0.049531687051057816 -0.0073202555067837238 0.00019868079107254744
      vertex -0.050112210214138031 -0.0074923727661371231 9.5119547040667385e-05
      vertex -0.049931637942790985 -0.0086971921846270561 9.4892515335232019e-05
    endloop
  endfacet
  facet normal -0.16822735167679514 -0.025398757959616994 0.9854209563642945
    outer loop
      vertex -0.049002885818481445 -0.010891684330999851 0.00019688421161845326
      vertex -0.049751069396734238 -0.0099020116031169891 9.466547635383904e-05
      vertex -0.049570497125387192 -0.011106831021606922 9.4438444648403674e-05
    endloop
  endfacet
  facet normal -0.16822734265692194 -0.025398782192135736 0.98542095727955115
    outer loop
      vertex -0.049002885818481445 -0.010891684330999851 0.00019688421161845326
      vertex -0.049570497125387192 -0.011106831021606922 9.4438444648403674e-05
      vertex -0.049389924854040146 -0.012311649508774281 9.4211405667010695e-05
    endloop
  endfacet
  facet normal -0.16819465820644372 -0.025393865053218591 0.98542666321166517
    outer loop
      vertex -0.048474084585905075 -0.014463112689554691 0.00019508761761244386
      vertex -0.049209356307983398 -0.013516468927264214 9.3984373961575329e-05
      vertex -0.049028784036636353 -0.014721288345754147 9.375733498018235e-05
    endloop
  endfacet
  facet normal -0.16816127988553006 -0.025388843950777191 0.98543248908796566
    outer loop
      vertex -0.047945283353328705 -0.018034541979432106 0.00019329103815834969
      vertex -0.048667643219232559 -0.017130926251411438 9.3303264293354005e-05
      vertex -0.048487070947885513 -0.018335746601223946 9.3076225311961025e-05
    endloop
  endfacet
  facet normal -0.16819465820644372 -0.025393865053218594 0.98542666321166517
    outer loop
      vertex -0.048474084585905075 -0.014463112689554691 0.00019508761761244386
      vertex -0.049028784036636353 -0.014721288345754147 9.375733498018235e-05
      vertex -0.048848211765289307 -0.01592610776424408 9.353029599878937e-05
    endloop
  endfacet
  facet normal -0.16825935093455452 -0.02540355874549655 0.98541536928654938
    outer loop
      vertex -0.049531687051057816 -0.0073202555067837238 0.00019868079107254744
      vertex -0.050292782485485077 -0.0062875533476471901 9.5346586022060364e-05
      vertex -0.050112210214138031 -0.0074923727661371231 9.5119547040667385e-05
    endloop
  endfacet
  facet normal -0.16812818494155782 -0.025383884939159142 0.98543826382663524
    outer loop
      vertex -0.047416485846042633 -0.021605970337986946 0.00019149445870425552
      vertex -0.047945357859134674 -0.02195020392537117 9.2395122919697315e-05
      vertex -0.047764785587787628 -0.023155024275183678 9.2168083938304335e-05
    endloop
  endfacet
  facet normal -0.16812816562680896 -0.025383915337120165 0.98543826633895337
    outer loop
      vertex -0.047416485846042633 -0.021605970337986946 0.00019149445870425552
      vertex -0.04812593013048172 -0.020745385438203812 9.262215462513268e-05
      vertex -0.047945357859134674 -0.02195020392537117 9.2395122919697315e-05
    endloop
  endfacet
  facet normal -0.1680932721574466 -0.025378653538553606 0.98544435449190793
    outer loop
      vertex -0.046887684613466263 -0.025177398696541786 0.00018969786469824612
      vertex -0.047403644770383835 -0.025564661249518394 9.171401325147599e-05
      vertex -0.047223072499036789 -0.026769481599330902 9.148697427008301e-05
    endloop
  endfacet
  facet normal -0.16805750722661039 -0.025373294450343347 0.98545059246697597
    outer loop
      vertex -0.046358883380889893 -0.028748827055096626 0.00018790128524415195
      vertex -0.047042503952980042 -0.02797430008649826 9.1259942564647645e-05
      vertex -0.046861931681632996 -0.029179120436310768 9.1032903583254665e-05
    endloop
  endfacet
  facet normal -0.16805747817739189 -0.025373329324377726 0.98545059652305855
    outer loop
      vertex -0.046358883380889893 -0.028748827055096626 0.00018790128524415195
      vertex -0.046861931681632996 -0.029179120436310768 9.1032903583254665e-05
      vertex -0.04668135941028595 -0.030383938923478127 9.0805864601861686e-05
    endloop
  endfacet
  facet normal -0.16809325020841848 -0.025378683533663824 0.98544435746340753
    outer loop
      vertex -0.046887684613466263 -0.025177398696541786 0.00018969786469824612
      vertex -0.047584217041730881 -0.024359842762351036 9.1941044956911355e-05
      vertex -0.047403644770383835 -0.025564661249518394 9.171401325147599e-05
    endloop
  endfacet
  facet normal -0.1680221075293401 -0.025368029307835115 0.98545676438412844
    outer loop
      vertex -0.045830085873603821 -0.032320257276296616 0.00018610469123814255
      vertex -0.046500790864229202 -0.031588759273290634 9.057883289642632e-05
      vertex -0.046320218592882156 -0.032793577760457993 9.035179391503334e-05
    endloop
  endfacet
  facet normal -0.16798473928649377 -0.025362345595927628 0.98546328130109528
    outer loop
      vertex -0.045301284641027451 -0.035891685634851456 0.00018430811178404838
      vertex -0.045959077775478363 -0.035203214734792709 8.9897723228204995e-05
      vertex -0.045778505504131317 -0.036408036947250366 8.967069152276963e-05
    endloop
  endfacet
  facet normal -0.16802211243021964 -0.025368024091001223 0.98545676368281365
    outer loop
      vertex -0.045830085873603821 -0.032320257276296616 0.00018610469123814255
      vertex -0.046320218592882156 -0.032793577760457993 9.035179391503334e-05
      vertex -0.04613964632153511 -0.033998396247625351 9.0124762209597975e-05
    endloop
  endfacet
  facet normal -0.16794651410098801 -0.025356702219621784 0.98546994173027525
    outer loop
      vertex -0.04477248340845108 -0.039463113993406296 0.00018251153232995421
      vertex -0.045236792415380478 -0.040022492408752441 8.8989581854548305e-05
      vertex -0.045056220144033432 -0.0412273108959198 8.8762542873155326e-05
    endloop
  endfacet
  facet normal -0.16794652002440755 -0.025356697155928063 0.98546994085108142
    outer loop
      vertex -0.04477248340845108 -0.039463113993406296 0.00018251153232995421
      vertex -0.045417364686727524 -0.038817673921585083 8.9216613559983671e-05
      vertex -0.045236792415380478 -0.040022492408752441 8.8989581854548305e-05
    endloop
  endfacet
  facet normal -0.16798466264242987 -0.025362418482455892 0.98546329249020215
    outer loop
      vertex -0.045301284641027451 -0.035891685634851456 0.00018430811178404838
      vertex -0.045778505504131317 -0.036408036947250366 8.967069152276963e-05
      vertex -0.045597933232784271 -0.037612855434417725 8.944365254137665e-05
    endloop
  endfacet
  facet normal -0.16816126314845287 -0.025388874742683757 0.98543249115077236
    outer loop
      vertex -0.047945283353328705 -0.018034541979432106 0.00019329103815834969
      vertex -0.048487070947885513 -0.018335746601223946 9.3076225311961025e-05
      vertex -0.048306498676538467 -0.019540565088391304 9.284919360652566e-05
    endloop
  endfacet
  facet normal -0.16790725938155363 -0.025350820204295566 0.98547678215265189
    outer loop
      vertex -0.044695079326629639 -0.043636951595544815 8.8308472186326981e-05
      vertex -0.04424368217587471 -0.043034542351961136 0.00018071493832394481
      vertex -0.044875651597976685 -0.042432133108377457 8.853551116771996e-05
    endloop
  endfacet
  facet normal -0.16781940894785941 -0.025343820483690035 0.98549192627016569
    outer loop
      vertex -0.042657282203435898 -0.053748827427625656 0.00017532518540974706
      vertex -0.043186083436012268 -0.050177399069070816 0.00017712177941575646
      vertex -0.04361165314912796 -0.050865866243839264 8.6946260125841945e-05
    endloop
  endfacet
  facet normal -0.16778639016398583 -0.025332708887314606 0.98549783416107462
    outer loop
      vertex -0.042657282203435898 -0.053748827427625656 0.00017532518540974706
      vertex -0.04361165314912796 -0.050865866243839264 8.6946260125841945e-05
      vertex -0.043431080877780914 -0.052070684731006622 8.6719221144448966e-05
    endloop
  endfacet
  facet normal -0.16786123894770691 -0.025350006336389872 0.98548464302478389
    outer loop
      vertex -0.043186083436012268 -0.050177399069070816 0.00017712177941575646
      vertex -0.043714884668588638 -0.046605970710515976 0.00017891835886985064
      vertex -0.044153366237878799 -0.04725140705704689 8.7627362518105656e-05
    endloop
  endfacet
  facet normal -0.16782812528013619 -0.025338878273210037 0.98549056901261634
    outer loop
      vertex -0.043186083436012268 -0.050177399069070816 0.00017712177941575646
      vertex -0.044153366237878799 -0.04725140705704689 8.7627362518105656e-05
      vertex -0.043972793966531754 -0.048456229269504547 8.740033081267029e-05
    endloop
  endfacet
  facet normal -0.16123989344900239 -0.024397306814349304 0.98661363672957669
    outer loop
      vertex -0.037524249404668808 -0.078748829662799835 0.00040338537655770779
      vertex -0.036505460739135742 -0.085891686379909515 0.00039325264515355229
      vertex -0.034647122025489807 -0.085891686379909515 0.00069695647107437253
    endloop
  endfacet
  facet normal -0.16125633663813443 -0.024404047399836971 0.98661078261113433
    outer loop
      vertex -0.037524249404668808 -0.078748829662799835 0.00040338537655770779
      vertex -0.034647122025489807 -0.085891686379909515 0.00069695647107437253
      vertex -0.035614117980003357 -0.078748829662799835 0.00071558629861101508
    endloop
  endfacet
  facet normal -0.14785784959247178 -0.022641792985863187 0.98874941492992841
    outer loop
      vertex -0.033782973885536194 -0.078748829662799835 0.0010005295043811202
      vertex -0.032865624874830246 -0.085891686379909515 0.00097414280753582716
      vertex -0.030924318358302116 -0.085891686379909515 0.0012644462985917926
    endloop
  endfacet
  facet normal -0.14786919167853024 -0.022646398790376374 0.98874761328367577
    outer loop
      vertex -0.033782973885536194 -0.078748829662799835 0.0010005295043811202
      vertex -0.030924318358302116 -0.085891686379909515 0.0012644462985917926
      vertex -0.031787555664777756 -0.078748829662799835 0.0012989483075216413
    endloop
  endfacet
  facet normal -0.1373218248703601 -0.021422880512920975 0.99029479277879862
    outer loop
      vertex -0.029871974140405655 -0.078748829662799835 0.0015753986081108451
      vertex -0.029060676693916321 -0.085891686379909515 0.0015333790797740221
      vertex -0.027195535600185394 -0.085891686379909515 0.001792013761587441
    endloop
  endfacet
  facet normal -0.13733376967005076 -0.021427409450898282 0.99029303836411831
    outer loop
      vertex -0.029871974140405655 -0.078748829662799835 0.0015753986081108451
      vertex -0.027195535600185394 -0.085891686379909515 0.001792013761587441
      vertex -0.027954855933785439 -0.078748829662799835 0.001841264427639544
    endloop
  endfacet
  facet normal -0.1677339226894676 -0.025331170500831883 0.98550680514152789
    outer loop
      vertex -0.041599683463573456 -0.060891684144735336 0.00017173201194964349
      vertex -0.042128484696149826 -0.057320255786180496 0.00017352860595565289
      vertex -0.042528226971626282 -0.058094780892133713 8.5584040789399296e-05
    endloop
  endfacet
  facet normal -0.16769977680352585 -0.025319646304323505 0.98551291233097083
    outer loop
      vertex -0.041599683463573456 -0.060891684144735336 0.00017173201194964349
      vertex -0.042528226971626282 -0.058094780892133713 8.5584040789399296e-05
      vertex -0.042347654700279236 -0.05929960310459137 8.5357009083963931e-05
    endloop
  endfacet
  facet normal -0.16768887260980794 -0.025324473702070881 0.98551464374435593
    outer loop
      vertex -0.041070882230997086 -0.064463116228580475 0.00016993543249554932
      vertex -0.041599683463573456 -0.060891684144735336 0.00017173201194964349
      vertex -0.041986513882875443 -0.061709240078926086 8.4902931121177971e-05
    endloop
  endfacet
  facet normal -0.16765495060284799 -0.025313007731224944 0.98552070966467042
    outer loop
      vertex -0.041070882230997086 -0.064463116228580475 0.00016993543249554932
      vertex -0.041986513882875443 -0.061709240078926086 8.4902931121177971e-05
      vertex -0.041805941611528397 -0.062914058566093445 8.4675899415742606e-05
    endloop
  endfacet
  facet normal -0.16777676404231207 -0.025337331009622054 0.98549935418791579
    outer loop
      vertex -0.042128484696149826 -0.057320255786180496 0.00017352860595565289
      vertex -0.042657282203435898 -0.053748827427625656 0.00017532518540974706
      vertex -0.043069940060377121 -0.054480325430631638 8.6265150457620621e-05
    endloop
  endfacet
  facet normal -0.16774436134964166 -0.025326411194009964 0.98550515073815459
    outer loop
      vertex -0.042128484696149826 -0.057320255786180496 0.00017352860595565289
      vertex -0.043069940060377121 -0.054480325430631638 8.6265150457620621e-05
      vertex -0.042889367789030075 -0.055685143917798996 8.6038111476227641e-05
    endloop
  endfacet
  facet normal -0.16764293534705918 -0.025317702465363155 0.98552263300753107
    outer loop
      vertex -0.040542080998420715 -0.068034544587135315 0.00016813885304145515
      vertex -0.041070882230997086 -0.064463116228580475 0.00016993543249554932
      vertex -0.041444800794124603 -0.065323695540428162 8.4221828728914261e-05
    endloop
  endfacet
  facet normal -0.16760854552829715 -0.025306060239450159 0.98552878130526766
    outer loop
      vertex -0.040542080998420715 -0.068034544587135315 0.00016813885304145515
      vertex -0.041444800794124603 -0.065323695540428162 8.4221828728914261e-05
      vertex -0.041264228522777557 -0.06652851402759552 8.3994789747521281e-05
    endloop
  endfacet
  facet normal -0.16790093489387189 -0.025355705281164157 0.98547773403129646
    outer loop
      vertex -0.043714884668588638 -0.046605970710515976 0.00017891835886985064
      vertex -0.04424368217587471 -0.043034542351961136 0.00018071493832394481
      vertex -0.044695079326629639 -0.043636951595544815 8.8308472186326981e-05
    endloop
  endfacet
  facet normal -0.16786950366081368 -0.025345156850654565 0.9854833599634687
    outer loop
      vertex -0.043714884668588638 -0.046605970710515976 0.00017891835886985064
      vertex -0.044695079326629639 -0.043636951595544815 8.8308472186326981e-05
      vertex -0.044514507055282593 -0.044841770082712173 8.8081440480891615e-05
    endloop
  endfacet
  facet normal -0.16759558727075768 -0.025310525246523975 0.98553087036333609
    outer loop
      vertex -0.040013283491134644 -0.071605972945690155 0.00016634225903544575
      vertex -0.040542080998420715 -0.068034544587135315 0.00016813885304145515
      vertex -0.040903087705373764 -0.068938158452510834 8.3540719060692936e-05
    endloop
  endfacet
  facet normal -0.16756173208611805 -0.025299045604910479 0.98553692180038621
    outer loop
      vertex -0.040013283491134644 -0.071605972945690155 0.00016634225903544575
      vertex -0.040903087705373764 -0.068938158452510834 8.3540719060692936e-05
      vertex -0.040722515434026718 -0.070142976939678192 8.3313680079299957e-05
    endloop
  endfacet
  facet normal -0.16749807586390833 -0.025296270622228174 0.98554781379418399
    outer loop
      vertex -0.038955681025981903 -0.078748829662799835 0.00016274908557534218
      vertex -0.039484482258558273 -0.075177401304244995 0.00016454567958135158
      vertex -0.039819661527872086 -0.076167069375514984 8.2178499724250287e-05
    endloop
  endfacet
  facet normal -0.16746251897200276 -0.02528417332899438 0.98555416660811745
    outer loop
      vertex -0.038955681025981903 -0.078748829662799835 0.00016274908557534218
      vertex -0.039819661527872086 -0.076167069375514984 8.2178499724250287e-05
      vertex -0.03963908925652504 -0.077371887862682343 8.1951468018814921e-05
    endloop
  endfacet
  facet normal -0.16744642242548247 -0.025288623087683176 0.98555678738428654
    outer loop
      vertex -0.038426879793405533 -0.082320258021354675 0.00016095250612124801
      vertex -0.038955681025981903 -0.078748829662799835 0.00016274908557534218
      vertex -0.039277948439121246 -0.079781532287597656 8.1497397331986576e-05
    endloop
  endfacet
  facet normal -0.16741052518742297 -0.025276388410183568 0.98556319951863502
    outer loop
      vertex -0.038426879793405533 -0.082320258021354675 0.00016095250612124801
      vertex -0.039277948439121246 -0.079781532287597656 8.1497397331986576e-05
      vertex -0.0390973761677742 -0.080986350774765015 8.1270358350593597e-05
    endloop
  endfacet
  facet normal -0.16754794219900329 -0.025303645674093066 0.98553914817245059
    outer loop
      vertex -0.039484482258558273 -0.075177401304244995 0.00016454567958135158
      vertex -0.040013283491134644 -0.071605972945690155 0.00016634225903544575
      vertex -0.040361374616622925 -0.072552613914012909 8.2859609392471611e-05
    endloop
  endfacet
  facet normal -0.16751278775985104 -0.025291705721566669 0.98554543048944065
    outer loop
      vertex -0.039484482258558273 -0.075177401304244995 0.00016454567958135158
      vertex -0.040361374616622925 -0.072552613914012909 8.2859609392471611e-05
      vertex -0.040180802345275879 -0.073757432401180267 8.2632577687036246e-05
    endloop
  endfacet
  facet normal -0.16739414263516911 -0.02528071227817336 0.98556587126287254
    outer loop
      vertex -0.037898082286119461 -0.085891686379909515 0.00015915592666715384
      vertex -0.038426879793405533 -0.082320258021354675 0.00016095250612124801
      vertex -0.038736235350370407 -0.083395987749099731 8.0816287663765252e-05
    endloop
  endfacet
  facet normal -0.16735876380962389 -0.025268632363428353 0.98557218933703494
    outer loop
      vertex -0.037898082286119461 -0.085891686379909515 0.00015915592666715384
      vertex -0.038736235350370407 -0.083395987749099731 8.0816287663765252e-05
      vertex -0.038555663079023361 -0.08460080623626709 8.0589248682372272e-05
    endloop
  endfacet
  facet normal -0.13290881897858864 -0.020961195419290212 0.99090659202788178
    outer loop
      vertex -0.026436217129230499 -0.093034543097019196 0.0017427632119506598
      vertex -0.026262402534484863 -0.085891686379909515 0.0019171735038980842
      vertex -0.027195535600185394 -0.085891686379909515 0.001792013761587441
    endloop
  endfacet
  facet normal -0.14148552296398634 -0.021892290753295476 0.98969822390321627
    outer loop
      vertex -0.028249379247426987 -0.093034543097019196 0.0014913595514371991
      vertex -0.029060676693916321 -0.085891686379909515 0.0015333790797740221
      vertex -0.029992686584591866 -0.085891686379909515 0.0014001405797898769
    endloop
  endfacet
  facet normal -0.14409594844436072 -0.022193129948988304 0.98931482482826849
    outer loop
      vertex -0.030061081051826477 -0.093034543097019196 0.0012299442896619439
      vertex -0.029992686584591866 -0.085891686379909515 0.0014001405797898769
      vertex -0.030924318358302116 -0.085891686379909515 0.0012644462985917926
    endloop
  endfacet
  facet normal -0.13730938598355394 -0.021421478008607792 0.99029654790913324
    outer loop
      vertex -0.029060676693916321 -0.085891686379909515 0.0015333790797740221
      vertex -0.028249379247426987 -0.093034543097019196 0.0014913595514371991
      vertex -0.026436217129230499 -0.093034543097019196 0.0017427632119506598
    endloop
  endfacet
  facet normal -0.13732181539903324 -0.02142609833035285 0.99029472447643185
    outer loop
      vertex -0.029060676693916321 -0.085891686379909515 0.0015333790797740221
      vertex -0.026436217129230499 -0.093034543097019196 0.0017427632119506598
      vertex -0.027195535600185394 -0.085891686379909515 0.001792013761587441
    endloop
  endfacet
  facet normal -0.13134129531203334 -0.021004420211448771 0.99111466464649689
    outer loop
      vertex -0.026436217129230499 -0.093034543097019196 0.0017427632119506598
      vertex -0.02462160587310791 -0.093034543097019196 0.0019832332618534565
      vertex -0.026262402534484863 -0.085891686379909515 0.0019171735038980842
    endloop
  endfacet
  facet normal -0.1427783679918152 -0.02221028825942678 0.98950545260196876
    outer loop
      vertex -0.028249379247426987 -0.093034543097019196 0.0014913595514371991
      vertex -0.029992686584591866 -0.085891686379909515 0.0014001405797898769
      vertex -0.030061081051826477 -0.093034543097019196 0.0012299442896619439
    endloop
  endfacet
  facet normal -0.1478461607160215 -0.022640383538032771 0.98875119509145626
    outer loop
      vertex -0.032865624874830246 -0.085891686379909515 0.00097414280753582716
      vertex -0.031948272138834 -0.093034543097019196 0.0009477560524828732
      vertex -0.030061081051826477 -0.093034543097019196 0.0012299442896619439
    endloop
  endfacet
  facet normal -0.14785783873227856 -0.02264503510181547 0.98874934230605538
    outer loop
      vertex -0.032865624874830246 -0.085891686379909515 0.00097414280753582716
      vertex -0.030061081051826477 -0.093034543097019196 0.0012299442896619439
      vertex -0.030924318358302116 -0.085891686379909515 0.0012644462985917926
    endloop
  endfacet
  facet normal -0.12980013564110524 -0.020648451332962846 0.99132515666914311
    outer loop
      vertex -0.026262402534484863 -0.085891686379909515 0.0019171735038980842
      vertex -0.02462160587310791 -0.093034543097019196 0.0019832332618534565
      vertex -0.025328900665044785 -0.085891686379909515 0.0020394024904817343
    endloop
  endfacet
  facet normal -0.15545117360546337 -0.023620699381960132 0.98756113491033615
    outer loop
      vertex -0.033680122345685959 -0.093034543097019196 0.00067832670174539089
      vertex -0.03375660628080368 -0.085891686379909515 0.00083713181084021926
      vertex -0.034647122025489807 -0.085891686379909515 0.00069695647107437253
    endloop
  endfacet
  facet normal -0.16528578006525979 -0.024972102391970237 0.98592951320585964
    outer loop
      vertex -0.036911565810441971 -0.089463114738464355 0.00023471243912354112
      vertex -0.036505460739135742 -0.085891686379909515 0.00039325264515355229
      vertex -0.037433899939060211 -0.085891686379909515 0.00023760480689816177
    endloop
  endfacet
  facet normal -0.16122218083059781 -0.024394780630906093 0.98661659376182997
    outer loop
      vertex -0.036505460739135742 -0.085891686379909515 0.00039325264515355229
      vertex -0.035486672073602676 -0.093034543097019196 0.00038311994285322726
      vertex -0.033680122345685959 -0.093034543097019196 0.00067832670174539089
    endloop
  endfacet
  facet normal -0.16123987535954959 -0.02440190208964969 0.98661352604170394
    outer loop
      vertex -0.036505460739135742 -0.085891686379909515 0.00039325264515355229
      vertex -0.033680122345685959 -0.093034543097019196 0.00067832670174539089
      vertex -0.034647122025489807 -0.085891686379909515 0.00069695647107437253
    endloop
  endfacet
  facet normal -0.15368111411557678 -0.023607911249345515 0.98783843906310809
    outer loop
      vertex -0.033680122345685959 -0.093034543097019196 0.00067832670174539089
      vertex -0.031948272138834 -0.093034543097019196 0.0009477560524828732
      vertex -0.03375660628080368 -0.085891686379909515 0.00083713181084021926
    endloop
  endfacet
  facet normal -0.16609287055555533 -0.025302687231481696 0.98578543931703577
    outer loop
      vertex -0.036911565810441971 -0.089463114738464355 0.00023471243912354112
      vertex -0.037291668355464935 -0.093034543097019196 7.8999997640494257e-05
      vertex -0.035486672073602676 -0.093034543097019196 0.00038311994285322726
    endloop
  endfacet
  facet normal -0.16658236375828311 -0.025247052035973237 0.98570426723647497
    outer loop
      vertex -0.037369281053543091 -0.089463114738464355 0.00015735933266114444
      vertex -0.037291668355464935 -0.093034543097019196 7.8999997640494257e-05
      vertex -0.036911565810441971 -0.089463114738464355 0.00023471243912354112
    endloop
  endfacet
  facet normal -0.16528085837271483 -0.024972697991589164 0.98593032320270957
    outer loop
      vertex -0.036505460739135742 -0.085891686379909515 0.00039325264515355229
      vertex -0.036911565810441971 -0.089463114738464355 0.00023471243912354112
      vertex -0.035486672073602676 -0.093034543097019196 0.00038311994285322726
    endloop
  endfacet
  facet normal -0.16734089106312811 -0.025273010888437971 0.98557511185035052
    outer loop
      vertex -0.037369281053543091 -0.089463114738464355 0.00015735933266114444
      vertex -0.037898082286119461 -0.085891686379909515 0.00015915592666715384
      vertex -0.038194522261619568 -0.087010443210601807 8.0135177995543927e-05
    endloop
  endfacet
  facet normal -0.16730415378690858 -0.025260443516478312 0.98558167095324867
    outer loop
      vertex -0.037369281053543091 -0.089463114738464355 0.00015735933266114444
      vertex -0.038194522261619568 -0.087010443210601807 8.0135177995543927e-05
      vertex -0.038013949990272522 -0.088215261697769165 7.9908146290108562e-05
    endloop
  endfacet
  facet normal -0.15194805660270141 -0.023164844666601948 0.98811698602252274
    outer loop
      vertex -0.032865624874830246 -0.085891686379909515 0.00097414280753582716
      vertex -0.03375660628080368 -0.085891686379909515 0.00083713181084021926
      vertex -0.031948272138834 -0.093034543097019196 0.0009477560524828732
    endloop
  endfacet
  facet normal -0.16786786328845713 -0.025344397961171859 0.98548365890407019
    outer loop
      vertex -0.043714884668588638 -0.046605970710515976 0.00017891835886985064
      vertex -0.044514507055282593 -0.044841770082712173 8.8081440480891615e-05
      vertex -0.044333938509225845 -0.046046588569879532 8.7854401499498636e-05
    endloop
  endfacet
  facet normal -0.16786838792911088 -0.025344995618250505 0.98548355416576705
    outer loop
      vertex -0.043714884668588638 -0.046605970710515976 0.00017891835886985064
      vertex -0.044333938509225845 -0.046046588569879532 8.7854401499498636e-05
      vertex -0.044153366237878799 -0.04725140705704689 8.7627362518105656e-05
    endloop
  endfacet
  facet normal -0.16782675311753503 -0.025338238047279887 0.98549081915088654
    outer loop
      vertex -0.043186083436012268 -0.050177399069070816 0.00017712177941575646
      vertex -0.043972793966531754 -0.048456229269504547 8.740033081267029e-05
      vertex -0.043792225420475006 -0.049661047756671906 8.7173291831277311e-05
    endloop
  endfacet
  facet normal -0.16782723744307146 -0.025338823584945522 0.98549072161616902
    outer loop
      vertex -0.043186083436012268 -0.050177399069070816 0.00017712177941575646
      vertex -0.043792225420475006 -0.049661047756671906 8.7173291831277311e-05
      vertex -0.04361165314912796 -0.050865866243839264 8.6946260125841945e-05
    endloop
  endfacet
  facet normal -0.1677845293673447 -0.025331832949770275 0.98549817348607183
    outer loop
      vertex -0.042657282203435898 -0.053748827427625656 0.00017532518540974706
      vertex -0.043431080877780914 -0.052070684731006622 8.6719221144448966e-05
      vertex -0.043250512331724167 -0.053275506943464279 8.6492182163055986e-05
    endloop
  endfacet
  facet normal -0.16774274845347248 -0.025325644905591103 0.98550544496283277
    outer loop
      vertex -0.042128484696149826 -0.057320255786180496 0.00017352860595565289
      vertex -0.042889367789030075 -0.055685143917798996 8.6038111476227641e-05
      vertex -0.042708799242973328 -0.056889962404966354 8.5811079770792276e-05
    endloop
  endfacet
  facet normal -0.16778504716628778 -0.025332501698042912 0.98549806813870777
    outer loop
      vertex -0.042657282203435898 -0.053748827427625656 0.00017532518540974706
      vertex -0.043250512331724167 -0.053275506943464279 8.6492182163055986e-05
      vertex -0.043069940060377121 -0.054480325430631638 8.6265150457620621e-05
    endloop
  endfacet
  facet normal -0.16769884095314036 -0.025319590313678156 0.98551307301796898
    outer loop
      vertex -0.041599683463573456 -0.060891684144735336 0.00017173201194964349
      vertex -0.042167086154222488 -0.060504421591758728 8.5129970102570951e-05
      vertex -0.041986513882875443 -0.061709240078926086 8.4902931121177971e-05
    endloop
  endfacet
  facet normal -0.16769846026507693 -0.025319014750555504 0.98551315258437
    outer loop
      vertex -0.041599683463573456 -0.060891684144735336 0.00017173201194964349
      vertex -0.042347654700279236 -0.05929960310459137 8.5357009083963931e-05
      vertex -0.042167086154222488 -0.060504421591758728 8.5129970102570951e-05
    endloop
  endfacet
  facet normal -0.16765375822086886 -0.025312829061964432 0.98552091709881962
    outer loop
      vertex -0.041070882230997086 -0.064463116228580475 0.00016993543249554932
      vertex -0.041625373065471649 -0.064118877053260803 8.4448860434349626e-05
      vertex -0.041444800794124603 -0.065323695540428162 8.4221828728914261e-05
    endloop
  endfacet
  facet normal -0.16760654276056355 -0.025305079467232261 0.98552914709662875
    outer loop
      vertex -0.040542080998420715 -0.068034544587135315 0.00016813885304145515
      vertex -0.041264228522777557 -0.06652851402759552 8.3994789747521281e-05
      vertex -0.04108365997672081 -0.067733339965343475 8.3767758042085916e-05
    endloop
  endfacet
  facet normal -0.16760694099879306 -0.025305819813042411 0.9855290603592658
    outer loop
      vertex -0.040542080998420715 -0.068034544587135315 0.00016813885304145515
      vertex -0.04108365997672081 -0.067733339965343475 8.3767758042085916e-05
      vertex -0.040903087705373764 -0.068938158452510834 8.3540719060692936e-05
    endloop
  endfacet
  facet normal -0.1676534197127646 -0.025312265910024254 0.98552098914894515
    outer loop
      vertex -0.041070882230997086 -0.064463116228580475 0.00016993543249554932
      vertex -0.041805941611528397 -0.062914058566093445 8.4675899415742606e-05
      vertex -0.041625373065471649 -0.064118877053260803 8.4448860434349626e-05
    endloop
  endfacet
  facet normal -0.16774317125549279 -0.025326232867585875 0.98550535788796567
    outer loop
      vertex -0.042128484696149826 -0.057320255786180496 0.00017352860595565289
      vertex -0.042708799242973328 -0.056889962404966354 8.5811079770792276e-05
      vertex -0.042528226971626282 -0.058094780892133713 8.5584040789399296e-05
    endloop
  endfacet
  facet normal -0.16756021447490177 -0.025298294158347168 0.9855371991141697
    outer loop
      vertex -0.040013283491134644 -0.071605972945690155 0.00016634225903544575
      vertex -0.040722515434026718 -0.070142976939678192 8.3313680079299957e-05
      vertex -0.040541946887969971 -0.071347795426845551 8.3086648373864591e-05
    endloop
  endfacet
  facet normal -0.16751132943706046 -0.02529097521346154 0.98554569710540585
    outer loop
      vertex -0.039484482258558273 -0.075177401304244995 0.00016454567958135158
      vertex -0.040180802345275879 -0.073757432401180267 8.2632577687036246e-05
      vertex -0.040000233799219131 -0.074962250888347626 8.2405538705643266e-05
    endloop
  endfacet
  facet normal -0.16756048045908684 -0.025298858058212803 0.98553713941650645
    outer loop
      vertex -0.040013283491134644 -0.071605972945690155 0.00016634225903544575
      vertex -0.040541946887969971 -0.071347795426845551 8.3086648373864591e-05
      vertex -0.040361374616622925 -0.072552613914012909 8.2859609392471611e-05
    endloop
  endfacet
  facet normal -0.1674608797722496 -0.025283927707466503 0.98555445143613851
    outer loop
      vertex -0.038955681025981903 -0.078748829662799835 0.00016274908557534218
      vertex -0.039458520710468292 -0.078576713800430298 8.1724429037421942e-05
      vertex -0.039277948439121246 -0.079781532287597656 8.1497397331986576e-05
    endloop
  endfacet
  facet normal -0.16746064843545494 -0.025283224860205674 0.98555450877475326
    outer loop
      vertex -0.038955681025981903 -0.078748829662799835 0.00016274908557534218
      vertex -0.03963908925652504 -0.077371887862682343 8.1951468018814921e-05
      vertex -0.039458520710468292 -0.078576713800430298 8.1724429037421942e-05
    endloop
  endfacet
  facet normal -0.16751155110390417 -0.02529152636988697 0.98554564528521227
    outer loop
      vertex -0.039484482258558273 -0.075177401304244995 0.00016454567958135158
      vertex -0.040000233799219131 -0.074962250888347626 8.2405538705643266e-05
      vertex -0.039819661527872086 -0.076167069375514984 8.2178499724250287e-05
    endloop
  endfacet
  facet normal -0.16740922308494238 -0.025276193300087842 0.98556342570042266
    outer loop
      vertex -0.038426879793405533 -0.082320258021354675 0.00016095250612124801
      vertex -0.038916807621717453 -0.082191169261932373 8.1043326645158231e-05
      vertex -0.038736235350370407 -0.083395987749099731 8.0816287663765252e-05
    endloop
  endfacet
  facet normal -0.1673573518777367 -0.025267897379073884 0.98557244793800525
    outer loop
      vertex -0.037898082286119461 -0.085891686379909515 0.00015915592666715384
      vertex -0.038555663079023361 -0.08460080623626709 8.0589248682372272e-05
      vertex -0.038375094532966614 -0.085805624723434448 8.0362216976936907e-05
    endloop
  endfacet
  facet normal -0.16735744394318955 -0.0252684345915263 0.98557241853153343
    outer loop
      vertex -0.037898082286119461 -0.085891686379909515 0.00015915592666715384
      vertex -0.038375094532966614 -0.085805624723434448 8.0362216976936907e-05
      vertex -0.038194522261619568 -0.087010443210601807 8.0135177995543927e-05
    endloop
  endfacet
  facet normal -0.16730280158158461 -0.025259729554184068 0.98558191879001233
    outer loop
      vertex -0.037369281053543091 -0.089463114738464355 0.00015735933266114444
      vertex -0.038013949990272522 -0.088215261697769165 7.9908146290108562e-05
      vertex -0.037833381444215775 -0.089420080184936523 7.9681107308715582e-05
    endloop
  endfacet
  facet normal -0.16730246188245837 -0.025260189997501334 0.98558196465304626
    outer loop
      vertex -0.037369281053543091 -0.089463114738464355 0.00015735933266114444
      vertex -0.037652809172868729 -0.090624906122684479 7.9454068327322602e-05
      vertex -0.037472236901521683 -0.091829724609851837 7.9227036621887237e-05
    endloop
  endfacet
  facet normal -0.16730503266878086 -0.02526006385868191 0.98558153149171446
    outer loop
      vertex -0.037369281053543091 -0.089463114738464355 0.00015735933266114444
      vertex -0.037472236901521683 -0.091829724609851837 7.9227036621887237e-05
      vertex -0.037291668355464935 -0.093034543097019196 7.8999997640494257e-05
    endloop
  endfacet
  facet normal -0.16730283303839241 -0.025260095357015212 0.98558190407488822
    outer loop
      vertex -0.037369281053543091 -0.089463114738464355 0.00015735933266114444
      vertex -0.037833381444215775 -0.089420080184936523 7.9681107308715582e-05
      vertex -0.037652809172868729 -0.090624906122684479 7.9454068327322602e-05
    endloop
  endfacet
  facet normal -0.16740908578946523 -0.025275649150358188 0.98556346297697339
    outer loop
      vertex -0.038426879793405533 -0.082320258021354675 0.00016095250612124801
      vertex -0.0390973761677742 -0.080986350774765015 8.1270358350593597e-05
      vertex -0.038916807621717453 -0.082191169261932373 8.1043326645158231e-05
    endloop
  endfacet
  facet normal -0.17769344042192944 -0.026840625024819941 0.98371978839469065
    outer loop
      vertex -0.05230732262134552 0.0053525553084909916 4.87699726363644e-05
      vertex -0.052172325551509857 0.0053525553084909916 7.3155060817953199e-05
      vertex -0.052293509244918823 0.0061590070836246014 7.3269038693979383e-05
    endloop
  endfacet
  facet normal -0.17755822977156369 -0.026843680130422577 0.98374411910691717
    outer loop
      vertex -0.05230732262134552 0.0053525553084909916 4.87699726363644e-05
      vertex -0.052293509244918823 0.0061590070836246014 7.3269038693979383e-05
      vertex -0.052428822964429855 0.0061590070836246014 4.8845955461729318e-05
    endloop
  endfacet
  facet normal -0.2004739460904244 -0.030263196537268604 0.9792315026970283
    outer loop
      vertex -0.037605844438076019 -0.09222809225320816 3.9575941627845168e-05
      vertex -0.037509188055992126 -0.09222809225320816 5.9363996115280315e-05
      vertex -0.037630371749401093 -0.091421641409397125 5.9477970353327692e-05
    endloop
  endfacet
  facet normal -0.20021388676213128 -0.030256605165085861 0.97928491124467187
    outer loop
      vertex -0.037605844438076019 -0.09222809225320816 3.9575941627845168e-05
      vertex -0.037630371749401093 -0.091421641409397125 5.9477970353327692e-05
      vertex -0.037727344781160355 -0.091421641409397125 3.9651924453210086e-05
    endloop
  endfacet
  facet normal -0.17769309777271547 -0.026863997050079021 0.98371921230930004
    outer loop
      vertex -0.052442319691181183 0.0053525553084909916 2.4384917196584865e-05
      vertex -0.05230732262134552 0.0053525553084909916 4.87699726363644e-05
      vertex -0.052428822964429855 0.0061590070836246014 4.8845955461729318e-05
    endloop
  endfacet
  facet normal -0.17756259706599992 -0.026866893435944693 0.98374269713186646
    outer loop
      vertex -0.052442319691181183 0.0053525553084909916 2.4384917196584865e-05
      vertex -0.052428822964429855 0.0061590070836246014 4.8845955461729318e-05
      vertex -0.052564132958650589 0.0061590070836246014 2.4422908609267324e-05
    endloop
  endfacet
  facet normal -0.20047348323428735 -0.03029571099943015 0.97923059205426721
    outer loop
      vertex -0.037702500820159912 -0.09222809225320816 1.9787914425251074e-05
      vertex -0.037605844438076019 -0.09222809225320816 3.9575941627845168e-05
      vertex -0.037727344781160355 -0.091421641409397125 3.9651924453210086e-05
    endloop
  endfacet
  facet normal -0.20021340803340146 -0.030289014672646039 0.97928400723886577
    outer loop
      vertex -0.037702500820159912 -0.09222809225320816 1.9787914425251074e-05
      vertex -0.037727344781160355 -0.091421641409397125 3.9651924453210086e-05
      vertex -0.037824317812919617 -0.091421641409397125 1.9825907656922936e-05
    endloop
  endfacet
  facet normal -0.17755785993909701 -0.026796862216467838 0.98374546227629434
    outer loop
      vertex -0.052293509244918823 0.0061590070836246014 7.3269038693979383e-05
      vertex -0.052098490297794342 0.0057606394402682781 9.7616946732159704e-05
      vertex -0.052279062569141388 0.0069654583930969238 9.7843978437595069e-05
    endloop
  endfacet
  facet normal -0.17769471897388919 -0.026816815354204566 0.9837202067981774
    outer loop
      vertex -0.052172325551509857 0.0053525553084909916 7.3155060817953199e-05
      vertex -0.051917921751737595 0.0045558200217783451 9.7389907750766724e-05
      vertex -0.052098490297794342 0.0057606394402682781 9.7616946732159704e-05
    endloop
  endfacet
  facet normal -0.17824283731274221 -0.026899494890153072 0.98361878190758345
    outer loop
      vertex -0.051821321249008179 0.0021267489064484835 4.8466037696925923e-05
      vertex -0.051556777209043503 0.0021461814176291227 9.6935837063938379e-05
      vertex -0.051737349480390549 0.0033510008361190557 9.7162876045331359e-05
    endloop
  endfacet
  facet normal -0.17852024864786123 -0.026941065463959565 0.98356733364542581
    outer loop
      vertex -0.051578324288129807 0.00051384564721956849 4.8314068408217281e-05
      vertex -0.051195636391639709 -0.00026345709920860827 9.6481766377110034e-05
      vertex -0.051376208662986755 0.00094136217376217246 9.6708805358503014e-05
    endloop
  endfacet
  facet normal -0.17824287885045634 -0.0268989479502507 0.98361878933775515
    outer loop
      vertex -0.051376208662986755 0.00094136217376217246 9.6708805358503014e-05
      vertex -0.051556777209043503 0.0021461814176291227 9.6935837063938379e-05
      vertex -0.051821321249008179 0.0021267489064484835 4.8466037696925923e-05
    endloop
  endfacet
  facet normal -0.17844688456314792 -0.026977144648359413 0.9835796577076652
    outer loop
      vertex -0.051376208662986755 0.00094136217376217246 9.6708805358503014e-05
      vertex -0.051821321249008179 0.0021267489064484835 4.8466037696925923e-05
      vertex -0.051578324288129807 0.00051384564721956849 4.8314068408217281e-05
    endloop
  endfacet
  facet normal -0.17769570112431574 -0.026817511189099266 0.983720010417375
    outer loop
      vertex -0.051737349480390549 0.0033510008361190557 9.7162876045331359e-05
      vertex -0.051917921751737595 0.0045558200217783451 9.7389907750766724e-05
      vertex -0.05230732262134552 0.0053525553084909916 4.87699726363644e-05
    endloop
  endfacet
  facet normal -0.17879948482464286 -0.02698234937980936 0.98351547880467438
    outer loop
      vertex -0.050834495574235916 -0.0026730955578386784 9.6027695690281689e-05
      vertex -0.051015064120292664 -0.001468276372179389 9.6254727395717055e-05
      vertex -0.051335323601961136 -0.0010990576120093465 4.8162102757487446e-05
    endloop
  endfacet
  facet normal -0.17907827126571763 -0.02707267170775127 0.98346227340304537
    outer loop
      vertex -0.050834495574235916 -0.0026730955578386784 9.6027695690281689e-05
      vertex -0.051335323601961136 -0.0010990576120093465 4.8162102757487446e-05
      vertex -0.051092322915792465 -0.0027119608130306005 4.8010133468778804e-05
    endloop
  endfacet
  facet normal -0.17936823578927408 -0.027068118584342535 0.9834095550411065
    outer loop
      vertex -0.050849325954914093 -0.0043248641304671764 4.7858167818048969e-05
      vertex -0.050473351031541824 -0.0050827343948185444 9.5573625003453344e-05
      vertex -0.05065392330288887 -0.0038779149763286114 9.580065670888871e-05
    endloop
  endfacet
  facet normal -0.1790853468131143 -0.027025736481893381 0.98346227590306567
    outer loop
      vertex -0.05065392330288887 -0.0038779149763286114 9.580065670888871e-05
      vertex -0.050834495574235916 -0.0026730955578386784 9.6027695690281689e-05
      vertex -0.051092322915792465 -0.0027119608130306005 4.8010133468778804e-05
    endloop
  endfacet
  facet normal -0.17928933808894468 -0.027104049145318519 0.9834229526340923
    outer loop
      vertex -0.05065392330288887 -0.0038779149763286114 9.580065670888871e-05
      vertex -0.051092322915792465 -0.0027119608130306005 4.8010133468778804e-05
      vertex -0.050849325954914093 -0.0043248641304671764 4.7858167818048969e-05
    endloop
  endfacet
  facet normal -0.17965876895451682 -0.027111657951694478 0.98335531967893386
    outer loop
      vertex -0.050112210214138031 -0.0074923727661371231 9.5119547040667385e-05
      vertex -0.050292782485485077 -0.0062875533476471901 9.5346586022060364e-05
      vertex -0.050606325268745422 -0.0059377672150731087 4.7706198529340327e-05
    endloop
  endfacet
  facet normal -0.17993881789914709 -0.027202306639289915 0.98330161004981553
    outer loop
      vertex -0.050112210214138031 -0.0074923727661371231 9.5119547040667385e-05
      vertex -0.050606325268745422 -0.0059377672150731087 4.7706198529340327e-05
      vertex -0.050363324582576752 -0.0075506702996790409 4.7554232878610492e-05
    endloop
  endfacet
  facet normal -0.18024428077218949 -0.027198833556937158 0.98324575905622813
    outer loop
      vertex -0.050120323896408081 -0.0091635733842849731 4.740226358990185e-05
      vertex -0.049751069396734238 -0.0099020116031169891 9.466547635383904e-05
      vertex -0.049931637942790985 -0.0086971921846270561 9.4892515335232019e-05
    endloop
  endfacet
  facet normal -0.17994961841217463 -0.027155232818114633 0.98330093469085378
    outer loop
      vertex -0.049931637942790985 -0.0086971921846270561 9.4892515335232019e-05
      vertex -0.050112210214138031 -0.0074923727661371231 9.5119547040667385e-05
      vertex -0.050363324582576752 -0.0075506702996790409 4.7554232878610492e-05
    endloop
  endfacet
  facet normal -0.18015786209078993 -0.027235306285972028 0.98326058744281264
    outer loop
      vertex -0.049931637942790985 -0.0086971921846270561 9.4892515335232019e-05
      vertex -0.050363324582576752 -0.0075506702996790409 4.7554232878610492e-05
      vertex -0.050120323896408081 -0.0091635733842849731 4.740226358990185e-05
    endloop
  endfacet
  facet normal -0.17965806561264683 -0.027111007543273606 0.98335546611096347
    outer loop
      vertex -0.050292782485485077 -0.0062875533476471901 9.5346586022060364e-05
      vertex -0.050473351031541824 -0.0050827343948185444 9.5573625003453344e-05
      vertex -0.050606325268745422 -0.0059377672150731087 4.7706198529340327e-05
    endloop
  endfacet
  facet normal -0.1788002328132022 -0.026983018286014196 0.98351532447141921
    outer loop
      vertex -0.051015064120292664 -0.001468276372179389 9.6254727395717055e-05
      vertex -0.051195636391639709 -0.00026345709920860827 9.6481766377110034e-05
      vertex -0.051335323601961136 -0.0010990576120093465 4.8162102757487446e-05
    endloop
  endfacet
  facet normal -0.18053980224409352 -0.027243692749589092 0.98319029745570108
    outer loop
      vertex -0.049389924854040146 -0.012311649508774281 9.4211405667010695e-05
      vertex -0.049570497125387192 -0.011106831021606922 9.4438444648403674e-05
      vertex -0.049877326935529709 -0.010776476934552193 4.7250297939172015e-05
    endloop
  endfacet
  facet normal -0.18082428247714433 -0.027335689792263283 0.983135463163753
    outer loop
      vertex -0.049389924854040146 -0.012311649508774281 9.4211405667010695e-05
      vertex -0.049877326935529709 -0.010776476934552193 4.7250297939172015e-05
      vertex -0.049634326249361038 -0.012389380484819412 4.7098328650463372e-05
    endloop
  endfacet
  facet normal -0.18083918780169619 -0.027287966400875146 0.98313404734294885
    outer loop
      vertex -0.049209356307983398 -0.013516468927264214 9.3984373961575329e-05
      vertex -0.049389924854040146 -0.012311649508774281 9.4211405667010695e-05
      vertex -0.049634326249361038 -0.012389380484819412 4.7098328650463372e-05
    endloop
  endfacet
  facet normal -0.18105232278125449 -0.027370055976650199 0.98309253707438315
    outer loop
      vertex -0.049209356307983398 -0.013516468927264214 9.3984373961575329e-05
      vertex -0.049634326249361038 -0.012389380484819412 4.7098328650463372e-05
      vertex -0.049391325563192368 -0.014002283103764057 4.6946362999733537e-05
    endloop
  endfacet
  facet normal -0.18144662312878915 -0.027379549269528597 0.9830195741881016
    outer loop
      vertex -0.049148328602313995 -0.015615186654031277 4.6794393711024895e-05
      vertex -0.048848211765289307 -0.01592610776424408 9.353029599878937e-05
      vertex -0.049028784036636353 -0.014721288345754147 9.375733498018235e-05
    endloop
  endfacet
  facet normal -0.18175748067442299 -0.027426106767128481 0.9829608470770772
    outer loop
      vertex -0.048487070947885513 -0.018335746601223946 9.3076225311961025e-05
      vertex -0.048667643219232559 -0.017130926251411438 9.3303264293354005e-05
      vertex -0.048905327916145325 -0.017228089272975922 4.664242806029506e-05
    endloop
  endfacet
  facet normal -0.18197078305339123 -0.027508401634455046 0.98291908209905732
    outer loop
      vertex -0.048487070947885513 -0.018335746601223946 9.3076225311961025e-05
      vertex -0.048905327916145325 -0.017228089272975922 4.664242806029506e-05
      vertex -0.048662327229976654 -0.018840992823243141 4.6490458771586418e-05
    endloop
  endfacet
  facet normal -0.18144597898979725 -0.027378906953066735 0.98301971097353358
    outer loop
      vertex -0.048667643219232559 -0.017130926251411438 9.3303264293354005e-05
      vertex -0.048848211765289307 -0.01592610776424408 9.353029599878937e-05
      vertex -0.049148328602313995 -0.015615186654031277 4.6794393711024895e-05
    endloop
  endfacet
  facet normal -0.18173856154989748 -0.027473432837779661 0.98296302358424559
    outer loop
      vertex -0.048667643219232559 -0.017130926251411438 9.3303264293354005e-05
      vertex -0.049148328602313995 -0.015615186654031277 4.6794393711024895e-05
      vertex -0.048905327916145325 -0.017228089272975922 4.664242806029506e-05
    endloop
  endfacet
  facet normal -0.18114395183683973 -0.027334197175960223 0.9830766553924869
    outer loop
      vertex -0.049028784036636353 -0.014721288345754147 9.375733498018235e-05
      vertex -0.049209356307983398 -0.013516468927264214 9.3984373961575329e-05
      vertex -0.049391325563192368 -0.014002283103764057 4.6946362999733537e-05
    endloop
  endfacet
  facet normal -0.18238529004634815 -0.027519613263209827 0.98284193889991944
    outer loop
      vertex -0.048419326543807983 -0.020453896373510361 4.6338493120856583e-05
      vertex -0.04812593013048172 -0.020745385438203812 9.262215462513268e-05
      vertex -0.048306498676538467 -0.019540565088391304 9.284919360652566e-05
    endloop
  endfacet
  facet normal -0.18270082282098429 -0.027567456327763865 0.98278199245415176
    outer loop
      vertex -0.047764785587787628 -0.023155024275183678 9.2168083938304335e-05
      vertex -0.047945357859134674 -0.02195020392537117 9.2395122919697315e-05
      vertex -0.048176329582929611 -0.02206679992377758 4.6186523832147941e-05
    endloop
  endfacet
  facet normal -0.1829167097042452 -0.027650896179475564 0.98273949002339622
    outer loop
      vertex -0.047764785587787628 -0.023155024275183678 9.2168083938304335e-05
      vertex -0.048176329582929611 -0.02206679992377758 4.6186523832147941e-05
      vertex -0.047933328896760941 -0.0236797034740448 4.6034558181418106e-05
    endloop
  endfacet
  facet normal -0.18238596420801767 -0.027520314819801169 0.98284179415210604
    outer loop
      vertex -0.047945357859134674 -0.02195020392537117 9.2395122919697315e-05
      vertex -0.04812593013048172 -0.020745385438203812 9.262215462513268e-05
      vertex -0.048419326543807983 -0.020453896373510361 4.6338493120856583e-05
    endloop
  endfacet
  facet normal -0.18267768666388842 -0.027614469448959386 0.98278497336507065
    outer loop
      vertex -0.047945357859134674 -0.02195020392537117 9.2395122919697315e-05
      vertex -0.048419326543807983 -0.020453896373510361 4.6338493120856583e-05
      vertex -0.048176329582929611 -0.02206679992377758 4.6186523832147941e-05
    endloop
  endfacet
  facet normal -0.18334839393681793 -0.027664524546456241 0.98265865921102424
    outer loop
      vertex -0.04769032821059227 -0.02529260516166687 4.5882588892709464e-05
      vertex -0.047403644770383835 -0.025564661249518394 9.171401325147599e-05
      vertex -0.047584217041730881 -0.024359842762351036 9.1941044956911355e-05
    endloop
  endfacet
  facet normal -0.18367338243043796 -0.027712652614879197 0.98259660973952534
    outer loop
      vertex -0.047042503952980042 -0.02797430008649826 9.1259942564647645e-05
      vertex -0.047223072499036789 -0.026769481599330902 9.148697427008301e-05
      vertex -0.047447331249713898 -0.02690550871193409 4.5730623241979629e-05
    endloop
  endfacet
  facet normal -0.18389418155394127 -0.027798147110096007 0.98255289578111349
    outer loop
      vertex -0.047042503952980042 -0.02797430008649826 9.1259942564647645e-05
      vertex -0.047447331249713898 -0.02690550871193409 4.5730623241979629e-05
      vertex -0.047204330563545227 -0.028518412262201309 4.5578653953270987e-05
    endloop
  endfacet
  facet normal -0.18334835477310382 -0.027664481843526691 0.98265866772054944
    outer loop
      vertex -0.047223072499036789 -0.026769481599330902 9.148697427008301e-05
      vertex -0.047403644770383835 -0.025564661249518394 9.171401325147599e-05
      vertex -0.04769032821059227 -0.02529260516166687 4.5882588892709464e-05
    endloop
  endfacet
  facet normal -0.18364531904110576 -0.027760231493901496 0.98260051208092458
    outer loop
      vertex -0.047223072499036789 -0.026769481599330902 9.148697427008301e-05
      vertex -0.04769032821059227 -0.02529260516166687 4.5882588892709464e-05
      vertex -0.047447331249713898 -0.02690550871193409 4.5730623241979629e-05
    endloop
  endfacet
  facet normal -0.18302278021621038 -0.027615174891802249 0.98272074570430445
    outer loop
      vertex -0.047584217041730881 -0.024359842762351036 9.1941044956911355e-05
      vertex -0.047764785587787628 -0.023155024275183678 9.2168083938304335e-05
      vertex -0.047933328896760941 -0.0236797034740448 4.6034558181418106e-05
    endloop
  endfacet
  facet normal -0.18206885694096356 -0.027472799670837877 0.98290191606815824
    outer loop
      vertex -0.048306498676538467 -0.019540565088391304 9.284919360652566e-05
      vertex -0.048487070947885513 -0.018335746601223946 9.3076225311961025e-05
      vertex -0.048662327229976654 -0.018840992823243141 4.6490458771586418e-05
    endloop
  endfacet
  facet normal -0.1805397688726304 -0.027243660752523984 0.98319030447020717
    outer loop
      vertex -0.049570497125387192 -0.011106831021606922 9.4438444648403674e-05
      vertex -0.049751069396734238 -0.0099020116031169891 9.466547635383904e-05
      vertex -0.049877326935529709 -0.010776476934552193 4.7250297939172015e-05
    endloop
  endfacet
  facet normal -0.17755822969768534 -0.026843695619336978 0.98374411869760137
    outer loop
      vertex -0.052428822964429855 0.0061590070836246014 4.8845955461729318e-05
      vertex -0.052293509244918823 0.0061590070836246014 7.3269038693979383e-05
      vertex -0.052550323307514191 0.0069654583930969238 4.8921938287094235e-05
    endloop
  endfacet
  facet normal -0.17742345407165125 -0.026800006296096322 0.9837696262884994
    outer loop
      vertex -0.052279062569141388 0.0069654583930969238 9.7843978437595069e-05
      vertex -0.052550323307514191 0.0069654583930969238 4.8921938287094235e-05
      vertex -0.052293509244918823 0.0061590070836246014 7.3269038693979383e-05
    endloop
  endfacet
  facet normal -0.17756270454912296 -0.02684436972477959 0.98374329261615823
    outer loop
      vertex -0.052564132958650589 0.0061590070836246014 2.4422908609267324e-05
      vertex -0.052428822964429855 0.0061590070836246014 4.8845955461729318e-05
      vertex -0.052550323307514191 0.0069654583930969238 4.8921938287094235e-05
    endloop
  endfacet
  facet normal -0.17803376925972103 -0.026915323752441753 0.9836562114633739
    outer loop
      vertex -0.051737349480390549 0.0033510008361190557 9.7162876045331359e-05
      vertex -0.05230732262134552 0.0053525553084909916 4.87699726363644e-05
      vertex -0.051821321249008179 0.0021267489064484835 4.8466037696925923e-05
    endloop
  endfacet
  facet normal -0.17823842749630919 -0.026945742542448994 0.98361831516217668
    outer loop
      vertex -0.051578324288129807 0.00051384564721956849 4.8314068408217281e-05
      vertex -0.051821321249008179 0.0021267489064484835 4.8466037696925923e-05
      vertex -0.052091721445322037 0.0021461814176291227 -4.1862096729915514e-16
    endloop
  endfacet
  facet normal -0.17852120683608541 -0.027036272847005386 0.983564547277061
    outer loop
      vertex -0.051578324288129807 0.00051384564721956849 4.8314068408217281e-05
      vertex -0.052091721445322037 0.0021461814176291227 -4.1862096729915514e-16
      vertex -0.051909256726503372 0.00094136217376217246 -4.131420670287387e-16
    endloop
  endfacet
  facet normal -0.17782909839633926 -0.026884491520243664 0.98369407636685668
    outer loop
      vertex -0.051821321249008179 0.0021267489064484835 4.8466037696925923e-05
      vertex -0.05230732262134552 0.0053525553084909916 4.87699726363644e-05
      vertex -0.052456650882959366 0.0045558200217783451 -4.295787413702084e-16
    endloop
  endfacet
  facet normal -0.17824157440439151 -0.026993925015969242 0.98361642379846248
    outer loop
      vertex -0.051821321249008179 0.0021267489064484835 4.8466037696925923e-05
      vertex -0.052456650882959366 0.0045558200217783451 -4.295787413702084e-16
      vertex -0.052274186164140701 0.0033510008361190557 -4.2409984109979197e-16
    endloop
  endfacet
  facet normal -0.17865462314732206 -0.027008848932717801 0.98354107576014238
    outer loop
      vertex -0.051195636391639709 -0.00026345709920860827 9.6481766377110034e-05
      vertex -0.051578324288129807 0.00051384564721956849 4.8314068408217281e-05
      vertex -0.051335323601961136 -0.0010990576120093465 4.8162102757487446e-05
    endloop
  endfacet
  facet normal -0.17769355581431884 -0.026816437243767349 0.98372042721273933
    outer loop
      vertex -0.051917921751737595 0.0045558200217783451 9.7389907750766724e-05
      vertex -0.052172325551509857 0.0053525553084909916 7.3155060817953199e-05
      vertex -0.05230732262134552 0.0053525553084909916 4.87699726363644e-05
    endloop
  endfacet
  facet normal -0.17886573938933009 -0.027040655291436688 0.98350183031559113
    outer loop
      vertex -0.051092322915792465 -0.0027119608130306005 4.8010133468778804e-05
      vertex -0.051335323601961136 -0.0010990576120093465 4.8162102757487446e-05
      vertex -0.051544327288866043 -0.001468276372179389 -4.0218431942746504e-16
    endloop
  endfacet
  facet normal -0.17908357873797956 -0.027121442975345175 0.98345996316948914
    outer loop
      vertex -0.051092322915792465 -0.0027119608130306005 4.8010133468778804e-05
      vertex -0.051544327288866043 -0.001468276372179389 -4.0218431942746504e-16
      vertex -0.051361862570047379 -0.0026730955578386784 -3.9670541915704861e-16
    endloop
  endfacet
  facet normal -0.17950304091619254 -0.027136662180898899 0.98338306873136649
    outer loop
      vertex -0.050849325954914093 -0.0043248641304671764 4.7858167818048969e-05
      vertex -0.050606325268745422 -0.0059377672150731087 4.7706198529340327e-05
      vertex -0.050473351031541824 -0.0050827343948185444 9.5573625003453344e-05
    endloop
  endfacet
  facet normal -0.17950638534973531 -0.027137165995892814 0.98338244434217137
    outer loop
      vertex -0.050606325268745422 -0.0059377672150731087 4.7706198529340327e-05
      vertex -0.050849325954914093 -0.0043248641304671764 4.7858167818048969e-05
      vertex -0.050996933132410049 -0.0050827343948185444 -3.8574767155577494e-16
    endloop
  endfacet
  facet normal -0.17965737885292865 -0.027207792310405508 0.98335291846889283
    outer loop
      vertex -0.050606325268745422 -0.0059377672150731087 4.7706198529340327e-05
      vertex -0.050996933132410049 -0.0050827343948185444 -3.8574767155577494e-16
      vertex -0.050814472138881683 -0.0062875533476471901 -3.8026877128535851e-16
    endloop
  endfacet
  facet normal -0.17907691518143892 -0.027072049641781126 0.98346253745493151
    outer loop
      vertex -0.050849325954914093 -0.0043248641304671764 4.7858167818048969e-05
      vertex -0.051092322915792465 -0.0027119608130306005 4.8010133468778804e-05
      vertex -0.051361862570047379 -0.0026730955578386784 -3.9670541915704861e-16
    endloop
  endfacet
  facet normal -0.17937122206059103 -0.027165000078154092 0.98340633893993379
    outer loop
      vertex -0.050849325954914093 -0.0043248641304671764 4.7858167818048969e-05
      vertex -0.051361862570047379 -0.0026730955578386784 -3.9670541915704861e-16
      vertex -0.051179397851228714 -0.0038779149763286114 -3.9122654535641177e-16
    endloop
  endfacet
  facet normal -0.17993699163242133 -0.027202033743226533 0.98330195179431334
    outer loop
      vertex -0.050120323896408081 -0.0091635733842849731 4.740226358990185e-05
      vertex -0.050363324582576752 -0.0075506702996790409 4.7554232878610492e-05
      vertex -0.050632007420063019 -0.0074923727661371231 -3.7478989748472168e-16
    endloop
  endfacet
  facet normal -0.18024072686069989 -0.027296682840258133 0.98324369893055763
    outer loop
      vertex -0.050120323896408081 -0.0091635733842849731 4.740226358990185e-05
      vertex -0.050632007420063019 -0.0074923727661371231 -3.7478989748472168e-16
      vertex -0.050449542701244354 -0.0086971921846270561 -3.6931099721430524e-16
    endloop
  endfacet
  facet normal -0.18060086345029813 -0.027302033350826333 0.98317746470101597
    outer loop
      vertex -0.049634326249361038 -0.012389380484819412 4.7098328650463372e-05
      vertex -0.049877326935529709 -0.010776476934552193 4.7250297939172015e-05
      vertex -0.050084613263607025 -0.011106831021606922 -3.5835324961303158e-16
    endloop
  endfacet
  facet normal -0.18083888010724672 -0.027387291747011582 0.98313134203539709
    outer loop
      vertex -0.049634326249361038 -0.012389380484819412 4.7098328650463372e-05
      vertex -0.050084613263607025 -0.011106831021606922 -3.5835324961303158e-16
      vertex -0.049902148544788361 -0.012311649508774281 -3.5287434934261515e-16
    endloop
  endfacet
  facet normal -0.18037743289986685 -0.027267956337718904 0.98321942630199188
    outer loop
      vertex -0.049877326935529709 -0.010776476934552193 4.7250297939172015e-05
      vertex -0.050120323896408081 -0.0091635733842849731 4.740226358990185e-05
      vertex -0.05026707798242569 -0.0099020116031169891 -3.6383212341366841e-16
    endloop
  endfacet
  facet normal -0.1805395738450484 -0.027341941930651363 0.98318761204935312
    outer loop
      vertex -0.049877326935529709 -0.010776476934552193 4.7250297939172015e-05
      vertex -0.05026707798242569 -0.0099020116031169891 -3.6383212341366841e-16
      vertex -0.050084613263607025 -0.011106831021606922 -3.5835324961303158e-16
    endloop
  endfacet
  facet normal -0.18037979838464341 -0.027268312675307729 0.98321898245434469
    outer loop
      vertex -0.050120323896408081 -0.0091635733842849731 4.740226358990185e-05
      vertex -0.049877326935529709 -0.010776476934552193 4.7250297939172015e-05
      vertex -0.049751069396734238 -0.0099020116031169891 9.466547635383904e-05
    endloop
  endfacet
  facet normal -0.17971970105184454 -0.027169298260475809 0.98334259456502193
    outer loop
      vertex -0.050363324582576752 -0.0075506702996790409 4.7554232878610492e-05
      vertex -0.050606325268745422 -0.0059377672150731087 4.7706198529340327e-05
      vertex -0.050814472138881683 -0.0062875533476471901 -3.8026877128535851e-16
    endloop
  endfacet
  facet normal -0.17994730619747248 -0.027252245542859259 0.98329867390592196
    outer loop
      vertex -0.050363324582576752 -0.0075506702996790409 4.7554232878610492e-05
      vertex -0.050814472138881683 -0.0062875533476471901 -3.8026877128535851e-16
      vertex -0.050632007420063019 -0.0074923727661371231 -3.7478989748472168e-16
    endloop
  endfacet
  facet normal -0.17865598498451954 -0.027009054083847319 0.98354082275557186
    outer loop
      vertex -0.051335323601961136 -0.0010990576120093465 4.8162102757487446e-05
      vertex -0.051578324288129807 0.00051384564721956849 4.8314068408217281e-05
      vertex -0.051726792007684708 -0.00026345709920860827 -4.0766319322810187e-16
    endloop
  endfacet
  facet normal -0.17880107528805161 -0.027078657072325107 0.9835125427807192
    outer loop
      vertex -0.051335323601961136 -0.0010990576120093465 4.8162102757487446e-05
      vertex -0.051726792007684708 -0.00026345709920860827 -4.0766319322810187e-16
      vertex -0.051544327288866043 -0.001468276372179389 -4.0218431942746504e-16
    endloop
  endfacet
  facet normal -0.18127794773273406 -0.027403612434703913 0.98305002298526845
    outer loop
      vertex -0.049148328602313995 -0.015615186654031277 4.6794393711024895e-05
      vertex -0.049391325563192368 -0.014002283103764057 4.6946362999733537e-05
      vertex -0.049537219107151031 -0.014721288345754147 -3.4191660174134149e-16
    endloop
  endfacet
  facet normal -0.1814485867254029 -0.027479608021578346 0.98301641976028775
    outer loop
      vertex -0.049148328602313995 -0.015615186654031277 4.6794393711024895e-05
      vertex -0.049537219107151031 -0.014721288345754147 -3.4191660174134149e-16
      vertex -0.049354754388332367 -0.01592610776424408 -3.3643770147092505e-16
    endloop
  endfacet
  facet normal -0.18150798018784972 -0.027438697444100595 0.98300659764352472
    outer loop
      vertex -0.048905327916145325 -0.017228089272975922 4.664242806029506e-05
      vertex -0.049148328602313995 -0.015615186654031277 4.6794393711024895e-05
      vertex -0.049354754388332367 -0.01592610776424408 -3.3643770147092505e-16
    endloop
  endfacet
  facet normal -0.18175672707759988 -0.027526295830321925 0.98295818588579875
    outer loop
      vertex -0.048905327916145325 -0.017228089272975922 4.664242806029506e-05
      vertex -0.049354754388332367 -0.01592610776424408 -3.3643770147092505e-16
      vertex -0.049172289669513702 -0.017130926251411438 -3.3095882767028822e-16
    endloop
  endfacet
  facet normal -0.18434043706858302 -0.027813177258819946 0.98246884450965333
    outer loop
      vertex -0.046861931681632996 -0.029179120436310768 9.1032903583254665e-05
      vertex -0.046961329877376556 -0.030131315812468529 4.5426688302541152e-05
      vertex -0.04668135941028595 -0.030383938923478127 9.0805864601861686e-05
    endloop
  endfacet
  facet normal -0.18433981689548501 -0.027812465427479342 0.98246898102371882
    outer loop
      vertex -0.046500790864229202 -0.031588759273290634 9.057883289642632e-05
      vertex -0.04668135941028595 -0.030383938923478127 9.0805864601861686e-05
      vertex -0.046961329877376556 -0.030131315812468529 4.5426688302541152e-05
    endloop
  endfacet
  facet normal -0.18464785638578107 -0.027911682435980342 0.9824083199544521
    outer loop
      vertex -0.046500790864229202 -0.031588759273290634 9.057883289642632e-05
      vertex -0.046961329877376556 -0.030131315812468529 4.5426688302541152e-05
      vertex -0.046718329191207886 -0.031744219362735748 4.527471901383251e-05
    endloop
  endfacet
  facet normal -0.18220454681227904 -0.027543614184552014 0.98287478980721876
    outer loop
      vertex -0.048306498676538467 -0.019540565088391304 9.284919360652566e-05
      vertex -0.048662327229976654 -0.018840992823243141 4.6490458771586418e-05
      vertex -0.048419326543807983 -0.020453896373510361 4.6338493120856583e-05
    endloop
  endfacet
  facet normal -0.18173832224555567 -0.027473383141805027 0.98296306921781862
    outer loop
      vertex -0.048662327229976654 -0.018840992823243141 4.6490458771586418e-05
      vertex -0.048905327916145325 -0.017228089272975922 4.664242806029506e-05
      vertex -0.049172289669513702 -0.017130926251411438 -3.3095882767028822e-16
    endloop
  endfacet
  facet normal -0.1820677523117803 -0.027573356672370007 0.98289930489850008
    outer loop
      vertex -0.048662327229976654 -0.018840992823243141 4.6490458771586418e-05
      vertex -0.049172289669513702 -0.017130926251411438 -3.3095882767028822e-16
      vertex -0.048989824950695038 -0.018335746601223946 -3.2547992739987179e-16
    endloop
  endfacet
  facet normal -0.18127826769661967 -0.027403660634164453 0.98304996263911226
    outer loop
      vertex -0.049148328602313995 -0.015615186654031277 4.6794393711024895e-05
      vertex -0.049028784036636353 -0.014721288345754147 9.375733498018235e-05
      vertex -0.049391325563192368 -0.014002283103764057 4.6946362999733537e-05
    endloop
  endfacet
  facet normal -0.18243994344148035 -0.027578655765921591 0.98283014035143146
    outer loop
      vertex -0.048176329582929611 -0.02206679992377758 4.6186523832147941e-05
      vertex -0.048419326543807983 -0.020453896373510361 4.6338493120856583e-05
      vertex -0.048624895513057709 -0.020745385438203812 -3.1452217979859812e-16
    endloop
  endfacet
  facet normal -0.18270225450211974 -0.027669492002598446 0.98277885885491079
    outer loop
      vertex -0.048176329582929611 -0.02206679992377758 4.6186523832147941e-05
      vertex -0.048624895513057709 -0.020745385438203812 -3.1452217979859812e-16
      vertex -0.048442430794239044 -0.02195020392537117 -3.0904327952818169e-16
    endloop
  endfacet
  facet normal -0.18315923962382619 -0.027687465670937467 0.98269328744280238
    outer loop
      vertex -0.04769032821059227 -0.02529260516166687 4.5882588892709464e-05
      vertex -0.047933328896760941 -0.0236797034740448 4.6034558181418106e-05
      vertex -0.048077501356601715 -0.024359842762351036 -2.9808553192690803e-16
    endloop
  endfacet
  facet normal -0.1833466388655535 -0.027767081318281612 0.98265609406941956
    outer loop
      vertex -0.04769032821059227 -0.02529260516166687 4.5882588892709464e-05
      vertex -0.048077501356601715 -0.024359842762351036 -2.9808553192690803e-16
      vertex -0.047895036637783051 -0.025564661249518394 -2.9260663165649159e-16
    endloop
  endfacet
  facet normal -0.18267944683040965 -0.027615154313898237 0.98278462694425339
    outer loop
      vertex -0.047933328896760941 -0.0236797034740448 4.6034558181418106e-05
      vertex -0.048176329582929611 -0.02206679992377758 4.6186523832147941e-05
      vertex -0.048442430794239044 -0.02195020392537117 -3.0904327952818169e-16
    endloop
  endfacet
  facet normal -0.18302274532422647 -0.027717986144736483 0.98271785774863363
    outer loop
      vertex -0.047933328896760941 -0.0236797034740448 4.6034558181418106e-05
      vertex -0.048442430794239044 -0.02195020392537117 -3.0904327952818169e-16
      vertex -0.04825996607542038 -0.023155024275183678 -3.0356440572754486e-16
    endloop
  endfacet
  facet normal -0.18316028772302187 -0.027687623559333491 0.98269308764377516
    outer loop
      vertex -0.047933328896760941 -0.0236797034740448 4.6034558181418106e-05
      vertex -0.04769032821059227 -0.02529260516166687 4.5882588892709464e-05
      vertex -0.047584217041730881 -0.024359842762351036 9.1941044956911355e-05
    endloop
  endfacet
  facet normal -0.18400641850911223 -0.027763085343630166 0.98253287427935543
    outer loop
      vertex -0.047042503952980042 -0.02797430008649826 9.1259942564647645e-05
      vertex -0.047204330563545227 -0.028518412262201309 4.5578653953270987e-05
      vertex -0.046861931681632996 -0.029179120436310768 9.1032903583254665e-05
    endloop
  endfacet
  facet normal -0.18364898020543985 -0.027761209397424554 0.98259980018433446
    outer loop
      vertex -0.047204330563545227 -0.028518412262201309 4.5578653953270987e-05
      vertex -0.047447331249713898 -0.02690550871193409 4.5730623241979629e-05
      vertex -0.047712571918964386 -0.026769481599330902 -2.8712775785585476e-16
    endloop
  endfacet
  facet normal -0.18400711204547768 -0.027867107217905276 0.98252979957454156
    outer loop
      vertex -0.047204330563545227 -0.028518412262201309 4.5578653953270987e-05
      vertex -0.047712571918964386 -0.026769481599330902 -2.8712775785585476e-16
      vertex -0.047530107200145721 -0.02797430008649826 -2.8164885758543833e-16
    endloop
  endfacet
  facet normal -0.18439387823555589 -0.027873422584416135 0.98245710846971901
    outer loop
      vertex -0.046718329191207886 -0.031744219362735748 4.527471901383251e-05
      vertex -0.046961329877376556 -0.030131315812468529 4.5426688302541152e-05
      vertex -0.047165177762508392 -0.030383938923478127 -2.7069110998416467e-16
    endloop
  endfacet
  facet normal -0.1846751352894058 -0.027967662291003587 0.98240160029990586
    outer loop
      vertex -0.046718329191207886 -0.031744219362735748 4.527471901383251e-05
      vertex -0.047165177762508392 -0.030383938923478127 -2.7069110998416467e-16
      vertex -0.046982716768980026 -0.031588759273290634 -2.6521220971374823e-16
    endloop
  endfacet
  facet normal -0.18414360794002102 -0.02783571907010227 0.9825051167290082
    outer loop
      vertex -0.046961329877376556 -0.030131315812468529 4.5426688302541152e-05
      vertex -0.047204330563545227 -0.028518412262201309 4.5578653953270987e-05
      vertex -0.047347642481327057 -0.029179120436310768 -2.761699837848015e-16
    endloop
  endfacet
  facet normal -0.18434097646531067 -0.0279176695873719 0.98246577961811277
    outer loop
      vertex -0.046961329877376556 -0.030131315812468529 4.5426688302541152e-05
      vertex -0.047347642481327057 -0.029179120436310768 -2.761699837848015e-16
      vertex -0.047165177762508392 -0.030383938923478127 -2.7069110998416467e-16
    endloop
  endfacet
  facet normal -0.1841426320745653 -0.02783557206345201 0.98250530379258094
    outer loop
      vertex -0.046861931681632996 -0.029179120436310768 9.1032903583254665e-05
      vertex -0.047204330563545227 -0.028518412262201309 4.5578653953270987e-05
      vertex -0.046961329877376556 -0.030131315812468529 4.5426688302541152e-05
    endloop
  endfacet
  facet normal -0.18340233336733636 -0.027723628110723257 0.98264692772113971
    outer loop
      vertex -0.047447331249713898 -0.02690550871193409 4.5730623241979629e-05
      vertex -0.04769032821059227 -0.02529260516166687 4.5882588892709464e-05
      vertex -0.047895036637783051 -0.025564661249518394 -2.9260663165649159e-16
    endloop
  endfacet
  facet normal -0.18367642708102555 -0.027816983358694394 0.982593092572694
    outer loop
      vertex -0.047447331249713898 -0.02690550871193409 4.5730623241979629e-05
      vertex -0.047895036637783051 -0.025564661249518394 -2.9260663165649159e-16
      vertex -0.047712571918964386 -0.026769481599330902 -2.8712775785585476e-16
    endloop
  endfacet
  facet normal -0.18220407983484785 -0.027543543837889761 0.98287487834636766
    outer loop
      vertex -0.048419326543807983 -0.020453896373510361 4.6338493120856583e-05
      vertex -0.048662327229976654 -0.018840992823243141 4.6490458771586418e-05
      vertex -0.048807360231876373 -0.019540565088391304 -3.2000105359923496e-16
    endloop
  endfacet
  facet normal -0.18238210412544628 -0.027620963865674489 0.98283968705476377
    outer loop
      vertex -0.048419326543807983 -0.020453896373510361 4.6338493120856583e-05
      vertex -0.048807360231876373 -0.019540565088391304 -3.2000105359923496e-16
      vertex -0.048624895513057709 -0.020745385438203812 -3.1452217979859812e-16
    endloop
  endfacet
  facet normal -0.18468079708719853 -0.027864176426935866 0.98240347661197003
    outer loop
      vertex -0.046320218592882156 -0.032793577760457993 9.035179391503334e-05
      vertex -0.046500790864229202 -0.031588759273290634 9.057883289642632e-05
      vertex -0.046718329191207886 -0.031744219362735748 4.527471901383251e-05
    endloop
  endfacet
  facet normal -0.18490023278655429 -0.027949303991829291 0.98235978150667924
    outer loop
      vertex -0.046320218592882156 -0.032793577760457993 9.035179391503334e-05
      vertex -0.046718329191207886 -0.031744219362735748 4.527471901383251e-05
      vertex -0.046475332230329514 -0.033357121050357819 4.5122753363102674e-05
    endloop
  endfacet
  facet normal -0.18082463585533848 -0.027335756592764479 0.98313539631084657
    outer loop
      vertex -0.049391325563192368 -0.014002283103764057 4.6946362999733537e-05
      vertex -0.049634326249361038 -0.012389380484819412 4.7098328650463372e-05
      vertex -0.049902148544788361 -0.012311649508774281 -3.5287434934261515e-16
    endloop
  endfacet
  facet normal -0.18114091788898792 -0.027433012899633777 0.98307446191505921
    outer loop
      vertex -0.049391325563192368 -0.014002283103764057 4.6946362999733537e-05
      vertex -0.049902148544788361 -0.012311649508774281 -3.5287434934261515e-16
      vertex -0.049719683825969696 -0.013516468927264214 -3.4739547554197832e-16
    endloop
  endfacet
  facet normal -0.17762447385684263 -0.02683026337456397 0.98373252627649321
    outer loop
      vertex -0.052293509244918823 0.0061590070836246014 7.3269038693979383e-05
      vertex -0.052172325551509857 0.0053525553084909916 7.3155060817953199e-05
      vertex -0.052098490297794342 0.0057606394402682781 9.7616946732159704e-05
    endloop
  endfacet
  facet normal -0.18501911611502972 -0.027914863819566441 0.98233837706258231
    outer loop
      vertex -0.046475332230329514 -0.033357121050357819 4.5122753363102674e-05
      vertex -0.04613964632153511 -0.033998396247625351 9.0124762209597975e-05
      vertex -0.046320218592882156 -0.032793577760457993 9.035179391503334e-05
    endloop
  endfacet
  facet normal -0.18536558681467963 -0.027966211343695428 0.98227159698727384
    outer loop
      vertex -0.046232331544160843 -0.034970026463270187 4.4970787712372839e-05
      vertex -0.045959077775478363 -0.035203214734792709 8.9897723228204995e-05
      vertex -0.04613964632153511 -0.033998396247625351 9.0124762209597975e-05
    endloop
  endfacet
  facet normal -0.18571484246557654 -0.028019116496425991 0.98220411646395878
    outer loop
      vertex -0.045597933232784271 -0.037612855434417725 8.944365254137665e-05
      vertex -0.045778505504131317 -0.036408036947250366 8.967069152276963e-05
      vertex -0.045989330857992172 -0.036582928150892258 4.4818818423664197e-05
    endloop
  endfacet
  facet normal -0.1859367811760187 -0.028105384798425559 0.98215966153738643
    outer loop
      vertex -0.045597933232784271 -0.037612855434417725 8.944365254137665e-05
      vertex -0.045989330857992172 -0.036582928150892258 4.4818818423664197e-05
      vertex -0.0457463338971138 -0.038195833563804626 4.4666852772934362e-05
    endloop
  endfacet
  facet normal -0.18642202282597198 -0.028125073463495558 0.98206711056228013
    outer loop
      vertex -0.045503333210945129 -0.039808735251426697 4.451488348422572e-05
      vertex -0.045236792415380478 -0.040022492408752441 8.8989581854548305e-05
      vertex -0.045417364686727524 -0.038817673921585083 8.9216613559983671e-05
    endloop
  endfacet
  facet normal -0.18606487612427081 -0.028070989745725982 0.98213638635759504
    outer loop
      vertex -0.045417364686727524 -0.038817673921585083 8.9216613559983671e-05
      vertex -0.045597933232784271 -0.037612855434417725 8.944365254137665e-05
      vertex -0.0457463338971138 -0.038195833563804626 4.4666852772934362e-05
    endloop
  endfacet
  facet normal -0.18536603821554923 -0.027966759722526074 0.98227149618977228
    outer loop
      vertex -0.045778505504131317 -0.036408036947250366 8.967069152276963e-05
      vertex -0.045959077775478363 -0.035203214734792709 8.9897723228204995e-05
      vertex -0.046232331544160843 -0.034970026463270187 4.4970787712372839e-05
    endloop
  endfacet
  facet normal -0.18567662510275165 -0.028066690862449603 0.98220998353431732
    outer loop
      vertex -0.045778505504131317 -0.036408036947250366 8.967069152276963e-05
      vertex -0.046232331544160843 -0.034970026463270187 4.4970787712372839e-05
      vertex -0.045989330857992172 -0.036582928150892258 4.4818818423664197e-05
    endloop
  endfacet
  facet normal -0.18678200514592747 -0.02817834801054948 0.98199718088040511
    outer loop
      vertex -0.044875651597976685 -0.042432133108377457 8.853551116771996e-05
      vertex -0.045056220144033432 -0.0412273108959198 8.8762542873155326e-05
      vertex -0.045260332524776459 -0.041421636939048767 4.4362917833495885e-05
    endloop
  endfacet
  facet normal -0.18701141286574521 -0.028267701050656437 0.98195095016770995
    outer loop
      vertex -0.044875651597976685 -0.042432133108377457 8.853551116771996e-05
      vertex -0.045260332524776459 -0.041421636939048767 4.4362917833495885e-05
      vertex -0.045017331838607788 -0.043034542351961136 4.4210948544787243e-05
    endloop
  endfacet
  facet normal -0.18751200865969134 -0.028288395190109585 0.98185488403632049
    outer loop
      vertex -0.044695079326629639 -0.043636951595544815 8.8308472186326981e-05
      vertex -0.044774334877729416 -0.044647444039583206 4.4058982894057408e-05
      vertex -0.044514507055282593 -0.044841770082712173 8.8081440480891615e-05
    endloop
  endfacet
  facet normal -0.18714768815395275 -0.028233811947458179 0.98192596191441361
    outer loop
      vertex -0.044695079326629639 -0.043636951595544815 8.8308472186326981e-05
      vertex -0.044875651597976685 -0.042432133108377457 8.853551116771996e-05
      vertex -0.045017331838607788 -0.043034542351961136 4.4210948544787243e-05
    endloop
  endfacet
  facet normal -0.18788569218388751 -0.028344393202512429 0.98178183016725384
    outer loop
      vertex -0.044333938509225845 -0.046046588569879532 8.7854401499498636e-05
      vertex -0.044531334191560745 -0.046260349452495575 4.3907013605348766e-05
      vertex -0.044153366237878799 -0.04725140705704689 8.7627362518105656e-05
    endloop
  endfacet
  facet normal -0.1882599624486386 -0.028399891077846781 0.98170852737745096
    outer loop
      vertex -0.043792225420475006 -0.049661047756671906 8.7173291831277311e-05
      vertex -0.043972793966531754 -0.048456229269504547 8.740033081267029e-05
      vertex -0.044288333505392075 -0.047873251140117645 4.3755047954618931e-05
    endloop
  endfacet
  facet normal -0.18868150216331081 -0.028518916357865218 0.98162414505306961
    outer loop
      vertex -0.043792225420475006 -0.049661047756671906 8.7173291831277311e-05
      vertex -0.044288333505392075 -0.047873251140117645 4.3755047954618931e-05
      vertex -0.044045336544513702 -0.049486152827739716 4.3603078665910289e-05
    endloop
  endfacet
  facet normal -0.18826116239399227 -0.028400559228319185 0.98170827793677162
    outer loop
      vertex -0.044288333505392075 -0.047873251140117645 4.3755047954618931e-05
      vertex -0.043972793966531754 -0.048456229269504547 8.740033081267029e-05
      vertex -0.044153366237878799 -0.04725140705704689 8.7627362518105656e-05
    endloop
  endfacet
  facet normal -0.1875115457137233 -0.028287751971284185 0.98185499098006401
    outer loop
      vertex -0.044333938509225845 -0.046046588569879532 8.7854401499498636e-05
      vertex -0.044514507055282593 -0.044841770082712173 8.8081440480891615e-05
      vertex -0.044774334877729416 -0.044647444039583206 4.4058982894057408e-05
    endloop
  endfacet
  facet normal -0.18783603158205872 -0.028391923120097938 0.98178995917713829
    outer loop
      vertex -0.044333938509225845 -0.046046588569879532 8.7854401499498636e-05
      vertex -0.044774334877729416 -0.044647444039583206 4.4058982894057408e-05
      vertex -0.044531334191560745 -0.046260349452495575 4.3907013605348766e-05
    endloop
  endfacet
  facet normal -0.18642202800880309 -0.028125080170802393 0.98206710938635489
    outer loop
      vertex -0.045056220144033432 -0.0412273108959198 8.8762542873155326e-05
      vertex -0.045236792415380478 -0.040022492408752441 8.8989581854548305e-05
      vertex -0.045503333210945129 -0.039808735251426697 4.451488348422572e-05
    endloop
  endfacet
  facet normal -0.186737669485222 -0.028226526811602145 0.98200422910463159
    outer loop
      vertex -0.045056220144033432 -0.0412273108959198 8.8762542873155326e-05
      vertex -0.045503333210945129 -0.039808735251426697 4.451488348422572e-05
      vertex -0.045260332524776459 -0.041421636939048767 4.4362917833495885e-05
    endloop
  endfacet
  facet normal -0.18902381964701614 -0.028514928047509533 0.9815584009545727
    outer loop
      vertex -0.04361165314912796 -0.050865866243839264 8.6946260125841945e-05
      vertex -0.043802335858345032 -0.051099058240652084 4.3451113015180454e-05
      vertex -0.043431080877780914 -0.052070684731006622 8.6719221144448966e-05
    endloop
  endfacet
  facet normal -0.1894134356174928 -0.028572633291949402 0.98148161217332131
    outer loop
      vertex -0.043431080877780914 -0.052070684731006622 8.6719221144448966e-05
      vertex -0.043559335172176361 -0.052711959928274155 4.3299143726471812e-05
      vertex -0.043250512331724167 -0.053275506943464279 8.6492182163055986e-05
    endloop
  endfacet
  facet normal -0.1898067124924421 -0.028632235062772824 0.98140389596135269
    outer loop
      vertex -0.042889367789030075 -0.055685143917798996 8.6038111476227641e-05
      vertex -0.043069940060377121 -0.054480325430631638 8.6265150457620621e-05
      vertex -0.04331633448600769 -0.054324865341186523 4.3147178075741976e-05
    endloop
  endfacet
  facet normal -0.19013789764680664 -0.028738307281665071 0.98133668512546557
    outer loop
      vertex -0.042889367789030075 -0.055685143917798996 8.6038111476227641e-05
      vertex -0.04331633448600769 -0.054324865341186523 4.3147178075741976e-05
      vertex -0.043073337525129318 -0.055937767028808594 4.2995208787033334e-05
    endloop
  endfacet
  facet normal -0.19060413694317577 -0.028751719334739013 0.98124584157867556
    outer loop
      vertex -0.042708799242973328 -0.056889962404966354 8.5811079770792276e-05
      vertex -0.042830336838960648 -0.057550668716430664 4.2843243136303499e-05
      vertex -0.042528226971626282 -0.058094780892133713 8.5584040789399296e-05
    endloop
  endfacet
  facet normal -0.19020076670620362 -0.028690685246623372 0.98132589537036652
    outer loop
      vertex -0.043073337525129318 -0.055937767028808594 4.2995208787033334e-05
      vertex -0.042708799242973328 -0.056889962404966354 8.5811079770792276e-05
      vertex -0.042889367789030075 -0.055685143917798996 8.6038111476227641e-05
    endloop
  endfacet
  facet normal -0.18941504851808738 -0.028573543046093591 0.98148127441774646
    outer loop
      vertex -0.043069940060377121 -0.054480325430631638 8.6265150457620621e-05
      vertex -0.043250512331724167 -0.053275506943464279 8.6492182163055986e-05
      vertex -0.043559335172176361 -0.052711959928274155 4.3299143726471812e-05
    endloop
  endfacet
  facet normal -0.18984438091716851 -0.028694462028523618 0.98139479256977469
    outer loop
      vertex -0.043069940060377121 -0.054480325430631638 8.6265150457620621e-05
      vertex -0.043559335172176361 -0.052711959928274155 4.3299143726471812e-05
      vertex -0.04331633448600769 -0.054324865341186523 4.3147178075741976e-05
    endloop
  endfacet
  facet normal -0.19100928557830618 -0.02881183524199293 0.9811652923808778
    outer loop
      vertex -0.042167086154222488 -0.060504421591758728 8.5129970102570951e-05
      vertex -0.042347654700279236 -0.05929960310459137 8.5357009083963931e-05
      vertex -0.042587336152791977 -0.059163574129343033 4.2691273847594857e-05
    endloop
  endfacet
  facet normal -0.19135041618910872 -0.028920958287527495 0.98109561022154512
    outer loop
      vertex -0.042167086154222488 -0.060504421591758728 8.5129970102570951e-05
      vertex -0.042587336152791977 -0.059163574129343033 4.2691273847594857e-05
      vertex -0.042344339191913605 -0.060776475816965103 4.2539308196865022e-05
    endloop
  endfacet
  facet normal -0.19183400228683167 -0.028935993391241255 0.98100072571485786
    outer loop
      vertex -0.041986513882875443 -0.061709240078926086 8.4902931121177971e-05
      vertex -0.042101338505744934 -0.062389381229877472 4.238733890815638e-05
      vertex -0.041805941611528397 -0.062914058566093445 8.4675899415742606e-05
    endloop
  endfacet
  facet normal -0.19141969653036311 -0.028873920800304469 0.98108348089132613
    outer loop
      vertex -0.042344339191913605 -0.060776475816965103 4.2539308196865022e-05
      vertex -0.041986513882875443 -0.061709240078926086 8.4902931121177971e-05
      vertex -0.042167086154222488 -0.060504421591758728 8.5129970102570951e-05
    endloop
  endfacet
  facet normal -0.19225672774121194 -0.028999333456868139 0.98091609697124404
    outer loop
      vertex -0.041444800794124603 -0.065323695540428162 8.4221828728914261e-05
      vertex -0.041625373065471649 -0.064118877053260803 8.4448860434349626e-05
      vertex -0.041858337819576263 -0.064002282917499542 4.2235373257426545e-05
    endloop
  endfacet
  facet normal -0.19260377958232841 -0.029110211262781037 0.98084472761535402
    outer loop
      vertex -0.041444800794124603 -0.065323695540428162 8.4221828728914261e-05
      vertex -0.041858337819576263 -0.064002282917499542 4.2235373257426545e-05
      vertex -0.041615337133407593 -0.065615184605121613 4.2083403968717903e-05
    endloop
  endfacet
  facet normal -0.19310973454591915 -0.029126368425890035 0.98074476041726777
    outer loop
      vertex -0.041264228522777557 -0.06652851402759552 8.3994789747521281e-05
      vertex -0.041372340172529221 -0.067228086292743683 4.1931438317988068e-05
      vertex -0.04108365997672081 -0.067733339965343475 8.3767758042085916e-05
    endloop
  endfacet
  facet normal -0.1926811732645875 -0.029062937139642604 0.98083092893433943
    outer loop
      vertex -0.041615337133407593 -0.065615184605121613 4.2083403968717903e-05
      vertex -0.041264228522777557 -0.06652851402759552 8.3994789747521281e-05
      vertex -0.041444800794124603 -0.065323695540428162 8.4221828728914261e-05
    endloop
  endfacet
  facet normal -0.1918326376471918 -0.028935201699591521 0.98100101591992506
    outer loop
      vertex -0.041625373065471649 -0.064118877053260803 8.4448860434349626e-05
      vertex -0.041805941611528397 -0.062914058566093445 8.4675899415742606e-05
      vertex -0.042101338505744934 -0.062389381229877472 4.238733890815638e-05
    endloop
  endfacet
  facet normal -0.19228691866115738 -0.029062476594417741 0.98090831037666126
    outer loop
      vertex -0.041625373065471649 -0.064118877053260803 8.4448860434349626e-05
      vertex -0.042101338505744934 -0.062389381229877472 4.238733890815638e-05
      vertex -0.041858337819576263 -0.064002282917499542 4.2235373257426545e-05
    endloop
  endfacet
  facet normal -0.19060391222416853 -0.028751590838385566 0.98124588899475329
    outer loop
      vertex -0.042347654700279236 -0.05929960310459137 8.5357009083963931e-05
      vertex -0.042528226971626282 -0.058094780892133713 8.5584040789399296e-05
      vertex -0.042830336838960648 -0.057550668716430664 4.2843243136303499e-05
    endloop
  endfacet
  facet normal -0.19104368402392022 -0.028875129083339501 0.98115673453072172
    outer loop
      vertex -0.042347654700279236 -0.05929960310459137 8.5357009083963931e-05
      vertex -0.042830336838960648 -0.057550668716430664 4.2843243136303499e-05
      vertex -0.042587336152791977 -0.059163574129343033 4.2691273847594857e-05
    endloop
  endfacet
  facet normal -0.18864073491000352 -0.028457521463647398 0.98163376195236862
    outer loop
      vertex -0.04361165314912796 -0.050865866243839264 8.6946260125841945e-05
      vertex -0.043792225420475006 -0.049661047756671906 8.7173291831277311e-05
      vertex -0.044045336544513702 -0.049486152827739716 4.3603078665910289e-05
    endloop
  endfacet
  facet normal -0.18896787722125419 -0.028562424087589983 0.98156779149925943
    outer loop
      vertex -0.04361165314912796 -0.050865866243839264 8.6946260125841945e-05
      vertex -0.044045336544513702 -0.049486152827739716 4.3603078665910289e-05
      vertex -0.043802335858345032 -0.051099058240652084 4.3451113015180454e-05
    endloop
  endfacet
  facet normal -0.19354490851322487 -0.02919235675875494 0.980657011750529
    outer loop
      vertex -0.040722515434026718 -0.070142976939678192 8.3313680079299957e-05
      vertex -0.040903087705373764 -0.068938158452510834 8.3540719060692936e-05
      vertex -0.04112933948636055 -0.06884099543094635 4.1779469029279426e-05
    endloop
  endfacet
  facet normal -0.19389891716888391 -0.029305310623359285 0.98058370815040707
    outer loop
      vertex -0.040722515434026718 -0.070142976939678192 8.3313680079299957e-05
      vertex -0.04112933948636055 -0.06884099543094635 4.1779469029279426e-05
      vertex -0.040886338800191879 -0.07045389711856842 4.1627503378549591e-05
    endloop
  endfacet
  facet normal -0.1939852395614656 -0.029257728925601682 0.98056805583824569
    outer loop
      vertex -0.040722515434026718 -0.070142976939678192 8.3313680079299957e-05
      vertex -0.040886338800191879 -0.07045389711856842 4.1627503378549591e-05
      vertex -0.040541946887969971 -0.071347795426845551 8.3086648373864591e-05
    endloop
  endfacet
  facet normal -0.1948788783790415 -0.029391632127674878 0.98038683932547666
    outer loop
      vertex -0.040000233799219131 -0.074962250888347626 8.2405538705643266e-05
      vertex -0.040180802345275879 -0.073757432401180267 8.2632577687036246e-05
      vertex -0.040400341153144836 -0.073679700493812561 4.1323568439111114e-05
    endloop
  endfacet
  facet normal -0.1952429670164475 -0.029507646140271612 0.98031091121637259
    outer loop
      vertex -0.040000233799219131 -0.074962250888347626 8.2405538705643266e-05
      vertex -0.040400341153144836 -0.073679700493812561 4.1323568439111114e-05
      vertex -0.040157340466976166 -0.075292609632015228 4.1171599150402471e-05
    endloop
  endfacet
  facet normal -0.19579770758037224 -0.029529903090459504 0.98019959321035166
    outer loop
      vertex -0.03963908925652504 -0.077371887862682343 8.1951468018814921e-05
      vertex -0.039819661527872086 -0.076167069375514984 8.2178499724250287e-05
      vertex -0.039914339780807495 -0.076905511319637299 4.1019633499672636e-05
    endloop
  endfacet
  facet normal -0.19533682600185748 -0.029460852063632283 0.98029362060721614
    outer loop
      vertex -0.040000233799219131 -0.074962250888347626 8.2405538705643266e-05
      vertex -0.040157340466976166 -0.075292609632015228 4.1171599150402471e-05
      vertex -0.039819661527872086 -0.076167069375514984 8.2178499724250287e-05
    endloop
  endfacet
  facet normal -0.19442908084119254 -0.029324832532387695 0.9804781418880264
    outer loop
      vertex -0.040180802345275879 -0.073757432401180267 8.2632577687036246e-05
      vertex -0.040361374616622925 -0.072552613914012909 8.2859609392471611e-05
      vertex -0.040643341839313507 -0.072066798806190491 4.1475534089840949e-05
    endloop
  endfacet
  facet normal -0.19490056415185933 -0.029456200190363904 0.9803805905685975
    outer loop
      vertex -0.040180802345275879 -0.073757432401180267 8.2632577687036246e-05
      vertex -0.040643341839313507 -0.072066798806190491 4.1475534089840949e-05
      vertex -0.040400341153144836 -0.073679700493812561 4.1323568439111114e-05
    endloop
  endfacet
  facet normal -0.18515600770770346 -0.027988196960473947 0.98231049757225264
    outer loop
      vertex -0.046232331544160843 -0.034970026463270187 4.4970787712372839e-05
      vertex -0.046475332230329514 -0.033357121050357819 4.5122753363102674e-05
      vertex -0.046617787331342697 -0.033998396247625351 -2.5425443564269497e-16
    endloop
  endfacet
  facet normal -0.1853638642338096 -0.02807258166006181 0.98226888782820021
    outer loop
      vertex -0.046232331544160843 -0.034970026463270187 4.4970787712372839e-05
      vertex -0.046617787331342697 -0.033998396247625351 -2.5425443564269497e-16
      vertex -0.046435322612524033 -0.035203214734792709 -2.4877556184205814e-16
    endloop
  endfacet
  facet normal -0.18567341801155143 -0.028065711855137385 0.9822106177709401
    outer loop
      vertex -0.0457463338971138 -0.038195833563804626 4.4666852772934362e-05
      vertex -0.045989330857992172 -0.036582928150892258 4.4818818423664197e-05
      vertex -0.046252857893705368 -0.036408036947250366 -2.4329668804142131e-16
    endloop
  endfacet
  facet normal -0.18606629727507931 -0.028178962205122629 0.98213302515870216
    outer loop
      vertex -0.0457463338971138 -0.038195833563804626 4.4666852772934362e-05
      vertex -0.046252857893705368 -0.036408036947250366 -2.4329668804142131e-16
      vertex -0.046070393174886703 -0.037612855434417725 -2.3781778777100487e-16
    endloop
  endfacet
  facet normal -0.18541422241923164 -0.028027161901530383 0.98226068043081982
    outer loop
      vertex -0.045989330857992172 -0.036582928150892258 4.4818818423664197e-05
      vertex -0.046232331544160843 -0.034970026463270187 4.4970787712372839e-05
      vertex -0.046435322612524033 -0.035203214734792709 -2.4877556184205814e-16
    endloop
  endfacet
  facet normal -0.18571133486141408 -0.028125117670099651 0.98220175007990829
    outer loop
      vertex -0.045989330857992172 -0.036582928150892258 4.4818818423664197e-05
      vertex -0.046435322612524033 -0.035203214734792709 -2.4877556184205814e-16
      vertex -0.046252857893705368 -0.036408036947250366 -2.4329668804142131e-16
    endloop
  endfacet
  facet normal -0.18620273301862209 -0.028145944982231087 0.98210811421016808
    outer loop
      vertex -0.045503333210945129 -0.039808735251426697 4.451488348422572e-05
      vertex -0.045417364686727524 -0.038817673921585083 8.9216613559983671e-05
      vertex -0.0457463338971138 -0.038195833563804626 4.4666852772934362e-05
    endloop
  endfacet
  facet normal -0.19311151733305232 -0.029127418682994066 0.98074437819147942
    outer loop
      vertex -0.040903087705373764 -0.068938158452510834 8.3540719060692936e-05
      vertex -0.04108365997672081 -0.067733339965343475 8.3767758042085916e-05
      vertex -0.041372340172529221 -0.067228086292743683 4.1931438317988068e-05
    endloop
  endfacet
  facet normal -0.19357084153011922 -0.029255755876122086 0.98065000385328016
    outer loop
      vertex -0.040903087705373764 -0.068938158452510834 8.3540719060692936e-05
      vertex -0.041372340172529221 -0.067228086292743683 4.1931438317988068e-05
      vertex -0.04112933948636055 -0.06884099543094635 4.1779469029279426e-05
    endloop
  endfacet
  facet normal -0.19579600553464033 -0.029528865979676185 0.9801999644412529
    outer loop
      vertex -0.039458520710468292 -0.078576713800430298 8.1724429037421942e-05
      vertex -0.03963908925652504 -0.077371887862682343 8.1951468018814921e-05
      vertex -0.039914339780807495 -0.076905511319637299 4.1019633499672636e-05
    endloop
  endfacet
  facet normal -0.19628170905072193 -0.02966380657395554 0.9800987446536551
    outer loop
      vertex -0.039458520710468292 -0.078576713800430298 8.1724429037421942e-05
      vertex -0.039914339780807495 -0.076905511319637299 4.1019633499672636e-05
      vertex -0.039671342819929123 -0.078518413007259369 4.0867664210963994e-05
    endloop
  endfacet
  facet normal -0.18673759163947709 -0.028226452105740017 0.9820042460550823
    outer loop
      vertex -0.045017331838607788 -0.043034542351961136 4.4210948544787243e-05
      vertex -0.045260332524776459 -0.041421636939048767 4.4362917833495885e-05
      vertex -0.04552299901843071 -0.0412273108959198 -2.2138113989931478e-16
    endloop
  endfacet
  facet normal -0.18714360872510089 -0.028342028883311627 0.9819236218322297
    outer loop
      vertex -0.045017331838607788 -0.043034542351961136 4.4210948544787243e-05
      vertex -0.04552299901843071 -0.0412273108959198 -2.2138113989931478e-16
      vertex -0.045340534299612045 -0.042432133108377457 -2.1590226609867794e-16
    endloop
  endfacet
  facet normal -0.1864693305208554 -0.028186103624056175 0.98205637940883916
    outer loop
      vertex -0.045260332524776459 -0.041421636939048767 4.4362917833495885e-05
      vertex -0.045503333210945129 -0.039808735251426697 4.451488348422572e-05
      vertex -0.045705463737249374 -0.040022492408752441 -2.2686004016973121e-16
    endloop
  endfacet
  facet normal -0.18678083202542217 -0.028287175503387999 0.98199427518185212
    outer loop
      vertex -0.045260332524776459 -0.041421636939048767 4.4362917833495885e-05
      vertex -0.045705463737249374 -0.040022492408752441 -2.2686004016973121e-16
      vertex -0.04552299901843071 -0.0412273108959198 -2.2138113989931478e-16
    endloop
  endfacet
  facet normal -0.19442909402909783 -0.02932484042954411 0.98047813903666714
    outer loop
      vertex -0.040643341839313507 -0.072066798806190491 4.1475534089840949e-05
      vertex -0.040361374616622925 -0.072552613914012909 8.2859609392471611e-05
      vertex -0.040541946887969971 -0.071347795426845551 8.3086648373864591e-05
    endloop
  endfacet
  facet normal -0.18620314374500535 -0.028146006854997508 0.98210803456523832
    outer loop
      vertex -0.045503333210945129 -0.039808735251426697 4.451488348422572e-05
      vertex -0.0457463338971138 -0.038195833563804626 4.4666852772934362e-05
      vertex -0.045887928456068039 -0.038817673921585083 -2.3233891397036804e-16
    endloop
  endfacet
  facet normal -0.18642166559728915 -0.028232781250630081 0.98206408785719612
    outer loop
      vertex -0.045503333210945129 -0.039808735251426697 4.451488348422572e-05
      vertex -0.045887928456068039 -0.038817673921585083 -2.3233891397036804e-16
      vertex -0.045705463737249374 -0.040022492408752441 -2.2686004016973121e-16
    endloop
  endfacet
  facet normal -0.18515527922661554 -0.027988087220584022 0.98231063801032248
    outer loop
      vertex -0.046232331544160843 -0.034970026463270187 4.4970787712372839e-05
      vertex -0.04613964632153511 -0.033998396247625351 9.0124762209597975e-05
      vertex -0.046475332230329514 -0.033357121050357819 4.5122753363102674e-05
    endloop
  endfacet
  facet normal -0.1967374021721203 -0.029670709553683849 0.98000716506622854
    outer loop
      vertex -0.039277948439121246 -0.079781532287597656 8.1497397331986576e-05
      vertex -0.039428342133760452 -0.080131314694881439 4.0715698560234159e-05
      vertex -0.0390973761677742 -0.080986350774765015 8.1270358350593597e-05
    endloop
  endfacet
  facet normal -0.19721758425641028 -0.029742042574690573 0.97990848315725432
    outer loop
      vertex -0.0390973761677742 -0.080986350774765015 8.1270358350593597e-05
      vertex -0.039185341447591782 -0.08174421638250351 4.0563729271525517e-05
      vertex -0.038916807621717453 -0.082191169261932373 8.1043326645158231e-05
    endloop
  endfacet
  facet normal -0.19769816527366982 -0.029814666742241026 0.97980943100914986
    outer loop
      vertex -0.038555663079023361 -0.08460080623626709 8.0589248682372272e-05
      vertex -0.038736235350370407 -0.083395987749099731 8.0816287663765252e-05
      vertex -0.038942344486713409 -0.083357125520706177 4.0411763620795682e-05
    endloop
  endfacet
  facet normal -0.19807497381564523 -0.029934399438252737 0.97972967520546328
    outer loop
      vertex -0.038555663079023361 -0.08460080623626709 8.0589248682372272e-05
      vertex -0.038942344486713409 -0.083357125520706177 4.0411763620795682e-05
      vertex -0.038699343800544739 -0.084970027208328247 4.025979433208704e-05
    endloop
  endfacet
  facet normal -0.19868760807649713 -0.029962920993506909 0.97960474568183742
    outer loop
      vertex -0.038375094532966614 -0.085805624723434448 8.0362216976936907e-05
      vertex -0.038456343114376068 -0.086582928895950317 4.0107828681357205e-05
      vertex -0.038194522261619568 -0.087010443210601807 8.0135177995543927e-05
    endloop
  endfacet
  facet normal -0.19818912664597549 -0.029887611792512009 0.97970801810572417
    outer loop
      vertex -0.038699343800544739 -0.084970027208328247 4.025979433208704e-05
      vertex -0.038375094532966614 -0.085805624723434448 8.0362216976936907e-05
      vertex -0.038555663079023361 -0.08460080623626709 8.0589248682372272e-05
    endloop
  endfacet
  facet normal -0.19721889175050222 -0.029742854194346361 0.97990819537397356
    outer loop
      vertex -0.038736235350370407 -0.083395987749099731 8.0816287663765252e-05
      vertex -0.038916807621717453 -0.082191169261932373 8.1043326645158231e-05
      vertex -0.039185341447591782 -0.08174421638250351 4.0563729271525517e-05
    endloop
  endfacet
  facet normal -0.19770941772974354 -0.029878734790490549 0.97980520887995148
    outer loop
      vertex -0.038736235350370407 -0.083395987749099731 8.0816287663765252e-05
      vertex -0.039185341447591782 -0.08174421638250351 4.0563729271525517e-05
      vertex -0.038942344486713409 -0.083357125520706177 4.0411763620795682e-05
    endloop
  endfacet
  facet normal -0.19918983427739359 -0.030037556642255447 0.97950046202720464
    outer loop
      vertex -0.037833381444215775 -0.089420080184936523 7.9681107308715582e-05
      vertex -0.038013949990272522 -0.088215261697769165 7.9908146290108562e-05
      vertex -0.038213342428207397 -0.088195830583572388 3.9955859392648563e-05
    endloop
  endfacet
  facet normal -0.19957582887145831 -0.030160026594548583 0.97941812385011895
    outer loop
      vertex -0.037833381444215775 -0.089420080184936523 7.9681107308715582e-05
      vertex -0.038213342428207397 -0.088195830583572388 3.9955859392648563e-05
      vertex -0.037970345467329025 -0.089808732271194458 3.9803893741918728e-05
    endloop
  endfacet
  facet normal -0.19987242969630184 -0.030183616029295417 0.97935691204519149
    outer loop
      vertex -0.037970345467329025 -0.089808732271194458 3.9803893741918728e-05
      vertex -0.037630371749401093 -0.091421641409397125 5.9477970353327692e-05
      vertex -0.037652809172868729 -0.090624906122684479 7.9454068327322602e-05
    endloop
  endfacet
  facet normal -0.19969882994002547 -0.030114252101939937 0.97939446044018741
    outer loop
      vertex -0.037970345467329025 -0.089808732271194458 3.9803893741918728e-05
      vertex -0.037652809172868729 -0.090624906122684479 7.9454068327322602e-05
      vertex -0.037833381444215775 -0.089420080184936523 7.9681107308715582e-05
    endloop
  endfacet
  facet normal -0.20047547689034612 -0.03023018791071596 0.97923220887819618
    outer loop
      vertex -0.037509188055992126 -0.09222809225320816 5.9363996115280315e-05
      vertex -0.037291668355464935 -0.093034543097019196 7.8999997640494257e-05
      vertex -0.037472236901521683 -0.091829724609851837 7.9227036621887237e-05
    endloop
  endfacet
  facet normal -0.20034412022569326 -0.030243691714421667 0.97925867502028074
    outer loop
      vertex -0.037472236901521683 -0.091829724609851837 7.9227036621887237e-05
      vertex -0.037630371749401093 -0.091421641409397125 5.9477970353327692e-05
      vertex -0.037509188055992126 -0.09222809225320816 5.9363996115280315e-05
    endloop
  endfacet
  facet normal -0.20021286853802775 -0.030191453766303666 0.97928713020811797
    outer loop
      vertex -0.037630371749401093 -0.091421641409397125 5.9477970353327692e-05
      vertex -0.037472236901521683 -0.091829724609851837 7.9227036621887237e-05
      vertex -0.037652809172868729 -0.090624906122684479 7.9454068327322602e-05
    endloop
  endfacet
  facet normal -0.20073877151761468 -0.030302572827635033 0.97917603100240591
    outer loop
      vertex -0.037484344094991684 -0.093034543097019196 3.9499958802480251e-05
      vertex -0.037291668355464935 -0.093034543097019196 7.8999997640494257e-05
      vertex -0.037509188055992126 -0.09222809225320816 5.9363996115280315e-05
    endloop
  endfacet
  facet normal -0.19868759583833531 -0.029962913243942943 0.97960474840106737
    outer loop
      vertex -0.038013949990272522 -0.088215261697769165 7.9908146290108562e-05
      vertex -0.038194522261619568 -0.087010443210601807 8.0135177995543927e-05
      vertex -0.038456343114376068 -0.086582928895950317 4.0107828681357205e-05
    endloop
  endfacet
  facet normal -0.19919559383225383 -0.030103210790732679 0.97949727518656449
    outer loop
      vertex -0.038013949990272522 -0.088215261697769165 7.9908146290108562e-05
      vertex -0.038456343114376068 -0.086582928895950317 4.0107828681357205e-05
      vertex -0.038213342428207397 -0.088195830583572388 3.9955859392648563e-05
    endloop
  endfacet
  facet normal -0.19626522158933477 -0.029599953773985176 0.98010397689789397
    outer loop
      vertex -0.039277948439121246 -0.079781532287597656 8.1497397331986576e-05
      vertex -0.039458520710468292 -0.078576713800430298 8.1724429037421942e-05
      vertex -0.039671342819929123 -0.078518413007259369 4.0867664210963994e-05
    endloop
  endfacet
  facet normal -0.19663415935593936 -0.02971735126581351 0.98002647229966555
    outer loop
      vertex -0.039277948439121246 -0.079781532287597656 8.1497397331986576e-05
      vertex -0.039671342819929123 -0.078518413007259369 4.0867664210963994e-05
      vertex -0.039428342133760452 -0.080131314694881439 4.0715698560234159e-05
    endloop
  endfacet
  facet normal -0.18728300759103425 -0.028308245189697354 0.98189801829005474
    outer loop
      vertex -0.044774334877729416 -0.044647444039583206 4.4058982894057408e-05
      vertex -0.044695079326629639 -0.043636951595544815 8.8308472186326981e-05
      vertex -0.045017331838607788 -0.043034542351961136 4.4210948544787243e-05
    endloop
  endfacet
  facet normal -0.18464286054408902 -0.027910533402534559 0.98240929157621559
    outer loop
      vertex -0.046475332230329514 -0.033357121050357819 4.5122753363102674e-05
      vertex -0.046718329191207886 -0.031744219362735748 4.527471901383251e-05
      vertex -0.046982716768980026 -0.031588759273290634 -2.6521220971374823e-16
    endloop
  endfacet
  facet normal -0.18501907966205411 -0.028020365479277356 0.98233538024414768
    outer loop
      vertex -0.046475332230329514 -0.033357121050357819 4.5122753363102674e-05
      vertex -0.046982716768980026 -0.031588759273290634 -2.6521220971374823e-16
      vertex -0.046800252050161362 -0.032793577760457993 -2.597333359131114e-16
    endloop
  endfacet
  facet normal -0.17755676151186561 -0.026890218225358215 0.98374311311704288
    outer loop
      vertex -0.05263911560177803 0.0057606394402682781 -4.3505761517084523e-16
      vertex -0.052564132958650589 0.0061590070836246014 2.4422908609267324e-05
      vertex -0.052821580320596695 0.0069654583930969238 -4.4053648897148206e-16
    endloop
  endfacet
  facet normal -0.17742523008106131 -0.026847474770051803 0.98376801169236727
    outer loop
      vertex -0.052550323307514191 0.0069654583930969238 4.8921938287094235e-05
      vertex -0.052821580320596695 0.0069654583930969238 -4.4053648897148206e-16
      vertex -0.052564132958650589 0.0061590070836246014 2.4422908609267324e-05
    endloop
  endfacet
  facet normal -0.17762592229417812 -0.026876458060820257 0.98373100374606859
    outer loop
      vertex -0.052442319691181183 0.0053525553084909916 2.4384917196584865e-05
      vertex -0.052564132958650589 0.0061590070836246014 2.4422908609267324e-05
      vertex -0.05263911560177803 0.0057606394402682781 -4.3505761517084523e-16
    endloop
  endfacet
  facet normal -0.17769667036379688 -0.026911396426176251 0.9837172714169522
    outer loop
      vertex -0.05263911560177803 0.0057606394402682781 -4.3505761517084523e-16
      vertex -0.052456650882959366 0.0045558200217783451 -4.295787413702084e-16
      vertex -0.052442319691181183 0.0053525553084909916 2.4384917196584865e-05
    endloop
  endfacet
  facet normal -0.17824155132734992 -0.026993916304490429 0.98361642821933681
    outer loop
      vertex -0.052274186164140701 0.0033510008361190557 -4.2409984109979197e-16
      vertex -0.052091721445322037 0.0021461814176291227 -4.1862096729915514e-16
      vertex -0.051821321249008179 0.0021267489064484835 4.8466037696925923e-05
    endloop
  endfacet
  facet normal -0.17769287071903445 -0.026911485703669406 0.98371795532705897
    outer loop
      vertex -0.05230732262134552 0.0053525553084909916 4.87699726363644e-05
      vertex -0.052442319691181183 0.0053525553084909916 2.4384917196584865e-05
      vertex -0.052456650882959366 0.0045558200217783451 -4.295787413702084e-16
    endloop
  endfacet
  facet normal -0.17852120582451567 -0.027036272040714428 0.98356454748282873
    outer loop
      vertex -0.051909256726503372 0.00094136217376217246 -4.131420670287387e-16
      vertex -0.051726792007684708 -0.00026345709920860827 -4.0766319322810187e-16
      vertex -0.051578324288129807 0.00051384564721956849 4.8314068408217281e-05
    endloop
  endfacet
  facet normal -0.17937122206059106 -0.027165000078154089 0.9834063389399339
    outer loop
      vertex -0.051179397851228714 -0.0038779149763286114 -3.9122654535641177e-16
      vertex -0.050996933132410049 -0.0050827343948185444 -3.8574767155577494e-16
      vertex -0.050849325954914093 -0.0043248641304671764 4.7858167818048969e-05
    endloop
  endfacet
  facet normal -0.18755848245879952 -0.028350112621005657 0.9818442273457274
    outer loop
      vertex -0.044531334191560745 -0.046260349452495575 4.3907013605348766e-05
      vertex -0.044774334877729416 -0.044647444039583206 4.4058982894057408e-05
      vertex -0.044975604861974716 -0.044841770082712173 -2.0494449202762468e-16
    endloop
  endfacet
  facet normal -0.18788500044463308 -0.028454397190543088 0.98177878052463685
    outer loop
      vertex -0.044531334191560745 -0.046260349452495575 4.3907013605348766e-05
      vertex -0.044975604861974716 -0.044841770082712173 -2.0494449202762468e-16
      vertex -0.044793140143156052 -0.046046588569879532 -1.9946560499209805e-16
    endloop
  endfacet
  facet normal -0.18783590610674697 -0.028391967579900469 0.98178998189735023
    outer loop
      vertex -0.044288333505392075 -0.047873251140117645 4.3755047954618931e-05
      vertex -0.044531334191560745 -0.046260349452495575 4.3907013605348766e-05
      vertex -0.044793140143156052 -0.046046588569879532 -1.9946560499209805e-16
    endloop
  endfacet
  facet normal -0.18825994479719194 -0.028511180943939129 0.98170530493938968
    outer loop
      vertex -0.044288333505392075 -0.047873251140117645 4.3755047954618931e-05
      vertex -0.044793140143156052 -0.046046588569879532 -1.9946560499209805e-16
      vertex -0.044610675424337387 -0.04725140705704689 -1.9398673119146122e-16
    endloop
  endfacet
  facet normal -0.18811547280665972 -0.028434082099836531 0.98173523511477689
    outer loop
      vertex -0.044153366237878799 -0.04725140705704689 8.7627362518105656e-05
      vertex -0.044531334191560745 -0.046260349452495575 4.3907013605348766e-05
      vertex -0.044288333505392075 -0.047873251140117645 4.3755047954618931e-05
    endloop
  endfacet
  facet normal -0.1886832086844476 -0.028519541139822323 0.98162379888311346
    outer loop
      vertex -0.043802335858345032 -0.051099058240652084 4.3451113015180454e-05
      vertex -0.044045336544513702 -0.049486152827739716 4.3603078665910289e-05
      vertex -0.044245745986700058 -0.049661047756671906 -1.8302895712040795e-16
    endloop
  endfacet
  facet normal -0.1890251928489268 -0.028627074559511564 0.98155487216486792
    outer loop
      vertex -0.043802335858345032 -0.051099058240652084 4.3451113015180454e-05
      vertex -0.044245745986700058 -0.049661047756671906 -1.8302895712040795e-16
      vertex -0.044063281267881393 -0.050865866243839264 -1.7755007008488132e-16
    endloop
  endfacet
  facet normal -0.18954904974374256 -0.028649972869438312 0.9814531760587587
    outer loop
      vertex -0.04331633448600769 -0.054324865341186523 4.3147178075741976e-05
      vertex -0.043559335172176361 -0.052711959928274155 4.3299143726471812e-05
      vertex -0.043698351830244064 -0.053275506943464279 -1.6659230924871785e-16
    endloop
  endfacet
  facet normal -0.18980442693167718 -0.028745086300962557 0.98140103909191367
    outer loop
      vertex -0.04331633448600769 -0.054324865341186523 4.3147178075741976e-05
      vertex -0.043698351830244064 -0.053275506943464279 -1.6659230924871785e-16
      vertex -0.0435158871114254 -0.054480325430631638 -1.6111342221319122e-16
    endloop
  endfacet
  facet normal -0.18896982903112272 -0.02856278629607464 0.98156740520198271
    outer loop
      vertex -0.043559335172176361 -0.052711959928274155 4.3299143726471812e-05
      vertex -0.043802335858345032 -0.051099058240652084 4.3451113015180454e-05
      vertex -0.044063281267881393 -0.050865866243839264 -1.7755007008488132e-16
    endloop
  endfacet
  facet normal -0.18941264864057622 -0.028685753118008944 0.98147846441122422
    outer loop
      vertex -0.043559335172176361 -0.052711959928274155 4.3299143726471812e-05
      vertex -0.044063281267881393 -0.050865866243839264 -1.7755007008488132e-16
      vertex -0.043880816549062729 -0.052070684731006622 -1.7207119628424449e-16
    endloop
  endfacet
  facet normal -0.1892565914588531 -0.028605984762338752 0.98151089664106816
    outer loop
      vertex -0.043431080877780914 -0.052070684731006622 8.6719221144448966e-05
      vertex -0.043802335858345032 -0.051099058240652084 4.3451113015180454e-05
      vertex -0.043559335172176361 -0.052711959928274155 4.3299143726471812e-05
    endloop
  endfacet
  facet normal -0.18839739090670607 -0.028476117908922724 0.981679954877547
    outer loop
      vertex -0.044045336544513702 -0.049486152827739716 4.3603078665910289e-05
      vertex -0.044288333505392075 -0.047873251140117645 4.3755047954618931e-05
      vertex -0.044428210705518723 -0.048456229269504547 -1.8850784415593458e-16
    endloop
  endfacet
  facet normal -0.18864150653723061 -0.028568966872981275 0.98163037653852914
    outer loop
      vertex -0.044045336544513702 -0.049486152827739716 4.3603078665910289e-05
      vertex -0.044428210705518723 -0.048456229269504547 -1.8850784415593458e-16
      vertex -0.044245745986700058 -0.049661047756671906 -1.8302895712040795e-16
    endloop
  endfacet
  facet normal -0.1811409178889879 -0.027433012899633773 0.98307446191505909
    outer loop
      vertex -0.049537219107151031 -0.014721288345754147 -3.4191660174134149e-16
      vertex -0.049391325563192368 -0.014002283103764057 4.6946362999733537e-05
      vertex -0.049719683825969696 -0.013516468927264214 -3.4739547554197832e-16
    endloop
  endfacet
  facet normal -0.18024072686069986 -0.02729668284025813 0.98324369893055763
    outer loop
      vertex -0.050120323896408081 -0.0091635733842849731 4.740226358990185e-05
      vertex -0.050449542701244354 -0.0086971921846270561 -3.6931099721430524e-16
      vertex -0.05026707798242569 -0.0099020116031169891 -3.6383212341366841e-16
    endloop
  endfacet
  facet normal -0.18206783500256901 -0.027573411823856538 0.98289928803406379
    outer loop
      vertex -0.048662327229976654 -0.018840992823243141 4.6490458771586418e-05
      vertex -0.048989824950695038 -0.018335746601223946 -3.2547992739987179e-16
      vertex -0.048807360231876373 -0.019540565088391304 -3.2000105359923496e-16
    endloop
  endfacet
  facet normal -0.18302283295125363 -0.027718042267392329 0.9827178398458839
    outer loop
      vertex -0.04825996607542038 -0.023155024275183678 -3.0356440572754486e-16
      vertex -0.048077501356601715 -0.024359842762351036 -2.9808553192690803e-16
      vertex -0.047933328896760941 -0.0236797034740448 4.6034558181418106e-05
    endloop
  endfacet
  facet normal -0.18400701928269902 -0.027867050087009019 0.98252981856742894
    outer loop
      vertex -0.047530107200145721 -0.02797430008649826 -2.8164885758543833e-16
      vertex -0.047347642481327057 -0.029179120436310768 -2.761699837848015e-16
      vertex -0.047204330563545227 -0.028518412262201309 4.5578653953270987e-05
    endloop
  endfacet
  facet normal -0.18501907966205411 -0.028020365479277359 0.98233538024414768
    outer loop
      vertex -0.046800252050161362 -0.032793577760457993 -2.597333359131114e-16
      vertex -0.046617787331342697 -0.033998396247625351 -2.5425443564269497e-16
      vertex -0.046475332230329514 -0.033357121050357819 4.5122753363102674e-05
    endloop
  endfacet
  facet normal -0.18606629727507931 -0.028178962205122636 0.98213302515870216
    outer loop
      vertex -0.046070393174886703 -0.037612855434417725 -2.3781778777100487e-16
      vertex -0.045887928456068039 -0.038817673921585083 -2.3233891397036804e-16
      vertex -0.0457463338971138 -0.038195833563804626 4.4666852772934362e-05
    endloop
  endfacet
  facet normal -0.18728178545143381 -0.028308061086735326 0.9818982567026141
    outer loop
      vertex -0.044774334877729416 -0.044647444039583206 4.4058982894057408e-05
      vertex -0.045017331838607788 -0.043034542351961136 4.4210948544787243e-05
      vertex -0.045158069580793381 -0.043636951595544815 -2.1042337906315131e-16
    endloop
  endfacet
  facet normal -0.18751366305620945 -0.028398159696773489 0.98185139949642031
    outer loop
      vertex -0.044774334877729416 -0.044647444039583206 4.4058982894057408e-05
      vertex -0.045158069580793381 -0.043636951595544815 -2.1042337906315131e-16
      vertex -0.044975604861974716 -0.044841770082712173 -2.0494449202762468e-16
    endloop
  endfacet
  facet normal -0.18714382768444468 -0.028342149677142311 0.98192357661443974
    outer loop
      vertex -0.045340534299612045 -0.042432133108377457 -2.1590226609867794e-16
      vertex -0.045158069580793381 -0.043636951595544815 -2.1042337906315131e-16
      vertex -0.045017331838607788 -0.043034542351961136 4.4210948544787243e-05
    endloop
  endfacet
  facet normal -0.18825971372065661 -0.028511057792374294 0.98170535282913496
    outer loop
      vertex -0.044288333505392075 -0.047873251140117645 4.3755047954618931e-05
      vertex -0.044610675424337387 -0.04725140705704689 -1.9398673119146122e-16
      vertex -0.044428210705518723 -0.048456229269504547 -1.8850784415593458e-16
    endloop
  endfacet
  facet normal -0.18941240491569941 -0.028685627511137363 0.98147851511805539
    outer loop
      vertex -0.043559335172176361 -0.052711959928274155 4.3299143726471812e-05
      vertex -0.043880816549062729 -0.052070684731006622 -1.7207119628424449e-16
      vertex -0.043698351830244064 -0.053275506943464279 -1.6659230924871785e-16
    endloop
  endfacet
  facet normal -0.19043904894032243 -0.028784110222993708 0.98127694543251964
    outer loop
      vertex -0.042708799242973328 -0.056889962404966354 8.5811079770792276e-05
      vertex -0.043073337525129318 -0.055937767028808594 4.2995208787033334e-05
      vertex -0.042830336838960648 -0.057550668716430664 4.2843243136303499e-05
    endloop
  endfacet
  facet normal -0.19014161128786855 -0.028739303655059906 0.98133593640622141
    outer loop
      vertex -0.042830336838960648 -0.057550668716430664 4.2843243136303499e-05
      vertex -0.043073337525129318 -0.055937767028808594 4.2995208787033334e-05
      vertex -0.043333422392606735 -0.055685143917798996 -1.5563453517766459e-16
    endloop
  endfacet
  facet normal -0.19059948287048153 -0.028864904864050859 0.98124342260047503
    outer loop
      vertex -0.042830336838960648 -0.057550668716430664 4.2843243136303499e-05
      vertex -0.043333422392606735 -0.055685143917798996 -1.5563453517766459e-16
      vertex -0.043150961399078369 -0.056889962404966354 -1.5015566137702776e-16
    endloop
  endfacet
  facet normal -0.19073781200079398 -0.028829052071218775 0.981217597085287
    outer loop
      vertex -0.042587336152791977 -0.059163574129343033 4.2691273847594857e-05
      vertex -0.042830336838960648 -0.057550668716430664 4.2843243136303499e-05
      vertex -0.042968496680259705 -0.058094780892133713 -1.4467677434150113e-16
    endloop
  endfacet
  facet normal -0.1910063562171426 -0.028927024020117067 0.98116247337838469
    outer loop
      vertex -0.042587336152791977 -0.059163574129343033 4.2691273847594857e-05
      vertex -0.042968496680259705 -0.058094780892133713 -1.4467677434150113e-16
      vertex -0.04278603196144104 -0.05929960310459137 -1.3919788730597449e-16
    endloop
  endfacet
  facet normal -0.19165838666857477 -0.028967728766335629 0.98103411434553034
    outer loop
      vertex -0.041986513882875443 -0.061709240078926086 8.4902931121177971e-05
      vertex -0.042344339191913605 -0.060776475816965103 4.2539308196865022e-05
      vertex -0.042101338505744934 -0.062389381229877472 4.238733890815638e-05
    endloop
  endfacet
  facet normal -0.19134999381350803 -0.028921272031679789 0.98109568335185338
    outer loop
      vertex -0.042101338505744934 -0.062389381229877472 4.238733890815638e-05
      vertex -0.042344339191913605 -0.060776475816965103 4.2539308196865022e-05
      vertex -0.042603567242622375 -0.060504421591758728 -1.3371900027044786e-16
    endloop
  endfacet
  facet normal -0.19183411103169593 -0.029052473465539821 0.98099726178527791
    outer loop
      vertex -0.042101338505744934 -0.062389381229877472 4.238733890815638e-05
      vertex -0.042603567242622375 -0.060504421591758728 -1.3371900027044786e-16
      vertex -0.042421102523803711 -0.061709240078926086 -1.2824012646981103e-16
    endloop
  endfacet
  facet normal -0.19228415006545962 -0.029062061740995015 0.98090886539013722
    outer loop
      vertex -0.041615337133407593 -0.065615184605121613 4.2083403968717903e-05
      vertex -0.041858337819576263 -0.064002282917499542 4.2235373257426545e-05
      vertex -0.042056173086166382 -0.064118877053260803 -1.1728235239875776e-16
    endloop
  endfacet
  facet normal -0.19267738405634985 -0.029180183636797728 0.98082819217033346
    outer loop
      vertex -0.041615337133407593 -0.065615184605121613 4.2083403968717903e-05
      vertex -0.042056173086166382 -0.064118877053260803 -1.1728235239875776e-16
      vertex -0.041873708367347717 -0.065323695540428162 -1.1180346536323113e-16
    endloop
  endfacet
  facet normal -0.19197028199280627 -0.029014777909969942 0.98097173939641991
    outer loop
      vertex -0.041858337819576263 -0.064002282917499542 4.2235373257426545e-05
      vertex -0.042101338505744934 -0.062389381229877472 4.238733890815638e-05
      vertex -0.042238637804985046 -0.062914058566093445 -1.227612394342844e-16
    endloop
  endfacet
  facet normal -0.19225333191149632 -0.029115962713729834 0.98091330762926277
    outer loop
      vertex -0.041858337819576263 -0.064002282917499542 4.2235373257426545e-05
      vertex -0.042238637804985046 -0.062914058566093445 -1.227612394342844e-16
      vertex -0.042056173086166382 -0.064118877053260803 -1.1728235239875776e-16
    endloop
  endfacet
  facet normal -0.19104126432993052 -0.028874387812030642 0.98115722748787926
    outer loop
      vertex -0.042344339191913605 -0.060776475816965103 4.2539308196865022e-05
      vertex -0.042587336152791977 -0.059163574129343033 4.2691273847594857e-05
      vertex -0.04278603196144104 -0.05929960310459137 -1.3919788730597449e-16
    endloop
  endfacet
  facet normal -0.19141919403119992 -0.02898963602186265 0.98108016653062835
    outer loop
      vertex -0.042344339191913605 -0.060776475816965103 4.2539308196865022e-05
      vertex -0.04278603196144104 -0.05929960310459137 -1.3919788730597449e-16
      vertex -0.042603567242622375 -0.060504421591758728 -1.3371900027044786e-16
    endloop
  endfacet
  facet normal -0.18984302284926463 -0.028693887459199392 0.98139507207746479
    outer loop
      vertex -0.043073337525129318 -0.055937767028808594 4.2995208787033334e-05
      vertex -0.04331633448600769 -0.054324865341186523 4.3147178075741976e-05
      vertex -0.0435158871114254 -0.054480325430631638 -1.6111342221319122e-16
    endloop
  endfacet
  facet normal -0.19020364497236428 -0.02880554620286244 0.98132197262019027
    outer loop
      vertex -0.043073337525129318 -0.055937767028808594 4.2995208787033334e-05
      vertex -0.0435158871114254 -0.054480325430631638 -1.6111342221319122e-16
      vertex -0.043333422392606735 -0.055685143917798996 -1.5563453517766459e-16
    endloop
  endfacet
  facet normal -0.19260013336033563 -0.029109214933704924 0.98084547316869652
    outer loop
      vertex -0.041372340172529221 -0.067228086292743683 4.1931438317988068e-05
      vertex -0.041615337133407593 -0.065615184605121613 4.2083403968717903e-05
      vertex -0.041873708367347717 -0.065323695540428162 -1.1180346536323113e-16
    endloop
  endfacet
  facet normal -0.19310963292330285 -0.029245645919131803 0.9807412308386958
    outer loop
      vertex -0.041372340172529221 -0.067228086292743683 4.1931438317988068e-05
      vertex -0.041873708367347717 -0.065323695540428162 -1.1180346536323113e-16
      vertex -0.041691243648529053 -0.06652851402759552 -1.063245849451494e-16
    endloop
  endfacet
  facet normal -0.19324470928530996 -0.029206627031635717 0.98071578720374986
    outer loop
      vertex -0.04112933948636055 -0.06884099543094635 4.1779469029279426e-05
      vertex -0.041372340172529221 -0.067228086292743683 4.1931438317988068e-05
      vertex -0.041508778929710388 -0.067733339965343475 -1.0084570452706767e-16
    endloop
  endfacet
  facet normal -0.19354366045473065 -0.029311377572758507 0.98065370781054551
    outer loop
      vertex -0.04112933948636055 -0.06884099543094635 4.1779469029279426e-05
      vertex -0.041508778929710388 -0.067733339965343475 -1.0084570452706767e-16
      vertex -0.041326314210891724 -0.068938158452510834 -9.5366817491541035e-17
    endloop
  endfacet
  facet normal -0.19357030780687667 -0.029255808405945397 0.9806501076378189
    outer loop
      vertex -0.040886338800191879 -0.07045389711856842 4.1627503378549591e-05
      vertex -0.04112933948636055 -0.06884099543094635 4.1779469029279426e-05
      vertex -0.041326314210891724 -0.068938158452510834 -9.5366817491541035e-17
    endloop
  endfacet
  facet normal -0.19398281064030592 -0.029377885030922226 0.98056494381922366
    outer loop
      vertex -0.040886338800191879 -0.07045389711856842 4.1627503378549591e-05
      vertex -0.041326314210891724 -0.068938158452510834 -9.5366817491541035e-17
      vertex -0.041143849492073059 -0.070142976939678192 -8.9887937073459303e-17
    endloop
  endfacet
  facet normal -0.19456569668834764 -0.029405755277135837 0.98044861733226962
    outer loop
      vertex -0.040400341153144836 -0.073679700493812561 4.1323568439111114e-05
      vertex -0.040643341839313507 -0.072066798806190491 4.1475534089840949e-05
      vertex -0.04077892005443573 -0.072552613914012909 -7.8930169619850939e-17
    endloop
  endfacet
  facet normal -0.19488013425307704 -0.029513780937598242 0.98038292009207817
    outer loop
      vertex -0.040400341153144836 -0.073679700493812561 4.1323568439111114e-05
      vertex -0.04077892005443573 -0.072552613914012909 -7.8930169619850939e-17
      vertex -0.040596455335617065 -0.073757432401180267 -7.3451282584324307e-17
    endloop
  endfacet
  facet normal -0.19389746449024145 -0.029304646161138832 0.98058401525704353
    outer loop
      vertex -0.040643341839313507 -0.072066798806190491 4.1475534089840949e-05
      vertex -0.040886338800191879 -0.07045389711856842 4.1627503378549591e-05
      vertex -0.041143849492073059 -0.070142976939678192 -8.9887937073459303e-17
    endloop
  endfacet
  facet normal -0.1944304704321824 -0.02944568123335534 0.98047424444715725
    outer loop
      vertex -0.040643341839313507 -0.072066798806190491 4.1475534089840949e-05
      vertex -0.041143849492073059 -0.070142976939678192 -8.9887937073459303e-17
      vertex -0.040961384773254395 -0.071347795426845551 -8.4409050037932671e-17
    endloop
  endfacet
  facet normal -0.19423135076363804 -0.029354942517991419 0.98051643011746514
    outer loop
      vertex -0.040541946887969971 -0.071347795426845551 8.3086648373864591e-05
      vertex -0.040886338800191879 -0.07045389711856842 4.1627503378549591e-05
      vertex -0.040643341839313507 -0.072066798806190491 4.1475534089840949e-05
    endloop
  endfacet
  facet normal -0.19490233810734423 -0.029456333563659298 0.98038023389564366
    outer loop
      vertex -0.040157340466976166 -0.075292609632015228 4.1171599150402471e-05
      vertex -0.040400341153144836 -0.073679700493812561 4.1323568439111114e-05
      vertex -0.040596455335617065 -0.073757432401180267 -7.3451282584324307e-17
    endloop
  endfacet
  facet normal -0.19533619113533868 -0.029582848844236051 0.98029007313498673
    outer loop
      vertex -0.040157340466976166 -0.075292609632015228 4.1171599150402471e-05
      vertex -0.040596455335617065 -0.073757432401180267 -7.3451282584324307e-17
      vertex -0.040413990616798401 -0.074962250888347626 -6.7972402166242575e-17
    endloop
  endfacet
  facet normal -0.19292151355488688 -0.029157627427952641 0.98078087377888046
    outer loop
      vertex -0.041264228522777557 -0.06652851402759552 8.3994789747521281e-05
      vertex -0.041615337133407593 -0.065615184605121613 4.2083403968717903e-05
      vertex -0.041372340172529221 -0.067228086292743683 4.1931438317988068e-05
    endloop
  endfacet
  facet normal -0.19558564786100879 -0.029559402143563777 0.98024103979363408
    outer loop
      vertex -0.039819661527872086 -0.076167069375514984 8.2178499724250287e-05
      vertex -0.040157340466976166 -0.075292609632015228 4.1171599150402471e-05
      vertex -0.039914339780807495 -0.076905511319637299 4.1019633499672636e-05
    endloop
  endfacet
  facet normal -0.19524289354490262 -0.02950776916746671 0.98031092214611859
    outer loop
      vertex -0.039914339780807495 -0.076905511319637299 4.1019633499672636e-05
      vertex -0.040157340466976166 -0.075292609632015228 4.1171599150402471e-05
      vertex -0.040413990616798401 -0.074962250888347626 -6.7972402166242575e-17
    endloop
  endfacet
  facet normal -0.19579672949102833 -0.029652595451273675 0.98019608461961327
    outer loop
      vertex -0.039914339780807495 -0.076905511319637299 4.1019633499672636e-05
      vertex -0.040413990616798401 -0.074962250888347626 -6.7972402166242575e-17
      vertex -0.040231525897979736 -0.076167069375514984 -6.2493515130715942e-17
    endloop
  endfacet
  facet normal -0.19628254631187167 -0.029664383836458842 0.98009855950558933
    outer loop
      vertex -0.039428342133760452 -0.080131314694881439 4.0715698560234159e-05
      vertex -0.039671342819929123 -0.078518413007259369 4.0867664210963994e-05
      vertex -0.039866596460342407 -0.078576713800430298 -5.1535750985830028e-17
    endloop
  endfacet
  facet normal -0.1967370533242811 -0.029795003561425063 0.98000346408166006
    outer loop
      vertex -0.039428342133760452 -0.080131314694881439 4.0715698560234159e-05
      vertex -0.039866596460342407 -0.078576713800430298 -5.1535750985830028e-17
      vertex -0.039684131741523743 -0.079781532287597656 -4.6056867259025846e-17
    endloop
  endfacet
  facet normal -0.1969896834313018 -0.029770910055279699 0.97995344661678507
    outer loop
      vertex -0.0390973761677742 -0.080986350774765015 8.1270358350593597e-05
      vertex -0.039428342133760452 -0.080131314694881439 4.0715698560234159e-05
      vertex -0.039185341447591782 -0.08174421638250351 4.0563729271525517e-05
    endloop
  endfacet
  facet normal -0.19734616528626625 -0.029824015118968723 0.97988010448676288
    outer loop
      vertex -0.038942344486713409 -0.083357125520706177 4.0411763620795682e-05
      vertex -0.039185341447591782 -0.08174421638250351 4.0563729271525517e-05
      vertex -0.039319206029176712 -0.082191169261932373 -3.5099099805417481e-17
    endloop
  endfacet
  facet normal -0.19769921853084838 -0.029940719456178769 0.97980537471006879
    outer loop
      vertex -0.038942344486713409 -0.083357125520706177 4.0411763620795682e-05
      vertex -0.039319206029176712 -0.082191169261932373 -3.5099099805417481e-17
      vertex -0.039136741310358047 -0.083395987749099731 -2.9620216078613299e-17
    endloop
  endfacet
  facet normal -0.19807649843883074 -0.029934626899324523 0.97972936001663746
    outer loop
      vertex -0.038456343114376068 -0.086582928895950317 4.0107828681357205e-05
      vertex -0.038699343800544739 -0.084970027208328247 4.025979433208704e-05
      vertex -0.038954276591539383 -0.08460080623626709 -2.4141330697447892e-17
    endloop
  endfacet
  facet normal -0.19868434908685315 -0.030089913357015816 0.9796015141587423
    outer loop
      vertex -0.038456343114376068 -0.086582928895950317 4.0107828681357205e-05
      vertex -0.038954276591539383 -0.08460080623626709 -2.4141330697447892e-17
      vertex -0.038771811872720718 -0.085805624723434448 -1.866244697064371e-17
    endloop
  endfacet
  facet normal -0.19771131396209735 -0.029879617316030622 0.97980479933526998
    outer loop
      vertex -0.038699343800544739 -0.084970027208328247 4.025979433208704e-05
      vertex -0.038942344486713409 -0.083357125520706177 4.0411763620795682e-05
      vertex -0.039136741310358047 -0.083395987749099731 -2.9620216078613299e-17
    endloop
  endfacet
  facet normal -0.19818871742319258 -0.030014852015319379 0.97970421094565496
    outer loop
      vertex -0.038699343800544739 -0.084970027208328247 4.025979433208704e-05
      vertex -0.039136741310358047 -0.083395987749099731 -2.9620216078613299e-17
      vertex -0.038954276591539383 -0.08460080623626709 -2.4141330697447892e-17
    endloop
  endfacet
  facet normal -0.19663461036371235 -0.029717421416672413 0.98002637968141193
    outer loop
      vertex -0.039185341447591782 -0.08174421638250351 4.0563729271525517e-05
      vertex -0.039428342133760452 -0.080131314694881439 4.0715698560234159e-05
      vertex -0.039684131741523743 -0.079781532287597656 -4.6056867259025846e-17
    endloop
  endfacet
  facet normal -0.19721464584520623 -0.029867332950431511 0.97990526373041686
    outer loop
      vertex -0.039185341447591782 -0.08174421638250351 4.0563729271525517e-05
      vertex -0.039684131741523743 -0.079781532287597656 -4.6056867259025846e-17
      vertex -0.039501667022705078 -0.080986350774765015 -4.0577983532221664e-17
    endloop
  endfacet
  facet normal -0.19919270985867488 -0.030102314066329433 0.97949788924071179
    outer loop
      vertex -0.037970345467329025 -0.089808732271194458 3.9803893741918728e-05
      vertex -0.038213342428207397 -0.088195830583572388 3.9955859392648563e-05
      vertex -0.038406882435083389 -0.088215261697769165 -7.7046803442159578e-18
    endloop
  endfacet
  facet normal -0.19969805990598452 -0.030243435619121139 0.97939063681032723
    outer loop
      vertex -0.037970345467329025 -0.089808732271194458 3.9803893741918728e-05
      vertex -0.038406882435083389 -0.088215261697769165 -7.7046803442159578e-18
      vertex -0.038224417716264725 -0.089420080184936523 -2.2257966174117756e-18
    endloop
  endfacet
  facet normal -0.20021388759542008 -0.030256467734189583 0.97928491532044881
    outer loop
      vertex -0.037630371749401093 -0.091421641409397125 5.9477970353327692e-05
      vertex -0.037970345467329025 -0.089808732271194458 3.9803893741918728e-05
      vertex -0.037727344781160355 -0.091421641409397125 3.9651924453210086e-05
    endloop
  endfacet
  facet normal -0.2002136057391658 -0.030256425275315149 0.97928497425748384
    outer loop
      vertex -0.037824317812919617 -0.091421641409397125 1.9825907656922936e-05
      vertex -0.037727344781160355 -0.091421641409397125 3.9651924453210086e-05
      vertex -0.037970345467329025 -0.089808732271194458 3.9803893741918728e-05
    endloop
  endfacet
  facet normal -0.19987103583823707 -0.030226288353463096 0.97935588042617272
    outer loop
      vertex -0.037824317812919617 -0.091421641409397125 1.9825907656922936e-05
      vertex -0.037970345467329025 -0.089808732271194458 3.9803893741918728e-05
      vertex -0.03804195299744606 -0.090624906122684479 3.2530873161875597e-18
    endloop
  endfacet
  facet normal -0.2004737482960248 -0.030295750928553192 0.97923053655399106
    outer loop
      vertex -0.037509188055992126 -0.09222809225320816 5.9363996115280315e-05
      vertex -0.037605844438076019 -0.09222809225320816 3.9575941627845168e-05
      vertex -0.037484344094991684 -0.093034543097019196 3.9499958802480251e-05
    endloop
  endfacet
  facet normal -0.20047348323428735 -0.03029571099943015 0.97923059205426721
    outer loop
      vertex -0.037702500820159912 -0.09222809225320816 1.9787914425251074e-05
      vertex -0.037484344094991684 -0.093034543097019196 3.9499958802480251e-05
      vertex -0.037605844438076019 -0.09222809225320816 3.9575941627845168e-05
    endloop
  endfacet
  facet normal -0.20034373641617456 -0.030308699909447175 0.9792567436523506
    outer loop
      vertex -0.037824317812919617 -0.091421641409397125 1.9825907656922936e-05
      vertex -0.037859488278627396 -0.091829724609851837 8.7319708361965888e-18
      vertex -0.037702500820159912 -0.09222809225320816 1.9787914425251074e-05
    endloop
  endfacet
  facet normal -0.20073426018480336 -0.030367615251930005 0.97917494082108258
    outer loop
      vertex -0.037677023559808731 -0.093034543097019196 0
      vertex -0.037484344094991684 -0.093034543097019196 3.9499958802480251e-05
      vertex -0.037702500820159912 -0.09222809225320816 1.9787914425251074e-05
    endloop
  endfacet
  facet normal -0.19881713768349435 -0.030046199781427491 0.97957591418023193
    outer loop
      vertex -0.038213342428207397 -0.088195830583572388 3.9955859392648563e-05
      vertex -0.038456343114376068 -0.086582928895950317 4.0107828681357205e-05
      vertex -0.038589347153902054 -0.087010443210601807 -1.318356407102014e-17
    endloop
  endfacet
  facet normal -0.19918619395942372 -0.030165915663205079 0.97949725761135198
    outer loop
      vertex -0.038213342428207397 -0.088195830583572388 3.9955859392648563e-05
      vertex -0.038589347153902054 -0.087010443210601807 -1.318356407102014e-17
      vertex -0.038406882435083389 -0.088215261697769165 -7.7046803442159578e-18
    endloop
  endfacet
  facet normal -0.1959322757867748 -0.029611168304079036 0.98017025154647652
    outer loop
      vertex -0.039671342819929123 -0.078518413007259369 4.0867664210963994e-05
      vertex -0.039914339780807495 -0.076905511319637299 4.1019633499672636e-05
      vertex -0.040049061179161072 -0.077371887862682343 -5.701463471263421e-17
    endloop
  endfacet
  facet normal -0.19626528257412146 -0.029723372046327124 0.98010022957363707
    outer loop
      vertex -0.039671342819929123 -0.078518413007259369 4.0867664210963994e-05
      vertex -0.040049061179161072 -0.077371887862682343 -5.701463471263421e-17
      vertex -0.039866596460342407 -0.078576713800430298 -5.1535750985830028e-17
    endloop
  endfacet
  facet normal -0.19844742589175368 -0.029990503806903504 0.97965258578658654
    outer loop
      vertex -0.038375094532966614 -0.085805624723434448 8.0362216976936907e-05
      vertex -0.038699343800544739 -0.084970027208328247 4.025979433208704e-05
      vertex -0.038456343114376068 -0.086582928895950317 4.0107828681357205e-05
    endloop
  endfacet
  facet normal -0.19060117939199767 -0.028865751127398157 0.98124306816722551
    outer loop
      vertex -0.043150961399078369 -0.056889962404966354 -1.5015566137702776e-16
      vertex -0.042968496680259705 -0.058094780892133713 -1.4467677434150113e-16
      vertex -0.042830336838960648 -0.057550668716430664 4.2843243136303499e-05
    endloop
  endfacet
  facet normal -0.19183411103169593 -0.029052473465539814 0.98099726178527802
    outer loop
      vertex -0.042101338505744934 -0.062389381229877472 4.238733890815638e-05
      vertex -0.042421102523803711 -0.061709240078926086 -1.2824012646981103e-16
      vertex -0.042238637804985046 -0.062914058566093445 -1.227612394342844e-16
    endloop
  endfacet
  facet normal -0.19310906249635962 -0.029245378677347122 0.98074135112566541
    outer loop
      vertex -0.041372340172529221 -0.067228086292743683 4.1931438317988068e-05
      vertex -0.041691243648529053 -0.06652851402759552 -1.063245849451494e-16
      vertex -0.041508778929710388 -0.067733339965343475 -1.0084570452706767e-16
    endloop
  endfacet
  facet normal -0.19443047043218242 -0.029445681233355347 0.98047424444715725
    outer loop
      vertex -0.040643341839313507 -0.072066798806190491 4.1475534089840949e-05
      vertex -0.040961384773254395 -0.071347795426845551 -8.4409050037932671e-17
      vertex -0.04077892005443573 -0.072552613914012909 -7.8930169619850939e-17
    endloop
  endfacet
  facet normal -0.19579672949102833 -0.029652595451273672 0.98019608461961327
    outer loop
      vertex -0.039914339780807495 -0.076905511319637299 4.1019633499672636e-05
      vertex -0.040231525897979736 -0.076167069375514984 -6.2493515130715942e-17
      vertex -0.040049061179161072 -0.077371887862682343 -5.701463471263421e-17
    endloop
  endfacet
  facet normal -0.19721244777563932 -0.029866390282489417 0.9799057348407727
    outer loop
      vertex -0.039185341447591782 -0.08174421638250351 4.0563729271525517e-05
      vertex -0.039501667022705078 -0.080986350774765015 -4.0577983532221664e-17
      vertex -0.039319206029176712 -0.082191169261932373 -3.5099099805417481e-17
    endloop
  endfacet
  facet normal -0.19868434908685315 -0.030089913357015816 0.9796015141587423
    outer loop
      vertex -0.038456343114376068 -0.086582928895950317 4.0107828681357205e-05
      vertex -0.038771811872720718 -0.085805624723434448 -1.866244697064371e-17
      vertex -0.038589347153902054 -0.087010443210601807 -1.318356407102014e-17
    endloop
  endfacet
  facet normal -0.19969770387666905 -0.030243194676480005 0.97939071684499157
    outer loop
      vertex -0.037970345467329025 -0.089808732271194458 3.9803893741918728e-05
      vertex -0.038224417716264725 -0.089420080184936523 -2.2257966174117756e-18
      vertex -0.03804195299744606 -0.090624906122684479 3.2530873161875597e-18
    endloop
  endfacet
  facet normal -0.20047206387656843 -0.030360655281979301 0.97922887121240332
    outer loop
      vertex -0.037702500820159912 -0.09222809225320816 1.9787914425251074e-05
      vertex -0.037859488278627396 -0.091829724609851837 8.7319708361965888e-18
      vertex -0.037677023559808731 -0.093034543097019196 0
    endloop
  endfacet
  facet normal -0.20021229821568795 -0.03032131485950898 0.97928323456923472
    outer loop
      vertex -0.037824317812919617 -0.091421641409397125 1.9825907656922936e-05
      vertex -0.03804195299744606 -0.090624906122684479 3.2530873161875597e-18
      vertex -0.037859488278627396 -0.091829724609851837 8.7319708361965888e-18
    endloop
  endfacet
  facet normal -0.1776979363810117 -0.026888155897759176 -0.98371767823819645
    outer loop
      vertex -0.05230732262134552 0.0053525553084909916 -4.8770067223813385e-05
      vertex -0.052442315965890884 0.0053525553084909916 -2.4384982680203393e-05
      vertex -0.052564132958650589 0.0061590070836246014 -2.4422974092885852e-05
    endloop
  endfacet
  facet normal -0.17756290939319111 -0.026844385082671989 -0.98374325522331219
    outer loop
      vertex -0.05230732262134552 0.0053525553084909916 -4.8770067223813385e-05
      vertex -0.052564132958650589 0.0061590070836246014 -2.4422974092885852e-05
      vertex -0.052428822964429855 0.0061590070836246014 -4.8846050049178302e-05
    endloop
  endfacet
  facet normal -0.20047355027593261 -0.03032830743009703 -0.97922956930853988
    outer loop
      vertex -0.037605844438076019 -0.09222809225320816 -3.9576025301357731e-05
      vertex -0.037702500820159912 -0.09222809225320816 -1.9787970813922584e-05
      vertex -0.037824317812919617 -0.091421641409397125 -1.9825964045594446e-05
    endloop
  endfacet
  facet normal -0.20021386914611708 -0.030256602511394195 -0.97928491492823933
    outer loop
      vertex -0.037605844438076019 -0.09222809225320816 -3.9576025301357731e-05
      vertex -0.037824317812919617 -0.091421641409397125 -1.9825964045594446e-05
      vertex -0.037727344781160355 -0.091421641409397125 -3.9652008126722649e-05
    endloop
  endfacet
  facet normal -0.17769307211899232 -0.0268639931855255 -0.98371921704876875
    outer loop
      vertex -0.052172325551509857 0.0053525553084909916 -7.3155119025614113e-05
      vertex -0.05230732262134552 0.0053525553084909916 -4.8770067223813385e-05
      vertex -0.052428822964429855 0.0061590070836246014 -4.8846050049178302e-05
    endloop
  endfacet
  facet normal -0.17755803400311226 -0.026820272465404301 -0.98374479289388406
    outer loop
      vertex -0.052172325551509857 0.0053525553084909916 -7.3155119025614113e-05
      vertex -0.052428822964429855 0.0061590070836246014 -4.8846050049178302e-05
      vertex -0.052293509244918823 0.0061590070836246014 -7.3269089625682682e-05
    endloop
  endfacet
  facet normal -0.20047346556350329 -0.030295708337488375 -0.97923059575428339
    outer loop
      vertex -0.037509188055992126 -0.09222809225320816 -5.9364050684962422e-05
      vertex -0.037605844438076019 -0.09222809225320816 -3.9576025301357731e-05
      vertex -0.037727344781160355 -0.091421641409397125 -3.9652008126722649e-05
    endloop
  endfacet
  facet normal -0.2002138367597919 -0.0302241225573609 -0.97928592453152363
    outer loop
      vertex -0.037509188055992126 -0.09222809225320816 -5.9364050684962422e-05
      vertex -0.037727344781160355 -0.091421641409397125 -3.9652008126722649e-05
      vertex -0.037630371749401093 -0.091421641409397125 -5.9478028560988605e-05
    endloop
  endfacet
  facet normal -0.17755722222443363 -0.026890287998330958 -0.98374302805524894
    outer loop
      vertex -0.052564132958650589 0.0061590070836246014 -2.4422974092885852e-05
      vertex -0.05263911560177803 0.0057606394402682781 -4.3505761517084523e-16
      vertex -0.052821580320596695 0.0069654583930969238 -4.4053648897148206e-16
    endloop
  endfacet
  facet normal -0.17769238690249536 -0.0269107477143949 -0.98371806290946306
    outer loop
      vertex -0.052442315965890884 0.0053525553084909916 -2.4384982680203393e-05
      vertex -0.052456650882959366 0.0045558200217783451 -4.295787413702084e-16
      vertex -0.05263911560177803 0.0057606394402682781 -4.3505761517084523e-16
    endloop
  endfacet
  facet normal -0.17824188787968873 -0.026993967273903522 -0.98361636583370249
    outer loop
      vertex -0.051821321249008179 0.0021267489064484835 -4.8466132284374908e-05
      vertex -0.052091721445322037 0.0021461814176291227 -4.1862096729915514e-16
      vertex -0.052274186164140701 0.0033510008361190557 -4.2409984109979197e-16
    endloop
  endfacet
  facet normal -0.17852154392954367 -0.02703632324528181 -0.98356448470773306
    outer loop
      vertex -0.051578324288129807 0.00051384564721956849 -4.8314162995666265e-05
      vertex -0.051726792007684708 -0.00026345709920860827 -4.0766319322810187e-16
      vertex -0.051909256726503372 0.00094136217376217246 -4.131420670287387e-16
    endloop
  endfacet
  facet normal -0.17824188813588931 -0.026993971225130791 -0.98361636567884014
    outer loop
      vertex -0.051909256726503372 0.00094136217376217246 -4.131420670287387e-16
      vertex -0.052091721445322037 0.0021461814176291227 -4.1862096729915514e-16
      vertex -0.051821321249008179 0.0021267489064484835 -4.8466132284374908e-05
    endloop
  endfacet
  facet normal -0.17844739436611837 -0.026977221445399633 -0.98357956310968009
    outer loop
      vertex -0.051909256726503372 0.00094136217376217246 -4.131420670287387e-16
      vertex -0.051821321249008179 0.0021267489064484835 -4.8466132284374908e-05
      vertex -0.051578324288129807 0.00051384564721956849 -4.8314162995666265e-05
    endloop
  endfacet
  facet normal -0.17769509072695047 -0.026911162397545364 -0.98371756316025671
    outer loop
      vertex -0.052274186164140701 0.0033510008361190557 -4.2409984109979197e-16
      vertex -0.052456650882959366 0.0045558200217783451 -4.295787413702084e-16
      vertex -0.05230732262134552 0.0053525553084909916 -4.8770067223813385e-05
    endloop
  endfacet
  facet normal -0.17880141230076557 -0.02707871007382073 -0.9835124800529933
    outer loop
      vertex -0.051361862570047379 -0.0026730955578386784 -3.9670541915704861e-16
      vertex -0.051544327288866043 -0.001468276372179389 -4.0218431942746504e-16
      vertex -0.051335323601961136 -0.0010990576120093465 -4.816219734493643e-05
    endloop
  endfacet
  facet normal -0.17907731392347553 -0.027072527490958388 -0.98346245169462576
    outer loop
      vertex -0.051361862570047379 -0.0026730955578386784 -3.9670541915704861e-16
      vertex -0.051335323601961136 -0.0010990576120093465 -4.816219734493643e-05
      vertex -0.051092322915792465 -0.0027119608130306005 -4.8010228056227788e-05
    endloop
  endfacet
  facet normal -0.17936908886795053 -0.027164677015312815 -0.98340673695136704
    outer loop
      vertex -0.050849322229623795 -0.0043248641304671764 -4.7858258767519146e-05
      vertex -0.050996933132410049 -0.0050827343948185444 -3.8574767155577494e-16
      vertex -0.051179397851228714 -0.0038779149763286114 -3.9122654535641177e-16
    endloop
  endfacet
  facet normal -0.17908391926098008 -0.027121489304895004 -0.98345989988408344
    outer loop
      vertex -0.051179397851228714 -0.0038779149763286114 -3.9122654535641177e-16
      vertex -0.051361862570047379 -0.0026730955578386784 -3.9670541915704861e-16
      vertex -0.051092322915792465 -0.0027119608130306005 -4.8010228056227788e-05
    endloop
  endfacet
  facet normal -0.17929002933608729 -0.027104569594804308 -0.98342281226731032
    outer loop
      vertex -0.051179397851228714 -0.0038779149763286114 -3.9122654535641177e-16
      vertex -0.051092322915792465 -0.0027119608130306005 -4.8010228056227788e-05
      vertex -0.050849322229623795 -0.0043248641304671764 -4.7858258767519146e-05
    endloop
  endfacet
  facet normal -0.17965701469880777 -0.027208282143983336 -0.98335297144630918
    outer loop
      vertex -0.050632007420063019 -0.0074923727661371231 -3.7478989748472168e-16
      vertex -0.050814472138881683 -0.0062875533476471901 -3.8026877128535851e-16
      vertex -0.050606325268745422 -0.0059377672150731087 -4.7706293116789311e-05
    endloop
  endfacet
  facet normal -0.17993732433226831 -0.027202083862064446 -0.98330188952615438
    outer loop
      vertex -0.050632007420063019 -0.0074923727661371231 -3.7478989748472168e-16
      vertex -0.050606325268745422 -0.0059377672150731087 -4.7706293116789311e-05
      vertex -0.050363324582576752 -0.0075506702996790409 -4.7554323828080669e-05
    endloop
  endfacet
  facet normal -0.1802410745619808 -0.027296735498130557 -0.98324363373066781
    outer loop
      vertex -0.050120323896408081 -0.0091635733842849731 -4.7402358177350834e-05
      vertex -0.05026707798242569 -0.0099020116031169891 -3.6383212341366841e-16
      vertex -0.050449542701244354 -0.0086971921846270561 -3.6931099721430524e-16
    endloop
  endfacet
  facet normal -0.17994763895173826 -0.027252295937070525 -0.98329861161391519
    outer loop
      vertex -0.050449542701244354 -0.0086971921846270561 -3.6931099721430524e-16
      vertex -0.050632007420063019 -0.0074923727661371231 -3.7478989748472168e-16
      vertex -0.050363324582576752 -0.0075506702996790409 -4.7554323828080669e-05
    endloop
  endfacet
  facet normal -0.18015617564892164 -0.027235050017891994 -0.98326090353785423
    outer loop
      vertex -0.050449542701244354 -0.0086971921846270561 -3.6931099721430524e-16
      vertex -0.050363324582576752 -0.0075506702996790409 -4.7554323828080669e-05
      vertex -0.050120323896408081 -0.0091635733842849731 -4.7402358177350834e-05
    endloop
  endfacet
  facet normal -0.17965772329725346 -0.027207844473981082 -0.98335285409598894
    outer loop
      vertex -0.050814472138881683 -0.0062875533476471901 -3.8026877128535851e-16
      vertex -0.050996933132410049 -0.0050827343948185444 -3.8574767155577494e-16
      vertex -0.050606325268745422 -0.0059377672150731087 -4.7706293116789311e-05
    endloop
  endfacet
  facet normal -0.17880141495575458 -0.027078708513552908 -0.98351247961327781
    outer loop
      vertex -0.051544327288866043 -0.001468276372179389 -4.0218431942746504e-16
      vertex -0.051726792007684708 -0.00026345709920860827 -4.0766319322810187e-16
      vertex -0.051335323601961136 -0.0010990576120093465 -4.816219734493643e-05
    endloop
  endfacet
  facet normal -0.18053988343222058 -0.02734200995161529 -0.98318755330917718
    outer loop
      vertex -0.049902148544788361 -0.012311649508774281 -3.5287434934261515e-16
      vertex -0.050084613263607025 -0.011106831021606922 -3.5835324961303158e-16
      vertex -0.049877326935529709 -0.010776476934552193 -4.7250388888642192e-05
    endloop
  endfacet
  facet normal -0.18082498225084598 -0.027335792990541053 -0.98313533158744726
    outer loop
      vertex -0.049902148544788361 -0.012311649508774281 -3.5287434934261515e-16
      vertex -0.049877326935529709 -0.010776476934552193 -4.7250388888642192e-05
      vertex -0.049634326249361038 -0.012389380484819412 -4.7098423237912357e-05
    endloop
  endfacet
  facet normal -0.18083922502653776 -0.027387322813251548 -0.98313127772486419
    outer loop
      vertex -0.049719683825969696 -0.013516468927264214 -3.4739547554197832e-16
      vertex -0.049902148544788361 -0.012311649508774281 -3.5287434934261515e-16
      vertex -0.049634326249361038 -0.012389380484819412 -4.7098423237912357e-05
    endloop
  endfacet
  facet normal -0.18105021919582695 -0.027369741304194936 -0.98309293324185998
    outer loop
      vertex -0.049719683825969696 -0.013516468927264214 -3.4739547554197832e-16
      vertex -0.049634326249361038 -0.012389380484819412 -4.7098423237912357e-05
      vertex -0.049391325563192368 -0.014002283103764057 -4.6946453949203715e-05
    endloop
  endfacet
  facet normal -0.18144636464699274 -0.027479271497369569 -0.98301683932390727
    outer loop
      vertex -0.049148324877023697 -0.015615186654031277 -4.679448829847388e-05
      vertex -0.049354754388332367 -0.01592610776424408 -3.3643770147092505e-16
      vertex -0.049537219107151031 -0.014721288345754147 -3.4191660174134149e-16
    endloop
  endfacet
  facet normal -0.18175705388608529 -0.027526302768541195 -0.98295812526197945
    outer loop
      vertex -0.048989824950695038 -0.018335746601223946 -3.2547992739987179e-16
      vertex -0.049172289669513702 -0.017130926251411438 -3.3095882767028822e-16
      vertex -0.048905327916145325 -0.017228089272975922 -4.6642519009765238e-05
    endloop
  endfacet
  facet normal -0.1819705917641784 -0.027508370601145533 -0.98291911838149981
    outer loop
      vertex -0.048989824950695038 -0.018335746601223946 -3.2547992739987179e-16
      vertex -0.048905327916145325 -0.017228089272975922 -4.6642519009765238e-05
      vertex -0.048662327229976654 -0.018840992823243141 -4.6490553359035403e-05
    endloop
  endfacet
  facet normal -0.18144633936730462 -0.027479288910295181 -0.98301684350329899
    outer loop
      vertex -0.049172289669513702 -0.017130926251411438 -3.3095882767028822e-16
      vertex -0.049354754388332367 -0.01592610776424408 -3.3643770147092505e-16
      vertex -0.049148324877023697 -0.015615186654031277 -4.679448829847388e-05
    endloop
  endfacet
  facet normal -0.18173851632310159 -0.027473008484942548 -0.98296304380656341
    outer loop
      vertex -0.049172289669513702 -0.017130926251411438 -3.3095882767028822e-16
      vertex -0.049148324877023697 -0.015615186654031277 -4.679448829847388e-05
      vertex -0.048905327916145325 -0.017228089272975922 -4.6642519009765238e-05
    endloop
  endfacet
  facet normal -0.18114125703309444 -0.027433064261558941 -0.98307439799116514
    outer loop
      vertex -0.049537219107151031 -0.014721288345754147 -3.4191660174134149e-16
      vertex -0.049719683825969696 -0.013516468927264214 -3.4739547554197832e-16
      vertex -0.049391325563192368 -0.014002283103764057 -4.6946453949203715e-05
    endloop
  endfacet
  facet normal -0.1823824499077778 -0.027621016232889796 -0.98283962141740067
    outer loop
      vertex -0.048419326543807983 -0.020453896373510361 -4.633858407032676e-05
      vertex -0.048624895513057709 -0.020745385438203812 -3.1452217979859812e-16
      vertex -0.048807360231876373 -0.019540565088391304 -3.2000105359923496e-16
    endloop
  endfacet
  facet normal -0.18270258281445889 -0.027669498947189283 -0.98277879762484566
    outer loop
      vertex -0.04825996607542038 -0.023155024275183678 -3.0356440572754486e-16
      vertex -0.048442430794239044 -0.02195020392537117 -3.0904327952818169e-16
      vertex -0.048176329582929611 -0.02206679992377758 -4.6186614781618118e-05
    endloop
  endfacet
  facet normal -0.18291873683075668 -0.027651201550797547 -0.98273910412125032
    outer loop
      vertex -0.04825996607542038 -0.023155024275183678 -3.0356440572754486e-16
      vertex -0.048176329582929611 -0.02206679992377758 -4.6186614781618118e-05
      vertex -0.047933328896760941 -0.0236797034740448 -4.6034649130888283e-05
    endloop
  endfacet
  facet normal -0.1823824015429997 -0.027621051610240595 -0.98283962939807856
    outer loop
      vertex -0.048442430794239044 -0.02195020392537117 -3.0904327952818169e-16
      vertex -0.048624895513057709 -0.020745385438203812 -3.1452217979859812e-16
      vertex -0.048419326543807983 -0.020453896373510361 -4.633858407032676e-05
    endloop
  endfacet
  facet normal -0.18267960613129913 -0.027614758597862148 -0.98278460845258231
    outer loop
      vertex -0.048442430794239044 -0.02195020392537117 -3.0904327952818169e-16
      vertex -0.048419326543807983 -0.020453896373510361 -4.633858407032676e-05
      vertex -0.048176329582929611 -0.02206679992377758 -4.6186614781618118e-05
    endloop
  endfacet
  facet normal -0.18334698979956798 -0.027767134465778706 -0.9826560270893353
    outer loop
      vertex -0.04769032821059227 -0.02529260516166687 -4.5882679842179641e-05
      vertex -0.047895036637783051 -0.025564661249518394 -2.9260663165649159e-16
      vertex -0.048077501356601715 -0.024359842762351036 -2.9808553192690803e-16
    endloop
  endfacet
  facet normal -0.18367410223610828 -0.027816674275626528 -0.98259353590383602
    outer loop
      vertex -0.047530107200145721 -0.02797430008649826 -2.8164885758543833e-16
      vertex -0.047712571918964386 -0.026769481599330902 -2.8712775785585476e-16
      vertex -0.047447327524423599 -0.02690550871193409 -4.5730714191449806e-05
    endloop
  endfacet
  facet normal -0.18389489266538878 -0.027797829496466801 -0.98255277167532851
    outer loop
      vertex -0.047530107200145721 -0.02797430008649826 -2.8164885758543833e-16
      vertex -0.047447327524423599 -0.02690550871193409 -4.5730714191449806e-05
      vertex -0.047204330563545227 -0.028518412262201309 -4.5578744902741164e-05
    endloop
  endfacet
  facet normal -0.18334703587705112 -0.027767098516183961 -0.98265601950789061
    outer loop
      vertex -0.047712571918964386 -0.026769481599330902 -2.8712775785585476e-16
      vertex -0.047895036637783051 -0.025564661249518394 -2.9260663165649159e-16
      vertex -0.04769032821059227 -0.02529260516166687 -4.5882679842179641e-05
    endloop
  endfacet
  facet normal -0.18364663270805096 -0.027760853548526365 -0.98260024898493237
    outer loop
      vertex -0.047712571918964386 -0.026769481599330902 -2.8712775785585476e-16
      vertex -0.04769032821059227 -0.02529260516166687 -4.5882679842179641e-05
      vertex -0.047447327524423599 -0.02690550871193409 -4.5730714191449806e-05
    endloop
  endfacet
  facet normal -0.18302318215285551 -0.027718095152522784 -0.98271777331834109
    outer loop
      vertex -0.048077501356601715 -0.024359842762351036 -2.9808553192690803e-16
      vertex -0.04825996607542038 -0.023155024275183678 -3.0356440572754486e-16
      vertex -0.047933328896760941 -0.0236797034740448 -4.6034649130888283e-05
    endloop
  endfacet
  facet normal -0.18206819286650733 -0.027573466020861599 -0.98289922022449516
    outer loop
      vertex -0.048807360231876373 -0.019540565088391304 -3.2000105359923496e-16
      vertex -0.048989824950695038 -0.018335746601223946 -3.2547992739987179e-16
      vertex -0.048662327229976654 -0.018840992823243141 -4.6490553359035403e-05
    endloop
  endfacet
  facet normal -0.18053990976620143 -0.027341992804474091 -0.98318754895039839
    outer loop
      vertex -0.050084613263607025 -0.011106831021606922 -3.5835324961303158e-16
      vertex -0.05026707798242569 -0.0099020116031169891 -3.6383212341366841e-16
      vertex -0.049877326935529709 -0.010776476934552193 -4.7250388888642192e-05
    endloop
  endfacet
  facet normal -0.17756291322891812 -0.026843580935735106 -0.98374327647420612
    outer loop
      vertex -0.052428822964429855 0.0061590070836246014 -4.8846050049178302e-05
      vertex -0.052564132958650589 0.0061590070836246014 -2.4422974092885852e-05
      vertex -0.052550319582223892 0.0069654583930969238 -4.892203287454322e-05
    endloop
  endfacet
  facet normal -0.1774232059578677 -0.026846737053606053 -0.98376839687865891
    outer loop
      vertex -0.052821580320596695 0.0069654583930969238 -4.4053648897148206e-16
      vertex -0.052550319582223892 0.0069654583930969238 -4.892203287454322e-05
      vertex -0.052564132958650589 0.0061590070836246014 -2.4422974092885852e-05
    endloop
  endfacet
  facet normal -0.17755792645932969 -0.026842829736396574 -0.98374419705694138
    outer loop
      vertex -0.052293509244918823 0.0061590070836246014 -7.3269089625682682e-05
      vertex -0.052428822964429855 0.0061590070836246014 -4.8846050049178302e-05
      vertex -0.052550319582223892 0.0069654583930969238 -4.892203287454322e-05
    endloop
  endfacet
  facet normal -0.17803341347739035 -0.026915270156328962 -0.98365627732353766
    outer loop
      vertex -0.052274186164140701 0.0033510008361190557 -4.2409984109979197e-16
      vertex -0.05230732262134552 0.0053525553084909916 -4.8770067223813385e-05
      vertex -0.051821321249008179 0.0021267489064484835 -4.8466132284374908e-05
    endloop
  endfacet
  facet normal -0.17823892634197536 -0.026945817688884537 -0.98361822270916544
    outer loop
      vertex -0.051578324288129807 0.00051384564721956849 -4.8314162995666265e-05
      vertex -0.051821321249008179 0.0021267489064484835 -4.8466132284374908e-05
      vertex -0.051556777209043503 0.0021461814176291227 -9.6935822512023151e-05
    endloop
  endfacet
  facet normal -0.1785206917820682 -0.026940580532455707 -0.98356726649793802
    outer loop
      vertex -0.051578324288129807 0.00051384564721956849 -4.8314162995666265e-05
      vertex -0.051556777209043503 0.0021461814176291227 -9.6935822512023151e-05
      vertex -0.051376208662986755 0.00094136217376217246 -9.6708783530630171e-05
    endloop
  endfacet
  facet normal -0.17782928630604838 -0.026884519827527299 -0.98369404162347374
    outer loop
      vertex -0.051821321249008179 0.0021267489064484835 -4.8466132284374908e-05
      vertex -0.05230732262134552 0.0053525553084909916 -4.8770067223813385e-05
      vertex -0.051917921751737595 0.0045558200217783451 -9.7389893198851496e-05
    endloop
  endfacet
  facet normal -0.1782424000379792 -0.026899434567154875 -0.98361886279629063
    outer loop
      vertex -0.051821321249008179 0.0021267489064484835 -4.8466132284374908e-05
      vertex -0.051917921751737595 0.0045558200217783451 -9.7389893198851496e-05
      vertex -0.051737349480390549 0.0033510008361190557 -9.7162854217458516e-05
    endloop
  endfacet
  facet normal -0.17865632384304189 -0.027009105130483949 -0.98354075980151467
    outer loop
      vertex -0.051726792007684708 -0.00026345709920860827 -4.0766319322810187e-16
      vertex -0.051578324288129807 0.00051384564721956849 -4.8314162995666265e-05
      vertex -0.051335323601961136 -0.0010990576120093465 -4.816219734493643e-05
    endloop
  endfacet
  facet normal -0.17769782892650707 -0.026910619821543736 -0.9837170833810025
    outer loop
      vertex -0.052456650882959366 0.0045558200217783451 -4.295787413702084e-16
      vertex -0.052442315965890884 0.0053525553084909916 -2.4384982680203393e-05
      vertex -0.05230732262134552 0.0053525553084909916 -4.8770067223813385e-05
    endloop
  endfacet
  facet normal -0.17886407721185241 -0.027040404896197856 -0.9835021394924377
    outer loop
      vertex -0.051092322915792465 -0.0027119608130306005 -4.8010228056227788e-05
      vertex -0.051335323601961136 -0.0010990576120093465 -4.816219734493643e-05
      vertex -0.051015064120292664 -0.001468276372179389 -9.6254712843801826e-05
    endloop
  endfacet
  facet normal -0.17908503479314267 -0.027025135285907834 -0.9834623492416561
    outer loop
      vertex -0.051092322915792465 -0.0027119608130306005 -4.8010228056227788e-05
      vertex -0.051015064120292664 -0.001468276372179389 -9.6254712843801826e-05
      vertex -0.050834495574235916 -0.0026730955578386784 -9.6027681138366461e-05
    endloop
  endfacet
  facet normal -0.1795054144628081 -0.027136602921639757 -0.98338263710541907
    outer loop
      vertex -0.050849322229623795 -0.0043248641304671764 -4.7858258767519146e-05
      vertex -0.050606325268745422 -0.0059377672150731087 -4.7706293116789311e-05
      vertex -0.050996933132410049 -0.0050827343948185444 -3.8574767155577494e-16
    endloop
  endfacet
  facet normal -0.17950396297026699 -0.027136384268021323 -0.98338290809166873
    outer loop
      vertex -0.050606325268745422 -0.0059377672150731087 -4.7706293116789311e-05
      vertex -0.050849322229623795 -0.0043248641304671764 -4.7858258767519146e-05
      vertex -0.050473351031541824 -0.0050827343948185444 -9.5573610451538116e-05
    endloop
  endfacet
  facet normal -0.17965766816881323 -0.027110947991590448 -0.98335554036530559
    outer loop
      vertex -0.050606325268745422 -0.0059377672150731087 -4.7706293116789311e-05
      vertex -0.050473351031541824 -0.0050827343948185444 -9.5573610451538116e-05
      vertex -0.050292782485485077 -0.0062875533476471901 -9.5346571470145136e-05
    endloop
  endfacet
  facet normal -0.17907787784605533 -0.027072610487851853 -0.98346234672585531
    outer loop
      vertex -0.050849322229623795 -0.0043248641304671764 -4.7858258767519146e-05
      vertex -0.051092322915792465 -0.0027119608130306005 -4.8010228056227788e-05
      vertex -0.050834495574235916 -0.0026730955578386784 -9.6027681138366461e-05
    endloop
  endfacet
  facet normal -0.17937030641529786 -0.027068434785394925 -0.98340916866518535
    outer loop
      vertex -0.050849322229623795 -0.0043248641304671764 -4.7858258767519146e-05
      vertex -0.050834495574235916 -0.0026730955578386784 -9.6027681138366461e-05
      vertex -0.05065392330288887 -0.0038779149763286114 -9.5800642156973481e-05
    endloop
  endfacet
  facet normal -0.17993843196119264 -0.027202248500514104 -0.9833016822826367
    outer loop
      vertex -0.050120323896408081 -0.0091635733842849731 -4.7402358177350834e-05
      vertex -0.050363324582576752 -0.0075506702996790409 -4.7554323828080669e-05
      vertex -0.050112210214138031 -0.0074923727661371231 -9.5119532488752156e-05
    endloop
  endfacet
  facet normal -0.18024291544541685 -0.027199180349740948 -0.98324599974779381
    outer loop
      vertex -0.050120323896408081 -0.0091635733842849731 -4.7402358177350834e-05
      vertex -0.050112210214138031 -0.0074923727661371231 -9.5119532488752156e-05
      vertex -0.049931637942790985 -0.0086971921846270561 -9.4892500783316791e-05
    endloop
  endfacet
  facet normal -0.18060021533774873 -0.027301933499809351 -0.98317758652602072
    outer loop
      vertex -0.049634326249361038 -0.012389380484819412 -4.7098423237912357e-05
      vertex -0.049877326935529709 -0.010776476934552193 -4.7250388888642192e-05
      vertex -0.049570497125387192 -0.011106831021606922 -9.4438430096488446e-05
    endloop
  endfacet
  facet normal -0.18083860787157532 -0.027288465685532965 -0.98313414015768985
    outer loop
      vertex -0.049634326249361038 -0.012389380484819412 -4.7098423237912357e-05
      vertex -0.049570497125387192 -0.011106831021606922 -9.4438430096488446e-05
      vertex -0.049389924854040146 -0.012311649508774281 -9.4211391115095466e-05
    endloop
  endfacet
  facet normal -0.18037940243312917 -0.027268255246701036 -0.98321905668760712
    outer loop
      vertex -0.049877326935529709 -0.010776476934552193 -4.7250388888642192e-05
      vertex -0.050120323896408081 -0.0091635733842849731 -4.7402358177350834e-05
      vertex -0.049751069396734238 -0.0099020116031169891 -9.4665461801923811e-05
    endloop
  endfacet
  facet normal -0.18053937919715871 -0.027243602363713645 -0.98319037764277994
    outer loop
      vertex -0.049877326935529709 -0.010776476934552193 -4.7250388888642192e-05
      vertex -0.049751069396734238 -0.0099020116031169891 -9.4665461801923811e-05
      vertex -0.049570497125387192 -0.011106831021606922 -9.4438430096488446e-05
    endloop
  endfacet
  facet normal -0.18037777521311515 -0.02726801012161699 -0.98321936201092697
    outer loop
      vertex -0.050120323896408081 -0.0091635733842849731 -4.7402358177350834e-05
      vertex -0.049877326935529709 -0.010776476934552193 -4.7250388888642192e-05
      vertex -0.05026707798242569 -0.0099020116031169891 -3.6383212341366841e-16
    endloop
  endfacet
  facet normal -0.17972097696190639 -0.027169492685143192 -0.98334235600175901
    outer loop
      vertex -0.050363324582576752 -0.0075506702996790409 -4.7554323828080669e-05
      vertex -0.050606325268745422 -0.0059377672150731087 -4.7706293116789311e-05
      vertex -0.050292782485485077 -0.0062875533476471901 -9.5346571470145136e-05
    endloop
  endfacet
  facet normal -0.17994923108887104 -0.027155180719873107 -0.98330100701188894
    outer loop
      vertex -0.050363324582576752 -0.0075506702996790409 -4.7554323828080669e-05
      vertex -0.050292782485485077 -0.0062875533476471901 -9.5346571470145136e-05
      vertex -0.050112210214138031 -0.0074923727661371231 -9.5119532488752156e-05
    endloop
  endfacet
  facet normal -0.17865423215687798 -0.02700879003277629 -0.98354114839868378
    outer loop
      vertex -0.051335323601961136 -0.0010990576120093465 -4.816219734493643e-05
      vertex -0.051578324288129807 0.00051384564721956849 -4.8314162995666265e-05
      vertex -0.051195636391639709 -0.00026345709920860827 -9.6481751825194806e-05
    endloop
  endfacet
  facet normal -0.17879984088390508 -0.026982959559346799 -0.98351539733412852
    outer loop
      vertex -0.051335323601961136 -0.0010990576120093465 -4.816219734493643e-05
      vertex -0.051195636391639709 -0.00026345709920860827 -9.6481751825194806e-05
      vertex -0.051015064120292664 -0.001468276372179389 -9.6254712843801826e-05
    endloop
  endfacet
  facet normal -0.1812790097097442 -0.027404188889263128 -0.98304981108282385
    outer loop
      vertex -0.049148324877023697 -0.015615186654031277 -4.679448829847388e-05
      vertex -0.049391325563192368 -0.014002283103764057 -4.6946453949203715e-05
      vertex -0.049028784036636353 -0.014721288345754147 -9.3757320428267121e-05
    endloop
  endfacet
  facet normal -0.18144881095877557 -0.027379871156192014 -0.98301916138858492
    outer loop
      vertex -0.049148324877023697 -0.015615186654031277 -4.679448829847388e-05
      vertex -0.049028784036636353 -0.014721288345754147 -9.3757320428267121e-05
      vertex -0.048848211765289307 -0.01592610776424408 -9.3530288722831756e-05
    endloop
  endfacet
  facet normal -0.18150728039996783 -0.027438175020597293 -0.9830067414384025
    outer loop
      vertex -0.048905327916145325 -0.017228089272975922 -4.6642519009765238e-05
      vertex -0.049148324877023697 -0.015615186654031277 -4.679448829847388e-05
      vertex -0.048848211765289307 -0.01592610776424408 -9.3530288722831756e-05
    endloop
  endfacet
  facet normal -0.18175727941364428 -0.027425557021489379 -0.98296089963040323
    outer loop
      vertex -0.048905327916145325 -0.017228089272975922 -4.6642519009765238e-05
      vertex -0.048848211765289307 -0.01592610776424408 -9.3530288722831756e-05
      vertex -0.048667643219232559 -0.017130926251411438 -9.3303249741438776e-05
    endloop
  endfacet
  facet normal -0.1843413327057381 -0.027917723538503032 -0.98246571124324744
    outer loop
      vertex -0.047347642481327057 -0.029179120436310768 -2.761699837848015e-16
      vertex -0.046961329877376556 -0.030131315812468529 -4.5426779252011329e-05
      vertex -0.047165177762508392 -0.030383938923478127 -2.7069110998416467e-16
    endloop
  endfacet
  facet normal -0.18434195339915513 -0.027917204395999169 -0.98246560953332918
    outer loop
      vertex -0.046982716768980026 -0.031588759273290634 -2.6521220971374823e-16
      vertex -0.047165177762508392 -0.030383938923478127 -2.7069110998416467e-16
      vertex -0.046961329877376556 -0.030131315812468529 -4.5426779252011329e-05
    endloop
  endfacet
  facet normal -0.18464346321935249 -0.027911020639360608 -0.9824091644611388
    outer loop
      vertex -0.046982716768980026 -0.031588759273290634 -2.6521220971374823e-16
      vertex -0.046961329877376556 -0.030131315812468529 -4.5426779252011329e-05
      vertex -0.046718329191207886 -0.031744219362735748 -4.5274809963302687e-05
    endloop
  endfacet
  facet normal -0.18220443246445178 -0.02754359917581977 -0.98287481142551869
    outer loop
      vertex -0.048807360231876373 -0.019540565088391304 -3.2000105359923496e-16
      vertex -0.048662327229976654 -0.018840992823243141 -4.6490553359035403e-05
      vertex -0.048419326543807983 -0.020453896373510361 -4.633858407032676e-05
    endloop
  endfacet
  facet normal -0.18173817041897788 -0.027473358053144884 -0.98296309798997339
    outer loop
      vertex -0.048662327229976654 -0.018840992823243141 -4.6490553359035403e-05
      vertex -0.048905327916145325 -0.017228089272975922 -4.6642519009765238e-05
      vertex -0.048667643219232559 -0.017130926251411438 -9.3303249741438776e-05
    endloop
  endfacet
  facet normal -0.18206851525397041 -0.027472711935936856 -0.98290198181308996
    outer loop
      vertex -0.048662327229976654 -0.018840992823243141 -4.6490553359035403e-05
      vertex -0.048667643219232559 -0.017130926251411438 -9.3303249741438776e-05
      vertex -0.048487070947885513 -0.018335746601223946 -9.3076210760045797e-05
    endloop
  endfacet
  facet normal -0.18127714721020047 -0.027403908317442469 -0.98305016235605225
    outer loop
      vertex -0.049148324877023697 -0.015615186654031277 -4.679448829847388e-05
      vertex -0.049537219107151031 -0.014721288345754147 -3.4191660174134149e-16
      vertex -0.049391325563192368 -0.014002283103764057 -4.6946453949203715e-05
    endloop
  endfacet
  facet normal -0.18244197757806443 -0.02757896218865754 -0.98282975415989615
    outer loop
      vertex -0.048176329582929611 -0.02206679992377758 -4.6186614781618118e-05
      vertex -0.048419326543807983 -0.020453896373510361 -4.633858407032676e-05
      vertex -0.04812593013048172 -0.020745385438203812 -9.2622140073217452e-05
    endloop
  endfacet
  facet normal -0.18270040292072903 -0.027567430094148339 -0.9827820712500851
    outer loop
      vertex -0.048176329582929611 -0.02206679992377758 -4.6186614781618118e-05
      vertex -0.04812593013048172 -0.020745385438203812 -9.2622140073217452e-05
      vertex -0.047945357859134674 -0.02195020392537117 -9.2395108367782086e-05
    endloop
  endfacet
  facet normal -0.18315990979215957 -0.027687566626842856 -0.98269315968882776
    outer loop
      vertex -0.04769032821059227 -0.02529260516166687 -4.5882679842179641e-05
      vertex -0.047933328896760941 -0.0236797034740448 -4.6034649130888283e-05
      vertex -0.047584217041730881 -0.024359842762351036 -9.1941037680953741e-05
    endloop
  endfacet
  facet normal -0.18334799315286937 -0.027664470427630865 -0.9826587355144073
    outer loop
      vertex -0.04769032821059227 -0.02529260516166687 -4.5882679842179641e-05
      vertex -0.047584217041730881 -0.024359842762351036 -9.1941037680953741e-05
      vertex -0.047403644770383835 -0.025564661249518394 -9.1713998699560761e-05
    endloop
  endfacet
  facet normal -0.18267709142806682 -0.027614799490240604 -0.98278507473226095
    outer loop
      vertex -0.047933328896760941 -0.0236797034740448 -4.6034649130888283e-05
      vertex -0.048176329582929611 -0.02206679992377758 -4.6186614781618118e-05
      vertex -0.047945357859134674 -0.02195020392537117 -9.2395108367782086e-05
    endloop
  endfacet
  facet normal -0.1830212999347676 -0.027615476296573994 -0.9827210129223356
    outer loop
      vertex -0.047933328896760941 -0.0236797034740448 -4.6034649130888283e-05
      vertex -0.047945357859134674 -0.02195020392537117 -9.2395108367782086e-05
      vertex -0.047764785587787628 -0.023155024275183678 -9.2168069386389107e-05
    endloop
  endfacet
  facet normal -0.18315958955630846 -0.027687518385679143 -0.98269322073534604
    outer loop
      vertex -0.047933328896760941 -0.0236797034740448 -4.6034649130888283e-05
      vertex -0.04769032821059227 -0.02529260516166687 -4.5882679842179641e-05
      vertex -0.048077501356601715 -0.024359842762351036 -2.9808553192690803e-16
    endloop
  endfacet
  facet normal -0.18400737373829426 -0.027867103767751793 -0.98252975066281478
    outer loop
      vertex -0.047530107200145721 -0.02797430008649826 -2.8164885758543833e-16
      vertex -0.047204330563545227 -0.028518412262201309 -4.5578744902741164e-05
      vertex -0.047347642481327057 -0.029179120436310768 -2.761699837848015e-16
    endloop
  endfacet
  facet normal -0.18364763591850433 -0.027760582724781033 -0.98260006913714626
    outer loop
      vertex -0.047204330563545227 -0.028518412262201309 -4.5578744902741164e-05
      vertex -0.047447327524423599 -0.02690550871193409 -4.5730714191449806e-05
      vertex -0.047223072499036789 -0.026769481599330902 -9.1486966994125396e-05
    endloop
  endfacet
  facet normal -0.18400714533785981 -0.027762668226551501 -0.98253274994656259
    outer loop
      vertex -0.047204330563545227 -0.028518412262201309 -4.5578744902741164e-05
      vertex -0.047223072499036789 -0.026769481599330902 -9.1486966994125396e-05
      vertex -0.047042503952980042 -0.02797430008649826 -9.1259928012732416e-05
    endloop
  endfacet
  facet normal -0.18439239530295828 -0.027873199192026268 -0.98245739313277081
    outer loop
      vertex -0.046718329191207886 -0.031744219362735748 -4.5274809963302687e-05
      vertex -0.046961329877376556 -0.030131315812468529 -4.5426779252011329e-05
      vertex -0.04668135941028595 -0.030383938923478127 -9.0805857325904071e-05
    endloop
  endfacet
  facet normal -0.18468076748505491 -0.027863557886068445 -0.98240349972048691
    outer loop
      vertex -0.046718329191207886 -0.031744219362735748 -4.5274809963302687e-05
      vertex -0.04668135941028595 -0.030383938923478127 -9.0805857325904071e-05
      vertex -0.046500790864229202 -0.031588759273290634 -9.0578818344511092e-05
    endloop
  endfacet
  facet normal -0.18414222005801484 -0.027835509996317034 -0.98250538277169286
    outer loop
      vertex -0.046961329877376556 -0.030131315812468529 -4.5426779252011329e-05
      vertex -0.047204330563545227 -0.028518412262201309 -4.5578744902741164e-05
      vertex -0.046861931681632996 -0.029179120436310768 -9.1032889031339437e-05
    endloop
  endfacet
  facet normal -0.18434004637869739 -0.027813112785120709 -0.98246891963985417
    outer loop
      vertex -0.046961329877376556 -0.030131315812468529 -4.5426779252011329e-05
      vertex -0.046861931681632996 -0.029179120436310768 -9.1032889031339437e-05
      vertex -0.04668135941028595 -0.030383938923478127 -9.0805857325904071e-05
    endloop
  endfacet
  facet normal -0.18414396312697578 -0.02783577257629424 -0.98250504864299382
    outer loop
      vertex -0.047347642481327057 -0.029179120436310768 -2.761699837848015e-16
      vertex -0.047204330563545227 -0.028518412262201309 -4.5578744902741164e-05
      vertex -0.046961329877376556 -0.030131315812468529 -4.5426779252011329e-05
    endloop
  endfacet
  facet normal -0.18340268430808623 -0.027724104576770783 -0.98264684877834141
    outer loop
      vertex -0.047447327524423599 -0.02690550871193409 -4.5730714191449806e-05
      vertex -0.04769032821059227 -0.02529260516166687 -4.5882679842179641e-05
      vertex -0.047403644770383835 -0.025564661249518394 -9.1713998699560761e-05
    endloop
  endfacet
  facet normal -0.18367541736604179 -0.027713482596794545 -0.98259620594513164
    outer loop
      vertex -0.047447327524423599 -0.02690550871193409 -4.5730714191449806e-05
      vertex -0.047403644770383835 -0.025564661249518394 -9.1713998699560761e-05
      vertex -0.047223072499036789 -0.026769481599330902 -9.1486966994125396e-05
    endloop
  endfacet
  facet normal -0.18220413898462992 -0.027543554965276672 -0.98287486706942728
    outer loop
      vertex -0.048419326543807983 -0.020453896373510361 -4.633858407032676e-05
      vertex -0.048662327229976654 -0.018840992823243141 -4.6490553359035403e-05
      vertex -0.048306498676538467 -0.019540565088391304 -9.2849179054610431e-05
    endloop
  endfacet
  facet normal -0.18238488892585111 -0.027519553160918978 -0.98284201501834889
    outer loop
      vertex -0.048419326543807983 -0.020453896373510361 -4.633858407032676e-05
      vertex -0.048306498676538467 -0.019540565088391304 -9.2849179054610431e-05
      vertex -0.04812593013048172 -0.020745385438203812 -9.2622140073217452e-05
    endloop
  endfacet
  facet normal -0.18467587281054693 -0.02796838823763213 -0.98240144099092797
    outer loop
      vertex -0.046800252050161362 -0.032793577760457993 -2.597333359131114e-16
      vertex -0.046982716768980026 -0.031588759273290634 -2.6521220971374823e-16
      vertex -0.046718329191207886 -0.031744219362735748 -4.5274809963302687e-05
    endloop
  endfacet
  facet normal -0.18489926733104006 -0.027949158555493077 -0.98235996736251641
    outer loop
      vertex -0.046800252050161362 -0.032793577760457993 -2.597333359131114e-16
      vertex -0.046718329191207886 -0.031744219362735748 -4.5274809963302687e-05
      vertex -0.046475332230329514 -0.033357121050357819 -4.5122844312572852e-05
    endloop
  endfacet
  facet normal -0.18082387282743423 -0.027335643865639712 -0.98313553978591317
    outer loop
      vertex -0.049391325563192368 -0.014002283103764057 -4.6946453949203715e-05
      vertex -0.049634326249361038 -0.012389380484819412 -4.7098423237912357e-05
      vertex -0.049389924854040146 -0.012311649508774281 -9.4211391115095466e-05
    endloop
  endfacet
  facet normal -0.18114460431390858 -0.027333728911483723 -0.98307654818521184
    outer loop
      vertex -0.049391325563192368 -0.014002283103764057 -4.6946453949203715e-05
      vertex -0.049389924854040146 -0.012311649508774281 -9.4211391115095466e-05
      vertex -0.049209356307983398 -0.013516468927264214 -9.3984359409660101e-05
    endloop
  endfacet
  facet normal -0.17762403922802258 -0.026876994151189493 -0.98373132911060579
    outer loop
      vertex -0.052564132958650589 0.0061590070836246014 -2.4422974092885852e-05
      vertex -0.052442315965890884 0.0053525553084909916 -2.4384982680203393e-05
      vertex -0.05263911560177803 0.0057606394402682781 -4.3505761517084523e-16
    endloop
  endfacet
  facet normal -0.18501943952585914 -0.028020419979153863 -0.98233531091055093
    outer loop
      vertex -0.046475332230329514 -0.033357121050357819 -4.5122844312572852e-05
      vertex -0.046617787331342697 -0.033998396247625351 -2.5425443564269497e-16
      vertex -0.046800252050161362 -0.032793577760457993 -2.597333359131114e-16
    endloop
  endfacet
  facet normal -0.18536421146940069 -0.028072634247448151 -0.98226882079842903
    outer loop
      vertex -0.046232331544160843 -0.034970026463270187 -4.497087502386421e-05
      vertex -0.046435322612524033 -0.035203214734792709 -2.4877556184205814e-16
      vertex -0.046617787331342697 -0.033998396247625351 -2.5425443564269497e-16
    endloop
  endfacet
  facet normal -0.18571175986668578 -0.028125268998044975 -0.982201665388023
    outer loop
      vertex -0.046070393174886703 -0.037612855434417725 -2.3781778777100487e-16
      vertex -0.046252857893705368 -0.036408036947250366 -2.4329668804142131e-16
      vertex -0.045989330857992172 -0.036582928150892258 -4.4818909373134375e-05
    endloop
  endfacet
  facet normal -0.18593641702955693 -0.028105761610702294 -0.98215971969252192
    outer loop
      vertex -0.046070393174886703 -0.037612855434417725 -2.3781778777100487e-16
      vertex -0.045989330857992172 -0.036582928150892258 -4.4818909373134375e-05
      vertex -0.045746330171823502 -0.038195833563804626 -4.4666940084425732e-05
    endloop
  endfacet
  facet normal -0.18642203293773874 -0.028232836882813122 -0.98206401652688047
    outer loop
      vertex -0.045503333210945129 -0.039808735251426697 -4.4514974433695897e-05
      vertex -0.045705463737249374 -0.040022492408752441 -2.2686004016973121e-16
      vertex -0.045887928456068039 -0.038817673921585083 -2.3233891397036804e-16
    endloop
  endfacet
  facet normal -0.18606381230665101 -0.028178585867060416 -0.98213350673340116
    outer loop
      vertex -0.045887928456068039 -0.038817673921585083 -2.3233891397036804e-16
      vertex -0.046070393174886703 -0.037612855434417725 -2.3781778777100487e-16
      vertex -0.045746330171823502 -0.038195833563804626 -4.4666940084425732e-05
    endloop
  endfacet
  facet normal -0.18536429387167644 -0.028072559926769949 -0.98226880737230604
    outer loop
      vertex -0.046252857893705368 -0.036408036947250366 -2.4329668804142131e-16
      vertex -0.046435322612524033 -0.035203214734792709 -2.4877556184205814e-16
      vertex -0.046232331544160843 -0.034970026463270187 -4.497087502386421e-05
    endloop
  endfacet
  facet normal -0.18567412998894439 -0.028066312777218959 -0.98221046601018258
    outer loop
      vertex -0.046252857893705368 -0.036408036947250366 -2.4329668804142131e-16
      vertex -0.046232331544160843 -0.034970026463270187 -4.497087502386421e-05
      vertex -0.045989330857992172 -0.036582928150892258 -4.4818909373134375e-05
    endloop
  endfacet
  facet normal -0.18678111670214911 -0.028287131152885309 -0.98199422231224842
    outer loop
      vertex -0.045340534299612045 -0.042432133108377457 -2.1590226609867794e-16
      vertex -0.04552299901843071 -0.0412273108959198 -2.2138113989931478e-16
      vertex -0.045260332524776459 -0.041421636939048767 -4.4363005144987255e-05
    endloop
  endfacet
  facet normal -0.18700827762656683 -0.028267228752368576 -0.98195156086123014
    outer loop
      vertex -0.045340534299612045 -0.042432133108377457 -2.1590226609867794e-16
      vertex -0.045260332524776459 -0.041421636939048767 -4.4363005144987255e-05
      vertex -0.045017331838607788 -0.043034542351961136 -4.4211035856278613e-05
    endloop
  endfacet
  facet normal -0.18751402128401279 -0.028398213948884379 -0.98185132951298293
    outer loop
      vertex -0.045158069580793381 -0.043636951595544815 -2.1042337906315131e-16
      vertex -0.044774334877729416 -0.044647444039583206 -4.4059070205548778e-05
      vertex -0.044975604861974716 -0.044841770082712173 -2.0494449202762468e-16
    endloop
  endfacet
  facet normal -0.1871441840291338 -0.028342203644063424 -0.98192350714129861
    outer loop
      vertex -0.045158069580793381 -0.043636951595544815 -2.1042337906315131e-16
      vertex -0.045340534299612045 -0.042432133108377457 -2.1590226609867794e-16
      vertex -0.045017331838607788 -0.043034542351961136 -4.4211035856278613e-05
    endloop
  endfacet
  facet normal -0.18788536057096608 -0.028454451730178354 -0.981778710025764
    outer loop
      vertex -0.044793140143156052 -0.046046588569879532 -1.9946560499209805e-16
      vertex -0.044531334191560745 -0.046260349452495575 -4.3907100916840136e-05
      vertex -0.044610675424337387 -0.04725140705704689 -1.9398673119146122e-16
    endloop
  endfacet
  facet normal -0.18825985821371308 -0.028511167831242454 -0.98170532192417659
    outer loop
      vertex -0.044245745986700058 -0.049661047756671906 -1.8302895712040795e-16
      vertex -0.044428210705518723 -0.048456229269504547 -1.8850784415593458e-16
      vertex -0.044288333505392075 -0.047873251140117645 -4.3755135266110301e-05
    endloop
  endfacet
  facet normal -0.18868053506633309 -0.028519206465509366 -0.98162432251328191
    outer loop
      vertex -0.044245745986700058 -0.049661047756671906 -1.8302895712040795e-16
      vertex -0.044288333505392075 -0.047873251140117645 -4.3755135266110301e-05
      vertex -0.044045332819223404 -0.049486152827739716 -4.3603165977401659e-05
    endloop
  endfacet
  facet normal -0.18826007576436563 -0.028511112622218601 -0.98170528180826166
    outer loop
      vertex -0.044288333505392075 -0.047873251140117645 -4.3755135266110301e-05
      vertex -0.044428210705518723 -0.048456229269504547 -1.8850784415593458e-16
      vertex -0.044610675424337387 -0.04725140705704689 -1.9398673119146122e-16
    endloop
  endfacet
  facet normal -0.18751402128401279 -0.028398213948884372 -0.98185132951298293
    outer loop
      vertex -0.044793140143156052 -0.046046588569879532 -1.9946560499209805e-16
      vertex -0.044975604861974716 -0.044841770082712173 -2.0494449202762468e-16
      vertex -0.044774334877729416 -0.044647444039583206 -4.4059070205548778e-05
    endloop
  endfacet
  facet normal -0.18783620945905491 -0.028391949915806038 -0.9817899243708057
    outer loop
      vertex -0.044793140143156052 -0.046046588569879532 -1.9946560499209805e-16
      vertex -0.044774334877729416 -0.044647444039583206 -4.4059070205548778e-05
      vertex -0.044531334191560745 -0.046260349452495575 -4.3907100916840136e-05
    endloop
  endfacet
  facet normal -0.18642203293773874 -0.028232836882813118 -0.98206401652688047
    outer loop
      vertex -0.04552299901843071 -0.0412273108959198 -2.2138113989931478e-16
      vertex -0.045705463737249374 -0.040022492408752441 -2.2686004016973121e-16
      vertex -0.045503333210945129 -0.039808735251426697 -4.4514974433695897e-05
    endloop
  endfacet
  facet normal -0.18673799790833906 -0.028226578500950169 -0.98200416516597067
    outer loop
      vertex -0.04552299901843071 -0.0412273108959198 -2.2138113989931478e-16
      vertex -0.045503333210945129 -0.039808735251426697 -4.4514974433695897e-05
      vertex -0.045260332524776459 -0.041421636939048767 -4.4363005144987255e-05
    endloop
  endfacet
  facet normal -0.18902555879538935 -0.02862712998058109 -0.98155480007545481
    outer loop
      vertex -0.044063281267881393 -0.050865866243839264 -1.7755007008488132e-16
      vertex -0.043802335858345032 -0.051099058240652084 -4.3451200326671824e-05
      vertex -0.043880816549062729 -0.052070684731006622 -1.7207119628424449e-16
    endloop
  endfacet
  facet normal -0.18941277284161573 -0.028685683231814599 -0.98147844248458893
    outer loop
      vertex -0.043880816549062729 -0.052070684731006622 -1.7207119628424449e-16
      vertex -0.043559335172176361 -0.052711959928274155 -4.3299231037963182e-05
      vertex -0.043698351830244064 -0.053275506943464279 -1.6659230924871785e-16
    endloop
  endfacet
  facet normal -0.18980479685926055 -0.028745142324956171 -0.98140096590635806
    outer loop
      vertex -0.043333422392606735 -0.055685143917798996 -1.5563453517766459e-16
      vertex -0.0435158871114254 -0.054480325430631638 -1.6111342221319122e-16
      vertex -0.04331633448600769 -0.054324865341186523 -4.3147265387233347e-05
    endloop
  endfacet
  facet normal -0.19014150652803896 -0.028738850922046626 -0.98133596996285033
    outer loop
      vertex -0.043333422392606735 -0.055685143917798996 -1.5563453517766459e-16
      vertex -0.04331633448600769 -0.054324865341186523 -4.3147265387233347e-05
      vertex -0.043073337525129318 -0.055937767028808594 -4.2995296098524705e-05
    endloop
  endfacet
  facet normal -0.19060155338746765 -0.028865807767456186 -0.981242993854334
    outer loop
      vertex -0.043150961399078369 -0.056889962404966354 -1.5015566137702776e-16
      vertex -0.042830336838960648 -0.057550668716430664 -4.284333044779487e-05
      vertex -0.042968496680259705 -0.058094780892133713 -1.4467677434150113e-16
    endloop
  endfacet
  facet normal -0.19020337517978353 -0.028804917236413975 -0.98132204337476381
    outer loop
      vertex -0.043073337525129318 -0.055937767028808594 -4.2995296098524705e-05
      vertex -0.043150961399078369 -0.056889962404966354 -1.5015566137702776e-16
      vertex -0.043333422392606735 -0.055685143917798996 -1.5563453517766459e-16
    endloop
  endfacet
  facet normal -0.18941255775302529 -0.028685739353478557 -0.98147848235363822
    outer loop
      vertex -0.0435158871114254 -0.054480325430631638 -1.6111342221319122e-16
      vertex -0.043698351830244064 -0.053275506943464279 -1.6659230924871785e-16
      vertex -0.043559335172176361 -0.052711959928274155 -4.3299231037963182e-05
    endloop
  endfacet
  facet normal -0.18984314250674952 -0.028694275472421118 -0.98139503758592272
    outer loop
      vertex -0.0435158871114254 -0.054480325430631638 -1.6111342221319122e-16
      vertex -0.043559335172176361 -0.052711959928274155 -4.3299231037963182e-05
      vertex -0.04331633448600769 -0.054324865341186523 -4.3147265387233347e-05
    endloop
  endfacet
  facet normal -0.19100667837571067 -0.028927162251848243 -0.98116240658717302
    outer loop
      vertex -0.042603567242622375 -0.060504421591758728 -1.3371900027044786e-16
      vertex -0.04278603196144104 -0.05929960310459137 -1.3919788730597449e-16
      vertex -0.042587336152791977 -0.059163574129343033 -4.2691361159086227e-05
    endloop
  endfacet
  facet normal -0.19134730483871792 -0.028920931545603389 -0.98109621783466949
    outer loop
      vertex -0.042603567242622375 -0.060504421591758728 -1.3371900027044786e-16
      vertex -0.042587336152791977 -0.059163574129343033 -4.2691361159086227e-05
      vertex -0.042344335466623306 -0.060776475816965103 -4.2539395508356392e-05
    endloop
  endfacet
  facet normal -0.19183449130460134 -0.029052531056289164 -0.98099718571723149
    outer loop
      vertex -0.042421102523803711 -0.061709240078926086 -1.2824012646981103e-16
      vertex -0.042101338505744934 -0.062389381229877472 -4.238742621964775e-05
      vertex -0.042238637804985046 -0.062914058566093445 -1.227612394342844e-16
    endloop
  endfacet
  facet normal -0.19141642415926655 -0.028989216536356641 -0.9810807193532487
    outer loop
      vertex -0.042344335466623306 -0.060776475816965103 -4.2539395508356392e-05
      vertex -0.042421102523803711 -0.061709240078926086 -1.2824012646981103e-16
      vertex -0.042603567242622375 -0.060504421591758728 -1.3371900027044786e-16
    endloop
  endfacet
  facet normal -0.19225369838748105 -0.029116018214993274 -0.98091323415460119
    outer loop
      vertex -0.041873708367347717 -0.065323695540428162 -1.1180346536323113e-16
      vertex -0.042056173086166382 -0.064118877053260803 -1.1728235239875776e-16
      vertex -0.041858337819576263 -0.064002282917499542 -4.2235456930939108e-05
    endloop
  endfacet
  facet normal -0.1926010967442483 -0.029109804903297617 -0.98084526648773973
    outer loop
      vertex -0.041873708367347717 -0.065323695540428162 -1.1180346536323113e-16
      vertex -0.041858337819576263 -0.064002282917499542 -4.2235456930939108e-05
      vertex -0.041615337133407593 -0.065615184605121613 -4.2083491280209273e-05
    endloop
  endfacet
  facet normal -0.19310943314187515 -0.029245434809721436 -0.98074127647122811
    outer loop
      vertex -0.041691243648529053 -0.06652851402759552 -1.063245849451494e-16
      vertex -0.041372340172529221 -0.067228086292743683 -4.1931521991500631e-05
      vertex -0.041508778929710388 -0.067733339965343475 -1.0084570452706767e-16
    endloop
  endfacet
  facet normal -0.19267776862689431 -0.029180241878406531 -0.98082811489112531
    outer loop
      vertex -0.041615337133407593 -0.065615184605121613 -4.2083491280209273e-05
      vertex -0.041691243648529053 -0.06652851402759552 -1.063245849451494e-16
      vertex -0.041873708367347717 -0.065323695540428162 -1.1180346536323113e-16
    endloop
  endfacet
  facet normal -0.19183449130460134 -0.029052531056289157 -0.98099718571723149
    outer loop
      vertex -0.042056173086166382 -0.064118877053260803 -1.1728235239875776e-16
      vertex -0.042238637804985046 -0.062914058566093445 -1.227612394342844e-16
      vertex -0.042101338505744934 -0.062389381229877472 -4.238742621964775e-05
    endloop
  endfacet
  facet normal -0.19228451669325999 -0.029062116970422339 -0.98090879188497271
    outer loop
      vertex -0.042056173086166382 -0.064118877053260803 -1.1728235239875776e-16
      vertex -0.042101338505744934 -0.062389381229877472 -4.238742621964775e-05
      vertex -0.041858337819576263 -0.064002282917499542 -4.2235456930939108e-05
    endloop
  endfacet
  facet normal -0.1906017658754536 -0.028865750695174219 -0.98124295425850716
    outer loop
      vertex -0.04278603196144104 -0.05929960310459137 -1.3919788730597449e-16
      vertex -0.042968496680259705 -0.058094780892133713 -1.4467677434150113e-16
      vertex -0.042830336838960648 -0.057550668716430664 -4.284333044779487e-05
    endloop
  endfacet
  facet normal -0.19104141340031391 -0.028874787033289925 -0.98115718671362362
    outer loop
      vertex -0.04278603196144104 -0.05929960310459137 -1.3919788730597449e-16
      vertex -0.042830336838960648 -0.057550668716430664 -4.284333044779487e-05
      vertex -0.042587336152791977 -0.059163574129343033 -4.2691361159086227e-05
    endloop
  endfacet
  facet normal -0.18863888610703192 -0.028568570019800718 -0.98163089165700257
    outer loop
      vertex -0.044063281267881393 -0.050865866243839264 -1.7755007008488132e-16
      vertex -0.044245745986700058 -0.049661047756671906 -1.8302895712040795e-16
      vertex -0.044045332819223404 -0.049486152827739716 -4.3603165977401659e-05
    endloop
  endfacet
  facet normal -0.18896969531786145 -0.028562261510963451 -0.98156744621490699
    outer loop
      vertex -0.044063281267881393 -0.050865866243839264 -1.7755007008488132e-16
      vertex -0.044045332819223404 -0.049486152827739716 -4.3603165977401659e-05
      vertex -0.043802335858345032 -0.051099058240652084 -4.3451200326671824e-05
    endloop
  endfacet
  facet normal -0.19354404942623352 -0.029311436480874042 -0.98065362928157429
    outer loop
      vertex -0.041143849492073059 -0.070142976939678192 -8.9887937073459303e-17
      vertex -0.041326314210891724 -0.068938158452510834 -9.5366817491541035e-17
      vertex -0.04112933948636055 -0.06884099543094635 -4.1779556340770796e-05
    endloop
  endfacet
  facet normal -0.19389847198588664 -0.029305245772067025 -0.98058379811812979
    outer loop
      vertex -0.041143849492073059 -0.070142976939678192 -8.9887937073459303e-17
      vertex -0.04112933948636055 -0.06884099543094635 -4.1779556340770796e-05
      vertex -0.040886338800191879 -0.07045389711856842 -4.1627587052062154e-05
    endloop
  endfacet
  facet normal -0.19398318554652103 -0.029377941808908781 -0.98056486795127229
    outer loop
      vertex -0.041143849492073059 -0.070142976939678192 -8.9887937073459303e-17
      vertex -0.040886338800191879 -0.07045389711856842 -4.1627587052062154e-05
      vertex -0.040961384773254395 -0.071347795426845551 -8.4409050037932671e-17
    endloop
  endfacet
  facet normal -0.19488051352300498 -0.029513838376450843 -0.98038284297171308
    outer loop
      vertex -0.040413990616798401 -0.074962250888347626 -6.7972402166242575e-17
      vertex -0.040596455335617065 -0.073757432401180267 -7.3451282584324307e-17
      vertex -0.040400341153144836 -0.073679700493812561 -4.1323652112623677e-05
    endloop
  endfacet
  facet normal -0.1952430827539503 -0.029507661363925033 -0.98031088770734676
    outer loop
      vertex -0.040413990616798401 -0.074962250888347626 -6.7972402166242575e-17
      vertex -0.040400341153144836 -0.073679700493812561 -4.1323652112623677e-05
      vertex -0.040157340466976166 -0.075292609632015228 -4.1171686461893842e-05
    endloop
  endfacet
  facet normal -0.19579711322205806 -0.029652653565741479 -0.98019600621019609
    outer loop
      vertex -0.040049061179161072 -0.077371887862682343 -5.701463471263421e-17
      vertex -0.040231525897979736 -0.076167069375514984 -6.2493515130715942e-17
      vertex -0.039914339780807495 -0.076905511319637299 -4.1019717173185199e-05
    endloop
  endfacet
  facet normal -0.1953365892103171 -0.029582909131034871 -0.98028999199370825
    outer loop
      vertex -0.040413990616798401 -0.074962250888347626 -6.7972402166242575e-17
      vertex -0.040157340466976166 -0.075292609632015228 -4.1171686461893842e-05
      vertex -0.040231525897979736 -0.076167069375514984 -6.2493515130715942e-17
    endloop
  endfacet
  facet normal -0.19442753480809596 -0.02944523664537927 -0.980474839935908
    outer loop
      vertex -0.040596455335617065 -0.073757432401180267 -7.3451282584324307e-17
      vertex -0.04077892005443573 -0.072552613914012909 -7.8930169619850939e-17
      vertex -0.040643338114023209 -0.072066798806190491 -4.1475621401332319e-05
    endloop
  endfacet
  facet normal -0.19490283220466742 -0.029456093902004536 -0.98038014286838537
    outer loop
      vertex -0.040596455335617065 -0.073757432401180267 -7.3451282584324307e-17
      vertex -0.040643338114023209 -0.072066798806190491 -4.1475621401332319e-05
      vertex -0.040400341153144836 -0.073679700493812561 -4.1323652112623677e-05
    endloop
  endfacet
  facet normal -0.18515486665884931 -0.027988027286165749 -0.98231071748259602
    outer loop
      vertex -0.046232331544160843 -0.034970026463270187 -4.497087502386421e-05
      vertex -0.046475332230329514 -0.033357121050357819 -4.5122844312572852e-05
      vertex -0.04613964632153511 -0.033998396247625351 -9.0124747657682747e-05
    endloop
  endfacet
  facet normal -0.18536520506382234 -0.027966148211861868 -0.98227167082525568
    outer loop
      vertex -0.046232331544160843 -0.034970026463270187 -4.497087502386421e-05
      vertex -0.04613964632153511 -0.033998396247625351 -9.0124747657682747e-05
      vertex -0.045959077775478363 -0.035203214734792709 -8.9897715952247381e-05
    endloop
  endfacet
  facet normal -0.18567625005000948 -0.028066569538941186 -0.98221005790089633
    outer loop
      vertex -0.045746330171823502 -0.038195833563804626 -4.4666940084425732e-05
      vertex -0.045989330857992172 -0.036582928150892258 -4.4818909373134375e-05
      vertex -0.045778505504131317 -0.036408036947250366 -8.9670676970854402e-05
    endloop
  endfacet
  facet normal -0.18606597087997201 -0.028071723159416414 -0.98213615799407084
    outer loop
      vertex -0.045746330171823502 -0.038195833563804626 -4.4666940084425732e-05
      vertex -0.045778505504131317 -0.036408036947250366 -8.9670676970854402e-05
      vertex -0.045597933232784271 -0.037612855434417725 -8.9443645265419036e-05
    endloop
  endfacet
  facet normal -0.1854155969049551 -0.028027366741798593 -0.98226041513332907
    outer loop
      vertex -0.045989330857992172 -0.036582928150892258 -4.4818909373134375e-05
      vertex -0.046232331544160843 -0.034970026463270187 -4.497087502386421e-05
      vertex -0.045959077775478363 -0.035203214734792709 -8.9897715952247381e-05
    endloop
  endfacet
  facet normal -0.18571448283832664 -0.028018975976354131 -0.98220418847067092
    outer loop
      vertex -0.045989330857992172 -0.036582928150892258 -4.4818909373134375e-05
      vertex -0.045959077775478363 -0.035203214734792709 -8.9897715952247381e-05
      vertex -0.045778505504131317 -0.036408036947250366 -8.9670676970854402e-05
    endloop
  endfacet
  facet normal -0.18620175588115637 -0.028145365503092181 -0.98210831607693438
    outer loop
      vertex -0.045503333210945129 -0.039808735251426697 -4.4514974433695897e-05
      vertex -0.045887928456068039 -0.038817673921585083 -2.3233891397036804e-16
      vertex -0.045746330171823502 -0.038195833563804626 -4.4666940084425732e-05
    endloop
  endfacet
  facet normal -0.19310901940339728 -0.029245553004118043 -0.98074135441233512
    outer loop
      vertex -0.041326314210891724 -0.068938158452510834 -9.5366817491541035e-17
      vertex -0.041508778929710388 -0.067733339965343475 -1.0084570452706767e-16
      vertex -0.041372340172529221 -0.067228086292743683 -4.1931521991500631e-05
    endloop
  endfacet
  facet normal -0.19357075735412771 -0.029255740983891301 -0.98065002091308451
    outer loop
      vertex -0.041326314210891724 -0.068938158452510834 -9.5366817491541035e-17
      vertex -0.041372340172529221 -0.067228086292743683 -4.1931521991500631e-05
      vertex -0.04112933948636055 -0.06884099543094635 -4.1779556340770796e-05
    endloop
  endfacet
  facet normal -0.19579751440967016 -0.029652530953091935 -0.9801959297809143
    outer loop
      vertex -0.039866596460342407 -0.078576713800430298 -5.1535750985830028e-17
      vertex -0.040049061179161072 -0.077371887862682343 -5.701463471263421e-17
      vertex -0.039914339780807495 -0.076905511319637299 -4.1019717173185199e-05
    endloop
  endfacet
  facet normal -0.19628307626241437 -0.029664010318649698 -0.98009846467830886
    outer loop
      vertex -0.039866596460342407 -0.078576713800430298 -5.1535750985830028e-17
      vertex -0.039914339780807495 -0.076905511319637299 -4.1019717173185199e-05
      vertex -0.039671342819929123 -0.078518413007259369 -4.0867751522455364e-05
    endloop
  endfacet
  facet normal -0.18673733659532971 -0.028226413685406054 -0.98200429565849801
    outer loop
      vertex -0.045017331838607788 -0.043034542351961136 -4.4211035856278613e-05
      vertex -0.045260332524776459 -0.041421636939048767 -4.4363005144987255e-05
      vertex -0.045056220144033432 -0.0412273108959198 -8.8762535597197711e-05
    endloop
  endfacet
  facet normal -0.18714894345797867 -0.028233334083268696 -0.981925736402252
    outer loop
      vertex -0.045017331838607788 -0.043034542351961136 -4.4211035856278613e-05
      vertex -0.045056220144033432 -0.0412273108959198 -8.8762535597197711e-05
      vertex -0.044875651597976685 -0.042432133108377457 -8.8535496615804732e-05
    endloop
  endfacet
  facet normal -0.1864687664587292 -0.028186020867526574 -0.98205648888595765
    outer loop
      vertex -0.045260332524776459 -0.041421636939048767 -4.4363005144987255e-05
      vertex -0.045503333210945129 -0.039808735251426697 -4.4514974433695897e-05
      vertex -0.045236792415380478 -0.040022492408752441 -8.8989574578590691e-05
    endloop
  endfacet
  facet normal -0.18678107880332534 -0.028178879791432597 -0.98199734181654785
    outer loop
      vertex -0.045260332524776459 -0.041421636939048767 -4.4363005144987255e-05
      vertex -0.045236792415380478 -0.040022492408752441 -8.8989574578590691e-05
      vertex -0.045056220144033432 -0.0412273108959198 -8.8762535597197711e-05
    endloop
  endfacet
  facet normal -0.19442753480809596 -0.029445236645379274 -0.980474839935908
    outer loop
      vertex -0.040643338114023209 -0.072066798806190491 -4.1475621401332319e-05
      vertex -0.04077892005443573 -0.072552613914012909 -7.8930169619850939e-17
      vertex -0.040961384773254395 -0.071347795426845551 -8.4409050037932671e-17
    endloop
  endfacet
  facet normal -0.18620409613361474 -0.028145718038697344 -0.98210786227336022
    outer loop
      vertex -0.045503333210945129 -0.039808735251426697 -4.4514974433695897e-05
      vertex -0.045746330171823502 -0.038195833563804626 -4.4666940084425732e-05
      vertex -0.045417364686727524 -0.038817673921585083 -8.9216606284026057e-05
    endloop
  endfacet
  facet normal -0.18642162609170784 -0.028125014017426637 -0.98206718757518985
    outer loop
      vertex -0.045503333210945129 -0.039808735251426697 -4.4514974433695897e-05
      vertex -0.045417364686727524 -0.038817673921585083 -8.9216606284026057e-05
      vertex -0.045236792415380478 -0.040022492408752441 -8.8989574578590691e-05
    endloop
  endfacet
  facet normal -0.18515636255713888 -0.027988252631361222 -0.98231042910031874
    outer loop
      vertex -0.046232331544160843 -0.034970026463270187 -4.497087502386421e-05
      vertex -0.046617787331342697 -0.033998396247625351 -2.5425443564269497e-16
      vertex -0.046475332230329514 -0.033357121050357819 -4.5122844312572852e-05
    endloop
  endfacet
  facet normal -0.19673744162391379 -0.029795062367788668 -0.98000338434200129
    outer loop
      vertex -0.039684131741523743 -0.079781532287597656 -4.6056867259025846e-17
      vertex -0.039428342133760452 -0.080131314694881439 -4.0715782233746722e-05
      vertex -0.039501667022705078 -0.080986350774765015 -4.0577983532221664e-17
    endloop
  endfacet
  facet normal -0.19721285537737807 -0.029866452010815926 -0.97990565092675486
    outer loop
      vertex -0.039501667022705078 -0.080986350774765015 -4.0577983532221664e-17
      vertex -0.039185341447591782 -0.08174421638250351 -4.0563816583016887e-05
      vertex -0.039319206029176712 -0.082191169261932373 -3.5099099805417481e-17
    endloop
  endfacet
  facet normal -0.19769608133849878 -0.029940244341532612 -0.9798060222269358
    outer loop
      vertex -0.038954276591539383 -0.08460080623626709 -2.4141330697447892e-17
      vertex -0.039136741310358047 -0.083395987749099731 -2.9620216078613299e-17
      vertex -0.038942340761423111 -0.083357125520706177 -4.0411847294308245e-05
    endloop
  endfacet
  facet normal -0.19807608636468563 -0.029934109542357413 -0.97972945913469189
    outer loop
      vertex -0.038954276591539383 -0.08460080623626709 -2.4141330697447892e-17
      vertex -0.038942340761423111 -0.083357125520706177 -4.0411847294308245e-05
      vertex -0.038699343800544739 -0.084970027208328247 -4.0259878005599603e-05
    endloop
  endfacet
  facet normal -0.19868474684693008 -0.030089973596124111 -0.97960143163398639
    outer loop
      vertex -0.038771811872720718 -0.085805624723434448 -1.866244697064371e-17
      vertex -0.038456343114376068 -0.086582928895950317 -4.0107912354869768e-05
      vertex -0.038589347153902054 -0.087010443210601807 -1.318356407102014e-17
    endloop
  endfacet
  facet normal -0.19818911277619178 -0.03001491188988583 -0.97970412913349936
    outer loop
      vertex -0.038699343800544739 -0.084970027208328247 -4.0259878005599603e-05
      vertex -0.038771811872720718 -0.085805624723434448 -1.866244697064371e-17
      vertex -0.038954276591539383 -0.08460080623626709 -2.4141330697447892e-17
    endloop
  endfacet
  facet normal -0.19721155337134824 -0.029866864608213813 -0.97990590038806002
    outer loop
      vertex -0.039136741310358047 -0.083395987749099731 -2.9620216078613299e-17
      vertex -0.039319206029176712 -0.082191169261932373 -3.5099099805417481e-17
      vertex -0.039185341447591782 -0.08174421638250351 -4.0563816583016887e-05
    endloop
  endfacet
  facet normal -0.19770820259961988 -0.029879010595249621 -0.97980544566290118
    outer loop
      vertex -0.039136741310358047 -0.083395987749099731 -2.9620216078613299e-17
      vertex -0.039185341447591782 -0.08174421638250351 -4.0563816583016887e-05
      vertex -0.038942340761423111 -0.083357125520706177 -4.0411847294308245e-05
    endloop
  endfacet
  facet normal -0.19918659415572487 -0.030165976271269344 -0.97949717436256245
    outer loop
      vertex -0.038224417716264725 -0.089420080184936523 -2.2257966174117756e-18
      vertex -0.038406882435083389 -0.088215261697769165 -7.7046803442159578e-18
      vertex -0.038213342428207397 -0.088195830583572388 -3.9955943066161126e-05
    endloop
  endfacet
  facet normal -0.19957491859047571 -0.0301598894710744 -0.97941831355999143
    outer loop
      vertex -0.038224417716264725 -0.089420080184936523 -2.2257966174117756e-18
      vertex -0.038213342428207397 -0.088195830583572388 -3.9955943066161126e-05
      vertex -0.037970345467329025 -0.089808732271194458 -3.9803977415431291e-05
    endloop
  endfacet
  facet normal -0.1998714869606508 -0.03022634460208622 -0.97935578662309142
    outer loop
      vertex -0.037970345467329025 -0.089808732271194458 -3.9803977415431291e-05
      vertex -0.037824317812919617 -0.091421641409397125 -1.9825964045594446e-05
      vertex -0.03804195299744606 -0.090624906122684479 3.2530873161875597e-18
    endloop
  endfacet
  facet normal -0.19969810654494921 -0.03024325565853803 -0.97939063285776562
    outer loop
      vertex -0.037970345467329025 -0.089808732271194458 -3.9803977415431291e-05
      vertex -0.03804195299744606 -0.090624906122684479 3.2530873161875597e-18
      vertex -0.038224417716264725 -0.089420080184936523 -2.2257966174117756e-18
    endloop
  endfacet
  facet normal -0.20047261166661123 -0.03036073824247509 -0.9792287564940787
    outer loop
      vertex -0.037702500820159912 -0.09222809225320816 -1.9787970813922584e-05
      vertex -0.037677023559808731 -0.093034543097019196 0
      vertex -0.037859488278627396 -0.091829724609851837 8.7319708361965888e-18
    endloop
  endfacet
  facet normal -0.20034428336882687 -0.03030878252301155 -0.97925662919553613
    outer loop
      vertex -0.037859488278627396 -0.091829724609851837 8.7319708361965888e-18
      vertex -0.037824317812919617 -0.091421641409397125 -1.9825964045594446e-05
      vertex -0.037702500820159912 -0.09222809225320816 -1.9787970813922584e-05
    endloop
  endfacet
  facet normal -0.20021284430817723 -0.030321397562940489 -0.97928312036094023
    outer loop
      vertex -0.037824317812919617 -0.091421641409397125 -1.9825964045594446e-05
      vertex -0.037859488278627396 -0.091829724609851837 8.7319708361965888e-18
      vertex -0.03804195299744606 -0.090624906122684479 3.2530873161875597e-18
    endloop
  endfacet
  facet normal -0.20073466777081406 -0.030367694483676301 -0.9791748548071928
    outer loop
      vertex -0.037484344094991684 -0.093034543097019196 -3.9500042475992814e-05
      vertex -0.037677023559808731 -0.093034543097019196 0
      vertex -0.037702500820159912 -0.09222809225320816 -1.9787970813922584e-05
    endloop
  endfacet
  facet normal -0.19868474684693008 -0.030089973596124111 -0.97960143163398639
    outer loop
      vertex -0.038406882435083389 -0.088215261697769165 -7.7046803442159578e-18
      vertex -0.038589347153902054 -0.087010443210601807 -1.318356407102014e-17
      vertex -0.038456343114376068 -0.086582928895950317 -4.0107912354869768e-05
    endloop
  endfacet
  facet normal -0.19919306345072013 -0.03010282961159956 -0.97949780148936139
    outer loop
      vertex -0.038406882435083389 -0.088215261697769165 -7.7046803442159578e-18
      vertex -0.038456343114376068 -0.086582928895950317 -4.0107912354869768e-05
      vertex -0.038213342428207397 -0.088195830583572388 -3.9955943066161126e-05
    endloop
  endfacet
  facet normal -0.1962656338487743 -0.029723609054327572 -0.98010015204300649
    outer loop
      vertex -0.039684131741523743 -0.079781532287597656 -4.6056867259025846e-17
      vertex -0.039866596460342407 -0.078576713800430298 -5.1535750985830028e-17
      vertex -0.039671342819929123 -0.078518413007259369 -4.0867751522455364e-05
    endloop
  endfacet
  facet normal -0.19663499816649532 -0.02971747983576218 -0.98002630010029512
    outer loop
      vertex -0.039684131741523743 -0.079781532287597656 -4.6056867259025846e-17
      vertex -0.039671342819929123 -0.078518413007259369 -4.0867751522455364e-05
      vertex -0.039428342133760452 -0.080131314694881439 -4.0715782233746722e-05
    endloop
  endfacet
  facet normal -0.18728214249979233 -0.028308114872457008 -0.98189818705049825
    outer loop
      vertex -0.044774334877729416 -0.044647444039583206 -4.4059070205548778e-05
      vertex -0.045158069580793381 -0.043636951595544815 -2.1042337906315131e-16
      vertex -0.045017331838607788 -0.043034542351961136 -4.4211035856278613e-05
    endloop
  endfacet
  facet normal -0.18464769015731219 -0.02791126093618343 -0.98240836317313662
    outer loop
      vertex -0.046475332230329514 -0.033357121050357819 -4.5122844312572852e-05
      vertex -0.046718329191207886 -0.031744219362735748 -4.5274809963302687e-05
      vertex -0.046500790864229202 -0.031588759273290634 -9.0578818344511092e-05
    endloop
  endfacet
  facet normal -0.18501872745612677 -0.027914805583386701 -0.98233845191958025
    outer loop
      vertex -0.046475332230329514 -0.033357121050357819 -4.5122844312572852e-05
      vertex -0.046500790864229202 -0.031588759273290634 -9.0578818344511092e-05
      vertex -0.046320218592882156 -0.032793577760457993 -9.0351786639075726e-05
    endloop
  endfacet
  facet normal -0.17755736492044169 -0.0267967939836057 -0.98374555348154391
    outer loop
      vertex -0.052098490297794342 0.0057606394402682781 -9.7616924904286861e-05
      vertex -0.052293509244918823 0.0061590070836246014 -7.3269089625682682e-05
      vertex -0.052279062569141388 0.0069654583930969238 -9.7843963885679841e-05
    endloop
  endfacet
  facet normal -0.17742543119805282 -0.026799880234965011 -0.98376927314466212
    outer loop
      vertex -0.052550319582223892 0.0069654583930969238 -4.892203287454322e-05
      vertex -0.052279062569141388 0.0069654583930969238 -9.7843963885679841e-05
      vertex -0.052293509244918823 0.0061590070836246014 -7.3269089625682682e-05
    endloop
  endfacet
  facet normal -0.17762393609509436 -0.026830173704966785 -0.98373262582118703
    outer loop
      vertex -0.052172325551509857 0.0053525553084909916 -7.3155119025614113e-05
      vertex -0.052293509244918823 0.0061590070836246014 -7.3269089625682682e-05
      vertex -0.052098490297794342 0.0057606394402682781 -9.7616924904286861e-05
    endloop
  endfacet
  facet normal -0.17769417198947673 -0.026816727454964905 -0.98372030799896593
    outer loop
      vertex -0.052098490297794342 0.0057606394402682781 -9.7616924904286861e-05
      vertex -0.051917921751737595 0.0045558200217783451 -9.7389893198851496e-05
      vertex -0.052172325551509857 0.0053525553084909916 -7.3155119025614113e-05
    endloop
  endfacet
  facet normal -0.17824244941979031 -0.026899430828167658 -0.98361885395002169
    outer loop
      vertex -0.051737349480390549 0.0033510008361190557 -9.7162854217458516e-05
      vertex -0.051556777209043503 0.0021461814176291227 -9.6935822512023151e-05
      vertex -0.051821321249008179 0.0021267489064484835 -4.8466132284374908e-05
    endloop
  endfacet
  facet normal -0.17769329906142431 -0.026816443690651805 -0.9837204734153161
    outer loop
      vertex -0.05230732262134552 0.0053525553084909916 -4.8770067223813385e-05
      vertex -0.052172325551509857 0.0053525553084909916 -7.3155119025614113e-05
      vertex -0.051917921751737595 0.0045558200217783451 -9.7389893198851496e-05
    endloop
  endfacet
  facet normal -0.17851984177088473 -0.026940998557732496 -0.9835674093272968
    outer loop
      vertex -0.051376208662986755 0.00094136217376217246 -9.6708783530630171e-05
      vertex -0.051195636391639709 -0.00026345709920860827 -9.6481751825194806e-05
      vertex -0.051578324288129807 0.00051384564721956849 -4.8314162995666265e-05
    endloop
  endfacet
  facet normal -0.17937031622757377 -0.027068430316844038 -0.98340916699845859
    outer loop
      vertex -0.05065392330288887 -0.0038779149763286114 -9.5800642156973481e-05
      vertex -0.050473351031541824 -0.0050827343948185444 -9.5573610451538116e-05
      vertex -0.050849322229623795 -0.0043248641304671764 -4.7858258767519146e-05
    endloop
  endfacet
  facet normal -0.18755576025173976 -0.028349702542799518 -0.9818447591967514
    outer loop
      vertex -0.044531334191560745 -0.046260349452495575 -4.3907100916840136e-05
      vertex -0.044774334877729416 -0.044647444039583206 -4.4059070205548778e-05
      vertex -0.044514507055282593 -0.044841770082712173 -8.8081425928976387e-05
    endloop
  endfacet
  facet normal -0.1878858322094506 -0.028343827316182721 -0.98178181970742984
    outer loop
      vertex -0.044531334191560745 -0.046260349452495575 -4.3907100916840136e-05
      vertex -0.044514507055282593 -0.044841770082712173 -8.8081425928976387e-05
      vertex -0.044333938509225845 -0.046046588569879532 -8.7854394223541021e-05
    endloop
  endfacet
  facet normal -0.18783558451514201 -0.028391919134655226 -0.98179004482511734
    outer loop
      vertex -0.044288333505392075 -0.047873251140117645 -4.3755135266110301e-05
      vertex -0.044531334191560745 -0.046260349452495575 -4.3907100916840136e-05
      vertex -0.044333938509225845 -0.046046588569879532 -8.7854394223541021e-05
    endloop
  endfacet
  facet normal -0.1882605234435398 -0.028400557231581438 -0.98170840052517638
    outer loop
      vertex -0.044288333505392075 -0.047873251140117645 -4.3755135266110301e-05
      vertex -0.044333938509225845 -0.046046588569879532 -8.7854394223541021e-05
      vertex -0.044153366237878799 -0.04725140705704689 -8.7627355242148042e-05
    endloop
  endfacet
  facet normal -0.18811556229913426 -0.028434095581171211 -0.98173521757618598
    outer loop
      vertex -0.044610675424337387 -0.04725140705704689 -1.9398673119146122e-16
      vertex -0.044531334191560745 -0.046260349452495575 -4.3907100916840136e-05
      vertex -0.044288333505392075 -0.047873251140117645 -4.3755135266110301e-05
    endloop
  endfacet
  facet normal -0.18868404425656357 -0.028519231213848428 -0.98162364727728424
    outer loop
      vertex -0.043802335858345032 -0.051099058240652084 -4.3451200326671824e-05
      vertex -0.044045332819223404 -0.049486152827739716 -4.3603165977401659e-05
      vertex -0.043792225420475006 -0.049661047756671906 -8.7173284555319697e-05
    endloop
  endfacet
  facet normal -0.18902342913640044 -0.028514863606543008 -0.98155847802920859
    outer loop
      vertex -0.043802335858345032 -0.051099058240652084 -4.3451200326671824e-05
      vertex -0.043792225420475006 -0.049661047756671906 -8.7173284555319697e-05
      vertex -0.04361165314912796 -0.050865866243839264 -8.6946252849884331e-05
    endloop
  endfacet
  facet normal -0.18955069592480264 -0.028650220852803877 -0.98145285088969436
    outer loop
      vertex -0.04331633448600769 -0.054324865341186523 -4.3147265387233347e-05
      vertex -0.043559335172176361 -0.052711959928274155 -4.3299231037963182e-05
      vertex -0.043250512331724167 -0.053275506943464279 -8.6492174887098372e-05
    endloop
  endfacet
  facet normal -0.18980630778185276 -0.028632168495108766 -0.98140397617570729
    outer loop
      vertex -0.04331633448600769 -0.054324865341186523 -4.3147265387233347e-05
      vertex -0.043250512331724167 -0.053275506943464279 -8.6492174887098372e-05
      vertex -0.043069940060377121 -0.054480325430631638 -8.6265143181663007e-05
    endloop
  endfacet
  facet normal -0.18896741287968505 -0.028562422322148898 -0.98156788094387537
    outer loop
      vertex -0.043559335172176361 -0.052711959928274155 -4.3299231037963182e-05
      vertex -0.043802335858345032 -0.051099058240652084 -4.3451200326671824e-05
      vertex -0.04361165314912796 -0.050865866243839264 -8.6946252849884331e-05
    endloop
  endfacet
  facet normal -0.18941117761583529 -0.028572968965430941 -0.98148203816406288
    outer loop
      vertex -0.043559335172176361 -0.052711959928274155 -4.3299231037963182e-05
      vertex -0.04361165314912796 -0.050865866243839264 -8.6946252849884331e-05
      vertex -0.043431080877780914 -0.052070684731006622 -8.6719213868491352e-05
    endloop
  endfacet
  facet normal -0.18925875922288893 -0.028606311318621458 -0.9815104691291654
    outer loop
      vertex -0.043880816549062729 -0.052070684731006622 -1.7207119628424449e-16
      vertex -0.043802335858345032 -0.051099058240652084 -4.3451200326671824e-05
      vertex -0.043559335172176361 -0.052711959928274155 -4.3299231037963182e-05
    endloop
  endfacet
  facet normal -0.18839733875813422 -0.02847654519006235 -0.9816799524910812
    outer loop
      vertex -0.044045332819223404 -0.049486152827739716 -4.3603165977401659e-05
      vertex -0.044288333505392075 -0.047873251140117645 -4.3755135266110301e-05
      vertex -0.043972793966531754 -0.048456229269504547 -8.7400323536712676e-05
    endloop
  endfacet
  facet normal -0.18864289934034414 -0.028457268426441307 -0.98163335334643864
    outer loop
      vertex -0.044045332819223404 -0.049486152827739716 -4.3603165977401659e-05
      vertex -0.043972793966531754 -0.048456229269504547 -8.7400323536712676e-05
      vertex -0.043792225420475006 -0.049661047756671906 -8.7173284555319697e-05
    endloop
  endfacet
  facet normal -0.18114355841703883 -0.027334138226149798 -0.98307672952392011
    outer loop
      vertex -0.049028784036636353 -0.014721288345754147 -9.3757320428267121e-05
      vertex -0.049391325563192368 -0.014002283103764057 -4.6946453949203715e-05
      vertex -0.049209356307983398 -0.013516468927264214 -9.3984359409660101e-05
    endloop
  endfacet
  facet normal -0.18024387956438456 -0.027198773441343756 -0.98324583426672385
    outer loop
      vertex -0.050120323896408081 -0.0091635733842849731 -4.7402358177350834e-05
      vertex -0.049931637942790985 -0.0086971921846270561 -9.4892500783316791e-05
      vertex -0.049751069396734238 -0.0099020116031169891 -9.4665461801923811e-05
    endloop
  endfacet
  facet normal -0.18206844401231709 -0.027472737797861742 -0.98290199428672631
    outer loop
      vertex -0.048662327229976654 -0.018840992823243141 -4.6490553359035403e-05
      vertex -0.048487070947885513 -0.018335746601223946 -9.3076210760045797e-05
      vertex -0.048306498676538467 -0.019540565088391304 -9.2849179054610431e-05
    endloop
  endfacet
  facet normal -0.18302238733192361 -0.027615110088884471 -0.98272082069634714
    outer loop
      vertex -0.047764785587787628 -0.023155024275183678 -9.2168069386389107e-05
      vertex -0.047584217041730881 -0.024359842762351036 -9.1941037680953741e-05
      vertex -0.047933328896760941 -0.0236797034740448 -4.6034649130888283e-05
    endloop
  endfacet
  facet normal -0.1840060073355119 -0.027763023733886533 -0.98253295302376265
    outer loop
      vertex -0.047042503952980042 -0.02797430008649826 -9.1259928012732416e-05
      vertex -0.046861931681632996 -0.029179120436310768 -9.1032889031339437e-05
      vertex -0.047204330563545227 -0.028518412262201309 -4.5578744902741164e-05
    endloop
  endfacet
  facet normal -0.18501871395942679 -0.027914809493415581 -0.98233845435050848
    outer loop
      vertex -0.046320218592882156 -0.032793577760457993 -9.0351786639075726e-05
      vertex -0.04613964632153511 -0.033998396247625351 -9.0124747657682747e-05
      vertex -0.046475332230329514 -0.033357121050357819 -4.5122844312572852e-05
    endloop
  endfacet
  facet normal -0.18606733190459862 -0.02807135770875992 -0.98213591059195593
    outer loop
      vertex -0.045597933232784271 -0.037612855434417725 -8.9443645265419036e-05
      vertex -0.045417364686727524 -0.038817673921585083 -8.9216606284026057e-05
      vertex -0.045746330171823502 -0.038195833563804626 -4.4666940084425732e-05
    endloop
  endfacet
  facet normal -0.18728262078516222 -0.028308186921307453 -0.98189809374754866
    outer loop
      vertex -0.044774334877729416 -0.044647444039583206 -4.4059070205548778e-05
      vertex -0.045017331838607788 -0.043034542351961136 -4.4211035856278613e-05
      vertex -0.044695079326629639 -0.043636951595544815 -8.8308464910369366e-05
    endloop
  endfacet
  facet normal -0.18751159550800064 -0.028288339213607488 -0.98185496455157784
    outer loop
      vertex -0.044774334877729416 -0.044647444039583206 -4.4059070205548778e-05
      vertex -0.044695079326629639 -0.043636951595544815 -8.8308464910369366e-05
      vertex -0.044514507055282593 -0.044841770082712173 -8.8081425928976387e-05
    endloop
  endfacet
  facet normal -0.1871472872839304 -0.028233745951885963 -0.9819260402147354
    outer loop
      vertex -0.044875651597976685 -0.042432133108377457 -8.8535496615804732e-05
      vertex -0.044695079326629639 -0.043636951595544815 -8.8308464910369366e-05
      vertex -0.045017331838607788 -0.043034542351961136 -4.4211035856278613e-05
    endloop
  endfacet
  facet normal -0.18826077017147122 -0.02840050045861163 -0.98170835485298036
    outer loop
      vertex -0.044288333505392075 -0.047873251140117645 -4.3755135266110301e-05
      vertex -0.044153366237878799 -0.04725140705704689 -8.7627355242148042e-05
      vertex -0.043972793966531754 -0.048456229269504547 -8.7400323536712676e-05
    endloop
  endfacet
  facet normal -0.18941303702340959 -0.028572573568868307 -0.98148169083545322
    outer loop
      vertex -0.043559335172176361 -0.052711959928274155 -4.3299231037963182e-05
      vertex -0.043431080877780914 -0.052070684731006622 -8.6719213868491352e-05
      vertex -0.043250512331724167 -0.053275506943464279 -8.6492174887098372e-05
    endloop
  endfacet
  facet normal -0.19043721718771872 -0.028783834284360564 -0.98127730901804122
    outer loop
      vertex -0.043150961399078369 -0.056889962404966354 -1.5015566137702776e-16
      vertex -0.043073337525129318 -0.055937767028808594 -4.2995296098524705e-05
      vertex -0.042830336838960648 -0.057550668716430664 -4.284333044779487e-05
    endloop
  endfacet
  facet normal -0.19013701388817519 -0.028738611094044055 -0.98133684745966476
    outer loop
      vertex -0.042830336838960648 -0.057550668716430664 -4.284333044779487e-05
      vertex -0.043073337525129318 -0.055937767028808594 -4.2995296098524705e-05
      vertex -0.042889367789030075 -0.055685143917798996 -8.6038104200270027e-05
    endloop
  endfacet
  facet normal -0.19060545197769493 -0.028751321103201458 -0.98124559780474885
    outer loop
      vertex -0.042830336838960648 -0.057550668716430664 -4.284333044779487e-05
      vertex -0.042889367789030075 -0.055685143917798996 -8.6038104200270027e-05
      vertex -0.042708799242973328 -0.056889962404966354 -8.5811072494834661e-05
    endloop
  endfacet
  facet normal -0.19073953140205568 -0.028829311084384232 -0.98121725524112335
    outer loop
      vertex -0.042587336152791977 -0.059163574129343033 -4.2691361159086227e-05
      vertex -0.042830336838960648 -0.057550668716430664 -4.284333044779487e-05
      vertex -0.042528226971626282 -0.058094780892133713 -8.5584033513441682e-05
    endloop
  endfacet
  facet normal -0.19100917138217782 -0.028812313714972723 -0.98116530056167595
    outer loop
      vertex -0.042587336152791977 -0.059163574129343033 -4.2691361159086227e-05
      vertex -0.042528226971626282 -0.058094780892133713 -8.5584033513441682e-05
      vertex -0.042347654700279236 -0.05929960310459137 -8.5357001808006316e-05
    endloop
  endfacet
  facet normal -0.1916579401494162 -0.028967218835390277 -0.98103421663600765
    outer loop
      vertex -0.042421102523803711 -0.061709240078926086 -1.2824012646981103e-16
      vertex -0.042344335466623306 -0.060776475816965103 -4.2539395508356392e-05
      vertex -0.042101338505744934 -0.062389381229877472 -4.238742621964775e-05
    endloop
  endfacet
  facet normal -0.19135322876752686 -0.028921317386870562 -0.98109505107346795
    outer loop
      vertex -0.042101338505744934 -0.062389381229877472 -4.238742621964775e-05
      vertex -0.042344335466623306 -0.060776475816965103 -4.2539395508356392e-05
      vertex -0.042167086154222488 -0.060504421591758728 -8.5129962826613337e-05
    endloop
  endfacet
  facet normal -0.19183362200897083 -0.028935936411394518 -0.98100080175854854
    outer loop
      vertex -0.042101338505744934 -0.062389381229877472 -4.238742621964775e-05
      vertex -0.042167086154222488 -0.060504421591758728 -8.5129962826613337e-05
      vertex -0.041986513882875443 -0.061709240078926086 -8.4902931121177971e-05
    endloop
  endfacet
  facet normal -0.19228655202811998 -0.029062421364201431 -0.98090838388382984
    outer loop
      vertex -0.041615337133407593 -0.065615184605121613 -4.2083491280209273e-05
      vertex -0.041858337819576263 -0.064002282917499542 -4.2235456930939108e-05
      vertex -0.041625373065471649 -0.064118877053260803 -8.4448860434349626e-05
    endloop
  endfacet
  facet normal -0.19268075663340564 -0.029062874712781246 -0.98083101262990646
    outer loop
      vertex -0.041615337133407593 -0.065615184605121613 -4.2083491280209273e-05
      vertex -0.041625373065471649 -0.064118877053260803 -8.4448860434349626e-05
      vertex -0.041444800794124603 -0.065323695540428162 -8.4221821452956647e-05
    endloop
  endfacet
  facet normal -0.19196922529468546 -0.029014620939780834 -0.9809719508280953
    outer loop
      vertex -0.041858337819576263 -0.064002282917499542 -4.2235456930939108e-05
      vertex -0.042101338505744934 -0.062389381229877472 -4.238742621964775e-05
      vertex -0.041805941611528397 -0.062914058566093445 -8.4675892139784992e-05
    endloop
  endfacet
  facet normal -0.19225605508750823 -0.028998638217182508 -0.98091624936267519
    outer loop
      vertex -0.041858337819576263 -0.064002282917499542 -4.2235456930939108e-05
      vertex -0.041805941611528397 -0.062914058566093445 -8.4675892139784992e-05
      vertex -0.041625373065471649 -0.064118877053260803 -8.4448860434349626e-05
    endloop
  endfacet
  facet normal -0.19104331459030205 -0.028875137910337544 -0.98115680620429357
    outer loop
      vertex -0.042344335466623306 -0.060776475816965103 -4.2539395508356392e-05
      vertex -0.042587336152791977 -0.059163574129343033 -4.2691361159086227e-05
      vertex -0.042347654700279236 -0.05929960310459137 -8.5357001808006316e-05
    endloop
  endfacet
  facet normal -0.19142314916607805 -0.028873846258806801 -0.98108280943331394
    outer loop
      vertex -0.042344335466623306 -0.060776475816965103 -4.2539395508356392e-05
      vertex -0.042347654700279236 -0.05929960310459137 -8.5357001808006316e-05
      vertex -0.042167086154222488 -0.060504421591758728 -8.5129962826613337e-05
    endloop
  endfacet
  facet normal -0.18984373350646955 -0.028693994512329336 -0.98139493147623857
    outer loop
      vertex -0.043073337525129318 -0.055937767028808594 -4.2995296098524705e-05
      vertex -0.04331633448600769 -0.054324865341186523 -4.3147265387233347e-05
      vertex -0.043069940060377121 -0.054480325430631638 -8.6265143181663007e-05
    endloop
  endfacet
  facet normal -0.19019970905938396 -0.028691120793657127 -0.9813260876290455
    outer loop
      vertex -0.043073337525129318 -0.055937767028808594 -4.2995296098524705e-05
      vertex -0.043069940060377121 -0.054480325430631638 -8.6265143181663007e-05
      vertex -0.042889367789030075 -0.055685143917798996 -8.6038104200270027e-05
    endloop
  endfacet
  facet normal -0.19260394758951521 -0.029109791718997143 -0.98084470707600391
    outer loop
      vertex -0.041372340172529221 -0.067228086292743683 -4.1931521991500631e-05
      vertex -0.041615337133407593 -0.065615184605121613 -4.2083491280209273e-05
      vertex -0.041444800794124603 -0.065323695540428162 -8.4221821452956647e-05
    endloop
  endfacet
  facet normal -0.19310685277748416 -0.029126719759326083 -0.98074531740224824
    outer loop
      vertex -0.041372340172529221 -0.067228086292743683 -4.1931521991500631e-05
      vertex -0.041444800794124603 -0.065323695540428162 -8.4221821452956647e-05
      vertex -0.041264228522777557 -0.06652851402759552 -8.3994782471563667e-05
    endloop
  endfacet
  facet normal -0.19324599425577185 -0.029206818388687439 -0.98071552830762732
    outer loop
      vertex -0.04112933948636055 -0.06884099543094635 -4.1779556340770796e-05
      vertex -0.041372340172529221 -0.067228086292743683 -4.1931521991500631e-05
      vertex -0.04108365997672081 -0.067733339965343475 -8.3767750766128302e-05
    endloop
  endfacet
  facet normal -0.19354448711939354 -0.029192293618345719 -0.98065709679734203
    outer loop
      vertex -0.04112933948636055 -0.06884099543094635 -4.1779556340770796e-05
      vertex -0.04108365997672081 -0.067733339965343475 -8.3767750766128302e-05
      vertex -0.040903087705373764 -0.068938158452510834 -8.3540711784735322e-05
    endloop
  endfacet
  facet normal -0.19357047890267709 -0.029255836391979689 -0.98065007303033125
    outer loop
      vertex -0.040886338800191879 -0.07045389711856842 -4.1627587052062154e-05
      vertex -0.04112933948636055 -0.06884099543094635 -4.1779556340770796e-05
      vertex -0.040903087705373764 -0.068938158452510834 -8.3540711784735322e-05
    endloop
  endfacet
  facet normal -0.19398400908191257 -0.02925814435190819 -0.98056828686715725
    outer loop
      vertex -0.040886338800191879 -0.07045389711856842 -4.1627587052062154e-05
      vertex -0.040903087705373764 -0.068938158452510834 -8.3540711784735322e-05
      vertex -0.040722515434026718 -0.070142976939678192 -8.3313680079299957e-05
    endloop
  endfacet
  facet normal -0.19456566434565079 -0.029405303232849508 -0.98044863730820686
    outer loop
      vertex -0.040400341153144836 -0.073679700493812561 -4.1323652112623677e-05
      vertex -0.040643338114023209 -0.072066798806190491 -4.1475621401332319e-05
      vertex -0.040361374616622925 -0.072552613914012909 -8.2859609392471611e-05
    endloop
  endfacet
  facet normal -0.19487867922978902 -0.029392204848511138 -0.98038686174172907
    outer loop
      vertex -0.040400341153144836 -0.073679700493812561 -4.1323652112623677e-05
      vertex -0.040361374616622925 -0.072552613914012909 -8.2859609392471611e-05
      vertex -0.040180802345275879 -0.073757432401180267 -8.2632570411078632e-05
    endloop
  endfacet
  facet normal -0.1938985426728328 -0.029305254208707051 -0.98058378388851342
    outer loop
      vertex -0.040643338114023209 -0.072066798806190491 -4.1475621401332319e-05
      vertex -0.040886338800191879 -0.07045389711856842 -4.1627587052062154e-05
      vertex -0.040722515434026718 -0.070142976939678192 -8.3313680079299957e-05
    endloop
  endfacet
  facet normal -0.19443398718030425 -0.029324972418872677 -0.98047716476305624
    outer loop
      vertex -0.040643338114023209 -0.072066798806190491 -4.1475621401332319e-05
      vertex -0.040722515434026718 -0.070142976939678192 -8.3313680079299957e-05
      vertex -0.040541946887969971 -0.071347795426845551 -8.3086641097906977e-05
    endloop
  endfacet
  facet normal -0.19422914704047506 -0.029355056945700841 -0.98051686322655585
    outer loop
      vertex -0.040961384773254395 -0.071347795426845551 -8.4409050037932671e-17
      vertex -0.040886338800191879 -0.07045389711856842 -4.1627587052062154e-05
      vertex -0.040643338114023209 -0.072066798806190491 -4.1475621401332319e-05
    endloop
  endfacet
  facet normal -0.19490010365258867 -0.029455994752515976 -0.98038068828866154
    outer loop
      vertex -0.040157340466976166 -0.075292609632015228 -4.1171686461893842e-05
      vertex -0.040400341153144836 -0.073679700493812561 -4.1323652112623677e-05
      vertex -0.040180802345275879 -0.073757432401180267 -8.2632570411078632e-05
    endloop
  endfacet
  facet normal -0.19533736853889161 -0.029460323457225331 -0.98029352838529826
    outer loop
      vertex -0.040157340466976166 -0.075292609632015228 -4.1171686461893842e-05
      vertex -0.040180802345275879 -0.073757432401180267 -8.2632570411078632e-05
      vertex -0.040000233799219131 -0.074962250888347626 -8.2405538705643266e-05
    endloop
  endfacet
  facet normal -0.19292224577475203 -0.029157739941236615 -0.98078072640460545
    outer loop
      vertex -0.041691243648529053 -0.06652851402759552 -1.063245849451494e-16
      vertex -0.041615337133407593 -0.065615184605121613 -4.2083491280209273e-05
      vertex -0.041372340172529221 -0.067228086292743683 -4.1931521991500631e-05
    endloop
  endfacet
  facet normal -0.19558593719901507 -0.029559447940804565 -0.98024098068149423
    outer loop
      vertex -0.040231525897979736 -0.076167069375514984 -6.2493515130715942e-17
      vertex -0.040157340466976166 -0.075292609632015228 -4.1171686461893842e-05
      vertex -0.039914339780807495 -0.076905511319637299 -4.1019717173185199e-05
    endloop
  endfacet
  facet normal -0.19524235945137927 -0.029507690922016269 -0.98031103087352289
    outer loop
      vertex -0.039914339780807495 -0.076905511319637299 -4.1019717173185199e-05
      vertex -0.040157340466976166 -0.075292609632015228 -4.1171686461893842e-05
      vertex -0.040000233799219131 -0.074962250888347626 -8.2405538705643266e-05
    endloop
  endfacet
  facet normal -0.19579730335662393 -0.029529848442390625 -0.98019967560147836
    outer loop
      vertex -0.039914339780807495 -0.076905511319637299 -4.1019717173185199e-05
      vertex -0.040000233799219131 -0.074962250888347626 -8.2405538705643266e-05
      vertex -0.039819661527872086 -0.076167069375514984 -8.2178499724250287e-05
    endloop
  endfacet
  facet normal -0.1962814279692538 -0.029664217578560522 -0.98009878850542531
    outer loop
      vertex -0.039428342133760452 -0.080131314694881439 -4.0715782233746722e-05
      vertex -0.039671342819929123 -0.078518413007259369 -4.0867751522455364e-05
      vertex -0.039458520710468292 -0.078576713800430298 -8.1724429037421942e-05
    endloop
  endfacet
  facet normal -0.19673698010129681 -0.029670646312111682 -0.98000725171196734
    outer loop
      vertex -0.039428342133760452 -0.080131314694881439 -4.0715782233746722e-05
      vertex -0.039458520710468292 -0.078576713800430298 -8.1724429037421942e-05
      vertex -0.039277948439121246 -0.079781532287597656 -8.1497390056028962e-05
    endloop
  endfacet
  facet normal -0.19699027314841228 -0.029770996680645045 -0.97995332544032687
    outer loop
      vertex -0.039501667022705078 -0.080986350774765015 -4.0577983532221664e-17
      vertex -0.039428342133760452 -0.080131314694881439 -4.0715782233746722e-05
      vertex -0.039185341447591782 -0.08174421638250351 -4.0563816583016887e-05
    endloop
  endfacet
  facet normal -0.19735128220399484 -0.029825243947495986 -0.97987903653252628
    outer loop
      vertex -0.038942340761423111 -0.083357125520706177 -4.0411847294308245e-05
      vertex -0.039185341447591782 -0.08174421638250351 -4.0563816583016887e-05
      vertex -0.038916807621717453 -0.082191169261932373 -8.1043319369200617e-05
    endloop
  endfacet
  facet normal -0.19770130149617701 -0.029815130744829627 -0.97980878408258143
    outer loop
      vertex -0.038942340761423111 -0.083357125520706177 -4.0411847294308245e-05
      vertex -0.038916807621717453 -0.082191169261932373 -8.1043319369200617e-05
      vertex -0.038736235350370407 -0.083395987749099731 -8.0816287663765252e-05
    endloop
  endfacet
  facet normal -0.19807458295210148 -0.02993433834832171 -0.97972975609399526
    outer loop
      vertex -0.038456343114376068 -0.086582928895950317 -4.0107912354869768e-05
      vertex -0.038699343800544739 -0.084970027208328247 -4.0259878005599603e-05
      vertex -0.038555663079023361 -0.08460080623626709 -8.0589248682372272e-05
    endloop
  endfacet
  facet normal -0.19868955370078589 -0.029962592259058101 -0.97960436111488391
    outer loop
      vertex -0.038456343114376068 -0.086582928895950317 -4.0107912354869768e-05
      vertex -0.038555663079023361 -0.08460080623626709 -8.0589248682372272e-05
      vertex -0.038375094532966614 -0.085805624723434448 -8.0362216976936907e-05
    endloop
  endfacet
  facet normal -0.19771258096093386 -0.029879351526244616 -0.97980455177659642
    outer loop
      vertex -0.038699343800544739 -0.084970027208328247 -4.0259878005599603e-05
      vertex -0.038942340761423111 -0.083357125520706177 -4.0411847294308245e-05
      vertex -0.038736235350370407 -0.083395987749099731 -8.0816287663765252e-05
    endloop
  endfacet
  facet normal -0.19818762587766281 -0.029888005635573818 -0.97970830968615519
    outer loop
      vertex -0.038699343800544739 -0.084970027208328247 -4.0259878005599603e-05
      vertex -0.038736235350370407 -0.083395987749099731 -8.0816287663765252e-05
      vertex -0.038555663079023361 -0.08460080623626709 -8.0589248682372272e-05
    endloop
  endfacet
  facet normal -0.19663373783239407 -0.029717287766986265 -0.9800265588002377
    outer loop
      vertex -0.039185341447591782 -0.08174421638250351 -4.0563816583016887e-05
      vertex -0.039428342133760452 -0.080131314694881439 -4.0715782233746722e-05
      vertex -0.039277948439121246 -0.079781532287597656 -8.1497390056028962e-05
    endloop
  endfacet
  facet normal -0.19721497132557281 -0.029742260854694384 -0.97990900241007306
    outer loop
      vertex -0.039185341447591782 -0.08174421638250351 -4.0563816583016887e-05
      vertex -0.039277948439121246 -0.079781532287597656 -8.1497390056028962e-05
      vertex -0.0390973761677742 -0.080986350774765015 -8.1270358350593597e-05
    endloop
  endfacet
  facet normal -0.1991951525039117 -0.030102682023141078 -0.97949738118790131
    outer loop
      vertex -0.037970345467329025 -0.089808732271194458 -3.9803977415431291e-05
      vertex -0.038213342428207397 -0.088195830583572388 -3.9955943066161126e-05
      vertex -0.038013949990272522 -0.088215261697769165 -7.9908146290108562e-05
    endloop
  endfacet
  facet normal -0.19969925341107136 -0.030113884312981308 -0.97939438540285961
    outer loop
      vertex -0.037970345467329025 -0.089808732271194458 -3.9803977415431291e-05
      vertex -0.038013949990272522 -0.088215261697769165 -7.9908146290108562e-05
      vertex -0.037833381444215775 -0.089420080184936523 -7.9681107308715582e-05
    endloop
  endfacet
  facet normal -0.20021386997940566 -0.03025646508051015 -0.9792849190040156
    outer loop
      vertex -0.037824317812919617 -0.091421641409397125 -1.9825964045594446e-05
      vertex -0.037970345467329025 -0.089808732271194458 -3.9803977415431291e-05
      vertex -0.037727344781160355 -0.091421641409397125 -3.9652008126722649e-05
    endloop
  endfacet
  facet normal -0.2002136409712004 -0.030256430582674878 -0.97928496689035871
    outer loop
      vertex -0.037630371749401093 -0.091421641409397125 -5.9478028560988605e-05
      vertex -0.037727344781160355 -0.091421641409397125 -3.9652008126722649e-05
      vertex -0.037970345467329025 -0.089808732271194458 -3.9803977415431291e-05
    endloop
  endfacet
  facet normal -0.19987197277919244 -0.030183534013524731 -0.97935700782289203
    outer loop
      vertex -0.037630371749401093 -0.091421641409397125 -5.9478028560988605e-05
      vertex -0.037970345467329025 -0.089808732271194458 -3.9803977415431291e-05
      vertex -0.037652809172868729 -0.090624906122684479 -7.9454068327322602e-05
    endloop
  endfacet
  facet normal -0.2004737482960248 -0.030295750928553192 -0.97923053655399106
    outer loop
      vertex -0.037702500820159912 -0.09222809225320816 -1.9787970813922584e-05
      vertex -0.037605844438076019 -0.09222809225320816 -3.9576025301357731e-05
      vertex -0.037484344094991684 -0.093034543097019196 -3.9500042475992814e-05
    endloop
  endfacet
  facet normal -0.20047346556350329 -0.030295708337488375 -0.97923059575428339
    outer loop
      vertex -0.037509188055992126 -0.09222809225320816 -5.9364050684962422e-05
      vertex -0.037484344094991684 -0.093034543097019196 -3.9500042475992814e-05
      vertex -0.037605844438076019 -0.09222809225320816 -3.9576025301357731e-05
    endloop
  endfacet
  facet normal -0.20034357345561118 -0.030243613986097942 -0.97925878928304544
    outer loop
      vertex -0.037630371749401093 -0.091421641409397125 -5.9478028560988605e-05
      vertex -0.037472236901521683 -0.091829724609851837 -7.9227036621887237e-05
      vertex -0.037509188055992126 -0.09222809225320816 -5.9364050684962422e-05
    endloop
  endfacet
  facet normal -0.200738363719317 -0.030302527021651943 -0.97917611602172627
    outer loop
      vertex -0.037291668355464935 -0.093034543097019196 -7.8999997640494257e-05
      vertex -0.037484344094991684 -0.093034543097019196 -3.9500042475992814e-05
      vertex -0.037509188055992126 -0.09222809225320816 -5.9364050684962422e-05
    endloop
  endfacet
  facet normal -0.19881934111283156 -0.030046531708248982 -0.97957545678307234
    outer loop
      vertex -0.038213342428207397 -0.088195830583572388 -3.9955943066161126e-05
      vertex -0.038456343114376068 -0.086582928895950317 -4.0107912354869768e-05
      vertex -0.038194522261619568 -0.087010443210601807 -8.0135177995543927e-05
    endloop
  endfacet
  facet normal -0.19918948829670965 -0.030038114776721504 -0.97950051526926496
    outer loop
      vertex -0.038213342428207397 -0.088195830583572388 -3.9955943066161126e-05
      vertex -0.038194522261619568 -0.087010443210601807 -8.0135177995543927e-05
      vertex -0.038013949990272522 -0.088215261697769165 -7.9908146290108562e-05
    endloop
  endfacet
  facet normal -0.19593025594425684 -0.029610861826212736 -0.98017066456180324
    outer loop
      vertex -0.039671342819929123 -0.078518413007259369 -4.0867751522455364e-05
      vertex -0.039914339780807495 -0.076905511319637299 -4.1019717173185199e-05
      vertex -0.03963908925652504 -0.077371887862682343 -8.1951460742857307e-05
    endloop
  endfacet
  facet normal -0.1962646066266916 -0.029599071745603583 -0.98010412668117497
    outer loop
      vertex -0.039671342819929123 -0.078518413007259369 -4.0867751522455364e-05
      vertex -0.03963908925652504 -0.077371887862682343 -8.1951460742857307e-05
      vertex -0.039458520710468292 -0.078576713800430298 -8.1724429037421942e-05
    endloop
  endfacet
  facet normal -0.19844549420803229 -0.029990212816041615 -0.97965298599237594
    outer loop
      vertex -0.038771811872720718 -0.085805624723434448 -1.866244697064371e-17
      vertex -0.038699343800544739 -0.084970027208328247 -4.0259878005599603e-05
      vertex -0.038456343114376068 -0.086582928895950317 -4.0107912354869768e-05
    endloop
  endfacet
  facet normal -0.19060373176997625 -0.028751658624538233 -0.98124592206118089
    outer loop
      vertex -0.042708799242973328 -0.056889962404966354 -8.5811072494834661e-05
      vertex -0.042528226971626282 -0.058094780892133713 -8.5584033513441682e-05
      vertex -0.042830336838960648 -0.057550668716430664 -4.284333044779487e-05
    endloop
  endfacet
  facet normal -0.19183360408662375 -0.028935939650235377 -0.9810008051677096
    outer loop
      vertex -0.042101338505744934 -0.062389381229877472 -4.238742621964775e-05
      vertex -0.041986513882875443 -0.061709240078926086 -8.4902931121177971e-05
      vertex -0.041805941611528397 -0.062914058566093445 -8.4675892139784992e-05
    endloop
  endfacet
  facet normal -0.19310933166366703 -0.029126308060783958 -0.98074484153787933
    outer loop
      vertex -0.041372340172529221 -0.067228086292743683 -4.1931521991500631e-05
      vertex -0.041264228522777557 -0.06652851402759552 -8.3994782471563667e-05
      vertex -0.04108365997672081 -0.067733339965343475 -8.3767750766128302e-05
    endloop
  endfacet
  facet normal -0.19443201653952955 -0.029325272408242835 -0.98047754657745945
    outer loop
      vertex -0.040643338114023209 -0.072066798806190491 -4.1475621401332319e-05
      vertex -0.040541946887969971 -0.071347795426845551 -8.3086641097906977e-05
      vertex -0.040361374616622925 -0.072552613914012909 -8.2859609392471611e-05
    endloop
  endfacet
  facet normal -0.19579730335662393 -0.029529848442390625 -0.98019967560147836
    outer loop
      vertex -0.039914339780807495 -0.076905511319637299 -4.1019717173185199e-05
      vertex -0.039819661527872086 -0.076167069375514984 -8.2178499724250287e-05
      vertex -0.03963908925652504 -0.077371887862682343 -8.1951460742857307e-05
    endloop
  endfacet
  facet normal -0.1972171552383 -0.029741984211211936 -0.97990857127330622
    outer loop
      vertex -0.039185341447591782 -0.08174421638250351 -4.0563816583016887e-05
      vertex -0.0390973761677742 -0.080986350774765015 -8.1270358350593597e-05
      vertex -0.038916807621717453 -0.082191169261932373 -8.1043319369200617e-05
    endloop
  endfacet
  facet normal -0.19868721030555245 -0.02996286139309997 -0.97960482818233141
    outer loop
      vertex -0.038456343114376068 -0.086582928895950317 -4.0107912354869768e-05
      vertex -0.038375094532966614 -0.085805624723434448 -8.0362216976936907e-05
      vertex -0.038194522261619568 -0.087010443210601807 -8.0135177995543927e-05
    endloop
  endfacet
  facet normal -0.19969842726478187 -0.030114191767149058 -0.97939454440086804
    outer loop
      vertex -0.037970345467329025 -0.089808732271194458 -3.9803977415431291e-05
      vertex -0.037833381444215775 -0.089420080184936523 -7.9681107308715582e-05
      vertex -0.037652809172868729 -0.090624906122684479 -7.9454068327322602e-05
    endloop
  endfacet
  facet normal -0.20047494675667238 -0.030230108479440767 -0.97923231986297854
    outer loop
      vertex -0.037509188055992126 -0.09222809225320816 -5.9364050684962422e-05
      vertex -0.037472236901521683 -0.091829724609851837 -7.9227036621887237e-05
      vertex -0.037291668355464935 -0.093034543097019196 -7.8999997640494257e-05
    endloop
  endfacet
  facet normal -0.20021230482182553 -0.030191369301498839 -0.97928724806240219
    outer loop
      vertex -0.037630371749401093 -0.091421641409397125 -5.9478028560988605e-05
      vertex -0.037652809172868729 -0.090624906122684479 -7.9454068327322602e-05
      vertex -0.037472236901521683 -0.091829724609851837 -7.9227036621887237e-05
    endloop
  endfacet
  facet normal -0.16514146717518932 -0.024951362372679576 -0.98595422070954841
    outer loop
      vertex -0.049353234469890594 -0.0037488271482288837 -0.00032003188971430063
      vertex -0.049874570220708847 -0.00017739857139531523 -0.00032309273956343532
      vertex -0.048540215939283371 -0.00017739857139531523 -0.0005465891445055604
    endloop
  endfacet
  facet normal -0.16513537409952145 -0.024950475360790116 -0.98595526369114816
    outer loop
      vertex -0.047525402158498764 -0.0073202555067837238 -0.00053579313680529594
      vertex -0.048831898719072342 -0.0073202555067837238 -0.00031697103986516595
      vertex -0.049353234469890594 -0.0037488271482288837 -0.00032003188971430063
    endloop
  endfacet
  facet normal -0.16513844599834349 -0.024952081075434892 -0.98595470854560907
    outer loop
      vertex -0.048540215939283371 -0.00017739857139531523 -0.0005465891445055604
      vertex -0.047525402158498764 -0.0073202555067837238 -0.00053579313680529594
      vertex -0.049353234469890594 -0.0037488271482288837 -0.00032003188971430063
    endloop
  endfacet
  facet normal -0.16657557022238881 -0.025159982519474763 -0.98570764158786239
    outer loop
      vertex -0.048831898719072342 -0.0073202555067837238 -0.00031697103986516595
      vertex -0.049485106021165848 -0.0073202555067837238 -0.00020658498397096992
      vertex -0.050013411790132523 -0.0037488271482288837 -0.0002084661100525409
    endloop
  endfacet
  facet normal -0.16657825848110988 -0.025160886362146771 -0.98570716422214955
    outer loop
      vertex -0.048831898719072342 -0.0073202555067837238 -0.00031697103986516595
      vertex -0.050013411790132523 -0.0037488271482288837 -0.0002084661100525409
      vertex -0.049353234469890594 -0.0037488271482288837 -0.00032003188971430063
    endloop
  endfacet
  facet normal -0.16657826062695202 -0.025160374700448341 -0.98570717691991694
    outer loop
      vertex -0.049353234469890594 -0.0037488271482288837 -0.00032003188971430063
      vertex -0.050013411790132523 -0.0037488271482288837 -0.0002084661100525409
      vertex -0.050541717559099197 -0.00017739857139531523 -0.00021034722158219665
    endloop
  endfacet
  facet normal -0.16658091356238314 -0.025161272004237262 -0.9857067056827048
    outer loop
      vertex -0.049353234469890594 -0.0037488271482288837 -0.00032003188971430063
      vertex -0.050541717559099197 -0.00017739857139531523 -0.00021034722158219665
      vertex -0.049874570220708847 -0.00017739857139531523 -0.00032309273956343532
    endloop
  endfacet
  facet normal -0.16658091566352012 -0.02516077101796925 -0.98570671811573074
    outer loop
      vertex -0.049874570220708847 -0.00017739857139531523 -0.00032309273956343532
      vertex -0.050541717559099197 -0.00017739857139531523 -0.00021034722158219665
      vertex -0.051070023328065872 0.0033940300345420837 -0.00021222834766376764
    endloop
  endfacet
  facet normal -0.16658353437124221 -0.025161662013639691 -0.98570625281627211
    outer loop
      vertex -0.049874570220708847 -0.00017739857139531523 -0.00032309273956343532
      vertex -0.051070023328065872 0.0033940300345420837 -0.00021222834766376764
      vertex -0.0503959059715271 0.0033940300345420837 -0.00032615361851640046
    endloop
  endfacet
  facet normal -0.16512903735324885 -0.024949544784130289 -0.98595634854584424
    outer loop
      vertex -0.047267895191907883 -0.018034541979432106 -0.00030778846121393144
      vertex -0.047789230942726135 -0.014463112689554691 -0.00031084931106306612
      vertex -0.046510592103004456 -0.014463112689554691 -0.00052499712910503149
    endloop
  endfacet
  facet normal -0.16512239596007805 -0.024948582793511861 -0.98595748517316828
    outer loop
      vertex -0.045495778322219849 -0.021605970337986946 -0.00051420112140476704
      vertex -0.04674655944108963 -0.021605970337986946 -0.00030472761136479676
      vertex -0.047267895191907883 -0.018034541979432106 -0.00030778846121393144
    endloop
  endfacet
  facet normal -0.16512573931823316 -0.024950276582344 -0.98595688238029544
    outer loop
      vertex -0.046510592103004456 -0.014463112689554691 -0.00052499712910503149
      vertex -0.045495778322219849 -0.021605970337986946 -0.00051420112140476704
      vertex -0.047267895191907883 -0.018034541979432106 -0.00030778846121393144
    endloop
  endfacet
  facet normal -0.16656411975421193 -0.025158289743751467 -0.98570961974999216
    outer loop
      vertex -0.04674655944108963 -0.021605970337986946 -0.00030472761136479676
      vertex -0.047371886670589447 -0.021605970337986946 -0.00019906050874851644
      vertex -0.047900192439556122 -0.018034541979432106 -0.00020094163483008742
    endloop
  endfacet
  facet normal -0.16656705278592507 -0.025159252280441892 -0.98570909955772434
    outer loop
      vertex -0.04674655944108963 -0.021605970337986946 -0.00030472761136479676
      vertex -0.047900192439556122 -0.018034541979432106 -0.00020094163483008742
      vertex -0.047267895191907883 -0.018034541979432106 -0.00030778846121393144
    endloop
  endfacet
  facet normal -0.16656705504685654 -0.025158713104848133 -0.98570911293744545
    outer loop
      vertex -0.047267895191907883 -0.018034541979432106 -0.00030778846121393144
      vertex -0.047900192439556122 -0.018034541979432106 -0.00020094163483008742
      vertex -0.048428498208522797 -0.014463112689554691 -0.00020282274635974318
    endloop
  endfacet
  facet normal -0.16656994587645263 -0.025159667607520388 -0.98570860007235139
    outer loop
      vertex -0.047267895191907883 -0.018034541979432106 -0.00030778846121393144
      vertex -0.048428498208522797 -0.014463112689554691 -0.00020282274635974318
      vertex -0.047789230942726135 -0.014463112689554691 -0.00031084931106306612
    endloop
  endfacet
  facet normal -0.166569948769412 -0.025158977730393984 -0.98570861719197589
    outer loop
      vertex -0.047789230942726135 -0.014463112689554691 -0.00031084931106306612
      vertex -0.048428498208522797 -0.014463112689554691 -0.00020282274635974318
      vertex -0.048956800252199173 -0.010891684330999851 -0.00020470387244131416
    endloop
  endfacet
  facet normal -0.16657373103229181 -0.025160234174840011 -0.98570794596891065
    outer loop
      vertex -0.047789230942726135 -0.014463112689554691 -0.00031084931106306612
      vertex -0.048956800252199173 -0.010891684330999851 -0.00020470387244131416
      vertex -0.048310566693544388 -0.010891684330999851 -0.00031391019001603127
    endloop
  endfacet
  facet normal -0.16657373325710037 -0.025159703655739298 -0.98570795913432074
    outer loop
      vertex -0.048310566693544388 -0.010891684330999851 -0.00031391019001603127
      vertex -0.048956800252199173 -0.010891684330999851 -0.00020470387244131416
      vertex -0.049485106021165848 -0.0073202555067837238 -0.00020658498397096992
    endloop
  endfacet
  facet normal -0.16657556881920529 -0.025160317110992637 -0.98570763328455169
    outer loop
      vertex -0.048310566693544388 -0.010891684330999851 -0.00031391019001603127
      vertex -0.049485106021165848 -0.0073202555067837238 -0.00020658498397096992
      vertex -0.048831898719072342 -0.0073202555067837238 -0.00031697103986516595
    endloop
  endfacet
  facet normal -0.16513537482262655 -0.024950299967266758 -0.98595526800851074
    outer loop
      vertex -0.048310566693544388 -0.010891684330999851 -0.00031391019001603127
      vertex -0.048831898719072342 -0.0073202555067837238 -0.00031697103986516595
      vertex -0.047525402158498764 -0.0073202555067837238 -0.00053579313680529594
    endloop
  endfacet
  facet normal -0.16512903729334252 -0.024949559315810423 -0.98595634818815403
    outer loop
      vertex -0.046510592103004456 -0.014463112689554691 -0.00052499712910503149
      vertex -0.047789230942726135 -0.014463112689554691 -0.00031084931106306612
      vertex -0.048310566693544388 -0.010891684330999851 -0.00031391019001603127
    endloop
  endfacet
  facet normal -0.16513198884989727 -0.024951078368730652 -0.98595581541300059
    outer loop
      vertex -0.047525402158498764 -0.0073202555067837238 -0.00053579313680529594
      vertex -0.046510592103004456 -0.014463112689554691 -0.00052499712910503149
      vertex -0.048310566693544388 -0.010891684330999851 -0.00031391019001603127
    endloop
  endfacet
  facet normal -0.16511547485783318 -0.024947560496780014 -0.98595867012148708
    outer loop
      vertex -0.045182555913925171 -0.032320257276296616 -0.00029554503271356225
      vertex -0.045703891664743423 -0.028748827055096626 -0.00029860588256269693
      vertex -0.04448096826672554 -0.028748827055096626 -0.00050340511370450258
    endloop
  endfacet
  facet normal -0.16510770797759164 -0.024946268667185703 -0.98596000347172841
    outer loop
      vertex -0.043466154485940933 -0.035891685634851456 -0.00049260910600423813
      vertex -0.044661223888397217 -0.035891685634851456 -0.00029248418286442757
      vertex -0.045182555913925171 -0.032320257276296616 -0.00029554503271356225
    endloop
  endfacet
  facet normal -0.16511185920389684 -0.024948304915978478 -0.98595925678095431
    outer loop
      vertex -0.04448096826672554 -0.028748827055096626 -0.00050340511370450258
      vertex -0.043466154485940933 -0.035891685634851456 -0.00049260910600423813
      vertex -0.045182555913925171 -0.032320257276296616 -0.00029554503271356225
    endloop
  endfacet
  facet normal -0.1665526103169459 -0.025156414524694849 -0.98571161239222171
    outer loop
      vertex -0.044661223888397217 -0.035891685634851456 -0.00029248418286442757
      vertex -0.045258667320013046 -0.035891685634851456 -0.00019153603352606297
      vertex -0.045786969363689423 -0.032320257276296616 -0.00019341715960763395
    endloop
  endfacet
  facet normal -0.16655581142050538 -0.025157439269514151 -0.98571104535328091
    outer loop
      vertex -0.044661223888397217 -0.035891685634851456 -0.00029248418286442757
      vertex -0.045786969363689423 -0.032320257276296616 -0.00019341715960763395
      vertex -0.045182555913925171 -0.032320257276296616 -0.00029554503271356225
    endloop
  endfacet
  facet normal -0.1665558130752833 -0.025157044592394276 -0.98571105514659196
    outer loop
      vertex -0.045182555913925171 -0.032320257276296616 -0.00029554503271356225
      vertex -0.045786969363689423 -0.032320257276296616 -0.00019341715960763395
      vertex -0.046315275132656097 -0.028748827055096626 -0.0001952982711372897
    endloop
  endfacet
  facet normal -0.16655896393886638 -0.025158059595495889 -0.98571049683413692
    outer loop
      vertex -0.045182555913925171 -0.032320257276296616 -0.00029554503271356225
      vertex -0.046315275132656097 -0.028748827055096626 -0.0001952982711372897
      vertex -0.045703891664743423 -0.028748827055096626 -0.00029860588256269693
    endloop
  endfacet
  facet normal -0.16655896616836327 -0.025157527865271648 -0.9857105100284943
    outer loop
      vertex -0.045703891664743423 -0.028748827055096626 -0.00029860588256269693
      vertex -0.046315275132656097 -0.028748827055096626 -0.0001952982711372897
      vertex -0.046843580901622772 -0.025177398696541786 -0.00019717939721886069
    endloop
  endfacet
  facet normal -0.16656206849089614 -0.025158533473045364 -0.98570996014726342
    outer loop
      vertex -0.045703891664743423 -0.028748827055096626 -0.00029860588256269693
      vertex -0.046843580901622772 -0.025177398696541786 -0.00019717939721886069
      vertex -0.046225227415561676 -0.025177398696541786 -0.00030166676151566207
    endloop
  endfacet
  facet normal -0.16656207079981594 -0.025157982821071925 -0.98570997381139036
    outer loop
      vertex -0.046225227415561676 -0.025177398696541786 -0.00030166676151566207
      vertex -0.046843580901622772 -0.025177398696541786 -0.00019717939721886069
      vertex -0.047371886670589447 -0.021605970337986946 -0.00019906050874851644
    endloop
  endfacet
  facet normal -0.16656411824103903 -0.025158650611356477 -0.98570961079518793
    outer loop
      vertex -0.046225227415561676 -0.025177398696541786 -0.00030166676151566207
      vertex -0.047371886670589447 -0.021605970337986946 -0.00019906050874851644
      vertex -0.04674655944108963 -0.021605970337986946 -0.00030472761136479676
    endloop
  endfacet
  facet normal -0.16512239666961423 -0.024948410664624981 -0.98595748940985883
    outer loop
      vertex -0.046225227415561676 -0.025177398696541786 -0.00030166676151566207
      vertex -0.04674655944108963 -0.021605970337986946 -0.00030472761136479676
      vertex -0.045495778322219849 -0.021605970337986946 -0.00051420112140476704
    endloop
  endfacet
  facet normal -0.16511547477114069 -0.024947581529498171 -0.98595866960381773
    outer loop
      vertex -0.04448096826672554 -0.028748827055096626 -0.00050340511370450258
      vertex -0.045703891664743423 -0.028748827055096626 -0.00029860588256269693
      vertex -0.046225227415561676 -0.025177398696541786 -0.00030166676151566207
    endloop
  endfacet
  facet normal -0.16511871660353841 -0.02494919779353269 -0.98595808580114574
    outer loop
      vertex -0.045495778322219849 -0.021605970337986946 -0.00051420112140476704
      vertex -0.04448096826672554 -0.028748827055096626 -0.00050340511370450258
      vertex -0.046225227415561676 -0.025177398696541786 -0.00030166676151566207
    endloop
  endfacet
  facet normal -0.16510010512919654 -0.024945332181051258 -0.98596130029971529
    outer loop
      vertex -0.043097216635942459 -0.046605970710515976 -0.00028330160421319306
      vertex -0.043618552386760712 -0.043034542351961136 -0.00028636245406232774
      vertex -0.042451340705156326 -0.043034542351961136 -0.00048181309830397367
    endloop
  endfacet
  facet normal -0.16509213191547914 -0.024943997267644524 -0.98596266916142106
    outer loop
      vertex -0.041436530649662018 -0.050177399069070816 -0.00047101711970753968
      vertex -0.042575884610414505 -0.050177399069070816 -0.00028024075436405838
      vertex -0.043097216635942459 -0.046605970710515976 -0.00028330160421319306
    endloop
  endfacet
  facet normal -0.16509642044611997 -0.024946031849264937 -0.98596189959392111
    outer loop
      vertex -0.042451340705156326 -0.043034542351961136 -0.00048181309830397367
      vertex -0.041436530649662018 -0.050177399069070816 -0.00047101711970753968
      vertex -0.043097216635942459 -0.046605970710515976 -0.00028330160421319306
    endloop
  endfacet
  facet normal -0.16653997234274664 -0.025154719919876757 -0.98571379095446854
    outer loop
      vertex -0.042575884610414505 -0.050177399069070816 -0.00028024075436405838
      vertex -0.043145444244146347 -0.050177399069070816 -0.00018401155830360949
      vertex -0.043673750013113022 -0.046605970710515976 -0.00018589268438518047
    endloop
  endfacet
  facet normal -0.16654243618481335 -0.025155488826058701 -0.98571335505386637
    outer loop
      vertex -0.042575884610414505 -0.050177399069070816 -0.00028024075436405838
      vertex -0.043673750013113022 -0.046605970710515976 -0.00018589268438518047
      vertex -0.043097216635942459 -0.046605970710515976 -0.00028330160421319306
    endloop
  endfacet
  facet normal -0.16654243789697468 -0.025155080397941738 -0.98571336518762165
    outer loop
      vertex -0.043097216635942459 -0.046605970710515976 -0.00028330160421319306
      vertex -0.043673750013113022 -0.046605970710515976 -0.00018589268438518047
      vertex -0.044202055782079697 -0.043034542351961136 -0.00018777379591483623
    endloop
  endfacet
  facet normal -0.16654589910152467 -0.025156167522949888 -0.98571275264552716
    outer loop
      vertex -0.043097216635942459 -0.046605970710515976 -0.00028330160421319306
      vertex -0.044202055782079697 -0.043034542351961136 -0.00018777379591483623
      vertex -0.043618552386760712 -0.043034542351961136 -0.00028636245406232774
    endloop
  endfacet
  facet normal -0.16654590149559498 -0.025155596454082423 -0.98571276681498821
    outer loop
      vertex -0.043618552386760712 -0.043034542351961136 -0.00028636245406232774
      vertex -0.044202055782079697 -0.043034542351961136 -0.00018777379591483623
      vertex -0.044730361551046371 -0.039463113993406296 -0.00018965492199640721
    endloop
  endfacet
  facet normal -0.16654925736572043 -0.025156657245261119 -0.98571217272953038
    outer loop
      vertex -0.043618552386760712 -0.043034542351961136 -0.00028636245406232774
      vertex -0.044730361551046371 -0.039463113993406296 -0.00018965492199640721
      vertex -0.044139888137578964 -0.039463113993406296 -0.00028942330391146243
    endloop
  endfacet
  facet normal -0.16654925974845081 -0.02515608890392566 -0.98571218683158268
    outer loop
      vertex -0.044139888137578964 -0.039463113993406296 -0.00028942330391146243
      vertex -0.044730361551046371 -0.039463113993406296 -0.00018965492199640721
      vertex -0.045258667320013046 -0.035891685634851456 -0.00019153603352606297
    endloop
  endfacet
  facet normal -0.16655260721758602 -0.025157153773285486 -0.98571159404921871
    outer loop
      vertex -0.044139888137578964 -0.039463113993406296 -0.00028942330391146243
      vertex -0.045258667320013046 -0.035891685634851456 -0.00019153603352606297
      vertex -0.044661223888397217 -0.035891685634851456 -0.00029248418286442757
    endloop
  endfacet
  facet normal -0.16510770723514909 -0.024946448810438882 -0.9859599990381458
    outer loop
      vertex -0.044139888137578964 -0.039463113993406296 -0.00028942330391146243
      vertex -0.044661223888397217 -0.035891685634851456 -0.00029248418286442757
      vertex -0.043466154485940933 -0.035891685634851456 -0.00049260910600423813
    endloop
  endfacet
  facet normal -0.16510010512919654 -0.024945332181051258 -0.98596130029971529
    outer loop
      vertex -0.042451340705156326 -0.043034542351961136 -0.00048181309830397367
      vertex -0.043618552386760712 -0.043034542351961136 -0.00028636245406232774
      vertex -0.044139888137578964 -0.039463113993406296 -0.00028942330391146243
    endloop
  endfacet
  facet normal -0.16510395749460302 -0.02494719083736675 -0.98596060818317921
    outer loop
      vertex -0.043466154485940933 -0.035891685634851456 -0.00049260910600423813
      vertex -0.042451340705156326 -0.043034542351961136 -0.00048181309830397367
      vertex -0.044139888137578964 -0.039463113993406296 -0.00028942330391146243
    endloop
  endfacet
  facet normal -0.16508375825184696 -0.024942776167149357 -0.98596410212467722
    outer loop
      vertex -0.041011881083250046 -0.060891684144735336 -0.00027105817571282387
      vertex -0.041533213108778 -0.057320255786180496 -0.00027411902556195855
      vertex -0.040421716868877411 -0.057320255786180496 -0.00046022111200727522
    endloop
  endfacet
  facet normal -0.16507495338074582 -0.024941646386990753 -0.98596560489798557
    outer loop
      vertex -0.039406906813383102 -0.064463116228580475 -0.00044942510430701077
      vertex -0.040490545332431793 -0.064463116228580475 -0.00026799729675985873
      vertex -0.041011881083250046 -0.060891684144735336 -0.00027105817571282387
    endloop
  endfacet
  facet normal -0.16507916205016421 -0.024943575359806062 -0.98596485145520529
    outer loop
      vertex -0.040421716868877411 -0.057320255786180496 -0.00046022111200727522
      vertex -0.039406906813383102 -0.064463116228580475 -0.00044942510430701077
      vertex -0.041011881083250046 -0.060891684144735336 -0.00027105817571282387
    endloop
  endfacet
  facet normal -0.1665248698156189 -0.025152461007342787 -0.9857164001061185
    outer loop
      vertex -0.040490545332431793 -0.064463116228580475 -0.00026799729675985873
      vertex -0.041032224893569946 -0.064463116228580475 -0.00017648708308115602
      vertex -0.041560530662536621 -0.060891684144735336 -0.000178368209162727
    endloop
  endfacet
  facet normal -0.16652879951421573 -0.025153655753739283 -0.98571570573597778
    outer loop
      vertex -0.040490545332431793 -0.064463116228580475 -0.00026799729675985873
      vertex -0.041560530662536621 -0.060891684144735336 -0.000178368209162727
      vertex -0.041011881083250046 -0.060891684144735336 -0.00027105817571282387
    endloop
  endfacet
  facet normal -0.16652880199224063 -0.025153064538742335 -0.98571572040387945
    outer loop
      vertex -0.041011881083250046 -0.060891684144735336 -0.00027105817571282387
      vertex -0.041560530662536621 -0.060891684144735336 -0.000178368209162727
      vertex -0.042088836431503296 -0.057320255786180496 -0.00018024932069238275
    endloop
  endfacet
  facet normal -0.16653152381361225 -0.025153897529643254 -0.9857152393137607
    outer loop
      vertex -0.041011881083250046 -0.060891684144735336 -0.00027105817571282387
      vertex -0.042088836431503296 -0.057320255786180496 -0.00018024932069238275
      vertex -0.041533213108778 -0.057320255786180496 -0.00027411902556195855
    endloop
  endfacet
  facet normal -0.16653152560059259 -0.025153471198716044 -0.98571524989105996
    outer loop
      vertex -0.041533213108778 -0.057320255786180496 -0.00027411902556195855
      vertex -0.042088836431503296 -0.057320255786180496 -0.00018024932069238275
      vertex -0.042617142200469971 -0.053748827427625656 -0.00018213044677395374
    endloop
  endfacet
  facet normal -0.16653522590600053 -0.02515461109322744 -0.98571459564784047
    outer loop
      vertex -0.041533213108778 -0.057320255786180496 -0.00027411902556195855
      vertex -0.042617142200469971 -0.053748827427625656 -0.00018213044677395374
      vertex -0.042054548859596252 -0.053748827427625656 -0.00027717987541109324
    endloop
  endfacet
  facet normal -0.16653522913407395 -0.025153840985560574 -0.98571461475466349
    outer loop
      vertex -0.042054548859596252 -0.053748827427625656 -0.00027717987541109324
      vertex -0.042617142200469971 -0.053748827427625656 -0.00018213044677395374
      vertex -0.043145444244146347 -0.050177399069070816 -0.00018401155830360949
    endloop
  endfacet
  facet normal -0.1665399698652994 -0.025155310918465512 -0.98571377629099843
    outer loop
      vertex -0.042054548859596252 -0.053748827427625656 -0.00027717987541109324
      vertex -0.043145444244146347 -0.050177399069070816 -0.00018401155830360949
      vertex -0.042575884610414505 -0.050177399069070816 -0.00028024075436405838
    endloop
  endfacet
  facet normal -0.16509213117324101 -0.024944177394702845 -0.98596266472862903
    outer loop
      vertex -0.042054548859596252 -0.053748827427625656 -0.00027717987541109324
      vertex -0.042575884610414505 -0.050177399069070816 -0.00028024075436405838
      vertex -0.041436530649662018 -0.050177399069070816 -0.00047101711970753968
    endloop
  endfacet
  facet normal -0.16508375754280299 -0.024942948255806719 -0.98596409788990647
    outer loop
      vertex -0.040421716868877411 -0.057320255786180496 -0.00046022111200727522
      vertex -0.041533213108778 -0.057320255786180496 -0.00027411902556195855
      vertex -0.042054548859596252 -0.053748827427625656 -0.00027717987541109324
    endloop
  endfacet
  facet normal -0.16508800298688786 -0.024944928242012526 -0.98596333695771987
    outer loop
      vertex -0.041436530649662018 -0.050177399069070816 -0.00047101711970753968
      vertex -0.040421716868877411 -0.057320255786180496 -0.00046022111200727522
      vertex -0.042054548859596252 -0.053748827427625656 -0.00027717987541109324
    endloop
  endfacet
  facet normal -0.16506565869808829 -0.024940136775736022 -0.98596719919892561
    outer loop
      vertex -0.038926541805267334 -0.075177401304244995 -0.00025881474721245468
      vertex -0.039447873830795288 -0.071605972945690155 -0.00026187559706158936
      vertex -0.038392093032598495 -0.071605972945690155 -0.00043862909660674632
    endloop
  endfacet
  facet normal -0.16505588590435075 -0.024938891842555076 -0.98596886675087037
    outer loop
      vertex -0.037377282977104187 -0.078748829662799835 -0.00042783308890648186
      vertex -0.038405206054449081 -0.078748829662799835 -0.00025575386825948954
      vertex -0.038926541805267334 -0.075177401304244995 -0.00025881474721245468
    endloop
  endfacet
  facet normal -0.16506053132136167 -0.024940946252534978 -0.98596803710867731
    outer loop
      vertex -0.038392093032598495 -0.071605972945690155 -0.00043862909660674632
      vertex -0.037377282977104187 -0.078748829662799835 -0.00042783308890648186
      vertex -0.038926541805267334 -0.075177401304244995 -0.00025881474721245468
    endloop
  endfacet
  facet normal -0.16650818216608732 -0.02515002023006328 -0.98571928141544041
    outer loop
      vertex -0.038405206054449081 -0.078748829662799835 -0.00025575386825948954
      vertex -0.038919005542993546 -0.078748829662799835 -0.00016896260785870254
      vertex -0.03944731131196022 -0.075177401304244995 -0.00017084373394027352
    endloop
  endfacet
  facet normal -0.16651254563147333 -0.025151311751022174 -0.98571851137357136
    outer loop
      vertex -0.038405206054449081 -0.078748829662799835 -0.00025575386825948954
      vertex -0.03944731131196022 -0.075177401304244995 -0.00017084373394027352
      vertex -0.038926541805267334 -0.075177401304244995 -0.00025881474721245468
    endloop
  endfacet
  facet normal -0.16651254908300922 -0.025150488111663715 -0.9857185318059225
    outer loop
      vertex -0.038926541805267334 -0.075177401304244995 -0.00025881474721245468
      vertex -0.03944731131196022 -0.075177401304244995 -0.00017084373394027352
      vertex -0.039975613355636597 -0.071605972945690155 -0.00017272484546992928
    endloop
  endfacet
  facet normal -0.166516770850556 -0.025151746178787994 -0.98571778653408793
    outer loop
      vertex -0.038926541805267334 -0.075177401304244995 -0.00025881474721245468
      vertex -0.039975613355636597 -0.071605972945690155 -0.00017272484546992928
      vertex -0.039447873830795288 -0.071605972945690155 -0.00026187559706158936
    endloop
  endfacet
  facet normal -0.16651677276139751 -0.025151290217817167 -0.9857177978455639
    outer loop
      vertex -0.039447873830795288 -0.071605972945690155 -0.00026187559706158936
      vertex -0.039975613355636597 -0.071605972945690155 -0.00017272484546992928
      vertex -0.040503919124603271 -0.068034544587135315 -0.00017460597155150026
    endloop
  endfacet
  facet normal -0.16652085837356204 -0.025152515932857753 -0.98571707638083417
    outer loop
      vertex -0.039447873830795288 -0.071605972945690155 -0.00026187559706158936
      vertex -0.040503919124603271 -0.068034544587135315 -0.00017460597155150026
      vertex -0.039969209581613541 -0.068034544587135315 -0.00026493644691072404
    endloop
  endfacet
  facet normal -0.16652086099441005 -0.025151890584061806 -0.98571709189489443
    outer loop
      vertex -0.039969209581613541 -0.068034544587135315 -0.00026493644691072404
      vertex -0.040503919124603271 -0.068034544587135315 -0.00017460597155150026
      vertex -0.041032224893569946 -0.064463116228580475 -0.00017648708308115602
    endloop
  endfacet
  facet normal -0.16652486713530587 -0.025153100514729815 -0.98571638424044927
    outer loop
      vertex -0.039969209581613541 -0.068034544587135315 -0.00026493644691072404
      vertex -0.041032224893569946 -0.064463116228580475 -0.00017648708308115602
      vertex -0.040490545332431793 -0.064463116228580475 -0.00026799729675985873
    endloop
  endfacet
  facet normal -0.16507495330671179 -0.024941664357265105 -0.9859656044557924
    outer loop
      vertex -0.039969209581613541 -0.068034544587135315 -0.00026493644691072404
      vertex -0.040490545332431793 -0.064463116228580475 -0.00026799729675985873
      vertex -0.039406906813383102 -0.064463116228580475 -0.00044942510430701077
    endloop
  endfacet
  facet normal -0.16506565798927481 -0.02494030884554849 -0.98596719496505381
    outer loop
      vertex -0.038392093032598495 -0.071605972945690155 -0.00043862909660674632
      vertex -0.039447873830795288 -0.071605972945690155 -0.00026187559706158936
      vertex -0.039969209581613541 -0.068034544587135315 -0.00026493644691072404
    endloop
  endfacet
  facet normal -0.16507036027703068 -0.024942426233070754 -0.98596635415800005
    outer loop
      vertex -0.039406906813383102 -0.064463116228580475 -0.00044942510430701077
      vertex -0.038392093032598495 -0.071605972945690155 -0.00043862909660674632
      vertex -0.039969209581613541 -0.068034544587135315 -0.00026493644691072404
    endloop
  endfacet
  facet normal -0.16649562196370721 -0.025148159380411313 -0.98572145048522475
    outer loop
      vertex -0.036841202527284622 -0.089463114738464355 -0.00024657128960825503
      vertex -0.037334088236093521 -0.089463114738464355 -0.00016331925871782005
      vertex -0.037862394005060196 -0.085891686379909515 -0.0001652003702474758
    endloop
  endfacet
  facet normal -0.16650037104294871 -0.025149536378757862 -0.98572061318737458
    outer loop
      vertex -0.036841202527284622 -0.089463114738464355 -0.00024657128960825503
      vertex -0.037862394005060196 -0.085891686379909515 -0.0001652003702474758
      vertex -0.037362538278102875 -0.085891686379909515 -0.00024963216856122017
    endloop
  endfacet
  facet normal -0.16650037385229507 -0.025148865890597196 -0.98572062981935327
    outer loop
      vertex -0.037362538278102875 -0.085891686379909515 -0.00024963216856122017
      vertex -0.037862394005060196 -0.085891686379909515 -0.0001652003702474758
      vertex -0.038390699774026871 -0.082320258021354675 -0.00016708149632904679
    endloop
  endfacet
  facet normal -0.16650372137314595 -0.025149843238563341 -0.98572003944018993
    outer loop
      vertex -0.037362538278102875 -0.085891686379909515 -0.00024963216856122017
      vertex -0.038390699774026871 -0.082320258021354675 -0.00016708149632904679
      vertex -0.037883870303630829 -0.082320258021354675 -0.00025269301841035485
    endloop
  endfacet
  facet normal -0.16650372341032871 -0.025149357055098149 -0.98572005150053232
    outer loop
      vertex -0.037883870303630829 -0.082320258021354675 -0.00025269301841035485
      vertex -0.038390699774026871 -0.082320258021354675 -0.00016708149632904679
      vertex -0.038919005542993546 -0.078748829662799835 -0.00016896260785870254
    endloop
  endfacet
  facet normal -0.1665081794558016 -0.025150667016324093 -0.98571926537069798
    outer loop
      vertex -0.037883870303630829 -0.082320258021354675 -0.00025269301841035485
      vertex -0.038919005542993546 -0.078748829662799835 -0.00016896260785870254
      vertex -0.038405206054449081 -0.078748829662799835 -0.00025575386825948954
    endloop
  endfacet
  facet normal -0.16505588593742421 -0.024938883812819976 -0.98596886694843622
    outer loop
      vertex -0.037883870303630829 -0.082320258021354675 -0.00025269301841035485
      vertex -0.038405206054449081 -0.078748829662799835 -0.00025575386825948954
      vertex -0.037377282977104187 -0.078748829662799835 -0.00042783308890648186
    endloop
  endfacet
  facet normal -0.16504494454316646 -0.024937116106275983 -0.98597074323787381
    outer loop
      vertex -0.03636246919631958 -0.085891686379909515 -0.00041703708120621741
      vertex -0.037362538278102875 -0.085891686379909515 -0.00024963216856122017
      vertex -0.037883870303630829 -0.082320258021354675 -0.00025269301841035485
    endloop
  endfacet
  facet normal -0.1650507785670112 -0.024939649243350719 -0.98596970257206284
    outer loop
      vertex -0.037377282977104187 -0.078748829662799835 -0.00042783308890648186
      vertex -0.03636246919631958 -0.085891686379909515 -0.00041703708120621741
      vertex -0.037883870303630829 -0.082320258021354675 -0.00025269301841035485
    endloop
  endfacet
  facet normal -0.16055308113163319 -0.024301704452286615 -0.98672799458607297
    outer loop
      vertex -0.046510592103004456 -0.014463112689554691 -0.00052499712910503149
      vertex -0.047525402158498764 -0.0073202555067837238 -0.00053579313680529594
      vertex -0.044910319149494171 -0.0073202555067837238 -0.00096130010206252337
    endloop
  endfacet
  facet normal -0.16053141682420216 -0.024298714108734406 -0.98673159304092228
    outer loop
      vertex -0.042992282658815384 -0.021605970337986946 -0.00092149496776983142
      vertex -0.045495778322219849 -0.021605970337986946 -0.00051420112140476704
      vertex -0.046510592103004456 -0.014463112689554691 -0.00052499712910503149
    endloop
  endfacet
  facet normal -0.16054235798877226 -0.024304209649469725 -0.9867296776142489
    outer loop
      vertex -0.044910319149494171 -0.0073202555067837238 -0.00096130010206252337
      vertex -0.042992282658815384 -0.021605970337986946 -0.00092149496776983142
      vertex -0.046510592103004456 -0.014463112689554691 -0.00052499712910503149
    endloop
  endfacet
  facet normal -0.16053141713842492 -0.024298633600825108 -0.98673159497234186
    outer loop
      vertex -0.04448096826672554 -0.028748827055096626 -0.00050340511370450258
      vertex -0.045495778322219849 -0.021605970337986946 -0.00051420112140476704
      vertex -0.042992282658815384 -0.021605970337986946 -0.00092149496776983142
    endloop
  endfacet
  facet normal -0.16050770786057109 -0.024295348470364065 -0.98673553283544468
    outer loop
      vertex -0.041074246168136597 -0.035891685634851456 -0.00088168977526947856
      vertex -0.043466154485940933 -0.035891685634851456 -0.00049260910600423813
      vertex -0.04448096826672554 -0.028748827055096626 -0.00050340511370450258
    endloop
  endfacet
  facet normal -0.16051970654787959 -0.024301182113561318 -0.98673343733637908
    outer loop
      vertex -0.042992282658815384 -0.021605970337986946 -0.00092149496776983142
      vertex -0.041074246168136597 -0.035891685634851456 -0.00088168977526947856
      vertex -0.04448096826672554 -0.028748827055096626 -0.00050340511370450258
    endloop
  endfacet
  facet normal -0.16050770783586521 -0.024295354802130638 -0.98673553268356318
    outer loop
      vertex -0.042451340705156326 -0.043034542351961136 -0.00048181309830397367
      vertex -0.043466154485940933 -0.035891685634851456 -0.00049260910600423813
      vertex -0.041074246168136597 -0.035891685634851456 -0.00088168977526947856
    endloop
  endfacet
  facet normal -0.16048141094212814 -0.024291537587627976 -0.98673990389750255
    outer loop
      vertex -0.039156205952167511 -0.050177399069070816 -0.0008418845827691257
      vertex -0.041436530649662018 -0.050177399069070816 -0.00047101711970753968
      vertex -0.042451340705156326 -0.043034542351961136 -0.00048181309830397367
    endloop
  endfacet
  facet normal -0.16049498682841634 -0.024297919629456651 -0.98673753871261372
    outer loop
      vertex -0.041074246168136597 -0.035891685634851456 -0.00088168977526947856
      vertex -0.039156205952167511 -0.050177399069070816 -0.0008418845827691257
      vertex -0.042451340705156326 -0.043034542351961136 -0.00048181309830397367
    endloop
  endfacet
  facet normal -0.16048141060017257 -0.024291625253957918 -0.98673990179494631
    outer loop
      vertex -0.040421716868877411 -0.057320255786180496 -0.00046022111200727522
      vertex -0.041436530649662018 -0.050177399069070816 -0.00047101711970753968
      vertex -0.039156205952167511 -0.050177399069070816 -0.0008418845827691257
    endloop
  endfacet
  facet normal -0.16045271434895236 -0.024287459123437074 -0.98674467102051322
    outer loop
      vertex -0.037238169461488724 -0.064463116228580475 -0.00080207944847643375
      vertex -0.039406906813383102 -0.064463116228580475 -0.00044942510430701077
      vertex -0.040421716868877411 -0.057320255786180496 -0.00046022111200727522
    endloop
  endfacet
  facet normal -0.16046755516015845 -0.02429419706188991 -0.98674209180010131
    outer loop
      vertex -0.039156205952167511 -0.050177399069070816 -0.0008418845827691257
      vertex -0.037238169461488724 -0.064463116228580475 -0.00080207944847643375
      vertex -0.040421716868877411 -0.057320255786180496 -0.00046022111200727522
    endloop
  endfacet
  facet normal -0.16233882666688684 -0.024554961848858831 -0.98642950037243882
    outer loop
      vertex -0.036349046975374222 -0.078748829662799835 -0.00059705210151150823
      vertex -0.037377282977104187 -0.078748829662799835 -0.00042783308890648186
      vertex -0.038392093032598495 -0.071605972945690155 -0.00043862909660674632
    endloop
  endfacet
  facet normal -0.16045271397347866 -0.024287555416116404 -0.9867446687114424
    outer loop
      vertex -0.038392093032598495 -0.071605972945690155 -0.00043862909660674632
      vertex -0.039406906813383102 -0.064463116228580475 -0.00044942510430701077
      vertex -0.037238169461488724 -0.064463116228580475 -0.00080207944847643375
    endloop
  endfacet
  facet normal -0.15850225669726778 -0.024031244282831505 -0.98706612439091035
    outer loop
      vertex -0.037238169461488724 -0.064463116228580475 -0.00080207944847643375
      vertex -0.035320132970809937 -0.078748829662799835 -0.00076227425597608089
      vertex -0.036349046975374222 -0.078748829662799835 -0.00059705210151150823
    endloop
  endfacet
  facet normal -0.16106046031336854 -0.024184464998151856 -0.98664818439826818
    outer loop
      vertex -0.036349046975374222 -0.078748829662799835 -0.00059705210151150823
      vertex -0.038392093032598495 -0.071605972945690155 -0.00043862909660674632
      vertex -0.037238169461488724 -0.064463116228580475 -0.00080207944847643375
    endloop
  endfacet
  facet normal -0.16232406843838199 -0.024552953501887097 -0.98643197904363655
    outer loop
      vertex -0.035362131893634796 -0.085891686379909515 -0.00058164936490356922
      vertex -0.03636246919631958 -0.085891686379909515 -0.00041703708120621741
      vertex -0.037377282977104187 -0.078748829662799835 -0.00042783308890648186
    endloop
  endfacet
  facet normal -0.16233881786236612 -0.024557169155087901 -0.9864294468729824
    outer loop
      vertex -0.035362131893634796 -0.085891686379909515 -0.00058164936490356922
      vertex -0.037377282977104187 -0.078748829662799835 -0.00042783308890648186
      vertex -0.036349046975374222 -0.078748829662799835 -0.00059705210151150823
    endloop
  endfacet
  facet normal -0.15848256379716197 -0.024025737810315844 -0.98706942050442859
    outer loop
      vertex -0.034361112862825394 -0.085891686379909515 -0.00074237165972590446
      vertex -0.035362131893634796 -0.085891686379909515 -0.00058164936490356922
      vertex -0.036349046975374222 -0.078748829662799835 -0.00059705210151150823
    endloop
  endfacet
  facet normal -0.15850225653983119 -0.024031285591648598 -0.98706612341048072
    outer loop
      vertex -0.034361112862825394 -0.085891686379909515 -0.00074237165972590446
      vertex -0.036349046975374222 -0.078748829662799835 -0.00059705210151150823
      vertex -0.035320132970809937 -0.078748829662799835 -0.00076227425597608089
    endloop
  endfacet
  facet normal -0.15057982052807303 -0.022987457227735066 -0.98833055930692348
    outer loop
      vertex -0.042291771620512009 -0.0073202555067837238 -0.001365139614790678
      vertex -0.043601419776678085 -0.0073202555067837238 -0.0011656045680865645
      vertex -0.044532526284456253 -0.00017739857139531523 -0.0011898780940100551
    endloop
  endfacet
  facet normal -0.15058795690064775 -0.022990041546214691 -0.98832925952143702
    outer loop
      vertex -0.042291771620512009 -0.0073202555067837238 -0.001365139614790678
      vertex -0.044532526284456253 -0.00017739857139531523 -0.0011898780940100551
      vertex -0.043194945901632309 -0.00017739857139531523 -0.0013936801115050912
    endloop
  endfacet
  facet normal -0.15417893456607101 -0.023452769556635802 -0.98776455885812919
    outer loop
      vertex -0.043601419776678085 -0.0073202555067837238 -0.0011656045680865645
      vertex -0.044910319149494171 -0.0073202555067837238 -0.00096130010206252337
      vertex -0.045869339257478714 -0.00017739857139531523 -0.00098120269831269979
    endloop
  endfacet
  facet normal -0.15418897138605658 -0.023455998760189781 -0.98776291549393147
    outer loop
      vertex -0.043601419776678085 -0.0073202555067837238 -0.0011656045680865645
      vertex -0.045869339257478714 -0.00017739857139531523 -0.00098120269831269979
      vertex -0.044532526284456253 -0.00017739857139531523 -0.0011898780940100551
    endloop
  endfacet
  facet normal -0.15057981488693575 -0.022989086013688202 -0.98833052228132245
    outer loop
      vertex -0.043601419776678085 -0.0073202555067837238 -0.0011656045680865645
      vertex -0.042291771620512009 -0.0073202555067837238 -0.001365139614790678
      vertex -0.040485415607690811 -0.021605970337986946 -0.0013080587377771735
    endloop
  endfacet
  facet normal -0.15417893473170433 -0.02345272377513374 -0.98776455991927758
    outer loop
      vertex -0.042992282658815384 -0.021605970337986946 -0.00092149496776983142
      vertex -0.044910319149494171 -0.0073202555067837238 -0.00096130010206252337
      vertex -0.043601419776678085 -0.0073202555067837238 -0.0011656045680865645
    endloop
  endfacet
  facet normal -0.15235901930815787 -0.02337997750380014 -0.98804863538561627
    outer loop
      vertex -0.040485415607690811 -0.021605970337986946 -0.0013080587377771735
      vertex -0.042992282658815384 -0.021605970337986946 -0.00092149496776983142
      vertex -0.043601419776678085 -0.0073202555067837238 -0.0011656045680865645
    endloop
  endfacet
  facet normal -0.15233797248784725 -0.023206366743497291 -0.98805597345537965
    outer loop
      vertex -0.038679063320159912 -0.035891685634851456 -0.001250977860763669
      vertex -0.041074246168136597 -0.035891685634851456 -0.00088168977526947856
      vertex -0.042992282658815384 -0.021605970337986946 -0.00092149496776983142
    endloop
  endfacet
  facet normal -0.15235961237368451 -0.023212980912896065 -0.98805248141709467
    outer loop
      vertex -0.038679063320159912 -0.035891685634851456 -0.001250977860763669
      vertex -0.042992282658815384 -0.021605970337986946 -0.00092149496776983142
      vertex -0.040485415607690811 -0.021605970337986946 -0.0013080587377771735
    endloop
  endfacet
  facet normal -0.15231444357814858 -0.023203260747121847 -0.98805967378907833
    outer loop
      vertex -0.036872711032629013 -0.050177399069070816 -0.0011938969837501645
      vertex -0.039156205952167511 -0.050177399069070816 -0.0008418845827691257
      vertex -0.041074246168136597 -0.035891685634851456 -0.00088168977526947856
    endloop
  endfacet
  facet normal -0.15233795871739783 -0.023210259546284868 -0.98805588414097834
    outer loop
      vertex -0.036872711032629013 -0.050177399069070816 -0.0011938969837501645
      vertex -0.041074246168136597 -0.035891685634851456 -0.00088168977526947856
      vertex -0.038679063320159912 -0.035891685634851456 -0.001250977860763669
    endloop
  endfacet
  facet normal -0.15228795876821721 -0.023199666644124428 -0.98806384059017738
    outer loop
      vertex -0.035066355019807816 -0.064463116228580475 -0.00113681610673666
      vertex -0.037238169461488724 -0.064463116228580475 -0.00080207944847643375
      vertex -0.039156205952167511 -0.050177399069070816 -0.0008418845827691257
    endloop
  endfacet
  facet normal -0.15231442917772459 -0.023207332797657687 -0.98805958037391761
    outer loop
      vertex -0.035066355019807816 -0.064463116228580475 -0.00113681610673666
      vertex -0.039156205952167511 -0.050177399069070816 -0.0008418845827691257
      vertex -0.036872711032629013 -0.050177399069070816 -0.0011938969837501645
    endloop
  endfacet
  facet normal -0.15225889790710767 -0.02319578766702201 -0.9880684103049846
    outer loop
      vertex -0.033260002732276917 -0.078748829662799835 -0.0010797352297231555
      vertex -0.035320132970809937 -0.078748829662799835 -0.00076227425597608089
      vertex -0.037238169461488724 -0.064463116228580475 -0.00080207944847643375
    endloop
  endfacet
  facet normal -0.15228794356606734 -0.0232039667942694 -0.98806374195667601
    outer loop
      vertex -0.033260002732276917 -0.078748829662799835 -0.0010797352297231555
      vertex -0.037238169461488724 -0.064463116228580475 -0.00080207944847643375
      vertex -0.035066355019807816 -0.064463116228580475 -0.00113681610673666
    endloop
  endfacet
  facet normal -0.14525418862414641 -0.022330455254502651 -0.9891423413519751
    outer loop
      vertex -0.039670899510383606 -0.0073202555067837238 -0.0017535198712721467
      vertex -0.040981605648994446 -0.0073202555067837238 -0.0015610444825142622
      vertex -0.041856832802295685 -0.00017739857139531523 -0.0015937726711854339
    endloop
  endfacet
  facet normal -0.14526082017472078 -0.022332507528521103 -0.98914132116177222
    outer loop
      vertex -0.039670899510383606 -0.0073202555067837238 -0.0017535198712721467
      vertex -0.041856832802295685 -0.00017739857139531523 -0.0015937726711854339
      vertex -0.040518168359994888 -0.00017739857139531523 -0.0017903628759086132
    endloop
  endfacet
  facet normal -0.14784477446889155 -0.02264486781429564 -0.98875129968254172
    outer loop
      vertex -0.040981605648994446 -0.0073202555067837238 -0.0015610444825142622
      vertex -0.042291771620512009 -0.0073202555067837238 -0.001365139614790678
      vertex -0.043194945901632309 -0.00017739857139531523 -0.0013936801115050912
    endloop
  endfacet
  facet normal -0.14785116311298033 -0.022646870906868875 -0.98875029851033014
    outer loop
      vertex -0.040981605648994446 -0.0073202555067837238 -0.0015610444825142622
      vertex -0.043194945901632309 -0.00017739857139531523 -0.0013936801115050912
      vertex -0.041856832802295685 -0.00017739857139531523 -0.0015937726711854339
    endloop
  endfacet
  facet normal -0.14525418470000365 -0.022331664432349796 -0.989142314629608
    outer loop
      vertex -0.040981605648994446 -0.0073202555067837238 -0.0015610444825142622
      vertex -0.039670899510383606 -0.0073202555067837238 -0.0017535198712721467
      vertex -0.037976369261741638 -0.021605970337986946 -0.00167983362916857
    endloop
  endfacet
  facet normal -0.14784477424281509 -0.022644935306907095 -0.98875129817059515
    outer loop
      vertex -0.040485415607690811 -0.021605970337986946 -0.0013080587377771735
      vertex -0.042291771620512009 -0.0073202555067837238 -0.001365139614790678
      vertex -0.040981605648994446 -0.0073202555067837238 -0.0015610444825142622
    endloop
  endfacet
  facet normal -0.14653602895723677 -0.022602945112676329 -0.98894706586837966
    outer loop
      vertex -0.037976369261741638 -0.021605970337986946 -0.00167983362916857
      vertex -0.040485415607690811 -0.021605970337986946 -0.0013080587377771735
      vertex -0.040981605648994446 -0.0073202555067837238 -0.0015610444825142622
    endloop
  endfacet
  facet normal -0.14652162317482406 -0.022478392733045034 -0.98895203918205954
    outer loop
      vertex -0.036281835287809372 -0.035891685634851456 -0.0016061475034803152
      vertex -0.038679063320159912 -0.035891685634851456 -0.001250977860763669
      vertex -0.040485415607690811 -0.021605970337986946 -0.0013080587377771735
    endloop
  endfacet
  facet normal -0.14653642605214057 -0.022482796342896159 -0.98894974579523975
    outer loop
      vertex -0.036281835287809372 -0.035891685634851456 -0.0016061475034803152
      vertex -0.040485415607690811 -0.021605970337986946 -0.0013080587377771735
      vertex -0.037976369261741638 -0.021605970337986946 -0.00167983362916857
    endloop
  endfacet
  facet normal -0.14650536246035059 -0.022476349394475147 -0.98895449464990992
    outer loop
      vertex -0.034587301313877106 -0.050177399069070816 -0.0015324613777920604
      vertex -0.036872711032629013 -0.050177399069070816 -0.0011938969837501645
      vertex -0.038679063320159912 -0.035891685634851456 -0.001250977860763669
    endloop
  endfacet
  facet normal -0.14652161440520006 -0.022481053879535987 -0.98895197999122242
    outer loop
      vertex -0.034587301313877106 -0.050177399069070816 -0.0015324613777920604
      vertex -0.038679063320159912 -0.035891685634851456 -0.001250977860763669
      vertex -0.036281835287809372 -0.035891685634851456 -0.0016061475034803152
    endloop
  endfacet
  facet normal -0.1464879196197538 -0.022474186699989043 -0.98895712765400035
    outer loop
      vertex -0.032892771065235138 -0.064463116228580475 -0.0014587752521038055
      vertex -0.035066355019807816 -0.064463116228580475 -0.00113681610673666
      vertex -0.036872711032629013 -0.050177399069070816 -0.0011938969837501645
    endloop
  endfacet
  facet normal -0.14650535341871035 -0.02247909363357483 -0.98895443361616608
    outer loop
      vertex -0.032892771065235138 -0.064463116228580475 -0.0014587752521038055
      vertex -0.036872711032629013 -0.050177399069070816 -0.0011938969837501645
      vertex -0.034587301313877106 -0.050177399069070816 -0.0015324613777920604
    endloop
  endfacet
  facet normal -0.14776356403241095 -0.022634679814090369 -0.98876367268126963
    outer loop
      vertex -0.032229319214820862 -0.078748829662799835 -0.0012337634107097983
      vertex -0.033260002732276917 -0.078748829662799835 -0.0010797352297231555
      vertex -0.035066355019807816 -0.064463116228580475 -0.00113681610673666
    endloop
  endfacet
  facet normal -0.14517225947885326 -0.022322041834660411 -0.98915455896747306
    outer loop
      vertex -0.032892771065235138 -0.064463116228580475 -0.0014587752521038055
      vertex -0.031198237091302872 -0.078748829662799835 -0.0013850891264155507
      vertex -0.032229319214820862 -0.078748829662799835 -0.0012337634107097983
    endloop
  endfacet
  facet normal -0.1464882289422022 -0.022380080789587621 -0.98895921592613134
    outer loop
      vertex -0.035066355019807816 -0.064463116228580475 -0.00113681610673666
      vertex -0.032892771065235138 -0.064463116228580475 -0.0014587752521038055
      vertex -0.032229319214820862 -0.078748829662799835 -0.0012337634107097983
    endloop
  endfacet
  facet normal -0.14775276931470485 -0.02263336803217033 -0.98876531584160865
    outer loop
      vertex -0.031354088336229324 -0.085891686379909515 -0.0012010352220386267
      vertex -0.032356824725866318 -0.085891686379909515 -0.0010511947330087423
      vertex -0.033260002732276917 -0.078748829662799835 -0.0010797352297231555
    endloop
  endfacet
  facet normal -0.14776355869274824 -0.022636275451597094 -0.98876363695077985
    outer loop
      vertex -0.031354088336229324 -0.085891686379909515 -0.0012010352220386267
      vertex -0.033260002732276917 -0.078748829662799835 -0.0010797352297231555
      vertex -0.032229319214820862 -0.078748829662799835 -0.0012337634107097983
    endloop
  endfacet
  facet normal -0.14516206811379082 -0.022319307068371218 -0.98915611635015166
    outer loop
      vertex -0.030350971966981888 -0.085891686379909515 -0.0013482460053637624
      vertex -0.031354088336229324 -0.085891686379909515 -0.0012010352220386267
      vertex -0.032229319214820862 -0.078748829662799835 -0.0012337634107097983
    endloop
  endfacet
  facet normal -0.14517225957540814 -0.02232201205358068 -0.98915455962536514
    outer loop
      vertex -0.030350971966981888 -0.085891686379909515 -0.0013482460053637624
      vertex -0.032229319214820862 -0.078748829662799835 -0.0012337634107097983
      vertex -0.031198237091302872 -0.078748829662799835 -0.0013850891264155507
    endloop
  endfacet
  facet normal -0.14103564445566502 -0.021834478550535514 -0.9897637104579059
    outer loop
      vertex -0.03546525165438652 -0.021605970337986946 -0.0020376534666866064
      vertex -0.037976369261741638 -0.021605970337986946 -0.00167983362916857
      vertex -0.039670899510383606 -0.0073202555067837238 -0.0017535198712721467
    endloop
  endfacet
  facet normal -0.14105026923213865 -0.021838827375403529 -0.98976153045489113
    outer loop
      vertex -0.03546525165438652 -0.021605970337986946 -0.0020376534666866064
      vertex -0.039670899510383606 -0.0073202555067837238 -0.0017535198712721467
      vertex -0.037047866731882095 -0.0073202555067837238 -0.0021273265592753887
    endloop
  endfacet
  facet normal -0.14101993414601369 -0.021832654789222944 -0.98976598919053016
    outer loop
      vertex -0.033882640302181244 -0.035891685634851456 -0.0019479801412671804
      vertex -0.036281835287809372 -0.035891685634851456 -0.0016061475034803152
      vertex -0.037976369261741638 -0.021605970337986946 -0.00167983362916857
    endloop
  endfacet
  facet normal -0.14103563607607056 -0.021837198226315191 -0.98976365165136415
    outer loop
      vertex -0.033882640302181244 -0.035891685634851456 -0.0019479801412671804
      vertex -0.037976369261741638 -0.021605970337986946 -0.00167983362916857
      vertex -0.03546525165438652 -0.021605970337986946 -0.0020376534666866064
    endloop
  endfacet
  facet normal -0.14100273565514004 -0.021830630464658874 -0.98976848409680229
    outer loop
      vertex -0.032300028949975967 -0.050177399069070816 -0.0018583069322630763
      vertex -0.034587301313877106 -0.050177399069070816 -0.0015324613777920604
      vertex -0.036281835287809372 -0.035891685634851456 -0.0016061475034803152
    endloop
  endfacet
  facet normal -0.14101992548348638 -0.021835466835832252 -0.98976592839150235
    outer loop
      vertex -0.032300028949975967 -0.050177399069070816 -0.0018583069322630763
      vertex -0.036281835287809372 -0.035891685634851456 -0.0016061475034803152
      vertex -0.033882640302181244 -0.035891685634851456 -0.0019479801412671804
    endloop
  endfacet
  facet normal -0.14098336069835474 -0.021828304302119694 -0.98977129536953723
    outer loop
      vertex -0.030717415735125542 -0.064463116228580475 -0.0017686336068436503
      vertex -0.032892771065235138 -0.064463116228580475 -0.0014587752521038055
      vertex -0.034587301313877106 -0.050177399069070816 -0.0015324613777920604
    endloop
  endfacet
  facet normal -0.14100272651592088 -0.021833597882618187 -0.98976841994406772
    outer loop
      vertex -0.030717415735125542 -0.064463116228580475 -0.0017686336068436503
      vertex -0.034587301313877106 -0.050177399069070816 -0.0015324613777920604
      vertex -0.032300028949975967 -0.050177399069070816 -0.0018583069322630763
    endloop
  endfacet
  facet normal -0.14241364352958463 -0.021996927623541451 -0.98956277684225435
    outer loop
      vertex -0.030166737735271454 -0.078748829662799835 -0.0015335381031036377
      vertex -0.031198237091302872 -0.078748829662799835 -0.0013850891264155507
      vertex -0.032892771065235138 -0.064463116228580475 -0.0014587752521038055
    endloop
  endfacet
  facet normal -0.13951062190737351 -0.021669627312104402 -0.98998344108736114
    outer loop
      vertex -0.030717415735125542 -0.064463116228580475 -0.0017686336068436503
      vertex -0.029134804382920265 -0.078748829662799835 -0.0016789603978395462
      vertex -0.030166737735271454 -0.078748829662799835 -0.0015335381031036377
    endloop
  endfacet
  facet normal -0.14098368427069866 -0.021722956296056306 -0.9897735670036959
    outer loop
      vertex -0.032892771065235138 -0.064463116228580475 -0.0014587752521038055
      vertex -0.030717415735125542 -0.064463116228580475 -0.0017686336068436503
      vertex -0.030166737735271454 -0.078748829662799835 -0.0015335381031036377
    endloop
  endfacet
  facet normal -0.1424022011862435 -0.021995549943961509 -0.98956445413119765
    outer loop
      vertex -0.02934744581580162 -0.085891686379909515 -0.0014926573494449258
      vertex -0.030350971966981888 -0.085891686379909515 -0.0013482460053637624
      vertex -0.031198237091302872 -0.078748829662799835 -0.0013850891264155507
    endloop
  endfacet
  facet normal -0.14241363847824973 -0.021998539257573963 -0.98956274174299819
    outer loop
      vertex -0.02934744581580162 -0.085891686379909515 -0.0014926573494449258
      vertex -0.031198237091302872 -0.078748829662799835 -0.0013850891264155507
      vertex -0.030166737735271454 -0.078748829662799835 -0.0015335381031036377
    endloop
  endfacet
  facet normal -0.13949874871055146 -0.021666616593018335 -0.9899851801080668
    outer loop
      vertex -0.028343496844172478 -0.085891686379909515 -0.0016341237351298332
      vertex -0.02934744581580162 -0.085891686379909515 -0.0014926573494449258
      vertex -0.030166737735271454 -0.078748829662799835 -0.0015335381031036377
    endloop
  endfacet
  facet normal -0.13951062177300169 -0.021669671738912075 -0.9899834401338431
    outer loop
      vertex -0.028343496844172478 -0.085891686379909515 -0.0016341237351298332
      vertex -0.030166737735271454 -0.078748829662799835 -0.0015335381031036377
      vertex -0.029134804382920265 -0.078748829662799835 -0.0016789603978395462
    endloop
  endfacet
  facet normal -0.13336260166465003 -0.021008035125754984 -0.99084462906017245
    outer loop
      vertex -0.034422624856233597 -0.0073202555067837238 -0.0024849788751453161
      vertex -0.035735521465539932 -0.0073202555067837238 -0.0023082697298377752
      vertex -0.03649882972240448 -0.00017739857139531523 -0.0023569762706756592
    endloop
  endfacet
  facet normal -0.13336949950268259 -0.021010057517692478 -0.9908436577409715
    outer loop
      vertex -0.034422624856233597 -0.0073202555067837238 -0.0024849788751453161
      vertex -0.03649882972240448 -0.00017739857139531523 -0.0023569762706756592
      vertex -0.035157926380634308 -0.00017739857139531523 -0.002537464490160346
    endloop
  endfacet
  facet normal -0.13655444863471045 -0.021344736997828514 -0.99040258721419139
    outer loop
      vertex -0.035735521465539932 -0.0073202555067837238 -0.0023082697298377752
      vertex -0.037047866731882095 -0.0073202555067837238 -0.0021273265592753887
      vertex -0.037839170545339584 -0.00017739857139531523 -0.0021721632219851017
    endloop
  endfacet
  facet normal -0.1365616318564716 -0.021346872284326308 -0.99040155076028358
    outer loop
      vertex -0.035735521465539932 -0.0073202555067837238 -0.0023082697298377752
      vertex -0.037839170545339584 -0.00017739857139531523 -0.0021721632219851017
      vertex -0.03649882972240448 -0.00017739857139531523 -0.0023569762706756592
    endloop
  endfacet
  facet normal -0.13336259777692444 -0.021009422105298641 -0.99084460017552278
    outer loop
      vertex -0.035735521465539932 -0.0073202555067837238 -0.0023082697298377752
      vertex -0.034422624856233597 -0.0073202555067837238 -0.0024849788751453161
      vertex -0.032952014356851578 -0.021605970337986946 -0.0023800076451152563
    endloop
  endfacet
  facet normal -0.13655444847835901 -0.021344790615353531 -0.99040258608020515
    outer loop
      vertex -0.03546525165438652 -0.021605970337986946 -0.0020376534666866064
      vertex -0.037047866731882095 -0.0073202555067837238 -0.0021273265592753887
      vertex -0.035735521465539932 -0.0073202555067837238 -0.0023082697298377752
    endloop
  endfacet
  facet normal -0.13494318939122316 -0.021318501163253234 -0.9906239736373621
    outer loop
      vertex -0.032952014356851578 -0.021605970337986946 -0.0023800076451152563
      vertex -0.03546525165438652 -0.021605970337986946 -0.0020376534666866064
      vertex -0.035735521465539932 -0.0073202555067837238 -0.0023082697298377752
    endloop
  endfacet
  facet normal -0.13492697842699466 -0.021165898864452588 -0.99062945404314595
    outer loop
      vertex -0.031481403857469559 -0.035891685634851456 -0.0022750364150851965
      vertex -0.033882640302181244 -0.035891685634851456 -0.0019479801412671804
      vertex -0.03546525165438652 -0.021605970337986946 -0.0020376534666866064
    endloop
  endfacet
  facet normal -0.13494361365256946 -0.021170577232036032 -0.99062708815883316
    outer loop
      vertex -0.031481403857469559 -0.035891685634851456 -0.0022750364150851965
      vertex -0.03546525165438652 -0.021605970337986946 -0.0020376534666866064
      vertex -0.032952014356851578 -0.021605970337986946 -0.0023800076451152563
    endloop
  endfacet
  facet normal -0.13490897130446336 -0.021163914332544439 -0.99063194890519057
    outer loop
      vertex -0.030010797083377838 -0.050177399069070816 -0.0021700654178857803
      vertex -0.032300028949975967 -0.050177399069070816 -0.0018583069322630763
      vertex -0.033882640302181244 -0.035891685634851456 -0.0019479801412671804
    endloop
  endfacet
  facet normal -0.13492697004533108 -0.021168832255747078 -0.99062939250524673
    outer loop
      vertex -0.030010797083377838 -0.050177399069070816 -0.0021700654178857803
      vertex -0.033882640302181244 -0.035891685634851456 -0.0019479801412671804
      vertex -0.031481403857469559 -0.035891685634851456 -0.0022750364150851965
    endloop
  endfacet
  facet normal -0.13488905925676678 -0.021161745873348143 -0.99063470674331622
    outer loop
      vertex -0.028540188446640968 -0.064463116228580475 -0.0020650941878557205
      vertex -0.030717415735125542 -0.064463116228580475 -0.0017686336068436503
      vertex -0.032300028949975967 -0.050177399069070816 -0.0018583069322630763
    endloop
  endfacet
  facet normal -0.13490896241817027 -0.021167025026683876 -0.99063188365344512
    outer loop
      vertex -0.028540188446640968 -0.064463116228580475 -0.0020650941878557205
      vertex -0.032300028949975967 -0.050177399069070816 -0.0018583069322630763
      vertex -0.030010797083377838 -0.050177399069070816 -0.0021700654178857803
    endloop
  endfacet
  facet normal -0.13646284732840136 -0.021334697948649471 -0.9904154289804179
    outer loop
      vertex -0.028102420270442963 -0.078748829662799835 -0.0018212058348581195
      vertex -0.029134804382920265 -0.078748829662799835 -0.0016789603978395462
      vertex -0.030717415735125542 -0.064463116228580475 -0.0017686336068436503
    endloop
  endfacet
  facet normal -0.13327037227524849 -0.021000005483189522 -0.99085720850348691
    outer loop
      vertex -0.028540188446640968 -0.064463116228580475 -0.0020650941878557205
      vertex -0.027069579809904099 -0.078748829662799835 -0.0019601229578256607
      vertex -0.028102420270442963 -0.078748829662799835 -0.0018212058348581195
    endloop
  endfacet
  facet normal -0.13488938929022637 -0.021045861062957614 -0.9906371305321785
    outer loop
      vertex -0.030717415735125542 -0.064463116228580475 -0.0017686336068436503
      vertex -0.028540188446640968 -0.064463116228580475 -0.0020650941878557205
      vertex -0.028102420270442963 -0.078748829662799835 -0.0018212058348581195
    endloop
  endfacet
  facet normal -0.13645106325569945 -0.021333446490055037 -0.99041707951612235
    outer loop
      vertex -0.027339110150933266 -0.085891686379909515 -0.0017724994104355574
      vertex -0.028343496844172478 -0.085891686379909515 -0.0016341237351298332
      vertex -0.029134804382920265 -0.078748829662799835 -0.0016789603978395462
    endloop
  endfacet
  facet normal -0.13646284228380295 -0.021336429798813204 -0.99041539236790255
    outer loop
      vertex -0.027339110150933266 -0.085891686379909515 -0.0017724994104355574
      vertex -0.029134804382920265 -0.078748829662799835 -0.0016789603978395462
      vertex -0.028102420270442963 -0.078748829662799835 -0.0018212058348581195
    endloop
  endfacet
  facet normal -0.13325824121516813 -0.02099699941871121 -0.99085890376160568
    outer loop
      vertex -0.026334274560213089 -0.085891686379909515 -0.0019076373428106308
      vertex -0.027339110150933266 -0.085891686379909515 -0.0017724994104355574
      vertex -0.028102420270442963 -0.078748829662799835 -0.0018212058348581195
    endloop
  endfacet
  facet normal -0.13327037222661728 -0.021000022852006386 -0.9908572081419168
    outer loop
      vertex -0.026334274560213089 -0.085891686379909515 -0.0019076373428106308
      vertex -0.028102420270442963 -0.078748829662799835 -0.0018212058348581195
      vertex -0.027069579809904099 -0.078748829662799835 -0.0019601229578256607
    endloop
  endfacet
  facet normal -0.1267147750953258 -0.020346086743305541 -0.99173050902287707
    outer loop
      vertex -0.031795110553503036 -0.0073202555067837238 -0.0028251588810235262
      vertex -0.033109150826931 -0.0073202555067837238 -0.0026572621427476406
      vertex -0.033816438168287277 -0.00017739857139531523 -0.0027134320698678493
    endloop
  endfacet
  facet normal -0.12672195763184088 -0.020348134311988422 -0.9917295492643019
    outer loop
      vertex -0.031795110553503036 -0.0073202555067837238 -0.0028251588810235262
      vertex -0.033816438168287277 -0.00017739857139531523 -0.0027134320698678493
      vertex -0.032474376261234283 -0.00017739857139531523 -0.0028849190566688776
    endloop
  endfacet
  facet normal -0.13002434566678694 -0.020669018960036041 -0.99129534508599071
    outer loop
      vertex -0.033109150826931 -0.0073202555067837238 -0.0026572621427476406
      vertex -0.034422624856233597 -0.0073202555067837238 -0.0024849788751453161
      vertex -0.035157926380634308 -0.00017739857139531523 -0.002537464490160346
    endloop
  endfacet
  facet normal -0.13003146004982563 -0.020671075939007716 -0.99129436900288814
    outer loop
      vertex -0.033109150826931 -0.0073202555067837238 -0.0026572621427476406
      vertex -0.035157926380634308 -0.00017739857139531523 -0.002537464490160346
      vertex -0.033816438168287277 -0.00017739857139531523 -0.0027134320698678493
    endloop
  endfacet
  facet normal -0.12671477164619072 -0.020347423978994944 -0.99173048202829428
    outer loop
      vertex -0.033109150826931 -0.0073202555067837238 -0.0026572621427476406
      vertex -0.031795110553503036 -0.0073202555067837238 -0.0028251588810235262
      vertex -0.03043658472597599 -0.021605970337986946 -0.0027056382969021797
    endloop
  endfacet
  facet normal -0.13002434548827541 -0.020669085355062417 -0.9912953437250327
    outer loop
      vertex -0.032952014356851578 -0.021605970337986946 -0.0023800076451152563
      vertex -0.034422624856233597 -0.0073202555067837238 -0.0024849788751453161
      vertex -0.033109150826931 -0.0073202555067837238 -0.0026572621427476406
    endloop
  endfacet
  facet normal -0.12835465188467013 -0.020654947887110787 -0.99151321547791071
    outer loop
      vertex -0.03043658472597599 -0.021605970337986946 -0.0027056382969021797
      vertex -0.032952014356851578 -0.021605970337986946 -0.0023800076451152563
      vertex -0.033109150826931 -0.0073202555067837238 -0.0026572621427476406
    endloop
  endfacet
  facet normal -0.12833889298970183 -0.020497219562931428 -0.99151852858954015
    outer loop
      vertex -0.029078057035803795 -0.035891685634851456 -0.0025861177127808332
      vertex -0.031481403857469559 -0.035891685634851456 -0.0022750364150851965
      vertex -0.032952014356851578 -0.021605970337986946 -0.0023800076451152563
    endloop
  endfacet
  facet normal -0.12835505700681421 -0.020501634377209088 -0.99151634496292629
    outer loop
      vertex -0.029078057035803795 -0.035891685634851456 -0.0025861177127808332
      vertex -0.032952014356851578 -0.021605970337986946 -0.0023800076451152563
      vertex -0.03043658472597599 -0.021605970337986946 -0.0027056382969021797
    endloop
  endfacet
  facet normal -0.12832083536894015 -0.020495331172461623 -0.99152090477727628
    outer loop
      vertex -0.027719529345631599 -0.050177399069070816 -0.0024665971286594868
      vertex -0.030010797083377838 -0.050177399069070816 -0.0021700654178857803
      vertex -0.031481403857469559 -0.035891685634851456 -0.0022750364150851965
    endloop
  endfacet
  facet normal -0.12833888536411292 -0.020500116952804581 -0.99151846967588964
    outer loop
      vertex -0.027719529345631599 -0.050177399069070816 -0.0024665971286594868
      vertex -0.031481403857469559 -0.035891685634851456 -0.0022750364150851965
      vertex -0.029078057035803795 -0.035891685634851456 -0.0025861177127808332
    endloop
  endfacet
  facet normal -0.12830113192012652 -0.020493349431804954 -0.99152349552447827
    outer loop
      vertex -0.026361001655459404 -0.064463116228580475 -0.0023470765445381403
      vertex -0.028540188446640968 -0.064463116228580475 -0.0020650941878557205
      vertex -0.030010797083377838 -0.050177399069070816 -0.0021700654178857803
    endloop
  endfacet
  facet normal -0.12832082725666641 -0.020498414185296358 -0.99152084209463431
    outer loop
      vertex -0.026361001655459404 -0.064463116228580475 -0.0023470765445381403
      vertex -0.030010797083377838 -0.050177399069070816 -0.0021700654178857803
      vertex -0.027719529345631599 -0.050177399069070816 -0.0024665971286594868
    endloop
  endfacet
  facet normal -0.12827929166838423 -0.02049112758497984 -0.9915263672839737
    outer loop
      vertex -0.025002473965287209 -0.078748829662799835 -0.0022275559604167938
      vertex -0.027069579809904099 -0.078748829662799835 -0.0019601229578256607
      vertex -0.028540188446640968 -0.064463116228580475 -0.0020650941878557205
    endloop
  endfacet
  facet normal -0.12830112345480787 -0.020496567411759176 -0.99152343010368105
    outer loop
      vertex -0.025002473965287209 -0.078748829662799835 -0.0022275559604167938
      vertex -0.028540188446640968 -0.064463116228580475 -0.0020650941878557205
      vertex -0.026361001655459404 -0.064463116228580475 -0.0023470765445381403
    endloop
  endfacet
  facet normal -0.12007297221411506 -0.019737614283197147 -0.99256884291522873
    outer loop
      vertex -0.029165336862206459 -0.0073202555067837238 -0.0031478339806199074
      vertex -0.030480507761240005 -0.0073202555067837238 -0.0029887352138757706
      vertex -0.03113173134624958 -0.00017739857139531523 -0.003051993902772665
    endloop
  endfacet
  facet normal -0.12007997645230775 -0.019739554403575998 -0.99256795699194411
    outer loop
      vertex -0.029165336862206459 -0.0073202555067837238 -0.0031478339806199074
      vertex -0.03113173134624958 -0.00017739857139531523 -0.003051993902772665
      vertex -0.029788507148623466 -0.00017739857139531523 -0.0032144959550350904
    endloop
  endfacet
  facet normal -0.1234532087892308 -0.020040786456945646 -0.99214800917898816
    outer loop
      vertex -0.030480507761240005 -0.0073202555067837238 -0.0029887352138757706
      vertex -0.031795110553503036 -0.0073202555067837238 -0.0028251588810235262
      vertex -0.032474376261234283 -0.00017739857139531523 -0.0028849190566688776
    endloop
  endfacet
  facet normal -0.12345991726148069 -0.020042671756747336 -0.99214713633545304
    outer loop
      vertex -0.030480507761240005 -0.0073202555067837238 -0.0029887352138757706
      vertex -0.032474376261234283 -0.00017739857139531523 -0.0028849190566688776
      vertex -0.03113173134624958 -0.00017739857139531523 -0.003051993902772665
    endloop
  endfacet
  facet normal -0.12007296916033874 -0.019738902277400605 -0.99256881767155258
    outer loop
      vertex -0.030480507761240005 -0.0073202555067837238 -0.0029887352138757706
      vertex -0.029165336862206459 -0.0073202555067837238 -0.0031478339806199074
      vertex -0.027919000014662743 -0.021605970337986946 -0.0030145102646201849
    endloop
  endfacet
  facet normal -0.12345320887203033 -0.020040753003822003 -0.99214800984441753
    outer loop
      vertex -0.03043658472597599 -0.021605970337986946 -0.0027056382969021797
      vertex -0.031795110553503036 -0.0073202555067837238 -0.0028251588810235262
      vertex -0.030480507761240005 -0.0073202555067837238 -0.0029887352138757706
    endloop
  endfacet
  facet normal -0.12174834751962617 -0.020039686031769467 -0.9923586805485145
    outer loop
      vertex -0.027919000014662743 -0.021605970337986946 -0.0030145102646201849
      vertex -0.03043658472597599 -0.021605970337986946 -0.0027056382969021797
      vertex -0.030480507761240005 -0.0073202555067837238 -0.0029887352138757706
    endloop
  endfacet
  facet normal -0.12173283264709565 -0.019878971478901854 -0.99236381632375903
    outer loop
      vertex -0.026672661304473877 -0.035891685634851456 -0.0028811865486204624
      vertex -0.029078057035803795 -0.035891685634851456 -0.0025861177127808332
      vertex -0.03043658472597599 -0.021605970337986946 -0.0027056382969021797
    endloop
  endfacet
  facet normal -0.12174872801307675 -0.019883184504035246 -0.99236178191281443
    outer loop
      vertex -0.026672661304473877 -0.035891685634851456 -0.0028811865486204624
      vertex -0.03043658472597599 -0.021605970337986946 -0.0027056382969021797
      vertex -0.027919000014662743 -0.021605970337986946 -0.0030145102646201849
    endloop
  endfacet
  facet normal -0.12171537466520023 -0.019877332060803481 -0.99236599057013952
    outer loop
      vertex -0.025426322594285011 -0.050177399069070816 -0.0027478628326207399
      vertex -0.027719529345631599 -0.050177399069070816 -0.0024665971286594868
      vertex -0.029078057035803795 -0.035891685634851456 -0.0025861177127808332
    endloop
  endfacet
  facet normal -0.12173282575506388 -0.019881818186566508 -0.99236376014004246
    outer loop
      vertex -0.025426322594285011 -0.050177399069070816 -0.0027478628326207399
      vertex -0.029078057035803795 -0.035891685634851456 -0.0025861177127808332
      vertex -0.026672661304473877 -0.035891685634851456 -0.0028811865486204624
    endloop
  endfacet
  facet normal -0.12169611855730354 -0.01987551574343923 -0.99236838855438103
    outer loop
      vertex -0.024179985746741295 -0.064463116228580475 -0.0026145388837903738
      vertex -0.026361001655459404 -0.064463116228580475 -0.0023470765445381403
      vertex -0.027719529345631599 -0.050177399069070816 -0.0024665971286594868
    endloop
  endfacet
  facet normal -0.12171536745597379 -0.019880310446640546 -0.99236593179209986
    outer loop
      vertex -0.024179985746741295 -0.064463116228580475 -0.0026145388837903738
      vertex -0.027719529345631599 -0.050177399069070816 -0.0024665971286594868
      vertex -0.025426322594285011 -0.050177399069070816 -0.0027478628326207399
    endloop
  endfacet
  facet normal -0.12336432412961286 -0.020032412300515296 -0.99215923419049323
    outer loop
      vertex -0.023968275636434555 -0.078748829662799835 -0.0023561473935842514
      vertex -0.025002473965287209 -0.078748829662799835 -0.0022275559604167938
      vertex -0.026361001655459404 -0.064463116228580475 -0.0023470765445381403
    endloop
  endfacet
  facet normal -0.11998481852476757 -0.019731330163648756 -0.99257962800651489
    outer loop
      vertex -0.024179985746741295 -0.064463116228580475 -0.0026145388837903738
      vertex -0.022933647036552429 -0.078748829662799835 -0.0024812151677906513
      vertex -0.023968275636434555 -0.078748829662799835 -0.0023561473935842514
    endloop
  endfacet
  facet normal -0.12169641429447366 -0.01975291835986806 -0.99237080013679158
    outer loop
      vertex -0.026361001655459404 -0.064463116228580475 -0.0023470765445381403
      vertex -0.024179985746741295 -0.064463116228580475 -0.0026145388837903738
      vertex -0.023968275636434555 -0.078748829662799835 -0.0023561473935842514
    endloop
  endfacet
  facet normal -0.12335289153042926 -0.020031353337040533 -0.9921606770249306
    outer loop
      vertex -0.02331705205142498 -0.085891686379909515 -0.0022928887046873569
      vertex -0.024323210120201111 -0.085891686379909515 -0.0021677955519407988
      vertex -0.025002473965287209 -0.078748829662799835 -0.0022275559604167938
    endloop
  endfacet
  facet normal -0.12336432004723004 -0.0200340634966873 -0.9921592013578745
    outer loop
      vertex -0.02331705205142498 -0.085891686379909515 -0.0022928887046873569
      vertex -0.025002473965287209 -0.078748829662799835 -0.0022275559604167938
      vertex -0.023968275636434555 -0.078748829662799835 -0.0023561473935842514
    endloop
  endfacet
  facet normal -0.11997345938471075 -0.019728650318477862 -0.99258105432245491
    outer loop
      vertex -0.022310478612780571 -0.085891686379909515 -0.0024145534262061119
      vertex -0.02331705205142498 -0.085891686379909515 -0.0022928887046873569
      vertex -0.023968275636434555 -0.078748829662799835 -0.0023561473935842514
    endloop
  endfacet
  facet normal -0.11998481860010354 -0.019731298354589161 -0.99257962862973492
    outer loop
      vertex -0.022310478612780571 -0.085891686379909515 -0.0024145534262061119
      vertex -0.023968275636434555 -0.078748829662799835 -0.0023561473935842514
      vertex -0.022933647036552429 -0.078748829662799835 -0.0024812151677906513
    endloop
  endfacet
  facet normal -0.11475166316497286 -0.019280609246211017 -0.99320708510761602
    outer loop
      vertex -0.025399308651685715 -0.021605970337986946 -0.003305626567453146
      vertex -0.027919000014662743 -0.021605970337986946 -0.0030145102646201849
      vertex -0.029165336862206459 -0.0073202555067837238 -0.0031478339806199074
    endloop
  endfacet
  facet normal -0.11476631270979837 -0.01928449071666527 -0.99320531708443627
    outer loop
      vertex -0.025399308651685715 -0.021605970337986946 -0.003305626567453146
      vertex -0.029165336862206459 -0.0073202555067837238 -0.0031478339806199074
      vertex -0.026533355936408043 -0.0073202555067837238 -0.0034519631881266832
    endloop
  endfacet
  facet normal -0.11473572813880986 -0.019279250775990287 -0.99320895242540663
    outer loop
      vertex -0.024265261366963387 -0.035891685634851456 -0.0031592899467796087
      vertex -0.026672661304473877 -0.035891685634851456 -0.0028811865486204624
      vertex -0.027919000014662743 -0.021605970337986946 -0.0030145102646201849
    endloop
  endfacet
  facet normal -0.1147516571111413 -0.019283344252332926 -0.99320703271004507
    outer loop
      vertex -0.024265261366963387 -0.035891685634851456 -0.0031592899467796087
      vertex -0.027919000014662743 -0.021605970337986946 -0.0030145102646201849
      vertex -0.025399308651685715 -0.021605970337986946 -0.003305626567453146
    endloop
  endfacet
  facet normal -0.11471833316361972 -0.019277754710749415 -0.99321099078165298
    outer loop
      vertex -0.023131214082241058 -0.050177399069070816 -0.0030129535589367151
      vertex -0.025426322594285011 -0.050177399069070816 -0.0027478628326207399
      vertex -0.026672661304473877 -0.035891685634851456 -0.0028811865486204624
    endloop
  endfacet
  facet normal -0.11473572186733498 -0.019282084695272751 -0.99320889813643243
    outer loop
      vertex -0.023131214082241058 -0.050177399069070816 -0.0030129535589367151
      vertex -0.026672661304473877 -0.035891685634851456 -0.0028811865486204624
      vertex -0.024265261366963387 -0.035891685634851456 -0.0031592899467796087
    endloop
  endfacet
  facet normal -0.11469905179875403 -0.019276089822754958 -0.99321324995069005
    outer loop
      vertex -0.02199716679751873 -0.064463116228580475 -0.0028666169382631779
      vertex -0.024179985746741295 -0.064463116228580475 -0.0026145388837903738
      vertex -0.025426322594285011 -0.050177399069070816 -0.0027478628326207399
    endloop
  endfacet
  facet normal -0.11471832656792316 -0.019280735809558674 -0.99321093367728153
    outer loop
      vertex -0.02199716679751873 -0.064463116228580475 -0.0028666169382631779
      vertex -0.025426322594285011 -0.050177399069070816 -0.0027478628326207399
      vertex -0.023131214082241058 -0.050177399069070816 -0.0030129535589367151
    endloop
  endfacet
  facet normal -0.11648636533469189 -0.019430055974830798 -0.99300221531269905
    outer loop
      vertex -0.021898601204156876 -0.078748829662799835 -0.0026026335544884205
      vertex -0.022933647036552429 -0.078748829662799835 -0.0024812151677906513
      vertex -0.024179985746741295 -0.064463116228580475 -0.0026145388837903738
    endloop
  endfacet
  facet normal -0.11286854404214303 -0.019136098323449775 -0.99342563964635133
    outer loop
      vertex -0.02199716679751873 -0.064463116228580475 -0.0028666169382631779
      vertex -0.020863119512796402 -0.078748829662799835 -0.0027202803175896406
      vertex -0.021898601204156876 -0.078748829662799835 -0.0026026335544884205
    endloop
  endfacet
  facet normal -0.11469934107905577 -0.019144851649998965 -0.99321575491497816
    outer loop
      vertex -0.024179985746741295 -0.064463116228580475 -0.0026145388837903738
      vertex -0.02199716679751873 -0.064463116228580475 -0.0028666169382631779
      vertex -0.021898601204156876 -0.078748829662799835 -0.0026026335544884205
    endloop
  endfacet
  facet normal -0.11647451947574101 -0.01942900428751235 -0.99300362542404175
    outer loop
      vertex -0.021303499117493629 -0.085891686379909515 -0.0025326672475785017
      vertex -0.022310478612780571 -0.085891686379909515 -0.0024145534262061119
      vertex -0.022933647036552429 -0.078748829662799835 -0.0024812151677906513
    endloop
  endfacet
  facet normal -0.11648636157300021 -0.019431717287933185 -0.99300218324569989
    outer loop
      vertex -0.021303499117493629 -0.085891686379909515 -0.0025326672475785017
      vertex -0.022933647036552429 -0.078748829662799835 -0.0024812151677906513
      vertex -0.021898601204156876 -0.078748829662799835 -0.0026026335544884205
    endloop
  endfacet
  facet normal -0.1128572223319704 -0.019133519064386165 -0.99342697558286819
    outer loop
      vertex -0.020296096801757812 -0.085891686379909515 -0.0026471121236681938
      vertex -0.021303499117493629 -0.085891686379909515 -0.0025326672475785017
      vertex -0.021898601204156876 -0.078748829662799835 -0.0026026335544884205
    endloop
  endfacet
  facet normal -0.11286854410889868 -0.019136067427387483 -0.993425640233909
    outer loop
      vertex -0.020296096801757812 -0.085891686379909515 -0.0026471121236681938
      vertex -0.021898601204156876 -0.078748829662799835 -0.0026026335544884205
      vertex -0.020863119512796402 -0.078748829662799835 -0.0027202803175896406
    endloop
  endfacet
  facet normal -0.10537201715620602 -0.018566186123117941 -0.99425954093147817
    outer loop
      vertex -0.02389916405081749 -0.0073202555067837238 -0.0037362948060035706
      vertex -0.025216532871127129 -0.0073202555067837238 -0.0035966795403510332
      vertex -0.025755466893315315 -0.00017739857139531523 -0.0036729443818330765
    endloop
  endfacet
  facet normal -0.10537891982000516 -0.018567986790572293 -0.99425877573402099
    outer loop
      vertex -0.02389916405081749 -0.0073202555067837238 -0.0037362948060035706
      vertex -0.025755466893315315 -0.00017739857139531523 -0.0036729443818330765
      vertex -0.024409996345639229 -0.00017739857139531523 -0.0038155473303049803
    endloop
  endfacet
  facet normal -0.10922098783822252 -0.018850743745237045 -0.99383873202642614
    outer loop
      vertex -0.025216532871127129 -0.0073202555067837238 -0.0035966795403510332
      vertex -0.026533355936408043 -0.0073202555067837238 -0.0034519631881266832
      vertex -0.027100378647446632 -0.00017739857139531523 -0.00352513138204813
    endloop
  endfacet
  facet normal -0.10922810579579804 -0.018852629218197001 -0.99383791398588905
    outer loop
      vertex -0.025216532871127129 -0.0073202555067837238 -0.0035966795403510332
      vertex -0.027100378647446632 -0.00017739857139531523 -0.00352513138204813
      vertex -0.025755466893315315 -0.00017739857139531523 -0.0036729443818330765
    endloop
  endfacet
  facet normal -0.10537201461666845 -0.018567483725827047 -0.99425951696914427
    outer loop
      vertex -0.025216532871127129 -0.0073202555067837238 -0.0035966795403510332
      vertex -0.02389916405081749 -0.0073202555067837238 -0.0037362948060035706
      vertex -0.022877499461174011 -0.021605970337986946 -0.0035777899902313948
    endloop
  endfacet
  facet normal -0.10922098777816198 -0.018850772906061103 -0.99383873147991497
    outer loop
      vertex -0.025399308651685715 -0.021605970337986946 -0.003305626567453146
      vertex -0.026533355936408043 -0.0073202555067837238 -0.0034519631881266832
      vertex -0.025216532871127129 -0.0073202555067837238 -0.0035966795403510332
    endloop
  endfacet
  facet normal -0.10728166354357066 -0.018879877157938724 -0.99404939258863056
    outer loop
      vertex -0.022877499461174011 -0.021605970337986946 -0.0035777899902313948
      vertex -0.025399308651685715 -0.021605970337986946 -0.003305626567453146
      vertex -0.025216532871127129 -0.0073202555067837238 -0.0035966795403510332
    endloop
  endfacet
  facet normal -0.10726604981472529 -0.018697793291076379 -0.99405451917044729
    outer loop
      vertex -0.021855834871530533 -0.035891685634851456 -0.0034192854072898626
      vertex -0.024265261366963387 -0.035891685634851456 -0.0031592899467796087
      vertex -0.025399308651685715 -0.021605970337986946 -0.003305626567453146
    endloop
  endfacet
  facet normal -0.10728202272000609 -0.018701769570073627 -0.99405272064214578
    outer loop
      vertex -0.021855834871530533 -0.035891685634851456 -0.0034192854072898626
      vertex -0.025399308651685715 -0.021605970337986946 -0.003305626567453146
      vertex -0.022877499461174011 -0.021605970337986946 -0.0035777899902313948
    endloop
  endfacet
  facet normal -0.10724830872105628 -0.018696391059689534 -0.99405645978375712
    outer loop
      vertex -0.020834170281887054 -0.050177399069070816 -0.0032607805915176868
      vertex -0.023131214082241058 -0.050177399069070816 -0.0030129535589367151
      vertex -0.024265261366963387 -0.035891685634851456 -0.0031592899467796087
    endloop
  endfacet
  facet normal -0.10726604405299207 -0.018700664833818614 -0.99405446577538925
    outer loop
      vertex -0.020834170281887054 -0.050177399069070816 -0.0032607805915176868
      vertex -0.024265261366963387 -0.035891685634851456 -0.0031592899467796087
      vertex -0.021855834871530533 -0.035891685634851456 -0.0034192854072898626
    endloop
  endfacet
  facet normal -0.10722884689680459 -0.018694879239756906 -0.99405858775194567
    outer loop
      vertex -0.019812505692243576 -0.064463116228580475 -0.0031022757757455111
      vertex -0.02199716679751873 -0.064463116228580475 -0.0028666169382631779
      vertex -0.023131214082241058 -0.050177399069070816 -0.0030129535589367151
    endloop
  endfacet
  facet normal -0.10724830265967558 -0.018699412655603594 -0.99405640360240832
    outer loop
      vertex -0.019812505692243576 -0.064463116228580475 -0.0031022757757455111
      vertex -0.023131214082241058 -0.050177399069070816 -0.0030129535589367151
      vertex -0.020834170281887054 -0.050177399069070816 -0.0032607805915176868
    endloop
  endfacet
  facet normal -0.10913205138306686 -0.018843816113769736 -0.99384863332159079
    outer loop
      vertex -0.019827200099825859 -0.078748829662799835 -0.0028340320568531752
      vertex -0.020863119512796402 -0.078748829662799835 -0.0027202803175896406
      vertex -0.02199716679751873 -0.064463116228580475 -0.0028666169382631779
    endloop
  endfacet
  facet normal -0.10528205749656873 -0.01856115916493117 -0.99426916463286896
    outer loop
      vertex -0.019812505692243576 -0.064463116228580475 -0.0031022757757455111
      vertex -0.018790841102600098 -0.078748829662799835 -0.0029437709599733353
      vertex -0.019827200099825859 -0.078748829662799835 -0.0028340320568531752
    endloop
  endfacet
  facet normal -0.10722912585179899 -0.018555250936808352 -0.99406117378747427
    outer loop
      vertex -0.02199716679751873 -0.064463116228580475 -0.0028666169382631779
      vertex -0.019812505692243576 -0.064463116228580475 -0.0031022757757455111
      vertex -0.019827200099825859 -0.078748829662799835 -0.0028340320568531752
    endloop
  endfacet
  facet normal -0.10912029692778617 -0.018842865986028891 -0.99384994199316845
    outer loop
      vertex -0.019288266077637672 -0.085891686379909515 -0.0027577674482017756
      vertex -0.020296096801757812 -0.085891686379909515 -0.0026471121236681938
      vertex -0.020863119512796402 -0.078748829662799835 -0.0027202803175896406
    endloop
  endfacet
  facet normal -0.10913204799313189 -0.018845463885159713 -0.99384860244997986
    outer loop
      vertex -0.019288266077637672 -0.085891686379909515 -0.0027577674482017756
      vertex -0.020863119512796402 -0.078748829662799835 -0.0027202803175896406
      vertex -0.019827200099825859 -0.078748829662799835 -0.0028340320568531752
    endloop
  endfacet
  facet normal -0.10527033859977132 -0.018558599067532464 -0.99427045325290664
    outer loop
      vertex -0.018280008807778358 -0.085891686379909515 -0.0028645186685025692
      vertex -0.019288266077637672 -0.085891686379909515 -0.0027577674482017756
      vertex -0.019827200099825859 -0.078748829662799835 -0.0028340320568531752
    endloop
  endfacet
  facet normal -0.10528205752823534 -0.018561142965769932 -0.99426916493192408
    outer loop
      vertex -0.018280008807778358 -0.085891686379909515 -0.0028645186685025692
      vertex -0.019827200099825859 -0.078748829662799835 -0.0028340320568531752
      vertex -0.018790841102600098 -0.078748829662799835 -0.0029437709599733353
    endloop
  endfacet
  facet normal -0.099267914914318051 -0.018137995310315291 -0.99489541872233334
    outer loop
      vertex -0.020353576168417931 -0.021605970337986946 -0.0038296200800687075
      vertex -0.022877499461174011 -0.021605970337986946 -0.0035777899902313948
      vertex -0.02389916405081749 -0.0073202555067837238 -0.0037362948060035706
    endloop
  endfacet
  facet normal -0.099283011906325311 -0.018141752538838641 -0.99489384376506607
    outer loop
      vertex -0.020353576168417931 -0.021605970337986946 -0.0038296200800687075
      vertex -0.02389916405081749 -0.0073202555067837238 -0.0037362948060035706
      vertex -0.021262764930725098 -0.0073202555067837238 -0.0039993878453969955
    endloop
  endfacet
  facet normal -0.099251118942403113 -0.018136796149860607 -0.9948971162960013
    outer loop
      vertex -0.019444387406110764 -0.035891685634851456 -0.0036598518490791321
      vertex -0.021855834871530533 -0.035891685634851456 -0.0034192854072898626
      vertex -0.022877499461174011 -0.021605970337986946 -0.0035777899902313948
    endloop
  endfacet
  facet normal -0.099267909787900566 -0.018140841335920078 -0.99489536734370543
    outer loop
      vertex -0.019444387406110764 -0.035891685634851456 -0.0036598518490791321
      vertex -0.022877499461174011 -0.021605970337986946 -0.0035777899902313948
      vertex -0.020353576168417931 -0.021605970337986946 -0.0038296200800687075
    endloop
  endfacet
  facet normal -0.099232878847581321 -0.018135530704941876 -0.99489895883032831
    outer loop
      vertex -0.018535198643803596 -0.050177399069070816 -0.0034900838509202003
      vertex -0.020834170281887054 -0.050177399069070816 -0.0032607805915176868
      vertex -0.021855834871530533 -0.035891685634851456 -0.0034192854072898626
    endloop
  endfacet
  facet normal -0.099251113571376698 -0.018139778665327191 -0.99489706245662146
    outer loop
      vertex -0.018535198643803596 -0.050177399069070816 -0.0034900838509202003
      vertex -0.021855834871530533 -0.035891685634851456 -0.0034192854072898626
      vertex -0.019444387406110764 -0.035891685634851456 -0.0036598518490791321
    endloop
  endfacet
  facet normal -0.099212762098557949 -0.01813410984374083 -0.99490099100209473
    outer loop
      vertex -0.017626009881496429 -0.064463116228580475 -0.0033203158527612686
      vertex -0.019812505692243576 -0.064463116228580475 -0.0031022757757455111
      vertex -0.020834170281887054 -0.050177399069070816 -0.0032607805915176868
    endloop
  endfacet
  facet normal -0.099232873258768534 -0.018138634933302724 -0.99489890279744786
    outer loop
      vertex -0.017626009881496429 -0.064463116228580475 -0.0033203158527612686
      vertex -0.020834170281887054 -0.050177399069070816 -0.0032607805915176868
      vertex -0.018535198643803596 -0.050177399069070816 -0.0034900838509202003
    endloop
  endfacet
  facet normal -0.099190463291911349 -0.018132544825401845 -0.99490324293877475
    outer loop
      vertex -0.016716821119189262 -0.078748829662799835 -0.0031505478546023369
      vertex -0.018790841102600098 -0.078748829662799835 -0.0029437709599733353
      vertex -0.019812505692243576 -0.064463116228580475 -0.0031022757757455111
    endloop
  endfacet
  facet normal -0.099212756206405253 -0.01813738346294598 -0.99490093191585982
    outer loop
      vertex -0.016716821119189262 -0.078748829662799835 -0.0031505478546023369
      vertex -0.019812505692243576 -0.064463116228580475 -0.0031022757757455111
      vertex -0.017626009881496429 -0.064463116228580475 -0.0033203158527612686
    endloop
  endfacet
  facet normal -0.087990866322444988 -0.017455991709127202 -0.99596832067956687
    outer loop
      vertex -0.018624119460582733 -0.0073202555067837238 -0.0042388043366372585
      vertex -0.0199437215924263 -0.0073202555067837238 -0.0041222213767468929
      vertex -0.020370179787278175 -0.00017739857139531523 -0.0042097354307770729
    endloop
  endfacet
  facet normal -0.087998458682140471 -0.017457850512184361 -0.99596761730744121
    outer loop
      vertex -0.018624119460582733 -0.0073202555067837238 -0.0042388043366372585
      vertex -0.020370179787278175 -0.00017739857139531523 -0.0042097354307770729
      vertex -0.019022427499294281 -0.00017739857139531523 -0.0043288157321512699
    endloop
  endfacet
  facet normal -0.092707447999069367 -0.017730958109614905 -0.99553550524831347
    outer loop
      vertex -0.0199437215924263 -0.0073202555067837238 -0.0041222213767468929
      vertex -0.021262764930725098 -0.0073202555067837238 -0.0039993878453969955
      vertex -0.021717358380556107 -0.00017739857139531523 -0.0040842723101377487
    endloop
  endfacet
  facet normal -0.092714437614959455 -0.017732697318082108 -0.99553482335052812
    outer loop
      vertex -0.0199437215924263 -0.0073202555067837238 -0.0041222213767468929
      vertex -0.021717358380556107 -0.00017739857139531523 -0.0040842723101377487
      vertex -0.020370179787278175 -0.00017739857139531523 -0.0042097354307770729
    endloop
  endfacet
  facet normal -0.087990864105768646 -0.017457434388626819 -0.99596829558901467
    outer loop
      vertex -0.0199437215924263 -0.0073202555067837238 -0.0041222213767468929
      vertex -0.018624119460582733 -0.0073202555067837238 -0.0042388043366372585
      vertex -0.017827503383159637 -0.021605970337986946 -0.0040587815456092358
    endloop
  endfacet
  facet normal -0.092707448114514757 -0.017730887900412742 -0.99553550648801947
    outer loop
      vertex -0.020353576168417931 -0.021605970337986946 -0.0038296200800687075
      vertex -0.021262764930725098 -0.0073202555067837238 -0.0039993878453969955
      vertex -0.0199437215924263 -0.0073202555067837238 -0.0041222213767468929
    endloop
  endfacet
  facet normal -0.090333142520062151 -0.01780344994911516 -0.9957524594658852
    outer loop
      vertex -0.017827503383159637 -0.021605970337986946 -0.0040587815456092358
      vertex -0.020353576168417931 -0.021605970337986946 -0.0038296200800687075
      vertex -0.0199437215924263 -0.0073202555067837238 -0.0041222213767468929
    endloop
  endfacet
  facet normal -0.090316418620968189 -0.017581390119885115 -0.9957579220116376
    outer loop
      vertex -0.017030889168381691 -0.035891685634851456 -0.0038787589874118567
      vertex -0.019444387406110764 -0.035891685634851456 -0.0036598518490791321
      vertex -0.020353576168417931 -0.021605970337986946 -0.0038296200800687075
    endloop
  endfacet
  facet normal -0.09033349121253284 -0.017585366569529394 -0.99575630314247598
    outer loop
      vertex -0.017030889168381691 -0.035891685634851456 -0.0038787589874118567
      vertex -0.020353576168417931 -0.021605970337986946 -0.0038296200800687075
      vertex -0.017827503383159637 -0.021605970337986946 -0.0040587815456092358
    endloop
  endfacet
  facet normal -0.090297397952491851 -0.017580186398907145 -0.99575966827803841
    outer loop
      vertex -0.016234273090958595 -0.050177399069070816 -0.0036987361963838339
      vertex -0.018535198643803596 -0.050177399069070816 -0.0034900838509202003
      vertex -0.019444387406110764 -0.035891685634851456 -0.0036598518490791321
    endloop
  endfacet
  facet normal -0.090316413737580731 -0.017584464297955515 -0.99575786817124157
    outer loop
      vertex -0.016234273090958595 -0.050177399069070816 -0.0036987361963838339
      vertex -0.019444387406110764 -0.035891685634851456 -0.0036598518490791321
      vertex -0.017030889168381691 -0.035891685634851456 -0.0038787589874118567
    endloop
  endfacet
  facet normal -0.090276420238528096 -0.017578869605740247 -0.9957615936017522
    outer loop
      vertex -0.0154376570135355 -0.064463116228580475 -0.0035187134053558111
      vertex -0.017626009881496429 -0.064463116228580475 -0.0033203158527612686
      vertex -0.018535198643803596 -0.050177399069070816 -0.0034900838509202003
    endloop
  endfacet
  facet normal -0.09029739281565316 -0.01758342101698163 -0.99575961163125881
    outer loop
      vertex -0.0154376570135355 -0.064463116228580475 -0.0035187134053558111
      vertex -0.018535198643803596 -0.050177399069070816 -0.0034900838509202003
      vertex -0.016234273090958595 -0.050177399069070816 -0.0036987361963838339
    endloop
  endfacet
  facet normal -0.092611846267269565 -0.017724928454796365 -0.99554451072879702
    outer loop
      vertex -0.015679150819778442 -0.078748829662799835 -0.0032470785081386566
      vertex -0.016716821119189262 -0.078748829662799835 -0.0031505478546023369
      vertex -0.017626009881496429 -0.064463116228580475 -0.0033203158527612686
    endloop
  endfacet
  facet normal -0.087893997183513192 -0.017452137716294263 -0.99597694157457084
    outer loop
      vertex -0.0154376570135355 -0.064463116228580475 -0.0035187134053558111
      vertex -0.014641041867434978 -0.078748829662799835 -0.0033386906143277884
      vertex -0.015679150819778442 -0.078748829662799835 -0.0032470785081386566
    endloop
  endfacet
  facet normal -0.090276690447420774 -0.017407821266806282 -0.99576457404378638
    outer loop
      vertex -0.017626009881496429 -0.064463116228580475 -0.0033203158527612686
      vertex -0.0154376570135355 -0.064463116228580475 -0.0035187134053558111
      vertex -0.015679150819778442 -0.078748829662799835 -0.0032470785081386566
    endloop
  endfacet
  facet normal -0.092599422588338975 -0.017724163740766987 -0.99554567999464338
    outer loop
      vertex -0.015252693556249142 -0.085891686379909515 -0.003159564221277833
      vertex -0.016262225806713104 -0.085891686379909515 -0.003065663855522871
      vertex -0.016716821119189262 -0.078748829662799835 -0.0031505478546023369
    endloop
  endfacet
  facet normal -0.092611843339699504 -0.017726711235616425 -0.9955444792584569
    outer loop
      vertex -0.015252693556249142 -0.085891686379909515 -0.003159564221277833
      vertex -0.016716821119189262 -0.078748829662799835 -0.0031505478546023369
      vertex -0.015679150819778442 -0.078748829662799835 -0.0032470785081386566
    endloop
  endfacet
  facet normal -0.087881312490815849 -0.017449592314206706 -0.99597810550381061
    outer loop
      vertex -0.014242733828723431 -0.085891686379909515 -0.003248679218813777
      vertex -0.015252693556249142 -0.085891686379909515 -0.003159564221277833
      vertex -0.015679150819778442 -0.078748829662799835 -0.0032470785081386566
    endloop
  endfacet
  facet normal -0.087893997174723668 -0.017452143444585833 -0.99597694147497184
    outer loop
      vertex -0.014242733828723431 -0.085891686379909515 -0.003248679218813777
      vertex -0.015679150819778442 -0.078748829662799835 -0.0032470785081386566
      vertex -0.014641041867434978 -0.078748829662799835 -0.0033386906143277884
    endloop
  endfacet
  facet normal -0.077808984116979701 -0.016922576889332554 -0.99682465277605781
    outer loop
      vertex -0.01598324254155159 -0.0073202555067837238 -0.0044518979266285896
      vertex -0.017303964123129845 -0.0073202555067837238 -0.0043488065712153912
      vertex -0.01767411082983017 -0.00017739857139531523 -0.004441174678504467
    endloop
  endfacet
  facet normal -0.07781704035411853 -0.01692448496715104 -0.99682399150457957
    outer loop
      vertex -0.01598324254155159 -0.0073202555067837238 -0.0044518979266285896
      vertex -0.01767411082983017 -0.00017739857139531523 -0.004441174678504467
      vertex -0.016325216740369797 -0.00017739857139531523 -0.004546476062387228
    endloop
  endfacet
  facet normal -0.083025187018796687 -0.01718596456512823 -0.99639924776289368
    outer loop
      vertex -0.017303964123129845 -0.0073202555067837238 -0.0043488065712153912
      vertex -0.018624119460582733 -0.0073202555067837238 -0.0042388043366372585
      vertex -0.019022427499294281 -0.00017739857139531523 -0.0043288157321512699
    endloop
  endfacet
  facet normal -0.083032642757461847 -0.017187760128583456 -0.9963985955120942
    outer loop
      vertex -0.017303964123129845 -0.0073202555067837238 -0.0043488065712153912
      vertex -0.019022427499294281 -0.00017739857139531523 -0.0043288157321512699
      vertex -0.01767411082983017 -0.00017739857139531523 -0.004441174678504467
    endloop
  endfacet
  facet normal -0.07780898215845175 -0.016924063817740472 -0.9968246276850099
    outer loop
      vertex -0.017303964123129845 -0.0073202555067837238 -0.0043488065712153912
      vertex -0.01598324254155159 -0.0073202555067837238 -0.0044518979266285896
      vertex -0.015299296006560326 -0.021605970337986946 -0.0042627421207726002
    endloop
  endfacet
  facet normal -0.083025187020445285 -0.017185963410059738 -0.99639924778267874
    outer loop
      vertex -0.017827503383159637 -0.021605970337986946 -0.0040587815456092358
      vertex -0.018624119460582733 -0.0073202555067837238 -0.0042388043366372585
      vertex -0.017303964123129845 -0.0073202555067837238 -0.0043488065712153912
    endloop
  endfacet
  facet normal -0.080400723534970783 -0.017286477817627731 -0.99661271381601069
    outer loop
      vertex -0.015299296006560326 -0.021605970337986946 -0.0042627421207726002
      vertex -0.017827503383159637 -0.021605970337986946 -0.0040587815456092358
      vertex -0.017303964123129845 -0.0073202555067837238 -0.0043488065712153912
    endloop
  endfacet
  facet normal -0.080383037126983831 -0.017041362787998955 -0.99661836191019959
    outer loop
      vertex -0.014615348540246487 -0.035891685634851456 -0.0040735863149166107
      vertex -0.017030889168381691 -0.035891685634851456 -0.0038787589874118567
      vertex -0.017827503383159637 -0.021605970337986946 -0.0040587815456092358
    endloop
  endfacet
  facet normal -0.080401056336295226 -0.017045416000206703 -0.99661683907778109
    outer loop
      vertex -0.014615348540246487 -0.035891685634851456 -0.0040735863149166107
      vertex -0.017827503383159637 -0.021605970337986946 -0.0040587815456092358
      vertex -0.015299296006560326 -0.021605970337986946 -0.0042627421207726002
    endloop
  endfacet
  facet normal -0.080363446981252432 -0.017040319459533122 -0.99661995961450034
    outer loop
      vertex -0.013931402005255222 -0.050177399069070816 -0.0038844305090606213
      vertex -0.016234273090958595 -0.050177399069070816 -0.0036987361963838339
      vertex -0.017030889168381691 -0.035891685634851456 -0.0038787589874118567
    endloop
  endfacet
  facet normal -0.080383032732594839 -0.017044569520656284 -0.9966183074269539
    outer loop
      vertex -0.013931402005255222 -0.050177399069070816 -0.0038844305090606213
      vertex -0.017030889168381691 -0.035891685634851456 -0.0038787589874118567
      vertex -0.014615348540246487 -0.035891685634851456 -0.0040735863149166107
    endloop
  endfacet
  facet normal -0.080341807302445847 -0.017039130562205965 -0.99662172464233423
    outer loop
      vertex -0.013247454538941383 -0.064463116228580475 -0.0036952747032046318
      vertex -0.0154376570135355 -0.064463116228580475 -0.0035187134053558111
      vertex -0.016234273090958595 -0.050177399069070816 -0.0036987361963838339
    endloop
  endfacet
  facet normal -0.080363442413739855 -0.017043653530522028 -0.99661990297090963
    outer loop
      vertex -0.013247454538941383 -0.064463116228580475 -0.0036952747032046318
      vertex -0.016234273090958595 -0.050177399069070816 -0.0036987361963838339
      vertex -0.013931402005255222 -0.050177399069070816 -0.0038844305090606213
    endloop
  endfacet
  facet normal -0.082926219617258948 -0.017180545986188147 -0.99640758273891428
    outer loop
      vertex -0.013602497987449169 -0.078748829662799835 -0.0034251236356794834
      vertex -0.014641041867434978 -0.078748829662799835 -0.0033386906143277884
      vertex -0.0154376570135355 -0.064463116228580475 -0.0035187134053558111
    endloop
  endfacet
  facet normal -0.077708844138882946 -0.016919375722566642 -0.99683251866487443
    outer loop
      vertex -0.013247454538941383 -0.064463116228580475 -0.0036952747032046318
      vertex -0.012563508003950119 -0.078748829662799835 -0.0035061188973486423
      vertex -0.013602497987449169 -0.078748829662799835 -0.0034251236356794834
    endloop
  endfacet
  facet normal -0.080342064842419028 -0.016850006353242641 -0.99662491936673558
    outer loop
      vertex -0.0154376570135355 -0.064463116228580475 -0.0035187134053558111
      vertex -0.013247454538941383 -0.064463116228580475 -0.0036952747032046318
      vertex -0.013602497987449169 -0.078748829662799835 -0.0034251236356794834
    endloop
  endfacet
  facet normal -0.082913508841532826 -0.017179856079297191 -0.99640865240958221
    outer loop
      vertex -0.013232351280748844 -0.085891686379909515 -0.0033327555283904076
      vertex -0.014242733828723431 -0.085891686379909515 -0.003248679218813777
      vertex -0.014641041867434978 -0.078748829662799835 -0.0033386906143277884
    endloop
  endfacet
  facet normal -0.082926217029861332 -0.017182361431550084 -0.99640755164980144
    outer loop
      vertex -0.013232351280748844 -0.085891686379909515 -0.0033327555283904076
      vertex -0.014641041867434978 -0.078748829662799835 -0.0033386906143277884
      vertex -0.013602497987449169 -0.078748829662799835 -0.0034251236356794834
    endloop
  endfacet
  facet normal -0.077695601371326695 -0.016916817479347028 -0.99683359434457197
    outer loop
      vertex -0.012221534736454487 -0.085891686379909515 -0.0034115409944206476
      vertex -0.013232351280748844 -0.085891686379909515 -0.0033327555283904076
      vertex -0.013602497987449169 -0.078748829662799835 -0.0034251236356794834
    endloop
  endfacet
  facet normal -0.077708844138882946 -0.016919375722566642 -0.99683251866487443
    outer loop
      vertex -0.012221534736454487 -0.085891686379909515 -0.0034115409944206476
      vertex -0.013602497987449169 -0.078748829662799835 -0.0034251236356794834
      vertex -0.012563508003950119 -0.078748829662799835 -0.0035061188973486423
    endloop
  endfacet
  facet normal -0.069225142335557585 -0.016521570803018401 -0.99746424365328634
    outer loop
      vertex -0.012768890708684921 -0.021605970337986946 -0.0044383550994098186
      vertex -0.015299296006560326 -0.021605970337986946 -0.0042627421207726002
      vertex -0.01598324254155159 -0.0073202555067837238 -0.0044518979266285896
    endloop
  endfacet
  facet normal -0.069242440021951221 -0.016525461663070461 -0.99746297856944488
    outer loop
      vertex -0.012768890708684921 -0.021605970337986946 -0.0044383550994098186
      vertex -0.01598324254155159 -0.0073202555067837238 -0.0044518979266285896
      vertex -0.01334008015692234 -0.0073202555067837238 -0.0046353824436664581
    endloop
  endfacet
  facet normal -0.069206062561238874 -0.016520679034270382 -0.99746558239821825
    outer loop
      vertex -0.012197701260447502 -0.035891685634851456 -0.0042413272894918919
      vertex -0.014615348540246487 -0.035891685634851456 -0.0040735863149166107
      vertex -0.015299296006560326 -0.021605970337986946 -0.0042627421207726002
    endloop
  endfacet
  facet normal -0.069225138619668058 -0.016524818581067822 -0.9974641901110789
    outer loop
      vertex -0.012197701260447502 -0.035891685634851456 -0.0042413272894918919
      vertex -0.015299296006560326 -0.021605970337986946 -0.0042627421207726002
      vertex -0.012768890708684921 -0.021605970337986946 -0.0044383550994098186
    endloop
  endfacet
  facet normal -0.069185288619010021 -0.016519701394042501 -0.99746703970835859
    outer loop
      vertex -0.011626511812210083 -0.050177399069070816 -0.0040442999452352524
      vertex -0.013931402005255222 -0.050177399069070816 -0.0038844305090606213
      vertex -0.014615348540246487 -0.035891685634851456 -0.0040735863149166107
    endloop
  endfacet
  facet normal -0.069206058712775326 -0.016524043782373429 -0.9974655269303907
    outer loop
      vertex -0.011626511812210083 -0.050177399069070816 -0.0040442999452352524
      vertex -0.014615348540246487 -0.035891685634851456 -0.0040735863149166107
      vertex -0.012197701260447502 -0.035891685634851456 -0.0042413272894918919
    endloop
  endfacet
  facet normal -0.069162301274222751 -0.016518622391955208 -0.99746865173634669
    outer loop
      vertex -0.011055322363972664 -0.064463116228580475 -0.0038472723681479692
      vertex -0.013247454538941383 -0.064463116228580475 -0.0036952747032046318
      vertex -0.013931402005255222 -0.050177399069070816 -0.0038844305090606213
    endloop
  endfacet
  facet normal -0.069185284567215358 -0.016523245170758202 -0.9974669812923036
    outer loop
      vertex -0.011055322363972664 -0.064463116228580475 -0.0038472723681479692
      vertex -0.013931402005255222 -0.050177399069070816 -0.0038844305090606213
      vertex -0.011626511812210083 -0.050177399069070816 -0.0040442999452352524
    endloop
  endfacet
  facet normal -0.069136789919429911 -0.016517424482576495 -0.99747044014752584
    outer loop
      vertex -0.010484132915735245 -0.078748829662799835 -0.0036502447910606861
      vertex -0.012563508003950119 -0.078748829662799835 -0.0035061188973486423
      vertex -0.013247454538941383 -0.064463116228580475 -0.0036952747032046318
    endloop
  endfacet
  facet normal -0.069162297010996618 -0.016522352552661299 -0.99746859025148649
    outer loop
      vertex -0.010484132915735245 -0.078748829662799835 -0.0036502447910606861
      vertex -0.013247454538941383 -0.064463116228580475 -0.0036952747032046318
      vertex -0.011055322363972664 -0.064463116228580475 -0.0038472723681479692
    endloop
  endfacet
  facet normal -0.052908148094119707 -0.015915426155731202 -0.99847254698140409
    outer loop
      vertex -0.010694835335016251 -0.0073202555067837238 -0.0047847745008766651
      vertex -0.012017717584967613 -0.0073202555067837238 -0.0047146761789917946
      vertex -0.012275104410946369 -0.00017739857139531523 -0.0048148930072784424
    endloop
  endfacet
  facet normal -0.052916948367729366 -0.015917371010659171 -0.99847204962159863
    outer loop
      vertex -0.010694835335016251 -0.0073202555067837238 -0.0047847745008766651
      vertex -0.012275104410946369 -0.00017739857139531523 -0.0048148930072784424
      vertex -0.010924001224339008 -0.00017739857139531523 -0.0048864986747503281
    endloop
  endfacet
  facet normal -0.059848358286156256 -0.016158353544176773 -0.99807669125232734
    outer loop
      vertex -0.012017717584967613 -0.0073202555067837238 -0.0047146761789917946
      vertex -0.01334008015692234 -0.0073202555067837238 -0.0046353824436664581
      vertex -0.01362567488104105 -0.00017739857139531523 -0.0047338963486254215
    endloop
  endfacet
  facet normal -0.059856805209957092 -0.016160253619417482 -0.9980761539446843
    outer loop
      vertex -0.012017717584967613 -0.0073202555067837238 -0.0047146761789917946
      vertex -0.01362567488104105 -0.00017739857139531523 -0.0047338963486254215
      vertex -0.012275104410946369 -0.00017739857139531523 -0.0048148930072784424
    endloop
  endfacet
  facet normal -0.052908146713557688 -0.015917065169871562 -0.99847252092769923
    outer loop
      vertex -0.012017717584967613 -0.0073202555067837238 -0.0047146761789917946
      vertex -0.010694835335016251 -0.0073202555067837238 -0.0047847745008766651
      vertex -0.010236502625048161 -0.021605970337986946 -0.0045813266187906265
    endloop
  endfacet
  facet normal -0.059848358318668381 -0.016158319933034886 -0.99807669179452418
    outer loop
      vertex -0.012768890708684921 -0.021605970337986946 -0.0044383550994098186
      vertex -0.01334008015692234 -0.0073202555067837238 -0.0046353824436664581
      vertex -0.012017717584967613 -0.0073202555067837238 -0.0047146761789917946
    endloop
  endfacet
  facet normal -0.056359899335407873 -0.01634561926709047 -0.99827670636836874
    outer loop
      vertex -0.010236502625048161 -0.021605970337986946 -0.0045813266187906265
      vertex -0.012768890708684921 -0.021605970337986946 -0.0044383550994098186
      vertex -0.012017717584967613 -0.0073202555067837238 -0.0047146761789917946
    endloop
  endfacet
  facet normal -0.056340057784703954 -0.016020925285893609 -0.99828309003097926
    outer loop
      vertex -0.0097781699150800705 -0.035891685634851456 -0.0043778782710433006
      vertex -0.012197701260447502 -0.035891685634851456 -0.0042413272894918919
      vertex -0.012768890708684921 -0.021605970337986946 -0.0044383550994098186
    endloop
  endfacet
  facet normal -0.056360191760301576 -0.016025135245248717 -0.99828188595462042
    outer loop
      vertex -0.0097781699150800705 -0.035891685634851456 -0.0043778782710433006
      vertex -0.012768890708684921 -0.021605970337986946 -0.0044383550994098186
      vertex -0.010236502625048161 -0.021605970337986946 -0.0045813266187906265
    endloop
  endfacet
  facet normal -0.056317950208110285 -0.016020028304491708 -0.99828435186447761
    outer loop
      vertex -0.0093198372051119804 -0.050177399069070816 -0.004174430388957262
      vertex -0.011626511812210083 -0.050177399069070816 -0.0040442999452352524
      vertex -0.012197701260447502 -0.035891685634851456 -0.0042413272894918919
    endloop
  endfacet
  facet normal -0.056340054579423988 -0.016024475066207175 -0.9982830332369873
    outer loop
      vertex -0.0093198372051119804 -0.050177399069070816 -0.004174430388957262
      vertex -0.012197701260447502 -0.035891685634851456 -0.0042413272894918919
      vertex -0.0097781699150800705 -0.035891685634851456 -0.0043778782710433006
    endloop
  endfacet
  facet normal -0.056293697360116413 -0.016019089763365496 -0.99828573484783456
    outer loop
      vertex -0.008861505426466465 -0.064463116228580475 -0.0039709825068712234
      vertex -0.011055322363972664 -0.064463116228580475 -0.0038472723681479692
      vertex -0.011626511812210083 -0.050177399069070816 -0.0040442999452352524
    endloop
  endfacet
  facet normal -0.056317946825752641 -0.016023775851857089 -0.99828429190926449
    outer loop
      vertex -0.008861505426466465 -0.064463116228580475 -0.0039709825068712234
      vertex -0.011626511812210083 -0.050177399069070816 -0.0040442999452352524
      vertex -0.0093198372051119804 -0.050177399069070816 -0.004174430388957262
    endloop
  endfacet
  facet normal -0.059737801952066599 -0.016154009684872236 -0.99808338478758218
    outer loop
      vertex -0.0094438418745994568 -0.078748829662799835 -0.0037125088274478912
      vertex -0.010484132915735245 -0.078748829662799835 -0.0036502447910606861
      vertex -0.011055322363972664 -0.064463116228580475 -0.0038472723681479692
    endloop
  endfacet
  facet normal -0.052794730313502611 -0.015913530526799412 -0.99847858064021444
    outer loop
      vertex -0.008861505426466465 -0.064463116228580475 -0.0039709825068712234
      vertex -0.0084031727164983749 -0.078748829662799835 -0.0037675343919545412
      vertex -0.0094438418745994568 -0.078748829662799835 -0.0037125088274478912
    endloop
  endfacet
  facet normal -0.05629392253589155 -0.015767474075759715 -0.99828972800825377
    outer loop
      vertex -0.011055322363972664 -0.064463116228580475 -0.0038472723681479692
      vertex -0.008861505426466465 -0.064463116228580475 -0.0039709825068712234
      vertex -0.0094438418745994568 -0.078748829662799835 -0.0037125088274478912
    endloop
  endfacet
  facet normal -0.059723162820424551 -0.016153420312096895 -0.99808427040753711
    outer loop
      vertex -0.0091864541172981262 -0.085891686379909515 -0.0036122919991612434
      vertex -0.010198538191616535 -0.085891686379909515 -0.0035517311189323664
      vertex -0.010484132915735245 -0.078748829662799835 -0.0036502447910606861
    endloop
  endfacet
  facet normal -0.059737799958734454 -0.016156074632220244 -0.99808335148351623
    outer loop
      vertex -0.0091864541172981262 -0.085891686379909515 -0.0036122919991612434
      vertex -0.010484132915735245 -0.078748829662799835 -0.0036502447910606861
      vertex -0.0094438418745994568 -0.078748829662799835 -0.0037125088274478912
    endloop
  endfacet
  facet normal -0.052780102117283026 -0.015910915584502902 -0.99847939567411803
    outer loop
      vertex -0.0081740068271756172 -0.085891686379909515 -0.0036658104509115219
      vertex -0.0091864541172981262 -0.085891686379909515 -0.0036122919991612434
      vertex -0.0094438418745994568 -0.078748829662799835 -0.0037125088274478912
    endloop
  endfacet
  facet normal -0.052794730330066313 -0.015913510816617474 -0.99847858095347497
    outer loop
      vertex -0.0081740068271756172 -0.085891686379909515 -0.0036658104509115219
      vertex -0.0094438418745994568 -0.078748829662799835 -0.0037125088274478912
      vertex -0.0084031727164983749 -0.078748829662799835 -0.0037675343919545412
    endloop
  endfacet
  facet normal -0.041899267857783501 -0.015571383157835577 -0.99900049218182752
    outer loop
      vertex -0.0077022844925522804 -0.021605970337986946 -0.0046876147389411926
      vertex -0.010236502625048161 -0.021605970337986946 -0.0045813266187906265
      vertex -0.010694835335016251 -0.0073202555067837238 -0.0047847745008766651
    endloop
  endfacet
  facet normal -0.041917085844964702 -0.015575110165166609 -0.99899968661537053
    outer loop
      vertex -0.0077022844925522804 -0.021605970337986946 -0.0046876147389411926
      vertex -0.010694835335016251 -0.0073202555067837238 -0.0047847745008766651
      vertex -0.0080476757138967514 -0.0073202555067837238 -0.0048958468250930309
    endloop
  endfacet
  facet normal -0.041879985115672862 -0.015570808202779696 -0.99900130969815215
    outer loop
      vertex -0.0073568937368690968 -0.035891685634851456 -0.0044793826527893543
      vertex -0.0097781699150800705 -0.035891685634851456 -0.0043778782710433006
      vertex -0.010236502625048161 -0.021605970337986946 -0.0045813266187906265
    endloop
  endfacet
  facet normal -0.04189926570056797 -0.015574688439660297 -0.9990004407475308
    outer loop
      vertex -0.0073568937368690968 -0.035891685634851456 -0.0044793826527893543
      vertex -0.010236502625048161 -0.021605970337986946 -0.0045813266187906265
      vertex -0.0077022844925522804 -0.021605970337986946 -0.0046876147389411926
    endloop
  endfacet
  facet normal -0.041858605832773461 -0.015570104668315335 -0.99900221669341371
    outer loop
      vertex -0.0070115025155246258 -0.050177399069070816 -0.004271150566637516
      vertex -0.0093198372051119804 -0.050177399069070816 -0.004174430388957262
      vertex -0.0097781699150800705 -0.035891685634851456 -0.0043778782710433006
    endloop
  endfacet
  facet normal -0.041879982878611062 -0.015574237516093119 -0.99900125633548598
    outer loop
      vertex -0.0070115025155246258 -0.050177399069070816 -0.004271150566637516
      vertex -0.0097781699150800705 -0.035891685634851456 -0.0043778782710433006
      vertex -0.0073568937368690968 -0.035891685634851456 -0.0044793826527893543
    endloop
  endfacet
  facet normal -0.041835229424487412 -0.015569361998891281 -0.99900320747530524
    outer loop
      vertex -0.0066661117598414421 -0.064463116228580475 -0.004062918946146965
      vertex -0.008861505426466465 -0.064463116228580475 -0.0039709825068712234
      vertex -0.0093198372051119804 -0.050177399069070816 -0.004174430388957262
    endloop
  endfacet
  facet normal -0.041858603491432965 -0.015573695812930104 -0.99900216081471682
    outer loop
      vertex -0.0066661117598414421 -0.064463116228580475 -0.004062918946146965
      vertex -0.0093198372051119804 -0.050177399069070816 -0.004174430388957262
      vertex -0.0070115025155246258 -0.050177399069070816 -0.004271150566637516
    endloop
  endfacet
  facet normal -0.045395632907247199 -0.015681375676385018 -0.99884599962649223
    outer loop
      vertex -0.0073621119372546673 -0.078748829662799835 -0.003814848605543375
      vertex -0.0084031727164983749 -0.078748829662799835 -0.0037675343919545412
      vertex -0.008861505426466465 -0.064463116228580475 -0.0039709825068712234
    endloop
  endfacet
  facet normal -0.038222081247954509 -0.015487971035558908 -0.9991492357292161
    outer loop
      vertex -0.0066661117598414421 -0.064463116228580475 -0.004062918946146965
      vertex -0.0063207210041582584 -0.078748829662799835 -0.0038546866271644831
      vertex -0.0073621119372546673 -0.078748829662799835 -0.003814848605543375
    endloop
  endfacet
  facet normal -0.04183539733587973 -0.015309464077748313 -0.99900721711076812
    outer loop
      vertex -0.008861505426466465 -0.064463116228580475 -0.0039709825068712234
      vertex -0.0066661117598414421 -0.064463116228580475 -0.004062918946146965
      vertex -0.0073621119372546673 -0.078748829662799835 -0.003814848605543375
    endloop
  endfacet
  facet normal -0.045380913439050444 -0.015680893822801828 -0.99884667605411559
    outer loop
      vertex -0.0071611776947975159 -0.085891686379909515 -0.0037118266336619854
      vertex -0.0081740068271756172 -0.085891686379909515 -0.0036658104509115219
      vertex -0.0084031727164983749 -0.078748829662799835 -0.0037675343919545412
    endloop
  endfacet
  facet normal -0.045395631431962812 -0.015683447448621293 -0.99884596716561846
    outer loop
      vertex -0.0071611776947975159 -0.085891686379909515 -0.0037118266336619854
      vertex -0.0084031727164983749 -0.078748829662799835 -0.0037675343919545412
      vertex -0.0073621119372546673 -0.078748829662799835 -0.003814848605543375
    endloop
  endfacet
  facet normal -0.038208480557665563 -0.015485649263987735 -0.99914979191327835
    outer loop
      vertex -0.0061480253934860229 -0.085891686379909515 -0.0037505705840885639
      vertex -0.0071611776947975159 -0.085891686379909515 -0.0037118266336619854
      vertex -0.0073621119372546673 -0.078748829662799835 -0.003814848605543375
    endloop
  endfacet
  facet normal -0.038222081256856964 -0.015487956000784245 -0.99914923596193184
    outer loop
      vertex -0.0061480253934860229 -0.085891686379909515 -0.0037505705840885639
      vertex -0.0073621119372546673 -0.078748829662799835 -0.003814848605543375
      vertex -0.0063207210041582584 -0.078748829662799835 -0.0038546866271644831
    endloop
  endfacet
  facet normal -0.025278641189735714 -0.015207052156411485 -0.99956477322098192
    outer loop
      vertex -0.0053992737084627151 -0.0073202555067837238 -0.004971102811396122
      vertex -0.0067236004397273064 -0.0073202555067837238 -0.0049376110546290874
      vertex -0.0068680532276630402 -0.00017739857139531523 -0.0050426269881427288
    endloop
  endfacet
  facet normal -0.025285089948368443 -0.015208376374094222 -0.99956458996623476
    outer loop
      vertex -0.0053992737084627151 -0.0073202555067837238 -0.004971102811396122
      vertex -0.0068680532276630402 -0.00017739857139531523 -0.0050426269881427288
      vertex -0.0055154762230813503 -0.00017739857139531523 -0.0050768419168889523
    endloop
  endfacet
  facet normal -0.031522803151546937 -0.01532945844169239 -0.99938547147001955
    outer loop
      vertex -0.0067236004397273064 -0.0073202555067837238 -0.0049376110546290874
      vertex -0.0080476757138967514 -0.0073202555067837238 -0.0048958468250930309
      vertex -0.0082203708589076996 -0.00017739857139531523 -0.0049999631009995937
    endloop
  endfacet
  facet normal -0.031529322930275563 -0.015330822669382011 -0.99938524487398661
    outer loop
      vertex -0.0067236004397273064 -0.0073202555067837238 -0.0049376110546290874
      vertex -0.0082203708589076996 -0.00017739857139531523 -0.0049999631009995937
      vertex -0.0068680532276630402 -0.00017739857139531523 -0.0050426269881427288
    endloop
  endfacet
  facet normal -0.025278640720348872 -0.015208272871377592 -0.99956475466054784
    outer loop
      vertex -0.0067236004397273064 -0.0073202555067837238 -0.0049376110546290874
      vertex -0.0053992737084627151 -0.0073202555067837238 -0.004971102811396122
      vertex -0.0051668686792254448 -0.021605970337986946 -0.0047596246004104614
    endloop
  endfacet
  facet normal -0.031522803166793623 -0.015329426897304949 -0.99938547195339389
    outer loop
      vertex -0.0077022844925522804 -0.021605970337986946 -0.0046876147389411926
      vertex -0.0080476757138967514 -0.0073202555067837238 -0.0048958468250930309
      vertex -0.0067236004397273064 -0.0073202555067837238 -0.0049376110546290874
    endloop
  endfacet
  facet normal -0.028386719361536906 -0.015545859723243544 -0.99947612298111177
    outer loop
      vertex -0.0051668686792254448 -0.021605970337986946 -0.0047596246004104614
      vertex -0.0077022844925522804 -0.021605970337986946 -0.0046876147389411926
      vertex -0.0067236004397273064 -0.0073202555067837238 -0.0049376110546290874
    endloop
  endfacet
  facet normal -0.028371339362192754 -0.01525462444986533 -0.9994810471117942
    outer loop
      vertex -0.0049344636499881744 -0.035891685634851456 -0.0045481459237635136
      vertex -0.0073568937368690968 -0.035891685634851456 -0.0044793826527893543
      vertex -0.0077022844925522804 -0.021605970337986946 -0.0046876147389411926
    endloop
  endfacet
  facet normal -0.028386845409813736 -0.015257623961655311 -0.99948056105095107
    outer loop
      vertex -0.0049344636499881744 -0.035891685634851456 -0.0045481459237635136
      vertex -0.0077022844925522804 -0.021605970337986946 -0.0046876147389411926
      vertex -0.0051668686792254448 -0.021605970337986946 -0.0047596246004104614
    endloop
  endfacet
  facet normal -0.028354521900418286 -0.015254227805971247 -0.99948153040556076
    outer loop
      vertex -0.0047020586207509041 -0.050177399069070816 -0.004336667712777853
      vertex -0.0070115025155246258 -0.050177399069070816 -0.004271150566637516
      vertex -0.0073568937368690968 -0.035891685634851456 -0.0044793826527893543
    endloop
  endfacet
  facet normal -0.028371338183217253 -0.015257347675174653 -0.99948100557820108
    outer loop
      vertex -0.0047020586207509041 -0.050177399069070816 -0.004336667712777853
      vertex -0.0073568937368690968 -0.035891685634851456 -0.0044793826527893543
      vertex -0.0049344636499881744 -0.035891685634851456 -0.0045481459237635136
    endloop
  endfacet
  facet normal -0.028335544792093471 -0.01525373946167884 -0.99948207604427342
    outer loop
      vertex -0.0044696535915136337 -0.064463116228580475 -0.0041251890361309052
      vertex -0.0066661117598414421 -0.064463116228580475 -0.004062918946146965
      vertex -0.0070115025155246258 -0.050177399069070816 -0.004271150566637516
    endloop
  endfacet
  facet normal -0.02835452065347158 -0.015257109801046845 -0.99948148645136525
    outer loop
      vertex -0.0044696535915136337 -0.064463116228580475 -0.0041251890361309052
      vertex -0.0070115025155246258 -0.050177399069070816 -0.004271150566637516
      vertex -0.0047020586207509041 -0.050177399069070816 -0.004336667712777853
    endloop
  endfacet
  facet normal -0.031434080999391163 -0.015327339790368327 -0.99938829851398314
    outer loop
      vertex -0.005279074888676405 -0.078748829662799835 -0.0038874498568475246
      vertex -0.0063207210041582584 -0.078748829662799835 -0.0038546866271644831
      vertex -0.0066661117598414421 -0.064463116228580475 -0.004062918946146965
    endloop
  endfacet
  facet normal -0.025195748231074244 -0.015206957112575487 -0.9995668675613717
    outer loop
      vertex -0.0044696535915136337 -0.064463116228580475 -0.0041251890361309052
      vertex -0.0042372485622763634 -0.078748829662799835 -0.0039137108251452446
      vertex -0.005279074888676405 -0.078748829662799835 -0.0038874498568475246
    endloop
  endfacet
  facet normal -0.02833564179083916 -0.015027698191832648 -0.99948549748926152
    outer loop
      vertex -0.0066661117598414421 -0.064463116228580475 -0.004062918946146965
      vertex -0.0044696535915136337 -0.064463116228580475 -0.0041251890361309052
      vertex -0.005279074888676405 -0.078748829662799835 -0.0038874498568475246
    endloop
  endfacet
  facet normal -0.03142247744228472 -0.015327049366976341 -0.99938866787105973
    outer loop
      vertex -0.0051346225664019585 -0.085891686379909515 -0.0037824336905032396
      vertex -0.0061480253934860229 -0.085891686379909515 -0.0037505705840885639
      vertex -0.0063207210041582584 -0.078748829662799835 -0.0038546866271644831
    endloop
  endfacet
  facet normal -0.031434080212734715 -0.015328972061809578 -0.99938827350370052
    outer loop
      vertex -0.0051346225664019585 -0.085891686379909515 -0.0037824336905032396
      vertex -0.0063207210041582584 -0.078748829662799835 -0.0038546866271644831
      vertex -0.005279074888676405 -0.078748829662799835 -0.0038874498568475246
    endloop
  endfacet
  facet normal -0.025184820588897802 -0.015205221419226466 -0.99956716935556544
    outer loop
      vertex -0.0041210460476577282 -0.085891686379909515 -0.0038079714868217707
      vertex -0.0051346225664019585 -0.085891686379909515 -0.0037824336905032396
      vertex -0.005279074888676405 -0.078748829662799835 -0.0038874498568475246
    endloop
  endfacet
  facet normal -0.025195748218590348 -0.015206989687214328 -0.99956686706610998
    outer loop
      vertex -0.0041210460476577282 -0.085891686379909515 -0.0038079714868217707
      vertex -0.005279074888676405 -0.078748829662799835 -0.0038874498568475246
      vertex -0.0042372485622763634 -0.078748829662799835 -0.0039137108251452446
    endloop
  endfacet
  facet normal -0.009755344010849442 -0.014994226673299828 -0.99983999041331595
    outer loop
      vertex -0.0027500565629452467 -0.0073202555067837238 -0.0050080372020602226
      vertex -0.0040747486054897308 -0.0073202555067837238 -0.004995112307369709
      vertex -0.0041626975871622562 -0.00017739857139531523 -0.005101372953504324
    endloop
  endfacet
  facet normal -0.0097649816844127962 -0.014996131111015351 -0.99983986777103695
    outer loop
      vertex -0.0027500565629452467 -0.0073202555067837238 -0.0050080372020602226
      vertex -0.0041626975871622562 -0.00017739857139531523 -0.005101372953504324
      vertex -0.0028097520116716623 -0.00017739857139531523 -0.0051145865581929684
    endloop
  endfacet
  facet normal -0.018121829125062421 -0.015094169827842386 -0.99972184398780162
    outer loop
      vertex -0.0040747486054897308 -0.0073202555067837238 -0.004995112307369709
      vertex -0.0053992737084627151 -0.0073202555067837238 -0.004971102811396122
      vertex -0.0055154762230813503 -0.00017739857139531523 -0.0050768419168889523
    endloop
  endfacet
  facet normal -0.018128767638094127 -0.01509556765802013 -0.99972169708424652
    outer loop
      vertex -0.0040747486054897308 -0.0073202555067837238 -0.004995112307369709
      vertex -0.0055154762230813503 -0.00017739857139531523 -0.0050768419168889523
      vertex -0.0041626975871622562 -0.00017739857139531523 -0.005101372953504324
    endloop
  endfacet
  facet normal -0.0097553437487164253 -0.014996018233719054 -0.99983996354690596
    outer loop
      vertex -0.0040747486054897308 -0.0073202555067837238 -0.004995112307369709
      vertex -0.0027500565629452467 -0.0073202555067837238 -0.0050080372020602226
      vertex -0.0026306658983230591 -0.021605970337986946 -0.0047949389554560184
    endloop
  endfacet
  facet normal -0.018121829125339998 -0.015094168813294876 -0.99972184400311459
    outer loop
      vertex -0.0051668686792254448 -0.021605970337986946 -0.0047596246004104614
      vertex -0.0053992737084627151 -0.0073202555067837238 -0.004971102811396122
      vertex -0.0040747486054897308 -0.0073202555067837238 -0.004995112307369709
    endloop
  endfacet
  facet normal -0.013921101307445369 -0.015416336394330179 -0.9997842464804918
    outer loop
      vertex -0.0026306658983230591 -0.021605970337986946 -0.0047949389554560184
      vertex -0.0051668686792254448 -0.021605970337986946 -0.0047596246004104614
      vertex -0.0040747486054897308 -0.0073202555067837238 -0.004995112307369709
    endloop
  endfacet
  facet normal -0.013902421340354489 -0.0150265735696688 -0.99979044042620779
    outer loop
      vertex -0.0025112750008702278 -0.035891685634851456 -0.0045818411745131016
      vertex -0.0049344636499881744 -0.035891685634851456 -0.0045481459237635136
      vertex -0.0051668686792254448 -0.021605970337986946 -0.0047596246004104614
    endloop
  endfacet
  facet normal -0.013921183188338364 -0.015030057337953956 -0.99979012699418801
    outer loop
      vertex -0.0025112750008702278 -0.035891685634851456 -0.0045818411745131016
      vertex -0.0051668686792254448 -0.021605970337986946 -0.0047596246004104614
      vertex -0.0026306658983230591 -0.021605970337986946 -0.0047949389554560184
    endloop
  endfacet
  facet normal -0.013881421507585269 -0.015026205708095744 -0.99979073774412741
    outer loop
      vertex -0.0023918843362480402 -0.050177399069070816 -0.0043687429279088974
      vertex -0.0047020586207509041 -0.050177399069070816 -0.004336667712777853
      vertex -0.0049344636499881744 -0.035891685634851456 -0.0045481459237635136
    endloop
  endfacet
  facet normal -0.013902420637105966 -0.015029938776081298 -0.99979038985220103
    outer loop
      vertex -0.0023918843362480402 -0.050177399069070816 -0.0043687429279088974
      vertex -0.0049344636499881744 -0.035891685634851456 -0.0045481459237635136
      vertex -0.0025112750008702278 -0.035891685634851456 -0.0045818411745131016
    endloop
  endfacet
  facet normal -0.013858473173731765 -0.015025865836112944 -0.99979106121087535
    outer loop
      vertex -0.0022724936716258526 -0.064463116228580475 -0.0041556446813046932
      vertex -0.0044696535915136337 -0.064463116228580475 -0.0041251890361309052
      vertex -0.0047020586207509041 -0.050177399069070816 -0.004336667712777853
    endloop
  endfacet
  facet normal -0.013881420765176211 -0.015029763745388478 -0.99979068427311224
    outer loop
      vertex -0.0022724936716258526 -0.064463116228580475 -0.0041556446813046932
      vertex -0.0047020586207509041 -0.050177399069070816 -0.004336667712777853
      vertex -0.0023918843362480402 -0.050177399069070816 -0.0043687429279088974
    endloop
  endfacet
  facet normal -0.01383303450009387 -0.015025428632010568 -0.99979142007267874
    outer loop
      vertex -0.0021531027741730213 -0.078748829662799835 -0.0039425469003617764
      vertex -0.0042372485622763634 -0.078748829662799835 -0.0039137108251452446
      vertex -0.0044696535915136337 -0.064463116228580475 -0.0041251890361309052
    endloop
  endfacet
  facet normal -0.013858472406642388 -0.015029548310930325 -0.99979100587078895
    outer loop
      vertex -0.0021531027741730213 -0.078748829662799835 -0.0039425469003617764
      vertex -0.0044696535915136337 -0.064463116228580475 -0.0041251890361309052
      vertex -0.0022724936716258526 -0.064463116228580475 -0.0041556446813046932
    endloop
  endfacet
  facet normal 0.019685252397490017 -0.014817236306548232 -0.99969642409397619
    outer loop
      vertex -0.00010086350084748119 -0.0073202555067837238 -0.0049783084541559219
      vertex -0.0014252784894779325 -0.0073202555067837238 -0.0050043878145515919
      vertex -0.001456704456359148 -0.00017739857139531523 -0.0051108761690557003
    endloop
  endfacet
  facet normal 0.019671322768782487 -0.014819884757474332 -0.99969665903027882
    outer loop
      vertex -0.00010086350084748119 -0.0073202555067837238 -0.0049783084541559219
      vertex -0.001456704456359148 -0.00017739857139531523 -0.0051108761690557003
      vertex -0.00010404201020719483 -0.00017739857139531523 -0.0050842594355344772
    endloop
  endfacet
  facet normal 0.0027544001815239805 -0.014892179972207414 -0.99988531155093752
    outer loop
      vertex -0.0014252784894779325 -0.0073202555067837238 -0.0050043878145515919
      vertex -0.0027500565629452467 -0.0073202555067837238 -0.0050080372020602226
      vertex -0.0028097520116716623 -0.00017739857139531523 -0.0051145865581929684
    endloop
  endfacet
  facet normal 0.0027419314107003361 -0.014894596721253917 -0.99988530982340673
    outer loop
      vertex -0.0014252784894779325 -0.0073202555067837238 -0.0050043878145515919
      vertex -0.0028097520116716623 -0.00017739857139531523 -0.0051145865581929684
      vertex -0.001456704456359148 -0.00017739857139531523 -0.0051108761690557003
    endloop
  endfacet
  facet normal 0.019685251628036665 -0.014819873488427534 -0.99969638501803515
    outer loop
      vertex -0.0014252784894779325 -0.0073202555067837238 -0.0050043878145515919
      vertex -0.00010086350084748119 -0.0073202555067837238 -0.0049783084541559219
      vertex -9.4506474852096289e-05 -0.021605970337986946 -0.0047664064913988113
    endloop
  endfacet
  facet normal 0.0027544001829001201 -0.014892146430789954 -0.99988531205049525
    outer loop
      vertex -0.0026306658983230591 -0.021605970337986946 -0.0047949389554560184
      vertex -0.0027500565629452467 -0.0073202555067837238 -0.0050080372020602226
      vertex -0.0014252784894779325 -0.0073202555067837238 -0.0050043878145515919
    endloop
  endfacet
  facet normal 0.01124818219910933 -0.015607795215131023 -0.99981492043564646
    outer loop
      vertex -9.4506474852096289e-05 -0.021605970337986946 -0.0047664064913988113
      vertex -0.0026306658983230591 -0.021605970337986946 -0.0047949389554560184
      vertex -0.0014252784894779325 -0.0073202555067837238 -0.0050043878145515919
    endloop
  endfacet
  facet normal 0.011279607174738153 -0.014819988582716102 -0.999826554158466
    outer loop
      vertex -8.8149441580753773e-05 -0.035891685634851456 -0.0045545045286417007
      vertex -0.0025112750008702278 -0.035891685634851456 -0.0045818411745131016
      vertex -0.0026306658983230591 -0.021605970337986946 -0.0047949389554560184
    endloop
  endfacet
  facet normal 0.011248316117920593 -0.014825562186594081 -0.99982682405022671
    outer loop
      vertex -8.8149441580753773e-05 -0.035891685634851456 -0.0045545045286417007
      vertex -0.0026306658983230591 -0.021605970337986946 -0.0047949389554560184
      vertex -9.4506474852096289e-05 -0.021605970337986946 -0.0047664064913988113
    endloop
  endfacet
  facet normal 0.011313756767288845 -0.01481973219060252 -0.99982617211473801
    outer loop
      vertex -8.1792415585368872e-05 -0.050177399069070816 -0.0043426025658845901
      vertex -0.0023918843362480402 -0.050177399069070816 -0.0043687429279088974
      vertex -0.0025112750008702278 -0.035891685634851456 -0.0045818411745131016
    endloop
  endfacet
  facet normal 0.011279606245532859 -0.014825544976432509 -0.99982647179352968
    outer loop
      vertex -8.1792415585368872e-05 -0.050177399069070816 -0.0043426025658845901
      vertex -0.0025112750008702278 -0.035891685634851456 -0.0045818411745131016
      vertex -8.8149441580753773e-05 -0.035891685634851456 -0.0045545045286417007
    endloop
  endfacet
  facet normal 0.011351420158640671 -0.014819407263964888 -0.99982575003283791
    outer loop
      vertex -7.543538958998397e-05 -0.064463116228580475 -0.0041307006031274796
      vertex -0.0022724936716258526 -0.064463116228580475 -0.0041556446813046932
      vertex -0.0023918843362480402 -0.050177399069070816 -0.0043687429279088974
    endloop
  endfacet
  facet normal 0.011313755796429412 -0.014825520196283587 -0.99982608631735959
    outer loop
      vertex -7.543538958998397e-05 -0.064463116228580475 -0.0041307006031274796
      vertex -0.0023918843362480402 -0.050177399069070816 -0.0043687429279088974
      vertex -8.1792415585368872e-05 -0.050177399069070816 -0.0043426025658845901
    endloop
  endfacet
  facet normal 0.0029189713790933156 -0.014890733217777808 -0.99988486620726735
    outer loop
      vertex -0.0011110182385891676 -0.078748829662799835 -0.0039395047351717949
      vertex -0.0021531027741730213 -0.078748829662799835 -0.0039425469003617764
      vertex -0.0022724936716258526 -0.064463116228580475 -0.0041556446813046932
    endloop
  endfacet
  facet normal 0.019866533956319203 -0.01481974110425714 -0.99969280086542844
    outer loop
      vertex -7.543538958998397e-05 -0.064463116228580475 -0.0041307006031274796
      vertex -6.9078363594599068e-05 -0.078748829662799835 -0.003918798640370369
      vertex -0.0011110182385891676 -0.078748829662799835 -0.0039395047351717949
    endloop
  endfacet
  facet normal 0.011351521494284058 -0.014204379817605714 -0.99983467561080419
    outer loop
      vertex -0.0022724936716258526 -0.064463116228580475 -0.0041556446813046932
      vertex -7.543538958998397e-05 -0.064463116228580475 -0.0041307006031274796
      vertex -0.0011110182385891676 -0.078748829662799835 -0.0039395047351717949
    endloop
  endfacet
  facet normal 0.0029402011133304244 -0.014890587490235561 -0.99988480617599573
    outer loop
      vertex -0.001079592271707952 -0.085891686379909515 -0.0038330166134983301
      vertex -0.0020934073254466057 -0.085891686379909515 -0.0038359977770596743
      vertex -0.0021531027741730213 -0.078748829662799835 -0.0039425469003617764
    endloop
  endfacet
  facet normal 0.0029189712466903984 -0.014893778383359731 -0.99988482085304631
    outer loop
      vertex -0.001079592271707952 -0.085891686379909515 -0.0038330166134983301
      vertex -0.0021531027741730213 -0.078748829662799835 -0.0039425469003617764
      vertex -0.0011110182385891676 -0.078748829662799835 -0.0039395047351717949
    endloop
  endfacet
  facet normal 0.019890172877090485 -0.014816242346723517 -0.99969238267861305
    outer loop
      vertex -6.5899854234885424e-05 -0.085891686379909515 -0.0038128478918224573
      vertex -0.001079592271707952 -0.085891686379909515 -0.0038330166134983301
      vertex -0.0011110182385891676 -0.078748829662799835 -0.0039395047351717949
    endloop
  endfacet
  facet normal 0.019866533965910163 -0.014819708535251511 -0.99969280134804994
    outer loop
      vertex -6.5899854234885424e-05 -0.085891686379909515 -0.0038128478918224573
      vertex -0.0011110182385891676 -0.078748829662799835 -0.0039395047351717949
      vertex -6.9078363594599068e-05 -0.078748829662799835 -0.003918798640370369
    endloop
  endfacet
  facet normal 0.043855326997499708 -0.014797724811874862 -0.99892829454087184
    outer loop
      vertex 0.0024489271454513073 -0.021605970337986946 -0.0046547437086701393
      vertex -9.4506474852096289e-05 -0.021605970337986946 -0.0047664064913988113
      vertex -0.00010086350084748119 -0.0073202555067837238 -0.0049783084541559219
    endloop
  endfacet
  facet normal 0.043831874565928838 -0.014801932629156196 -0.99892926154081529
    outer loop
      vertex 0.0024489271454513073 -0.021605970337986946 -0.0046547437086701393
      vertex -0.00010086350084748119 -0.0073202555067837238 -0.0049783084541559219
      vertex 0.0025559370405972004 -0.0073202555067837238 -0.004861731082201004
    endloop
  endfacet
  facet normal 0.043880968902148806 -0.014797696199870076 -0.99892716889440181
    outer loop
      vertex 0.0023419170174747705 -0.035891685634851456 -0.0044477563351392746
      vertex -8.8149441580753773e-05 -0.035891685634851456 -0.0045545045286417007
      vertex -9.4506474852096289e-05 -0.021605970337986946 -0.0047664064913988113
    endloop
  endfacet
  facet normal 0.043855324161316087 -0.014802093568128089 -0.99892822993882102
    outer loop
      vertex 0.0023419170174747705 -0.035891685634851456 -0.0044477563351392746
      vertex -9.4506474852096289e-05 -0.021605970337986946 -0.0047664064913988113
      vertex 0.0024489271454513073 -0.021605970337986946 -0.0046547437086701393
    endloop
  endfacet
  facet normal 0.043909115724988658 -0.014797667286741315 -0.99892593248905115
    outer loop
      vertex 0.0022349071223288774 -0.050177399069070816 -0.0042407689616084099
      vertex -8.1792415585368872e-05 -0.050177399069070816 -0.0043426025658845901
      vertex -8.8149441580753773e-05 -0.035891685634851456 -0.0045545045286417007
    endloop
  endfacet
  facet normal 0.043880965930772731 -0.014802270504299895 -0.99892710125258888
    outer loop
      vertex 0.0022349071223288774 -0.050177399069070816 -0.0042407689616084099
      vertex -8.8149441580753773e-05 -0.035891685634851456 -0.0045545045286417007
      vertex 0.0023419170174747705 -0.035891685634851456 -0.0044477563351392746
    endloop
  endfacet
  facet normal 0.043940158878008576 -0.014797629374715184 -0.9989245680243648
    outer loop
      vertex 0.0021278972271829844 -0.064463116228580475 -0.0040337815880775452
      vertex -7.543538958998397e-05 -0.064463116228580475 -0.0041307006031274796
      vertex -8.1792415585368872e-05 -0.050177399069070816 -0.0043426025658845901
    endloop
  endfacet
  facet normal 0.043909112610035973 -0.014802459521275063 -0.99892586162433517
    outer loop
      vertex 0.0021278972271829844 -0.064463116228580475 -0.0040337815880775452
      vertex -8.1792415585368872e-05 -0.050177399069070816 -0.0043426025658845901
      vertex 0.0022349071223288774 -0.050177399069070816 -0.0042407689616084099
    endloop
  endfacet
  facet normal 0.043974685609994145 -0.014797595340263522 -0.99892304918729724
    outer loop
      vertex 0.0020208870992064476 -0.078748829662799835 -0.0038267939817160368
      vertex -6.9078363594599068e-05 -0.078748829662799835 -0.003918798640370369
      vertex -7.543538958998397e-05 -0.064463116228580475 -0.0041307006031274796
    endloop
  endfacet
  facet normal 0.043940155584248908 -0.014802693083411414 -0.99892449314485732
    outer loop
      vertex 0.0020208870992064476 -0.078748829662799835 -0.0038267939817160368
      vertex -7.543538958998397e-05 -0.064463116228580475 -0.0041307006031274796
      vertex 0.0021278972271829844 -0.064463116228580475 -0.0040337815880775452
    endloop
  endfacet
  facet normal 0.087634590912234259 -0.015165751659364559 -0.99603723748274176
    outer loop
      vertex 0.0051872017793357372 -0.0073202555067837238 -0.0046556056477129459
      vertex 0.0038725272752344608 -0.0073202555067837238 -0.0047712749801576138
      vertex 0.0039541157893836498 -0.00017739857139531523 -0.004872854333370924
    endloop
  endfacet
  facet normal 0.087623257761352158 -0.015167737530120066 -0.99603820430619283
    outer loop
      vertex 0.0051872017793357372 -0.0073202555067837238 -0.0046556056477129459
      vertex 0.0039541157893836498 -0.00017739857139531523 -0.004872854333370924
      vertex 0.0052968361414968967 -0.00017739857139531523 -0.0047547328285872936
    endloop
  endfacet
  facet normal 0.068535564145163735 -0.014966802290824215 -0.99753640097817575
    outer loop
      vertex 0.0038725272752344608 -0.0073202555067837238 -0.0047712749801576138
      vertex 0.0025559370405972004 -0.0073202555067837238 -0.004861731082201004
      vertex 0.0026094422210007906 -0.00017739857139531523 -0.0049652247689664364
    endloop
  endfacet
  facet normal 0.068524392961544875 -0.014968797738183515 -0.99753713848834968
    outer loop
      vertex 0.0038725272752344608 -0.0073202555067837238 -0.0047712749801576138
      vertex 0.0026094422210007906 -0.00017739857139531523 -0.0049652247689664364
      vertex 0.0039541157893836498 -0.00017739857139531523 -0.004872854333370924
    endloop
  endfacet
  facet normal 0.087634588017565629 -0.015167929009493023 -0.99603720458251677
    outer loop
      vertex 0.0038725272752344608 -0.0073202555067837238 -0.0047712749801576138
      vertex 0.0051872017793357372 -0.0073202555067837238 -0.0046556056477129459
      vertex 0.0049679330550134182 -0.021605970337986946 -0.0044573508203029633
    endloop
  endfacet
  facet normal 0.06853556414848741 -0.014966799051329182 -0.99753640102655183
    outer loop
      vertex 0.0024489271454513073 -0.021605970337986946 -0.0046547437086701393
      vertex 0.0025559370405972004 -0.0073202555067837238 -0.004861731082201004
      vertex 0.0038725272752344608 -0.0073202555067837238 -0.0047712749801576138
    endloop
  endfacet
  facet normal 0.078112041427504733 -0.015915250354141142 -0.99681754287843094
    outer loop
      vertex 0.0049679330550134182 -0.021605970337986946 -0.0044573508203029633
      vertex 0.0024489271454513073 -0.021605970337986946 -0.0046547437086701393
      vertex 0.0038725272752344608 -0.0073202555067837238 -0.0047712749801576138
    endloop
  endfacet
  facet normal 0.078139333647059883 -0.015028491528163155 -0.99682916740010252
    outer loop
      vertex 0.0047486647963523865 -0.035891685634851456 -0.0042590964585542679
      vertex 0.0023419170174747705 -0.035891685634851456 -0.0044477563351392746
      vertex 0.0024489271454513073 -0.021605970337986946 -0.0046547437086701393
    endloop
  endfacet
  facet normal 0.078113108352039454 -0.015032768457585921 -0.99683115830921087
    outer loop
      vertex 0.0047486647963523865 -0.035891685634851456 -0.0042590964585542679
      vertex 0.0024489271454513073 -0.021605970337986946 -0.0046547437086701393
      vertex 0.0049679330550134182 -0.021605970337986946 -0.0044573508203029633
    endloop
  endfacet
  facet normal 0.078168343892046174 -0.015028676525402561 -0.99682689013442527
    outer loop
      vertex 0.0045293960720300674 -0.050177399069070816 -0.0040608416311442852
      vertex 0.0022349071223288774 -0.050177399069070816 -0.0042407689616084099
      vertex 0.0023419170174747705 -0.035891685634851456 -0.0044477563351392746
    endloop
  endfacet
  facet normal 0.078139328140036338 -0.015033179294937525 -0.99682909714660217
    outer loop
      vertex 0.0045293960720300674 -0.050177399069070816 -0.0040608416311442852
      vertex 0.0023419170174747705 -0.035891685634851456 -0.0044477563351392746
      vertex 0.0047486647963523865 -0.035891685634851456 -0.0042590964585542679
    endloop
  endfacet
  facet normal 0.078200232912874909 -0.015028875194187863 -0.99682438597918022
    outer loop
      vertex 0.0043101273477077484 -0.064463116228580475 -0.0038625870365649462
      vertex 0.0021278972271829844 -0.064463116228580475 -0.0040337815880775452
      vertex 0.0022349071223288774 -0.050177399069070816 -0.0042407689616084099
    endloop
  endfacet
  facet normal 0.078168338137887122 -0.015033572750292245 -0.99682681675561002
    outer loop
      vertex 0.0043101273477077484 -0.064463116228580475 -0.0038625870365649462
      vertex 0.0022349071223288774 -0.050177399069070816 -0.0042407689616084099
      vertex 0.0045293960720300674 -0.050177399069070816 -0.0040608416311442852
    endloop
  endfacet
  facet normal 0.068679871415807434 -0.014967754839932486 -0.99752646159255332
    outer loop
      vertex 0.0030566409695893526 -0.078748829662799835 -0.0037554821465164423
      vertex 0.0020208870992064476 -0.078748829662799835 -0.0038267939817160368
      vertex 0.0021278972271829844 -0.064463116228580475 -0.0040337815880775452
    endloop
  endfacet
  facet normal 0.087783773658897737 -0.01517003755490093 -0.99602403537403972
    outer loop
      vertex 0.0043101273477077484 -0.064463116228580475 -0.0038625870365649462
      vertex 0.0040908586233854294 -0.078748829662799835 -0.0036643322091549635
      vertex 0.0030566409695893526 -0.078748829662799835 -0.0037554821465164423
    endloop
  endfacet
  facet normal 0.078201029428396185 -0.014335285374890977 -0.99683453922381704
    outer loop
      vertex 0.0021278972271829844 -0.064463116228580475 -0.0040337815880775452
      vertex 0.0043101273477077484 -0.064463116228580475 -0.0038625870365649462
      vertex 0.0030566409695893526 -0.078748829662799835 -0.0037554821465164423
    endloop
  endfacet
  facet normal 0.068698812870563883 -0.014967860426214091 -0.99752515570507616
    outer loop
      vertex 0.0029750524554401636 -0.085891686379909515 -0.0036539027933031321
      vertex 0.0019673821516335011 -0.085891686379909515 -0.0037233002949506044
      vertex 0.0020208870992064476 -0.078748829662799835 -0.0038267939817160368
    endloop
  endfacet
  facet normal 0.068679868673464289 -0.014970421696498286 -0.9975264217619626
    outer loop
      vertex 0.0029750524554401636 -0.085891686379909515 -0.0036539027933031321
      vertex 0.0020208870992064476 -0.078748829662799835 -0.0038267939817160368
      vertex 0.0030566409695893526 -0.078748829662799835 -0.0037554821465164423
    endloop
  endfacet
  facet normal 0.08780305517144231 -0.015167465026773885 -0.99602237500330393
    outer loop
      vertex 0.0039812242612242699 -0.085891686379909515 -0.0035652050282806158
      vertex 0.0029750524554401636 -0.085891686379909515 -0.0036539027933031321
      vertex 0.0030566409695893526 -0.078748829662799835 -0.0037554821465164423
    endloop
  endfacet
  facet normal 0.087783773702133042 -0.015170005095682115 -0.99602403586460186
    outer loop
      vertex 0.0039812242612242699 -0.085891686379909515 -0.0035652050282806158
      vertex 0.0030566409695893526 -0.078748829662799835 -0.0037554821465164423
      vertex 0.0040908586233854294 -0.078748829662799835 -0.0036643322091549635
    endloop
  endfacet
  facet normal 0.13331650300547188 -0.015895735963342671 -0.99094603062153486
    outer loop
      vertex 0.0077807167544960976 -0.0073202555067837238 -0.0043387995101511478
      vertex 0.0064859399572014809 -0.0073202555067837238 -0.0045129917562007904
      vertex 0.0066232769750058651 -0.00017739857139531523 -0.0046090935356914997
    endloop
  endfacet
  facet normal 0.13330493974231675 -0.015897667385580534 -0.99094755522782085
    outer loop
      vertex 0.0077807167544960976 -0.0073202555067837238 -0.0043387995101511478
      vertex 0.0066232769750058651 -0.00017739857139531523 -0.0046090935356914997
      vertex 0.0079456772655248642 -0.00017739857139531523 -0.0044312006793916225
    endloop
  endfacet
  facet normal 0.10914039671876152 -0.015468409472881686 -0.99390598253177365
    outer loop
      vertex 0.0064859399572014809 -0.0073202555067837238 -0.0045129917562007904
      vertex 0.0051872017793357372 -0.0073202555067837238 -0.0046556056477129459
      vertex 0.0052968361414968967 -0.00017739857139531523 -0.0047547328285872936
    endloop
  endfacet
  facet normal 0.10912809141710914 -0.015470502618150403 -0.99390730111635694
    outer loop
      vertex 0.0064859399572014809 -0.0073202555067837238 -0.0045129917562007904
      vertex 0.0052968361414968967 -0.00017739857139531523 -0.0047547328285872936
      vertex 0.0066232769750058651 -0.00017739857139531523 -0.0046090935356914997
    endloop
  endfacet
  facet normal 0.13331649847718005 -0.015897872109264508 -0.99094599696259
    outer loop
      vertex 0.0064859399572014809 -0.0073202555067837238 -0.0045129917562007904
      vertex 0.0077807167544960976 -0.0073202555067837238 -0.0043387995101511478
      vertex 0.0074507966637611389 -0.021605970337986946 -0.0041539976373314857
    endloop
  endfacet
  facet normal 0.10914039666582251 -0.015468440823086382 -0.99390598204967529
    outer loop
      vertex 0.0049679330550134182 -0.021605970337986946 -0.0044573508203029633
      vertex 0.0051872017793357372 -0.0073202555067837238 -0.0046556056477129459
      vertex 0.0064859399572014809 -0.0073202555067837238 -0.0045129917562007904
    endloop
  endfacet
  facet normal 0.1212599023873524 -0.016750709139810905 -0.99247944553845713
    outer loop
      vertex 0.0074507966637611389 -0.021605970337986946 -0.0041539976373314857
      vertex 0.0049679330550134182 -0.021605970337986946 -0.0044573508203029633
      vertex 0.0064859399572014809 -0.0073202555067837238 -0.0045129917562007904
    endloop
  endfacet
  facet normal 0.12128982784553574 -0.015635287891130424 -0.99249398760585017
    outer loop
      vertex 0.0071208765730261803 -0.035891685634851456 -0.0039691952988505363
      vertex 0.0047486647963523865 -0.035891685634851456 -0.0042590964585542679
      vertex 0.0049679330550134182 -0.021605970337986946 -0.0044573508203029633
    endloop
  endfacet
  facet normal 0.12126208503499399 -0.015639582426467197 -0.99249730991801277
    outer loop
      vertex 0.0071208765730261803 -0.035891685634851456 -0.0039691952988505363
      vertex 0.0049679330550134182 -0.021605970337986946 -0.0044573508203029633
      vertex 0.0074507966637611389 -0.021605970337986946 -0.0041539976373314857
    endloop
  endfacet
  facet normal 0.1213199486564262 -0.015635737364897755 -0.9924902990836022
    outer loop
      vertex 0.0067909564822912216 -0.050177399069070816 -0.0037843931932002306
      vertex 0.0045293960720300674 -0.050177399069070816 -0.0040608416311442852
      vertex 0.0047486647963523865 -0.035891685634851456 -0.0042590964585542679
    endloop
  endfacet
  facet normal 0.12128981859321171 -0.015640164822551289 -0.99249391189565961
    outer loop
      vertex 0.0067909564822912216 -0.050177399069070816 -0.0037843931932002306
      vertex 0.0047486647963523865 -0.035891685634851456 -0.0042590964585542679
      vertex 0.0071208765730261803 -0.035891685634851456 -0.0039691952988505363
    endloop
  endfacet
  facet normal 0.12135316826678975 -0.015636170537081769 -0.99248623099897326
    outer loop
      vertex 0.006461036391556263 -0.064463116228580475 -0.0035995913203805685
      vertex 0.0043101273477077484 -0.064463116228580475 -0.0038625870365649462
      vertex 0.0045293960720300674 -0.050177399069070816 -0.0040608416311442852
    endloop
  endfacet
  facet normal 0.12131993906343889 -0.015640792431491326 -0.99249022060560288
    outer loop
      vertex 0.006461036391556263 -0.064463116228580475 -0.0035995913203805685
      vertex 0.0045293960720300674 -0.050177399069070816 -0.0040608416311442852
      vertex 0.0067909564822912216 -0.050177399069070816 -0.0037843931932002306
    endloop
  endfacet
  facet normal 0.10929934905837121 -0.015470639182010774 -0.99388848047389911
    outer loop
      vertex 0.0051125688478350639 -0.078748829662799835 -0.0035519732628017664
      vertex 0.0040908586233854294 -0.078748829662799835 -0.0036643322091549635
      vertex 0.0043101273477077484 -0.064463116228580475 -0.0038625870365649462
    endloop
  endfacet
  facet normal 0.13346384111699414 -0.015901035375521195 -0.99092611237583406
    outer loop
      vertex 0.006461036391556263 -0.064463116228580475 -0.0035995913203805685
      vertex 0.0061311163008213043 -0.078748829662799835 -0.0034147892147302628
      vertex 0.0051125688478350639 -0.078748829662799835 -0.0035519732628017664
    endloop
  endfacet
  facet normal 0.12135477874105245 -0.014763272066346081 -0.99249940225402933
    outer loop
      vertex 0.0043101273477077484 -0.064463116228580475 -0.0038625870365649462
      vertex 0.006461036391556263 -0.064463116228580475 -0.0035995913203805685
      vertex 0.0051125688478350639 -0.078748829662799835 -0.0035519732628017664
    endloop
  endfacet
  facet normal 0.10932042354217029 -0.015470898031074548 -0.99388615862717011
    outer loop
      vertex 0.0049752318300306797 -0.085891686379909515 -0.0034558712504804134
      vertex 0.0039812242612242699 -0.085891686379909515 -0.0035652050282806158
      vertex 0.0040908586233854294 -0.078748829662799835 -0.0036643322091549635
    endloop
  endfacet
  facet normal 0.1092993440935129 -0.015473574369605624 -0.99388843532710247
    outer loop
      vertex 0.0049752318300306797 -0.085891686379909515 -0.0034558712504804134
      vertex 0.0040908586233854294 -0.078748829662799835 -0.0036643322091549635
      vertex 0.0051125688478350639 -0.078748829662799835 -0.0035519732628017664
    endloop
  endfacet
  facet normal 0.1334830881232483 -0.015898669357870945 -0.99092355784779385
    outer loop
      vertex 0.005966156255453825 -0.085891686379909515 -0.0033223880454897881
      vertex 0.0049752318300306797 -0.085891686379909515 -0.0034558712504804134
      vertex 0.0051125688478350639 -0.078748829662799835 -0.0035519732628017664
    endloop
  endfacet
  facet normal 0.1334638410827198 -0.015901051521696193 -0.99092611212135828
    outer loop
      vertex 0.005966156255453825 -0.085891686379909515 -0.0033223880454897881
      vertex 0.0051125688478350639 -0.078748829662799835 -0.0035519732628017664
      vertex 0.0061311163008213043 -0.078748829662799835 -0.0034147892147302628
    endloop
  endfacet
  facet normal 0.16886661015778257 -0.016648408677993238 -0.98549829957352542
    outer loop
      vertex 0.0099849896505475044 -0.021605970337986946 -0.0037197598721832037
      vertex 0.0074507966637611389 -0.021605970337986946 -0.0041539976373314857
      vertex 0.0077807167544960976 -0.0073202555067837238 -0.0043387995101511478
    endloop
  endfacet
  facet normal 0.16884552353410268 -0.016651816391139308 -0.98550185499235399
    outer loop
      vertex 0.0099849896505475044 -0.021605970337986946 -0.0037197598721832037
      vertex 0.0077807167544960976 -0.0073202555067837238 -0.0043387995101511478
      vertex 0.01042785681784153 -0.0073202555067837238 -0.0038852663710713387
    endloop
  endfacet
  facet normal 0.16888937573741192 -0.016648915439277049 -0.98549438982559556
    outer loop
      vertex 0.009542122483253479 -0.035891685634851456 -0.0035542536061257124
      vertex 0.0071208765730261803 -0.035891685634851456 -0.0039691952988505363
      vertex 0.0074507966637611389 -0.021605970337986946 -0.0041539976373314857
    endloop
  endfacet
  facet normal 0.16886659890081887 -0.016652411185420758 -0.98549823387836766
    outer loop
      vertex 0.009542122483253479 -0.035891685634851456 -0.0035542536061257124
      vertex 0.0074507966637611389 -0.021605970337986946 -0.0041539976373314857
      vertex 0.0099849896505475044 -0.021605970337986946 -0.0037197598721832037
    endloop
  endfacet
  facet normal 0.16891456214224806 -0.016649427260629276 -0.98549006452027998
    outer loop
      vertex 0.0090992553159594536 -0.050177399069070816 -0.0033887471072375774
      vertex 0.0067909564822912216 -0.050177399069070816 -0.0037843931932002306
      vertex 0.0071208765730261803 -0.035891685634851456 -0.0039691952988505363
    endloop
  endfacet
  facet normal 0.16888936399504767 -0.016653089823460043 -0.9854943213071703
    outer loop
      vertex 0.0090992553159594536 -0.050177399069070816 -0.0033887471072375774
      vertex 0.0071208765730261803 -0.035891685634851456 -0.0039691952988505363
      vertex 0.009542122483253479 -0.035891685634851456 -0.0035542536061257124
    endloop
  endfacet
  facet normal 0.16894244129849181 -0.016649988766059824 -0.9854852760960946
    outer loop
      vertex 0.0086563881486654282 -0.064463116228580475 -0.0032232406083494425
      vertex 0.006461036391556263 -0.064463116228580475 -0.0035995913203805685
      vertex 0.0067909564822912216 -0.050177399069070816 -0.0037843931932002306
    endloop
  endfacet
  facet normal 0.16891454979431131 -0.016653816106692629 -0.98548999247930946
    outer loop
      vertex 0.0086563881486654282 -0.064463116228580475 -0.0032232406083494425
      vertex 0.0067909564822912216 -0.050177399069070816 -0.0037843931932002306
      vertex 0.0090992553159594536 -0.050177399069070816 -0.0033887471072375774
    endloop
  endfacet
  facet normal 0.16897313005767989 -0.016650649700342274 -0.9854800034415041
    outer loop
      vertex 0.0082135209813714027 -0.078748829662799835 -0.0030577343422919512
      vertex 0.0061311163008213043 -0.078748829662799835 -0.0034147892147302628
      vertex 0.006461036391556263 -0.064463116228580475 -0.0035995913203805685
    endloop
  endfacet
  facet normal 0.16894242828527992 -0.016654613119872316 -0.98548520018663921
    outer loop
      vertex 0.0082135209813714027 -0.078748829662799835 -0.0030577343422919512
      vertex 0.006461036391556263 -0.064463116228580475 -0.0035995913203805685
      vertex 0.0086563881486654282 -0.064463116228580475 -0.0032232406083494425
    endloop
  endfacet
  facet normal 0.28758393527038878 -0.020269188142617071 -0.95754093394822359
    outer loop
      vertex 0.012987053953111172 -0.0073202555067837238 -0.0032065007835626602
      vertex 0.011718509718775749 -0.0073202555067837238 -0.0035874901805073023
      vertex 0.011967482976615429 -0.00017739857139531523 -0.0036639142781496048
    endloop
  endfacet
  facet normal 0.28756819040677106 -0.020271734921045875 -0.95754560864194138
    outer loop
      vertex 0.012987053953111172 -0.0073202555067837238 -0.0032065007835626602
      vertex 0.011967482976615429 -0.00017739857139531523 -0.0036639142781496048
      vertex 0.013263098895549774 -0.00017739857139531523 -0.0032748174853622913
    endloop
  endfacet
  facet normal 0.22477417171260219 -0.018255139129208214 -0.97423986862901846
    outer loop
      vertex 0.011718509718775749 -0.0073202555067837238 -0.0035874901805073023
      vertex 0.01042785681784153 -0.0073202555067837238 -0.0038852663710713387
      vertex 0.010649289935827255 -0.00017739857139531523 -0.0039680195041000843
    endloop
  endfacet
  facet normal 0.2247566475749983 -0.018257974884980082 -0.97424385844815431
    outer loop
      vertex 0.011718509718775749 -0.0073202555067837238 -0.0035874901805073023
      vertex 0.010649289935827255 -0.00017739857139531523 -0.0039680195041000843
      vertex 0.011967482976615429 -0.00017739857139531523 -0.0036639142781496048
    endloop
  endfacet
  facet normal 0.28758391696330032 -0.020272327250182791 -0.95754087299284874
    outer loop
      vertex 0.011718509718775749 -0.0073202555067837238 -0.0035874901805073023
      vertex 0.012987053953111172 -0.0073202555067837238 -0.0032065007835626602
      vertex 0.012434964068233967 -0.021605970337986946 -0.0030698669143021107
    endloop
  endfacet
  facet normal 0.22477417159235691 -0.018255168424061986 -0.97423986810783869
    outer loop
      vertex 0.0099849896505475044 -0.021605970337986946 -0.0037197598721832037
      vertex 0.01042785681784153 -0.0073202555067837238 -0.0038852663710713387
      vertex 0.011718509718775749 -0.0073202555067837238 -0.0035874901805073023
    endloop
  endfacet
  facet normal 0.25633479569701156 -0.022158135583109667 -0.96633404656073851
    outer loop
      vertex 0.012434964068233967 -0.021605970337986946 -0.0030698669143021107
      vertex 0.0099849896505475044 -0.021605970337986946 -0.0037197598721832037
      vertex 0.011718509718775749 -0.0073202555067837238 -0.0035874901805073023
    endloop
  endfacet
  facet normal 0.25638946592403339 -0.019144233947280549 -0.96638395064785743
    outer loop
      vertex 0.011882874183356762 -0.035891685634851456 -0.0029332332778722048
      vertex 0.009542122483253479 -0.035891685634851456 -0.0035542536061257124
      vertex 0.0099849896505475044 -0.021605970337986946 -0.0037197598721832037
    endloop
  endfacet
  facet normal 0.25635072946258713 -0.019149939714888688 -0.96639411386499863
    outer loop
      vertex 0.011882874183356762 -0.035891685634851456 -0.0029332332778722048
      vertex 0.0099849896505475044 -0.021605970337986946 -0.0037197598721832037
      vertex 0.012434964068233967 -0.021605970337986946 -0.0030698669143021107
    endloop
  endfacet
  facet normal 0.25643186203759638 -0.019145435902047727 -0.96637267780916281
    outer loop
      vertex 0.011330784298479557 -0.050177399069070816 -0.0027965996414422989
      vertex 0.0090992553159594536 -0.050177399069070816 -0.0033887471072375774
      vertex 0.009542122483253479 -0.035891685634851456 -0.0035542536061257124
    endloop
  endfacet
  facet normal 0.25638943102840372 -0.019151339421251867 -0.9663838191191445
    outer loop
      vertex 0.011330784298479557 -0.050177399069070816 -0.0027965996414422989
      vertex 0.009542122483253479 -0.035891685634851456 -0.0035542536061257124
      vertex 0.011882874183356762 -0.035891685634851456 -0.0029332332778722048
    endloop
  endfacet
  facet normal 0.2564787254444002 -0.019146739324199132 -0.96636021532742489
    outer loop
      vertex 0.010778693482279778 -0.064463116228580475 -0.002659966005012393
      vertex 0.0086563881486654282 -0.064463116228580475 -0.0032232406083494425
      vertex 0.0090992553159594536 -0.050177399069070816 -0.0033887471072375774
    endloop
  endfacet
  facet normal 0.25643182546216037 -0.019152881654207001 -0.96637253997331907
    outer loop
      vertex 0.010778693482279778 -0.064463116228580475 -0.002659966005012393
      vertex 0.0090992553159594536 -0.050177399069070816 -0.0033887471072375774
      vertex 0.011330784298479557 -0.050177399069070816 -0.0027965996414422989
    endloop
  endfacet
  facet normal 0.22500049411555367 -0.018261563827075739 -0.97418750399209408
    outer loop
      vertex 0.0092287752777338028 -0.078748829662799835 -0.0028232489712536335
      vertex 0.0082135209813714027 -0.078748829662799835 -0.0030577343422919512
      vertex 0.0086563881486654282 -0.064463116228580475 -0.0032232406083494425
    endloop
  endfacet
  facet normal 0.28778887555049371 -0.020279644058131881 -0.95747913770810589
    outer loop
      vertex 0.010778693482279778 -0.064463116228580475 -0.002659966005012393
      vertex 0.010226603597402573 -0.078748829662799835 -0.0025233323685824871
      vertex 0.0092287752777338028 -0.078748829662799835 -0.0028232489712536335
    endloop
  endfacet
  facet normal 0.25648962522839341 -0.016781875988913546 -0.96640128351968313
    outer loop
      vertex 0.0086563881486654282 -0.064463116228580475 -0.0032232406083494425
      vertex 0.010778693482279778 -0.064463116228580475 -0.002659966005012393
      vertex 0.0092287752777338028 -0.078748829662799835 -0.0028232489712536335
    endloop
  endfacet
  facet normal 0.22502995109189369 -0.018262415087212599 -0.97418068411704939
    outer loop
      vertex 0.0089798020198941231 -0.085891686379909515 -0.002746824873611331
      vertex 0.0079920878633856773 -0.085891686379909515 -0.0029749809764325619
      vertex 0.0082135209813714027 -0.078748829662799835 -0.0030577343422919512
    endloop
  endfacet
  facet normal 0.2250004764115236 -0.018265870626240115 -0.97418742733872976
    outer loop
      vertex 0.0089798020198941231 -0.085891686379909515 -0.002746824873611331
      vertex 0.0082135209813714027 -0.078748829662799835 -0.0030577343422919512
      vertex 0.0092287752777338028 -0.078748829662799835 -0.0028232489712536335
    endloop
  endfacet
  facet normal 0.28781581018305524 -0.020276523956144994 -0.95747110765021382
    outer loop
      vertex 0.0099505586549639702 -0.085891686379909515 -0.0024550154339522123
      vertex 0.0089798020198941231 -0.085891686379909515 -0.002746824873611331
      vertex 0.0092287752777338028 -0.078748829662799835 -0.0028232489712536335
    endloop
  endfacet
  facet normal 0.28778887545941811 -0.020279659656848848 -0.9574791374050956
    outer loop
      vertex 0.0099505586549639702 -0.085891686379909515 -0.0024550154339522123
      vertex 0.0092287752777338028 -0.078748829662799835 -0.0028232489712536335
      vertex 0.010226603597402573 -0.078748829662799835 -0.0025233323685824871
    endloop
  endfacet
  facet normal 0.44701184062683613 -0.026197937329857188 -0.89414432974719971
    outer loop
      vertex 0.015397641807794571 -0.0073202555067837238 -0.0021390588954091072
      vertex 0.014217370189726353 -0.0073202555067837238 -0.0027291150763630867
      vertex 0.014519658870995045 -0.00017739857139531523 -0.0027872729115188122
    endloop
  endfacet
  facet normal 0.44699762272517579 -0.026200323652293189 -0.89415136767694792
    outer loop
      vertex 0.015397641807794571 -0.0073202555067837238 -0.0021390588954091072
      vertex 0.014519658870995045 -0.00017739857139531523 -0.0027872729115188122
      vertex 0.015725124627351761 -0.00017739857139531523 -0.0021846452727913857
    endloop
  endfacet
  facet normal 0.36164668739281436 -0.02289059419050845 -0.9320341700792999
    outer loop
      vertex 0.014217370189726353 -0.0073202555067837238 -0.0027291150763630867
      vertex 0.012987053953111172 -0.0073202555067837238 -0.0032065007835626602
      vertex 0.013263098895549774 -0.00017739857139531523 -0.0032748174853622913
    endloop
  endfacet
  facet normal 0.36163106841905951 -0.022893139075763281 -0.93204016787762278
    outer loop
      vertex 0.014217370189726353 -0.0073202555067837238 -0.0027291150763630867
      vertex 0.013263098895549774 -0.00017739857139531523 -0.0032748174853622913
      vertex 0.014519658870995045 -0.00017739857139531523 -0.0027872729115188122
    endloop
  endfacet
  facet normal 0.44701180593332007 -0.026200897655338302 -0.89414426035080385
    outer loop
      vertex 0.014217370189726353 -0.0073202555067837238 -0.0027291150763630867
      vertex 0.015397641807794571 -0.0073202555067837238 -0.0021390588954091072
      vertex 0.014742677100002766 -0.021605970337986946 -0.0020478861406445503
    endloop
  endfacet
  facet normal 0.36164668715405196 -0.02289062301731978 -0.93203416946396245
    outer loop
      vertex 0.012434964068233967 -0.021605970337986946 -0.0030698669143021107
      vertex 0.012987053953111172 -0.0073202555067837238 -0.0032065007835626602
      vertex 0.014217370189726353 -0.0073202555067837238 -0.0027291150763630867
    endloop
  endfacet
  facet normal 0.40475722645379697 -0.028700247240409992 -0.91397367765257287
    outer loop
      vertex 0.014742677100002766 -0.021605970337986946 -0.0020478861406445503
      vertex 0.012434964068233967 -0.021605970337986946 -0.0030698669143021107
      vertex 0.014217370189726353 -0.0073202555067837238 -0.0027291150763630867
    endloop
  endfacet
  facet normal 0.40483744955385137 -0.024387890825227892 -0.91406338413691524
    outer loop
      vertex 0.01408771239221096 -0.035891685634851456 -0.0019567133858799934
      vertex 0.011882874183356762 -0.035891685634851456 -0.0029332332778722048
      vertex 0.012434964068233967 -0.021605970337986946 -0.0030698669143021107
    endloop
  endfacet
  facet normal 0.40480354332708651 -0.02439297302927922 -0.9140782647982767
    outer loop
      vertex 0.01408771239221096 -0.035891685634851456 -0.0019567133858799934
      vertex 0.012434964068233967 -0.021605970337986946 -0.0030698669143021107
      vertex 0.014742677100002766 -0.021605970337986946 -0.0020478861406445503
    endloop
  endfacet
  facet normal 0.40487460497319711 -0.024389172196830632 -0.91404689295864405
    outer loop
      vertex 0.013432747684419155 -0.050177399069070816 -0.0018655406311154366
      vertex 0.011330784298479557 -0.050177399069070816 -0.0027965996414422989
      vertex 0.011882874183356762 -0.035891685634851456 -0.0029332332778722048
    endloop
  endfacet
  facet normal 0.40483738492622562 -0.024394431862529167 -0.914063238217247
    outer loop
      vertex 0.013432747684419155 -0.050177399069070816 -0.0018655406311154366
      vertex 0.011882874183356762 -0.035891685634851456 -0.0029332332778722048
      vertex 0.01408771239221096 -0.035891685634851456 -0.0019567133858799934
    endloop
  endfacet
  facet normal 0.4049154243590341 -0.0243905964465038 -0.91402877302693664
    outer loop
      vertex 0.01277778297662735 -0.064463116228580475 -0.0017743678763508797
      vertex 0.010778693482279778 -0.064463116228580475 -0.002659966005012393
      vertex 0.011330784298479557 -0.050177399069070816 -0.0027965996414422989
    endloop
  endfacet
  facet normal 0.40487453726932732 -0.024396023551561518 -0.91404674011005571
    outer loop
      vertex 0.01277778297662735 -0.064463116228580475 -0.0017743678763508797
      vertex 0.011330784298479557 -0.050177399069070816 -0.0027965996414422989
      vertex 0.013432747684419155 -0.050177399069070816 -0.0018655406311154366
    endloop
  endfacet
  facet normal 0.36184886211079231 -0.022897671179567518 -0.93195552342570365
    outer loop
      vertex 0.011194477789103985 -0.078748829662799835 -0.0021475374232977629
      vertex 0.010226603597402573 -0.078748829662799835 -0.0025233323685824871
      vertex 0.010778693482279778 -0.064463116228580475 -0.002659966005012393
    endloop
  endfacet
  facet normal 0.44719253628046435 -0.026208608028758056 -0.89405365854642138
    outer loop
      vertex 0.01277778297662735 -0.064463116228580475 -0.0017743678763508797
      vertex 0.012122818268835545 -0.078748829662799835 -0.0016831951215863228
      vertex 0.011194477789103985 -0.078748829662799835 -0.0021475374232977629
    endloop
  endfacet
  facet normal 0.40494657631441655 -0.021002806181150867 -0.91409909335025019
    outer loop
      vertex 0.010778693482279778 -0.064463116228580475 -0.002659966005012393
      vertex 0.01277778297662735 -0.064463116228580475 -0.0017743678763508797
      vertex 0.011194477789103985 -0.078748829662799835 -0.0021475374232977629
    endloop
  endfacet
  facet normal 0.36187509851247879 -0.022898602655447638 -0.93194531334891728
    outer loop
      vertex 0.010892189107835293 -0.085891686379909515 -0.0020893795881420374
      vertex 0.0099505586549639702 -0.085891686379909515 -0.0024550154339522123
      vertex 0.010226603597402573 -0.078748829662799835 -0.0025233323685824871
    endloop
  endfacet
  facet normal 0.36184882899465226 -0.022901665616089226 -0.93195543813382398
    outer loop
      vertex 0.010892189107835293 -0.085891686379909515 -0.0020893795881420374
      vertex 0.010226603597402573 -0.078748829662799835 -0.0025233323685824871
      vertex 0.011194477789103985 -0.078748829662799835 -0.0021475374232977629
    endloop
  endfacet
  facet normal 0.44721654643661585 -0.026205766004385712 -0.89404173192386793
    outer loop
      vertex 0.011795335449278355 -0.085891686379909515 -0.0016376087442040443
      vertex 0.010892189107835293 -0.085891686379909515 -0.0020893795881420374
      vertex 0.011194477789103985 -0.078748829662799835 -0.0021475374232977629
    endloop
  endfacet
  facet normal 0.44719253593877478 -0.026208637162369673 -0.89405365786329549
    outer loop
      vertex 0.011795335449278355 -0.085891686379909515 -0.0016376087442040443
      vertex 0.011194477789103985 -0.078748829662799835 -0.0021475374232977629
      vertex 0.012122818268835545 -0.078748829662799835 -0.0016831951215863228
    endloop
  endfacet
  facet normal 0.68310945213911001 -0.035974212876888637 -0.72942945677158755
    outer loop
      vertex 0.016358189284801483 -0.0073202555067837238 -0.0012395078083500266
      vertex 0.015397641807794571 -0.0073202555067837238 -0.0021390588954091072
      vertex 0.015725124627351761 -0.00017739857139531523 -0.0021846452727913857
    endloop
  endfacet
  facet normal 0.68308310349048706 -0.035979776743452603 -0.72945385693085207
    outer loop
      vertex 0.016358189284801483 -0.0073202555067837238 -0.0012395078083500266
      vertex 0.015725124627351761 -0.00017739857139531523 -0.0021846452727913857
      vertex 0.016706196591258049 -0.00017739857139531523 -0.0012659392086789012
    endloop
  endfacet
  facet normal 0.68349807575079669 -0.035989702582245611 -0.72906455252810076
    outer loop
      vertex 0.01253010518848896 -0.085891686379909515 -0.00094876205548644066
      vertex 0.011795335449278355 -0.085891686379909515 -0.0016376087442040443
      vertex 0.012122818268835545 -0.078748829662799835 -0.0016831951215863228
    endloop
  endfacet
  facet normal 0.68345331639745655 -0.035996534374640149 -0.72910617458524751
    outer loop
      vertex 0.01253010518848896 -0.085891686379909515 -0.00094876205548644066
      vertex 0.012122818268835545 -0.078748829662799835 -0.0016831951215863228
      vertex 0.012878112494945526 -0.078748829662799835 -0.00097519351402297616
    endloop
  endfacet
  facet normal -0.16827519984989986 -0.025405943398966218 -0.98541260147995091
    outer loop
      vertex -0.051070023328065872 0.0033940300345420837 -0.00021222834766376764
      vertex -0.052098490297794342 0.0057606394402682781 -9.7616924904286861e-05
      vertex -0.052279062569141388 0.0069654583930969238 -9.7843963885679841e-05
    endloop
  endfacet
  facet normal -0.16827426081786967 -0.025405797782784366 -0.98541276558872515
    outer loop
      vertex -0.051070023328065872 0.0033940300345420837 -0.00021222834766376764
      vertex -0.051737349480390549 0.0033510008361190557 -9.7162854217458516e-05
      vertex -0.051917921751737595 0.0045558200217783451 -9.7389893198851496e-05
    endloop
  endfacet
  facet normal -0.1682733737303812 -0.02540513370205303 -0.98541293419306009
    outer loop
      vertex -0.051917921751737595 0.0045558200217783451 -9.7389893198851496e-05
      vertex -0.052098490297794342 0.0057606394402682781 -9.7616924904286861e-05
      vertex -0.051070023328065872 0.0033940300345420837 -0.00021222834766376764
    endloop
  endfacet
  facet normal -0.1682448755972841 -0.025400873203538357 -0.98541791006443169
    outer loop
      vertex -0.050541717559099197 -0.00017739857139531523 -0.00021034722158219665
      vertex -0.051376208662986755 0.00094136217376217246 -9.6708783530630171e-05
      vertex -0.051556777209043503 0.0021461814176291227 -9.6935822512023151e-05
    endloop
  endfacet
  facet normal -0.16824570946308595 -0.025401517747250184 -0.98541775107991592
    outer loop
      vertex -0.050541717559099197 -0.00017739857139531523 -0.00021034722158219665
      vertex -0.051015064120292664 -0.001468276372179389 -9.6254712843801826e-05
      vertex -0.051195636391639709 -0.00026345709920860827 -9.6481751825194806e-05
    endloop
  endfacet
  facet normal -0.16821576590397189 -0.025396506712210252 -0.98542299219581653
    outer loop
      vertex -0.050013411790132523 -0.0037488271482288837 -0.0002084661100525409
      vertex -0.050834495574235916 -0.0026730955578386784 -9.6027681138366461e-05
      vertex -0.051015064120292664 -0.001468276372179389 -9.6254712843801826e-05
    endloop
  endfacet
  facet normal -0.16824571023431253 -0.025401511911859305 -0.98541775109866114
    outer loop
      vertex -0.051195636391639709 -0.00026345709920860827 -9.6481751825194806e-05
      vertex -0.051376208662986755 0.00094136217376217246 -9.6708783530630171e-05
      vertex -0.050541717559099197 -0.00017739857139531523 -0.00021034722158219665
    endloop
  endfacet
  facet normal -0.16827426153780534 -0.025405787030107142 -0.98541276574300951
    outer loop
      vertex -0.051556777209043503 0.0021461814176291227 -9.6935822512023151e-05
      vertex -0.051737349480390549 0.0033510008361190557 -9.7162854217458516e-05
      vertex -0.051070023328065872 0.0033940300345420837 -0.00021222834766376764
    endloop
  endfacet
  facet normal -0.1682165898742827 -0.025397145388832022 -0.98542283508003103
    outer loop
      vertex -0.050013411790132523 -0.0037488271482288837 -0.0002084661100525409
      vertex -0.050473351031541824 -0.0050827343948185444 -9.5573610451538116e-05
      vertex -0.05065392330288887 -0.0038779149763286114 -9.5800642156973481e-05
    endloop
  endfacet
  facet normal -0.16818682011760272 -0.025392690577706527 -0.98542803126557876
    outer loop
      vertex -0.049485106021165848 -0.0073202555067837238 -0.00020658498397096992
      vertex -0.050112210214138031 -0.0074923727661371231 -9.5119532488752156e-05
      vertex -0.050292782485485077 -0.0062875533476471901 -9.5346571470145136e-05
    endloop
  endfacet
  facet normal -0.16818603862519368 -0.025392063264092175 -0.9854281808101274
    outer loop
      vertex -0.050292782485485077 -0.0062875533476471901 -9.5346571470145136e-05
      vertex -0.050473351031541824 -0.0050827343948185444 -9.5573610451538116e-05
      vertex -0.049485106021165848 -0.0073202555067837238 -0.00020658498397096992
    endloop
  endfacet
  facet normal -0.16815565987695821 -0.025387501529211608 -0.98543348269553377
    outer loop
      vertex -0.048956800252199173 -0.010891684330999851 -0.00020470387244131416
      vertex -0.049751069396734238 -0.0099020116031169891 -9.4665461801923811e-05
      vertex -0.049931637942790985 -0.0086971921846270561 -9.4892500783316791e-05
    endloop
  endfacet
  facet normal -0.16815641402538314 -0.025388154090464292 -0.98543333719435466
    outer loop
      vertex -0.048956800252199173 -0.010891684330999851 -0.00020470387244131416
      vertex -0.049389924854040146 -0.012311649508774281 -9.4211391115095466e-05
      vertex -0.049570497125387192 -0.011106831021606922 -9.4438430096488446e-05
    endloop
  endfacet
  facet normal -0.16812556292340186 -0.02538298588085347 -0.98543873433078599
    outer loop
      vertex -0.048428498208522797 -0.014463112689554691 -0.00020282274635974318
      vertex -0.049209356307983398 -0.013516468927264214 -9.3984359409660101e-05
      vertex -0.049389924854040146 -0.012311649508774281 -9.4211391115095466e-05
    endloop
  endfacet
  facet normal -0.16815642240696937 -0.025388129770444065 -0.98543333639067032
    outer loop
      vertex -0.049570497125387192 -0.011106831021606922 -9.4438430096488446e-05
      vertex -0.049751069396734238 -0.0099020116031169891 -9.4665461801923811e-05
      vertex -0.048956800252199173 -0.010891684330999851 -0.00020470387244131416
    endloop
  endfacet
  facet normal -0.1681868216664483 -0.025392684858774318 -0.98542803114859734
    outer loop
      vertex -0.049931637942790985 -0.0086971921846270561 -9.4892500783316791e-05
      vertex -0.050112210214138031 -0.0074923727661371231 -9.5119532488752156e-05
      vertex -0.049485106021165848 -0.0073202555067837238 -0.00020658498397096992
    endloop
  endfacet
  facet normal -0.16821658871835327 -0.02539715116660823 -0.98542283512844409
    outer loop
      vertex -0.05065392330288887 -0.0038779149763286114 -9.5800642156973481e-05
      vertex -0.050834495574235916 -0.0026730955578386784 -9.6027681138366461e-05
      vertex -0.050013411790132523 -0.0037488271482288837 -0.0002084661100525409
    endloop
  endfacet
  facet normal -0.1681263194827079 -0.02538361908541641 -0.98543858894368697
    outer loop
      vertex -0.048428498208522797 -0.014463112689554691 -0.00020282274635974318
      vertex -0.048848211765289307 -0.01592610776424408 -9.3530288722831756e-05
      vertex -0.049028784036636353 -0.014721288345754147 -9.3757320428267121e-05
    endloop
  endfacet
  facet normal -0.16809461910494358 -0.025378855367834473 -0.98544411953605071
    outer loop
      vertex -0.047900192439556122 -0.018034541979432106 -0.00020094163483008742
      vertex -0.048487070947885513 -0.018335746601223946 -9.3076210760045797e-05
      vertex -0.048667643219232559 -0.017130926251411438 -9.3303249741438776e-05
    endloop
  endfacet
  facet normal -0.16809395400959679 -0.025378275201104559 -0.98544424792741914
    outer loop
      vertex -0.048667643219232559 -0.017130926251411438 -9.3303249741438776e-05
      vertex -0.048848211765289307 -0.01592610776424408 -9.3530288722831756e-05
      vertex -0.047900192439556122 -0.018034541979432106 -0.00020094163483008742
    endloop
  endfacet
  facet normal -0.1680614185684495 -0.025373360892178044 -0.98544992371291762
    outer loop
      vertex -0.047371886670589447 -0.021605970337986946 -0.00019906050874851644
      vertex -0.04812593013048172 -0.020745385438203812 -9.2622140073217452e-05
      vertex -0.048306498676538467 -0.019540565088391304 -9.2849179054610431e-05
    endloop
  endfacet
  facet normal -0.16806217342048005 -0.025373993642107219 -0.98544977868577099
    outer loop
      vertex -0.047371886670589447 -0.021605970337986946 -0.00019906050874851644
      vertex -0.047764785587787628 -0.023155024275183678 -9.2168069386389107e-05
      vertex -0.047945357859134674 -0.02195020392537117 -9.2395108367782086e-05
    endloop
  endfacet
  facet normal -0.16802833365141903 -0.025368436752735011 -0.98545569231044061
    outer loop
      vertex -0.046843580901622772 -0.025177398696541786 -0.00019717939721886069
      vertex -0.047584217041730881 -0.024359842762351036 -9.1941037680953741e-05
      vertex -0.047764785587787628 -0.023155024275183678 -9.2168069386389107e-05
    endloop
  endfacet
  facet normal -0.16806215548170503 -0.025374024230885649 -0.98544978095749447
    outer loop
      vertex -0.047945357859134674 -0.02195020392537117 -9.2395108367782086e-05
      vertex -0.04812593013048172 -0.020745385438203812 -9.2622140073217452e-05
      vertex -0.047371886670589447 -0.021605970337986946 -0.00019906050874851644
    endloop
  endfacet
  facet normal -0.16809460355880645 -0.025378886322681496 -0.98544412139066928
    outer loop
      vertex -0.048306498676538467 -0.019540565088391304 -9.2849179054610431e-05
      vertex -0.048487070947885513 -0.018335746601223946 -9.3076210760045797e-05
      vertex -0.047900192439556122 -0.018034541979432106 -0.00020094163483008742
    endloop
  endfacet
  facet normal -0.16802903408087685 -0.025369022026322824 -0.98545555781439254
    outer loop
      vertex -0.046843580901622772 -0.025177398696541786 -0.00019717939721886069
      vertex -0.047223072499036789 -0.026769481599330902 -9.1486966994125396e-05
      vertex -0.047403644770383835 -0.025564661249518394 -9.1713998699560761e-05
    endloop
  endfacet
  facet normal -0.16799503426972157 -0.025363933377890783 -0.98546148546978585
    outer loop
      vertex -0.046315275132656097 -0.028748827055096626 -0.0001952982711372897
      vertex -0.046861931681632996 -0.029179120436310768 -9.1032889031339437e-05
      vertex -0.047042503952980042 -0.02797430008649826 -9.1259928012732416e-05
    endloop
  endfacet
  facet normal -0.16799501138541179 -0.025363963209995309 -0.9854614886031301
    outer loop
      vertex -0.046315275132656097 -0.028748827055096626 -0.0001952982711372897
      vertex -0.04668135941028595 -0.030383938923478127 -9.0805857325904071e-05
      vertex -0.046861931681632996 -0.029179120436310768 -9.1032889031339437e-05
    endloop
  endfacet
  facet normal -0.1679944452751144 -0.025363364898860409 -0.98546160050897647
    outer loop
      vertex -0.047042503952980042 -0.02797430008649826 -9.1259928012732416e-05
      vertex -0.047223072499036789 -0.026769481599330902 -9.1486966994125396e-05
      vertex -0.046315275132656097 -0.028748827055096626 -0.0001952982711372897
    endloop
  endfacet
  facet normal -0.16796039237307603 -0.025358775819750268 -0.98546752309896335
    outer loop
      vertex -0.045786969363689423 -0.032320257276296616 -0.00019341715960763395
      vertex -0.046320218592882156 -0.032793577760457993 -9.0351786639075726e-05
      vertex -0.046500790864229202 -0.031588759273290634 -9.0578818344511092e-05
    endloop
  endfacet
  facet normal -0.16792538082704153 -0.025353010389551678 -0.98547363807373356
    outer loop
      vertex -0.045258667320013046 -0.035891685634851456 -0.00019153603352606297
      vertex -0.045959077775478363 -0.035203214734792709 -8.9897715952247381e-05
      vertex -0.04613964632153511 -0.033998396247625351 -9.0124747657682747e-05
    endloop
  endfacet
  facet normal -0.16792587911510246 -0.025353531834466887 -0.98547353974976848
    outer loop
      vertex -0.045258667320013046 -0.035891685634851456 -0.00019153603352606297
      vertex -0.045778505504131317 -0.036408036947250366 -8.9670676970854402e-05
      vertex -0.045959077775478363 -0.035203214734792709 -8.9897715952247381e-05
    endloop
  endfacet
  facet normal -0.16796038781999634 -0.025358781088764194 -0.98546752373939173
    outer loop
      vertex -0.04613964632153511 -0.033998396247625351 -9.0124747657682747e-05
      vertex -0.046320218592882156 -0.032793577760457993 -9.0351786639075726e-05
      vertex -0.045786969363689423 -0.032320257276296616 -0.00019341715960763395
    endloop
  endfacet
  facet normal -0.16795974500860514 -0.025358126237248493 -0.98546765014909543
    outer loop
      vertex -0.046500790864229202 -0.031588759273290634 -9.0578818344511092e-05
      vertex -0.04668135941028595 -0.030383938923478127 -9.0805857325904071e-05
      vertex -0.045786969363689423 -0.032320257276296616 -0.00019341715960763395
    endloop
  endfacet
  facet normal -0.16802900640398152 -0.02536906305056923 -0.98545556147744529
    outer loop
      vertex -0.047403644770383835 -0.025564661249518394 -9.1713998699560761e-05
      vertex -0.047584217041730881 -0.024359842762351036 -9.1941037680953741e-05
      vertex -0.046843580901622772 -0.025177398696541786 -0.00019717939721886069
    endloop
  endfacet
  facet normal -0.16812631712230944 -0.025383624682807592 -0.98543858920221439
    outer loop
      vertex -0.049028784036636353 -0.014721288345754147 -9.3757320428267121e-05
      vertex -0.049209356307983398 -0.013516468927264214 -9.3984359409660101e-05
      vertex -0.048428498208522797 -0.014463112689554691 -0.00020282274635974318
    endloop
  endfacet
  facet normal -0.16658494079951339 -0.024824066806043387 -0.98571457491813086
    outer loop
      vertex -0.0503959059715271 0.0033940300345420837 -0.00032615361851640046
      vertex -0.051070023328065872 0.0033940300345420837 -0.00021222834766376764
      vertex -0.052279062569141388 0.0069654583930969238 -9.7843963885679841e-05
    endloop
  endfacet
  facet normal -0.16514417470590245 -0.024952807266337661 -0.98595373064370284
    outer loop
      vertex -0.048540215939283371 -0.00017739857139531523 -0.0005465891445055604
      vertex -0.0503959059715271 0.0033940300345420837 -0.00032615361851640046
      vertex -0.049555025994777679 0.0069654583930969238 -0.00055738515220582485
    endloop
  endfacet
  facet normal -0.16629752331223752 -0.024669165233271794 -0.98576699378043142
    outer loop
      vertex -0.0503959059715271 0.0033940300345420837 -0.00032615361851640046
      vertex -0.052279062569141388 0.0069654583930969238 -9.7843963885679841e-05
      vertex -0.049555025994777679 0.0069654583930969238 -0.00055738515220582485
    endloop
  endfacet
  facet normal -0.16056322943930515 -0.024307049671799343 -0.98672621161509333
    outer loop
      vertex -0.046828359365463257 0.0069654583930969238 -0.0010011052945628762
      vertex -0.045869339257478714 -0.00017739857139531523 -0.00098120269831269979
      vertex -0.048540215939283371 -0.00017739857139531523 -0.0005465891445055604
    endloop
  endfacet
  facet normal -0.16057320584872881 -0.024304559326253732 -0.98672464951445216
    outer loop
      vertex -0.046828359365463257 0.0069654583930969238 -0.0010011052945628762
      vertex -0.048540215939283371 -0.00017739857139531523 -0.0005465891445055604
      vertex -0.049555025994777679 0.0069654583930969238 -0.00055738515220582485
    endloop
  endfacet
  facet normal -0.16055306557131571 -0.024305689842814417 -0.98672789895538959
    outer loop
      vertex -0.045869339257478714 -0.00017739857139531523 -0.00098120269831269979
      vertex -0.044910319149494171 -0.0073202555067837238 -0.00096130010206252337
      vertex -0.047525402158498764 -0.0073202555067837238 -0.00053579313680529594
    endloop
  endfacet
  facet normal -0.16056324435286365 -0.024303230401384858 -0.98672630326496302
    outer loop
      vertex -0.045869339257478714 -0.00017739857139531523 -0.00098120269831269979
      vertex -0.047525402158498764 -0.0073202555067837238 -0.00053579313680529594
      vertex -0.048540215939283371 -0.00017739857139531523 -0.0005465891445055604
    endloop
  endfacet
  facet normal -0.15418897820790464 -0.023454113491496537 -0.98776295919594514
    outer loop
      vertex -0.046828359365463257 0.0069654583930969238 -0.0010011052945628762
      vertex -0.044532526284456253 -0.00017739857139531523 -0.0011898780940100551
      vertex -0.045869339257478714 -0.00017739857139531523 -0.00098120269831269979
    endloop
  endfacet
  facet normal -0.16514146714292052 -0.024951370199085967 -0.98595422051689197
    outer loop
      vertex -0.048540215939283371 -0.00017739857139531523 -0.0005465891445055604
      vertex -0.049874570220708847 -0.00017739857139531523 -0.00032309273956343532
      vertex -0.0503959059715271 0.0033940300345420837 -0.00032615361851640046
    endloop
  endfacet
  facet normal -0.15239884339253001 -0.022871031973383811 -0.98805440560178259
    outer loop
      vertex -0.044532526284456253 -0.00017739857139531523 -0.0011898780940100551
      vertex -0.046828359365463257 0.0069654583930969238 -0.0010011052945628762
      vertex -0.044098123908042908 0.0069654583930969238 -0.0014222204918041825
    endloop
  endfacet
  facet normal -0.16823556682670868 -0.025405381155218041 -0.98541938313737987
    outer loop
      vertex -0.050541717559099197 -0.00017739857139531523 -0.00021034722158219665
      vertex -0.050013411790132523 -0.0037488271482288837 -0.0002084661100525409
      vertex -0.051015064120292664 -0.001468276372179389 -9.6254712843801826e-05
    endloop
  endfacet
  facet normal -0.14656206307483161 -0.022485789385374582 -0.98894587867231931
    outer loop
      vertex -0.044098123908042908 0.0069654583930969238 -0.0014222204918041825
      vertex -0.041365433484315872 0.0069654583930969238 -0.0018272059969604015
      vertex -0.040518168359994888 -0.00017739857139531523 -0.0017903628759086132
    endloop
  endfacet
  facet normal -0.14526245249312178 -0.021823786666854129 -0.98915243629645044
    outer loop
      vertex -0.044098123908042908 0.0069654583930969238 -0.0014222204918041825
      vertex -0.040518168359994888 -0.00017739857139531523 -0.0017903628759086132
      vertex -0.041856832802295685 -0.00017739857139531523 -0.0015937726711854339
    endloop
  endfacet
  facet normal -0.13497340647317302 -0.020867155656366647 -0.99062946723779655
    outer loop
      vertex -0.038630478084087372 0.0069654583930969238 -0.0022169998846948147
      vertex -0.035893231630325317 0.0069654583930969238 -0.0025899501051753759
      vertex -0.03649882972240448 -0.00017739857139531523 -0.0023569762706756592
    endloop
  endfacet
  facet normal -0.13656163557284889 -0.021345597983767946 -0.99040157771299198
    outer loop
      vertex -0.038630478084087372 0.0069654583930969238 -0.0022169998846948147
      vertex -0.03649882972240448 -0.00017739857139531523 -0.0023569762706756592
      vertex -0.037839170545339584 -0.00017739857139531523 -0.0021721632219851017
    endloop
  endfacet
  facet normal -0.14105682720141932 -0.021839565429015367 -0.9897605795755563
    outer loop
      vertex -0.038630478084087372 0.0069654583930969238 -0.0022169998846948147
      vertex -0.037839170545339584 -0.00017739857139531523 -0.0021721632219851017
      vertex -0.040518168359994888 -0.00017739857139531523 -0.0017903628759086132
    endloop
  endfacet
  facet normal -0.1410634598582593 -0.02183775849309132 -0.98975967416177058
    outer loop
      vertex -0.038630478084087372 0.0069654583930969238 -0.0022169998846948147
      vertex -0.040518168359994888 -0.00017739857139531523 -0.0017903628759086132
      vertex -0.041365433484315872 0.0069654583930969238 -0.0018272059969604015
    endloop
  endfacet
  facet normal -0.14785116692460218 -0.022645733109365684 -0.98875032400043894
    outer loop
      vertex -0.044098123908042908 0.0069654583930969238 -0.0014222204918041825
      vertex -0.041856832802295685 -0.00017739857139531523 -0.0015937726711854339
      vertex -0.043194945901632309 -0.00017739857139531523 -0.0013936801115050912
    endloop
  endfacet
  facet normal -0.14105026940452825 -0.021838771438143043 -0.98976153166456327
    outer loop
      vertex -0.037839170545339584 -0.00017739857139531523 -0.0021721632219851017
      vertex -0.037047866731882095 -0.0073202555067837238 -0.0021273265592753887
      vertex -0.039670899510383606 -0.0073202555067837238 -0.0017535198712721467
    endloop
  endfacet
  facet normal -0.14105683499951954 -0.021837035148403728 -0.98976063429288086
    outer loop
      vertex -0.037839170545339584 -0.00017739857139531523 -0.0021721632219851017
      vertex -0.039670899510383606 -0.0073202555067837238 -0.0017535198712721467
      vertex -0.040518168359994888 -0.00017739857139531523 -0.0017903628759086132
    endloop
  endfacet
  facet normal -0.15058795668483829 -0.022990103849401141 -0.98832925810505023
    outer loop
      vertex -0.044532526284456253 -0.00017739857139531523 -0.0011898780940100551
      vertex -0.044098123908042908 0.0069654583930969238 -0.0014222204918041825
      vertex -0.043194945901632309 -0.00017739857139531523 -0.0013936801115050912
    endloop
  endfacet
  facet normal -0.16817551166537009 -0.025396501219286112 -0.9854298630556666
    outer loop
      vertex -0.049485106021165848 -0.0073202555067837238 -0.00020658498397096992
      vertex -0.048956800252199173 -0.010891684330999851 -0.00020470387244131416
      vertex -0.049931637942790985 -0.0086971921846270561 -9.4892500783316791e-05
    endloop
  endfacet
  facet normal -0.16811377374509789 -0.025387370962416621 -0.98544063264754744
    outer loop
      vertex -0.048428498208522797 -0.014463112689554691 -0.00020282274635974318
      vertex -0.047900192439556122 -0.018034541979432106 -0.00020094163483008742
      vertex -0.048848211765289307 -0.01592610776424408 -9.3530288722831756e-05
    endloop
  endfacet
  facet normal -0.16814490854820424 -0.025391808986114064 -0.98543520627473458
    outer loop
      vertex -0.048956800252199173 -0.010891684330999851 -0.00020470387244131416
      vertex -0.048428498208522797 -0.014463112689554691 -0.00020282274635974318
      vertex -0.049389924854040146 -0.012311649508774281 -9.4211391115095466e-05
    endloop
  endfacet
  facet normal -0.16788902271738915 -0.025347568472309338 -0.98547997281707433
    outer loop
      vertex -0.045597933232784271 -0.037612855434417725 -8.9443645265419036e-05
      vertex -0.044730361551046371 -0.039463113993406296 -0.00018965492199640721
      vertex -0.045417364686727524 -0.038817673921585083 -8.9216606284026057e-05
    endloop
  endfacet
  facet normal -0.16788955998203367 -0.025348168086417145 -0.98547986586418979
    outer loop
      vertex -0.044730361551046371 -0.039463113993406296 -0.00018965492199640721
      vertex -0.045056220144033432 -0.0412273108959198 -8.8762535597197711e-05
      vertex -0.045236792415380478 -0.040022492408752441 -8.8989574578590691e-05
    endloop
  endfacet
  facet normal -0.16788956548471171 -0.025348162959618691 -0.98547986505860563
    outer loop
      vertex -0.045236792415380478 -0.040022492408752441 -8.8989574578590691e-05
      vertex -0.045417364686727524 -0.038817673921585083 -8.9216606284026057e-05
      vertex -0.044730361551046371 -0.039463113993406296 -0.00018965492199640721
    endloop
  endfacet
  facet normal -0.16804822937085834 -0.025377687909940289 -0.9854520615238801
    outer loop
      vertex -0.047764785587787628 -0.023155024275183678 -9.2168069386389107e-05
      vertex -0.047371886670589447 -0.021605970337986946 -0.00019906050874851644
      vertex -0.046843580901622772 -0.025177398696541786 -0.00019717939721886069
    endloop
  endfacet
  facet normal -0.16808141766857915 -0.025382598276957914 -0.98544627491265646
    outer loop
      vertex -0.048306498676538467 -0.019540565088391304 -9.2849179054610431e-05
      vertex -0.047900192439556122 -0.018034541979432106 -0.00020094163483008742
      vertex -0.047371886670589447 -0.021605970337986946 -0.00019906050874851644
    endloop
  endfacet
  facet normal -0.16820585344868152 -0.025400994084336201 -0.98542456858205452
    outer loop
      vertex -0.049485106021165848 -0.0073202555067837238 -0.00020658498397096992
      vertex -0.050473351031541824 -0.0050827343948185444 -9.5573610451538116e-05
      vertex -0.050013411790132523 -0.0037488271482288837 -0.0002084661100525409
    endloop
  endfacet
  facet normal -0.16797972207978232 -0.025367546985471563 -0.98546400265557088
    outer loop
      vertex -0.046315275132656097 -0.028748827055096626 -0.0001952982711372897
      vertex -0.045786969363689423 -0.032320257276296616 -0.00019341715960763395
      vertex -0.04668135941028595 -0.030383938923478127 -9.0805857325904071e-05
    endloop
  endfacet
  facet normal -0.16792581798106715 -0.025353595115273998 -0.98547354853903624
    outer loop
      vertex -0.045778505504131317 -0.036408036947250366 -8.9670676970854402e-05
      vertex -0.045258667320013046 -0.035891685634851456 -0.00019153603352606297
      vertex -0.045597933232784271 -0.037612855434417725 -8.9443645265419036e-05
    endloop
  endfacet
  facet normal -0.16790891469106548 -0.025357092486067944 -0.98547633874584806
    outer loop
      vertex -0.045597933232784271 -0.037612855434417725 -8.9443645265419036e-05
      vertex -0.045258667320013046 -0.035891685634851456 -0.00019153603352606297
      vertex -0.044730361551046371 -0.039463113993406296 -0.00018965492199640721
    endloop
  endfacet
  facet normal -0.16794476933362634 -0.025362221854146719 -0.98547009703800548
    outer loop
      vertex -0.045786969363689423 -0.032320257276296616 -0.00019341715960763395
      vertex -0.045258667320013046 -0.035891685634851456 -0.00019153603352606297
      vertex -0.04613964632153511 -0.033998396247625351 -9.0124747657682747e-05
    endloop
  endfacet
  facet normal -0.16785840609673169 -0.02534962961933547 -0.98548513524092662
    outer loop
      vertex -0.044730361551046371 -0.039463113993406296 -0.00018965492199640721
      vertex -0.044202055782079697 -0.043034542351961136 -0.00018777379591483623
      vertex -0.044875651597976685 -0.042432133108377457 -8.8535496615804732e-05
    endloop
  endfacet
  facet normal -0.16789129684431467 -0.025347830850645816 -0.98547957863930458
    outer loop
      vertex -0.044730361551046371 -0.039463113993406296 -0.00018965492199640721
      vertex -0.044875651597976685 -0.042432133108377457 -8.8535496615804732e-05
      vertex -0.045056220144033432 -0.0412273108959198 -8.8762535597197711e-05
    endloop
  endfacet
  facet normal -0.16801434670835297 -0.025372682922118254 -0.98545796778020889
    outer loop
      vertex -0.046843580901622772 -0.025177398696541786 -0.00019717939721886069
      vertex -0.046315275132656097 -0.028748827055096626 -0.0001952982711372897
      vertex -0.047223072499036789 -0.026769481599330902 -9.1486966994125396e-05
    endloop
  endfacet
  facet normal -0.16826463947205503 -0.025409682879261507 -0.9854143083593393
    outer loop
      vertex -0.051070023328065872 0.0033940300345420837 -0.00021222834766376764
      vertex -0.050541717559099197 -0.00017739857139531523 -0.00021034722158219665
      vertex -0.051556777209043503 0.0021461814176291227 -9.6935822512023151e-05
    endloop
  endfacet
  facet normal -0.16785227818763082 -0.025342575746817423 -0.98548636041385129
    outer loop
      vertex -0.044202055782079697 -0.043034542351961136 -0.00018777379591483623
      vertex -0.044695079326629639 -0.043636951595544815 -8.8308464910369366e-05
      vertex -0.044875651597976685 -0.042432133108377457 -8.8535496615804732e-05
    endloop
  endfacet
  facet normal -0.16781377405648812 -0.02533628732406186 -0.98549307951986675
    outer loop
      vertex -0.043673750013113022 -0.046605970710515976 -0.00018589268438518047
      vertex -0.044333938509225845 -0.046046588569879532 -8.7854394223541021e-05
      vertex -0.044514507055282593 -0.044841770082712173 -8.8081425928976387e-05
    endloop
  endfacet
  facet normal -0.16785227219313106 -0.025342580799959387 -0.98548636130491463
    outer loop
      vertex -0.044514507055282593 -0.044841770082712173 -8.8081425928976387e-05
      vertex -0.044695079326629639 -0.043636951595544815 -8.8308464910369366e-05
      vertex -0.044202055782079697 -0.043034542351961136 -0.00018777379591483623
    endloop
  endfacet
  facet normal -0.16781435857036692 -0.025336815444569078 -0.98549296640856054
    outer loop
      vertex -0.043673750013113022 -0.046605970710515976 -0.00018589268438518047
      vertex -0.043972793966531754 -0.048456229269504547 -8.7400323536712676e-05
      vertex -0.044153366237878799 -0.04725140705704689 -8.7627355242148042e-05
    endloop
  endfacet
  facet normal -0.16777514049795977 -0.025331017260307075 -0.98549979289467515
    outer loop
      vertex -0.043145444244146347 -0.050177399069070816 -0.00018401155830360949
      vertex -0.04361165314912796 -0.050865866243839264 -8.6946252849884331e-05
      vertex -0.043792225420475006 -0.049661047756671906 -8.7173284555319697e-05
    endloop
  endfacet
  facet normal -0.16777513348372536 -0.025331022160730719 -0.98549979396284537
    outer loop
      vertex -0.043145444244146347 -0.050177399069070816 -0.00018401155830360949
      vertex -0.043431080877780914 -0.052070684731006622 -8.6719213868491352e-05
      vertex -0.04361165314912796 -0.050865866243839264 -8.6946252849884331e-05
    endloop
  endfacet
  facet normal -0.16777469102728051 -0.02533043710639634 -0.98549988432607105
    outer loop
      vertex -0.043792225420475006 -0.049661047756671906 -8.7173284555319697e-05
      vertex -0.043972793966531754 -0.048456229269504547 -8.7400323536712676e-05
      vertex -0.043145444244146347 -0.050177399069070816 -0.00018401155830360949
    endloop
  endfacet
  facet normal -0.16781426653389836 -0.025336885945902905 -0.98549298026838017
    outer loop
      vertex -0.044153366237878799 -0.04725140705704689 -8.7627355242148042e-05
      vertex -0.044333938509225845 -0.046046588569879532 -8.7854394223541021e-05
      vertex -0.043673750013113022 -0.046605970710515976 -0.00018589268438518047
    endloop
  endfacet
  facet normal -0.16773615506093012 -0.025325175593476291 -0.98550657926090734
    outer loop
      vertex -0.042617142200469971 -0.053748827427625656 -0.00018213044677395374
      vertex -0.043069940060377121 -0.054480325430631638 -8.6265143181663007e-05
      vertex -0.043250512331724167 -0.053275506943464279 -8.6492174887098372e-05
    endloop
  endfacet
  facet normal -0.16769483864820542 -0.025318466138842369 -0.985513782939198
    outer loop
      vertex -0.042088836431503296 -0.057320255786180496 -0.00018024932069238275
      vertex -0.042708799242973328 -0.056889962404966354 -8.5811072494834661e-05
      vertex -0.042889367789030075 -0.055685143917798996 -8.6038104200270027e-05
    endloop
  endfacet
  facet normal -0.1677361475178101 -0.025325180414691447 -0.98550658042087502
    outer loop
      vertex -0.042889367789030075 -0.055685143917798996 -8.6038104200270027e-05
      vertex -0.043069940060377121 -0.054480325430631638 -8.6265143181663007e-05
      vertex -0.042617142200469971 -0.053748827427625656 -0.00018213044677395374
    endloop
  endfacet
  facet normal -0.16769534544667428 -0.025318982301703871 -0.9855136834416488
    outer loop
      vertex -0.042088836431503296 -0.057320255786180496 -0.00018024932069238275
      vertex -0.042347654700279236 -0.05929960310459137 -8.5357001808006316e-05
      vertex -0.042528226971626282 -0.058094780892133713 -8.5584033513441682e-05
    endloop
  endfacet
  facet normal -0.16765312978557353 -0.02531273489577306 -0.98552102642470174
    outer loop
      vertex -0.041560530662536621 -0.060891684144735336 -0.000178368209162727
      vertex -0.041986513882875443 -0.061709240078926086 -8.4902931121177971e-05
      vertex -0.042167086154222488 -0.060504421591758728 -8.5129962826613337e-05
    endloop
  endfacet
  facet normal -0.16765312114447486 -0.0253127395525517 -0.98552102777508532
    outer loop
      vertex -0.041560530662536621 -0.060891684144735336 -0.000178368209162727
      vertex -0.041805941611528397 -0.062914058566093445 -8.4675892139784992e-05
      vertex -0.041986513882875443 -0.061709240078926086 -8.4902931121177971e-05
    endloop
  endfacet
  facet normal -0.16765278057330846 -0.025312170141873609 -0.98552110033664275
    outer loop
      vertex -0.042167086154222488 -0.060504421591758728 -8.5129962826613337e-05
      vertex -0.042347654700279236 -0.05929960310459137 -8.5357001808006316e-05
      vertex -0.041560530662536621 -0.060891684144735336 -0.000178368209162727
    endloop
  endfacet
  facet normal -0.16769523100974332 -0.025319049391484574 -0.98551370119065329
    outer loop
      vertex -0.042528226971626282 -0.058094780892133713 -8.5584033513441682e-05
      vertex -0.042708799242973328 -0.056889962404966354 -8.5811072494834661e-05
      vertex -0.042088836431503296 -0.057320255786180496 -0.00018024932069238275
    endloop
  endfacet
  facet normal -0.16773567452743826 -0.025324512602881891 -0.98550667808607573
    outer loop
      vertex -0.043250512331724167 -0.053275506943464279 -8.6492174887098372e-05
      vertex -0.043431080877780914 -0.052070684731006622 -8.6719213868491352e-05
      vertex -0.042617142200469971 -0.053748827427625656 -0.00018213044677395374
    endloop
  endfacet
  facet normal -0.16761025351922065 -0.025306316168755449 -0.98552848425461026
    outer loop
      vertex -0.041032224893569946 -0.064463116228580475 -0.00017648708308115602
      vertex -0.041444800794124603 -0.065323695540428162 -8.4221821452956647e-05
      vertex -0.041625373065471649 -0.064118877053260803 -8.4448860434349626e-05
    endloop
  endfacet
  facet normal -0.16756541163680799 -0.025298916449689849 -0.98553629950877952
    outer loop
      vertex -0.040503919124603271 -0.068034544587135315 -0.00017460597155150026
      vertex -0.04108365997672081 -0.067733339965343475 -8.3767750766128302e-05
      vertex -0.041264228522777557 -0.06652851402759552 -8.3994782471563667e-05
    endloop
  endfacet
  facet normal -0.16761025351922063 -0.025306316168755449 -0.98552848425461026
    outer loop
      vertex -0.041264228522777557 -0.06652851402759552 -8.3994782471563667e-05
      vertex -0.041444800794124603 -0.065323695540428162 -8.4221821452956647e-05
      vertex -0.041032224893569946 -0.064463116228580475 -0.00017648708308115602
    endloop
  endfacet
  facet normal -0.16756579095444332 -0.025299647843480759 -0.98553621624007703
    outer loop
      vertex -0.040503919124603271 -0.068034544587135315 -0.00017460597155150026
      vertex -0.040722515434026718 -0.070142976939678192 -8.3313680079299957e-05
      vertex -0.040903087705373764 -0.068938158452510834 -8.3540711784735322e-05
    endloop
  endfacet
  facet normal -0.1675204525713879 -0.025292854234783585 -0.985544098199028
    outer loop
      vertex -0.039975613355636597 -0.071605972945690155 -0.00017272484546992928
      vertex -0.040361374616622925 -0.072552613914012909 -8.2859609392471611e-05
      vertex -0.040541946887969971 -0.071347795426845551 -8.3086641097906977e-05
    endloop
  endfacet
  facet normal -0.16752044217453785 -0.02529285862861547 -0.98554409985349734
    outer loop
      vertex -0.039975613355636597 -0.071605972945690155 -0.00017272484546992928
      vertex -0.040180802345275879 -0.073757432401180267 -8.2632570411078632e-05
      vertex -0.040361374616622925 -0.072552613914012909 -8.2859609392471611e-05
    endloop
  endfacet
  facet normal -0.16752021139595435 -0.025292306079403453 -0.98554415326105016
    outer loop
      vertex -0.040541946887969971 -0.071347795426845551 -8.3086641097906977e-05
      vertex -0.040722515434026718 -0.070142976939678192 -8.3313680079299957e-05
      vertex -0.039975613355636597 -0.071605972945690155 -0.00017272484546992928
    endloop
  endfacet
  facet normal -0.16756578115809667 -0.025299652327245955 -0.98553621779059819
    outer loop
      vertex -0.040903087705373764 -0.068938158452510834 -8.3540711784735322e-05
      vertex -0.04108365997672081 -0.067733339965343475 -8.3767750766128302e-05
      vertex -0.040503919124603271 -0.068034544587135315 -0.00017460597155150026
    endloop
  endfacet
  facet normal -0.16747509418463341 -0.025286063580039365 -0.98555198128585508
    outer loop
      vertex -0.03944731131196022 -0.075177401304244995 -0.00017084373394027352
      vertex -0.039819661527872086 -0.076167069375514984 -8.2178499724250287e-05
      vertex -0.040000233799219131 -0.074962250888347626 -8.2405538705643266e-05
    endloop
  endfacet
  facet normal -0.16742673490345678 -0.025278137361604162 -0.98556040109731247
    outer loop
      vertex -0.038919005542993546 -0.078748829662799835 -0.00016896260785870254
      vertex -0.039458520710468292 -0.078576713800430298 -8.1724429037421942e-05
      vertex -0.03963908925652504 -0.077371887862682343 -8.1951460742857307e-05
    endloop
  endfacet
  facet normal -0.16742695330610005 -0.025278850038064096 -0.985560345715771
    outer loop
      vertex -0.038919005542993546 -0.078748829662799835 -0.00016896260785870254
      vertex -0.039277948439121246 -0.079781532287597656 -8.1497390056028962e-05
      vertex -0.039458520710468292 -0.078576713800430298 -8.1724429037421942e-05
    endloop
  endfacet
  facet normal -0.16747509418463341 -0.025286063580039365 -0.98555198128585508
    outer loop
      vertex -0.03963908925652504 -0.077371887862682343 -8.1951460742857307e-05
      vertex -0.039819661527872086 -0.076167069375514984 -8.2178499724250287e-05
      vertex -0.03944731131196022 -0.075177401304244995 -0.00017084373394027352
    endloop
  endfacet
  facet normal -0.16737775179402931 -0.025270960039461759 -0.98556890514213158
    outer loop
      vertex -0.038390699774026871 -0.082320258021354675 -0.00016708149632904679
      vertex -0.038916807621717453 -0.082191169261932373 -8.1043319369200617e-05
      vertex -0.0390973761677742 -0.080986350774765015 -8.1270358350593597e-05
    endloop
  endfacet
  facet normal -0.16737786391515716 -0.025271494368287843 -0.98556887239989099
    outer loop
      vertex -0.038390699774026871 -0.082320258021354675 -0.00016708149632904679
      vertex -0.038555663079023361 -0.08460080623626709 -8.0589248682372272e-05
      vertex -0.038736235350370407 -0.083395987749099731 -8.0816287663765252e-05
    endloop
  endfacet
  facet normal -0.16732730701898693 -0.02526339547928888 -0.98557766470970243
    outer loop
      vertex -0.037862394005060196 -0.085891686379909515 -0.0001652003702474758
      vertex -0.038375094532966614 -0.085805624723434448 -8.0362216976936907e-05
      vertex -0.038555663079023361 -0.08460080623626709 -8.0589248682372272e-05
    endloop
  endfacet
  facet normal -0.16737787621279934 -0.025271490259125805 -0.98556887041676389
    outer loop
      vertex -0.038736235350370407 -0.083395987749099731 -8.0816287663765252e-05
      vertex -0.038916807621717453 -0.082191169261932373 -8.1043319369200617e-05
      vertex -0.038390699774026871 -0.082320258021354675 -0.00016708149632904679
    endloop
  endfacet
  facet normal -0.1674269649529917 -0.025278845831443447 -0.98556034384509394
    outer loop
      vertex -0.0390973761677742 -0.080986350774765015 -8.1270358350593597e-05
      vertex -0.039277948439121246 -0.079781532287597656 -8.1497390056028962e-05
      vertex -0.038919005542993546 -0.078748829662799835 -0.00016896260785870254
    endloop
  endfacet
  facet normal -0.16747488617667466 -0.025285508631204739 -0.98555203087070509
    outer loop
      vertex -0.040000233799219131 -0.074962250888347626 -8.2405538705643266e-05
      vertex -0.040180802345275879 -0.073757432401180267 -8.2632570411078632e-05
      vertex -0.03944731131196022 -0.075177401304244995 -0.00017084373394027352
    endloop
  endfacet
  facet normal -0.16760993210777822 -0.025305743809871356 -0.98552855361428027
    outer loop
      vertex -0.041625373065471649 -0.064118877053260803 -8.4448860434349626e-05
      vertex -0.041805941611528397 -0.062914058566093445 -8.4675892139784992e-05
      vertex -0.041032224893569946 -0.064463116228580475 -0.00017648708308115602
    endloop
  endfacet
  facet normal -0.16779455742232283 -0.02534019061929919 -0.9854962512555917
    outer loop
      vertex -0.043673750013113022 -0.046605970710515976 -0.00018589268438518047
      vertex -0.043145444244146347 -0.050177399069070816 -0.00018401155830360949
      vertex -0.043972793966531754 -0.048456229269504547 -8.7400323536712676e-05
    endloop
  endfacet
  facet normal -0.16771465888752818 -0.025328378902204185 -0.98551015541009346
    outer loop
      vertex -0.042617142200469971 -0.053748827427625656 -0.00018213044677395374
      vertex -0.042088836431503296 -0.057320255786180496 -0.00018024932069238275
      vertex -0.042889367789030075 -0.055685143917798996 -8.6038104200270027e-05
    endloop
  endfacet
  facet normal -0.16775522086121919 -0.025334196344614042 -0.98550310216121395
    outer loop
      vertex -0.043145444244146347 -0.050177399069070816 -0.00018401155830360949
      vertex -0.042617142200469971 -0.053748827427625656 -0.00018213044677395374
      vertex -0.043431080877780914 -0.052070684731006622 -8.6719213868491352e-05
    endloop
  endfacet
  facet normal -0.16762959148431897 -0.025315776640800852 -0.98552495225228753
    outer loop
      vertex -0.041560530662536621 -0.060891684144735336 -0.000178368209162727
      vertex -0.041032224893569946 -0.064463116228580475 -0.00017648708308115602
      vertex -0.041805941611528397 -0.062914058566093445 -8.4675892139784992e-05
    endloop
  endfacet
  facet normal -0.16753980706040372 -0.025302529851011304 -0.98554055981136635
    outer loop
      vertex -0.040503919124603271 -0.068034544587135315 -0.00017460597155150026
      vertex -0.039975613355636597 -0.071605972945690155 -0.00017272484546992928
      vertex -0.040722515434026718 -0.070142976939678192 -8.3313680079299957e-05
    endloop
  endfacet
  facet normal -0.1674939459447668 -0.025295571291327295 -0.98554853363236095
    outer loop
      vertex -0.039975613355636597 -0.071605972945690155 -0.00017272484546992928
      vertex -0.03944731131196022 -0.075177401304244995 -0.00017084373394027352
      vertex -0.040180802345275879 -0.073757432401180267 -8.2632570411078632e-05
    endloop
  endfacet
  facet normal -0.16758550371247691 -0.025309281357614431 -0.98553261702624362
    outer loop
      vertex -0.041032224893569946 -0.064463116228580475 -0.00017648708308115602
      vertex -0.040503919124603271 -0.068034544587135315 -0.00017460597155150026
      vertex -0.041264228522777557 -0.06652851402759552 -8.3994782471563667e-05
    endloop
  endfacet
  facet normal -0.16767253362992882 -0.025322147341482231 -0.98551748351824631
    outer loop
      vertex -0.042088836431503296 -0.057320255786180496 -0.00018024932069238275
      vertex -0.041560530662536621 -0.060891684144735336 -0.000178368209162727
      vertex -0.042347654700279236 -0.05929960310459137 -8.5357001808006316e-05
    endloop
  endfacet
  facet normal -0.16739707424937592 -0.025281425055168262 -0.98556535505258536
    outer loop
      vertex -0.038919005542993546 -0.078748829662799835 -0.00016896260785870254
      vertex -0.038390699774026871 -0.082320258021354675 -0.00016708149632904679
      vertex -0.0390973761677742 -0.080986350774765015 -8.1270358350593597e-05
    endloop
  endfacet
  facet normal -0.1522588977668802 -0.02319582735026314 -0.98806840939499296
    outer loop
      vertex -0.034361112862825394 -0.085891686379909515 -0.00074237165972590446
      vertex -0.035320132970809937 -0.078748829662799835 -0.00076227425597608089
      vertex -0.033260002732276917 -0.078748829662799835 -0.0010797352297231555
    endloop
  endfacet
  facet normal -0.15224310820563874 -0.023198373486484628 -0.98807078262210957
    outer loop
      vertex -0.034361112862825394 -0.085891686379909515 -0.00074237165972590446
      vertex -0.033260002732276917 -0.078748829662799835 -0.0010797352297231555
      vertex -0.032356824725866318 -0.085891686379909515 -0.0010511947330087423
    endloop
  endfacet
  facet normal -0.16734654502594723 -0.025273959124576684 -0.98557412753077478
    outer loop
      vertex -0.038390699774026871 -0.082320258021354675 -0.00016708149632904679
      vertex -0.037862394005060196 -0.085891686379909515 -0.0001652003702474758
      vertex -0.038555663079023361 -0.08460080623626709 -8.0589248682372272e-05
    endloop
  endfacet
  facet normal -0.16232406877579128 -0.024552868894319194 -0.98643198109404917
    outer loop
      vertex -0.035347659140825272 -0.093034543097019196 -0.00040624107350595295
      vertex -0.03636246919631958 -0.085891686379909515 -0.00041703708120621741
      vertex -0.035362131893634796 -0.085891686379909515 -0.00058164936490356922
    endloop
  endfacet
  facet normal -0.15848255273554024 -0.024028641054495425 -0.98706935160985565
    outer loop
      vertex -0.033402092754840851 -0.093034543097019196 -0.00072246912168338895
      vertex -0.035362131893634796 -0.085891686379909515 -0.00058164936490356922
      vertex -0.034361112862825394 -0.085891686379909515 -0.00074237165972590446
    endloop
  endfacet
  facet normal -0.16504494380154747 -0.024937296184272258 -0.98597073880747688
    outer loop
      vertex -0.036841202527284622 -0.089463114738464355 -0.00024657128960825503
      vertex -0.037362538278102875 -0.085891686379909515 -0.00024963216856122017
      vertex -0.03636246919631958 -0.085891686379909515 -0.00041703708120621741
    endloop
  endfacet
  facet normal -0.16732739233904892 -0.02526393158813044 -0.98557763648214158
    outer loop
      vertex -0.038375094532966614 -0.085805624723434448 -8.0362216976936907e-05
      vertex -0.037862394005060196 -0.085891686379909515 -0.0001652003702474758
      vertex -0.038194522261619568 -0.087010443210601807 -8.0135177995543927e-05
    endloop
  endfacet
  facet normal -0.1674465850078701 -0.025288748451775624 -0.98555675654471819
    outer loop
      vertex -0.03944731131196022 -0.075177401304244995 -0.00017084373394027352
      vertex -0.038919005542993546 -0.078748829662799835 -0.00016896260785870254
      vertex -0.03963908925652504 -0.077371887862682343 -8.1951460742857307e-05
    endloop
  endfacet
  facet normal -0.16732740530559731 -0.02526392757914608 -0.98557763438349799
    outer loop
      vertex -0.038013949990272522 -0.088215261697769165 -7.9908146290108562e-05
      vertex -0.038194522261619568 -0.087010443210601807 -8.0135177995543927e-05
      vertex -0.037862394005060196 -0.085891686379909515 -0.0001652003702474758
    endloop
  endfacet
  facet normal -0.16727550978789671 -0.025256001201603533 -0.98558664673812613
    outer loop
      vertex -0.037652809172868729 -0.090624906122684479 -7.9454068327322602e-05
      vertex -0.037833381444215775 -0.089420080184936523 -7.9681107308715582e-05
      vertex -0.037334088236093521 -0.089463114738464355 -0.00016331925871782005
    endloop
  endfacet
  facet normal -0.16727548069029152 -0.025255635811437954 -0.9855866610398053
    outer loop
      vertex -0.038013949990272522 -0.088215261697769165 -7.9908146290108562e-05
      vertex -0.037334088236093521 -0.089463114738464355 -0.00016331925871782005
      vertex -0.037833381444215775 -0.089420080184936523 -7.9681107308715582e-05
    endloop
  endfacet
  facet normal -0.16729457116279553 -0.025266271593952144 -0.98558314818141901
    outer loop
      vertex -0.037862394005060196 -0.085891686379909515 -0.0001652003702474758
      vertex -0.037334088236093521 -0.089463114738464355 -0.00016331925871782005
      vertex -0.038013949990272522 -0.088215261697769165 -7.9908146290108562e-05
    endloop
  endfacet
  facet normal -0.16727516514499938 -0.025256099789517494 -0.98558670270511217
    outer loop
      vertex -0.037472236901521683 -0.091829724609851837 -7.9227036621887237e-05
      vertex -0.037652809172868729 -0.090624906122684479 -7.9454068327322602e-05
      vertex -0.037334088236093521 -0.089463114738464355 -0.00016331925871782005
    endloop
  endfacet
  facet normal -0.16594475397575031 -0.025245440891777715 -0.98581185139057226
    outer loop
      vertex -0.035347659140825272 -0.093034543097019196 -0.00040624107350595295
      vertex -0.037291668355464935 -0.093034543097019196 -7.8999997640494257e-05
      vertex -0.037334088236093521 -0.089463114738464355 -0.00016331925871782005
    endloop
  endfacet
  facet normal -0.16649389205473197 -0.025557717114235289 -0.98571120872412532
    outer loop
      vertex -0.035347659140825272 -0.093034543097019196 -0.00040624107350595295
      vertex -0.037334088236093521 -0.089463114738464355 -0.00016331925871782005
      vertex -0.036841202527284622 -0.089463114738464355 -0.00024657128960825503
    endloop
  endfacet
  facet normal -0.1672775521375223 -0.025255946195609835 -0.98558630151430315
    outer loop
      vertex -0.037334088236093521 -0.089463114738464355 -0.00016331925871782005
      vertex -0.037291668355464935 -0.093034543097019196 -7.8999997640494257e-05
      vertex -0.037472236901521683 -0.091829724609851837 -7.9227036621887237e-05
    endloop
  endfacet
  facet normal -0.16503986931239634 -0.024938016070125728 -0.98597157002209423
    outer loop
      vertex -0.035347659140825272 -0.093034543097019196 -0.00040624107350595295
      vertex -0.036841202527284622 -0.089463114738464355 -0.00024657128960825503
      vertex -0.03636246919631958 -0.085891686379909515 -0.00041703708120621741
    endloop
  endfacet
  facet normal -0.14775276962629175 -0.022633274905780047 -0.98876531792675615
    outer loop
      vertex -0.031453650444746017 -0.093034543097019196 -0.001022654352709651
      vertex -0.032356824725866318 -0.085891686379909515 -0.0010511947330087423
      vertex -0.031354088336229324 -0.085891686379909515 -0.0012010352220386267
    endloop
  endfacet
  facet normal -0.14240220112044752 -0.02199557094000254 -0.98956445367397616
    outer loop
      vertex -0.029503704980015755 -0.093034543097019196 -0.0013114030007272959
      vertex -0.030350971966981888 -0.085891686379909515 -0.0013482460053637624
      vertex -0.02934744581580162 -0.085891686379909515 -0.0014926573494449258
    endloop
  endfacet
  facet normal -0.13949874357753347 -0.021668314017378679 -0.9899851436804159
    outer loop
      vertex -0.027552191168069839 -0.093034543097019196 -0.0015892871888354421
      vertex -0.02934744581580162 -0.085891686379909515 -0.0014926573494449258
      vertex -0.028343496844172478 -0.085891686379909515 -0.0016341237351298332
    endloop
  endfacet
  facet normal -0.14516206316994473 -0.022320832173714326 -0.98915608266204269
    outer loop
      vertex -0.029503704980015755 -0.093034543097019196 -0.0013114030007272959
      vertex -0.031354088336229324 -0.085891686379909515 -0.0012010352220386267
      vertex -0.030350971966981888 -0.085891686379909515 -0.0013482460053637624
    endloop
  endfacet
  facet normal -0.15222674372314365 -0.023196219060927916 -0.98807335452218625
    outer loop
      vertex -0.032356824725866318 -0.085891686379909515 -0.0010511947330087423
      vertex -0.031453650444746017 -0.093034543097019196 -0.001022654352709651
      vertex -0.033402092754840851 -0.093034543097019196 -0.00072246912168338895
    endloop
  endfacet
  facet normal -0.15224312468871795 -0.023193708471147389 -0.98807088959870215
    outer loop
      vertex -0.032356824725866318 -0.085891686379909515 -0.0010511947330087423
      vertex -0.033402092754840851 -0.093034543097019196 -0.00072246912168338895
      vertex -0.034361112862825394 -0.085891686379909515 -0.00074237165972590446
    endloop
  endfacet
  facet normal -0.14093793703815979 -0.02203290145394168 -0.98977323117820715
    outer loop
      vertex -0.029503704980015755 -0.093034543097019196 -0.0013114030007272959
      vertex -0.02934744581580162 -0.085891686379909515 -0.0014926573494449258
      vertex -0.027552191168069839 -0.093034543097019196 -0.0015892871888354421
    endloop
  endfacet
  facet normal -0.14644545430155648 -0.022656340570009176 -0.98895926061005479
    outer loop
      vertex -0.031354088336229324 -0.085891686379909515 -0.0012010352220386267
      vertex -0.029503704980015755 -0.093034543097019196 -0.0013114030007272959
      vertex -0.031453650444746017 -0.093034543097019196 -0.001022654352709651
    endloop
  endfacet
  facet normal -0.13484214163963884 -0.021156560783069375 -0.99064120486373253
    outer loop
      vertex -0.025598971173167229 -0.093034543097019196 -0.0018551517277956009
      vertex -0.027552191168069839 -0.093034543097019196 -0.0015892871888354421
      vertex -0.028343496844172478 -0.085891686379909515 -0.0016341237351298332
    endloop
  endfacet
  facet normal -0.13644974471932528 -0.021781487393731723 -0.9904075090451141
    outer loop
      vertex -0.025598971173167229 -0.093034543097019196 -0.0018551517277956009
      vertex -0.028343496844172478 -0.085891686379909515 -0.0016341237351298332
      vertex -0.027339110150933266 -0.085891686379909515 -0.0017724994104355574
    endloop
  endfacet
  facet normal -0.16038402366293197 -0.024556727357009409 -0.98674917385078242
    outer loop
      vertex -0.033402092754840851 -0.093034543097019196 -0.00072246912168338895
      vertex -0.035347659140825272 -0.093034543097019196 -0.00040624107350595295
      vertex -0.035362131893634796 -0.085891686379909515 -0.00058164936490356922
    endloop
  endfacet
  facet normal -0.16783366431659127 -0.025345967929821266 -0.98548944338930711
    outer loop
      vertex -0.044202055782079697 -0.043034542351961136 -0.00018777379591483623
      vertex -0.043673750013113022 -0.046605970710515976 -0.00018589268438518047
      vertex -0.044514507055282593 -0.044841770082712173 -8.8081425928976387e-05
    endloop
  endfacet
  facet normal -0.1333694993080147 -0.021010126959035674 -0.99084365629472293
    outer loop
      vertex -0.035157926380634308 -0.00017739857139531523 -0.002537464490160346
      vertex -0.03649882972240448 -0.00017739857139531523 -0.0023569762706756592
      vertex -0.035893231630325317 0.0069654583930969238 -0.0025899501051753759
    endloop
  endfacet
  facet normal -0.13003146344734515 -0.020669812430692311 -0.99129439490386595
    outer loop
      vertex -0.033816438168287277 -0.00017739857139531523 -0.0027134320698678493
      vertex -0.035157926380634308 -0.00017739857139531523 -0.002537464490160346
      vertex -0.035893231630325317 0.0069654583930969238 -0.0025899501051753759
    endloop
  endfacet
  facet normal -0.1283834334230205 -0.020504254022112915 -0.99151261695931703
    outer loop
      vertex -0.035893231630325317 0.0069654583930969238 -0.0025899501051753759
      vertex -0.033153638243675232 0.0069654583930969238 -0.002944679232314229
      vertex -0.032474376261234283 -0.00017739857139531523 -0.0028849190566688776
    endloop
  endfacet
  facet normal -0.12672360217950154 -0.019700302940149357 -0.99174241953983078
    outer loop
      vertex -0.035893231630325317 0.0069654583930969238 -0.0025899501051753759
      vertex -0.032474376261234283 -0.00017739857139531523 -0.0028849190566688776
      vertex -0.033816438168287277 -0.00017739857139531523 -0.0027134320698678493
    endloop
  endfacet
  facet normal -0.12177757225803414 -0.01956186871683693 -0.99236462864576369
    outer loop
      vertex -0.030411675572395325 0.0069654583930969238 -0.0032811579294502735
      vertex -0.03113173134624958 -0.00017739857139531523 -0.003051993902772665
      vertex -0.033153638243675232 0.0069654583930969238 -0.002944679232314229
    endloop
  endfacet
  facet normal -0.11477297882265586 -0.019284981972270947 -0.9932045372442192
    outer loop
      vertex -0.027667401358485222 0.0069654583930969238 -0.0035982995759695768
      vertex -0.027100378647446632 -0.00017739857139531523 -0.00352513138204813
      vertex -0.029788507148623466 -0.00017739857139531523 -0.0032144959550350904
    endloop
  endfacet
  facet normal -0.11477945440912975 -0.019283020852056514 -0.99320382699240628
    outer loop
      vertex -0.027667401358485222 0.0069654583930969238 -0.0035982995759695768
      vertex -0.029788507148623466 -0.00017739857139531523 -0.0032144959550350904
      vertex -0.030411675572395325 0.0069654583930969238 -0.0032811579294502735
    endloop
  endfacet
  facet normal -0.12007997652672099 -0.019739523022084222 -0.99256795760703576
    outer loop
      vertex -0.030411675572395325 0.0069654583930969238 -0.0032811579294502735
      vertex -0.029788507148623466 -0.00017739857139531523 -0.0032144959550350904
      vertex -0.03113173134624958 -0.00017739857139531523 -0.003051993902772665
    endloop
  endfacet
  facet normal -0.11476631277587312 -0.019284460873032067 -0.99320531765625741
    outer loop
      vertex -0.027100378647446632 -0.00017739857139531523 -0.00352513138204813
      vertex -0.026533355936408043 -0.0073202555067837238 -0.0034519631881266832
      vertex -0.029165336862206459 -0.0073202555067837238 -0.0031478339806199074
    endloop
  endfacet
  facet normal -0.11477298433240773 -0.01928249346087383 -0.99320458492365227
    outer loop
      vertex -0.027100378647446632 -0.00017739857139531523 -0.00352513138204813
      vertex -0.029165336862206459 -0.0073202555067837238 -0.0031478339806199074
      vertex -0.029788507148623466 -0.00017739857139531523 -0.0032144959550350904
    endloop
  endfacet
  facet normal -0.12345992052548302 -0.020041353170128114 -0.99214716256559021
    outer loop
      vertex -0.03113173134624958 -0.00017739857139531523 -0.003051993902772665
      vertex -0.032474376261234283 -0.00017739857139531523 -0.0028849190566688776
      vertex -0.033153638243675232 0.0069654583930969238 -0.002944679232314229
    endloop
  endfacet
  facet normal -0.10922810853218728 -0.018851300807174245 -0.99383793888357774
    outer loop
      vertex -0.027100378647446632 -0.00017739857139531523 -0.00352513138204813
      vertex -0.027667401358485222 0.0069654583930969238 -0.0035982995759695768
      vertex -0.025755466893315315 -0.00017739857139531523 -0.0036729443818330765
    endloop
  endfacet
  facet normal -0.1053789198835673 -0.018567954316967811 -0.99425877633373494
    outer loop
      vertex -0.024409996345639229 -0.00017739857139531523 -0.0038155473303049803
      vertex -0.025755466893315315 -0.00017739857139531523 -0.0036729443818330765
      vertex -0.024920828640460968 0.0069654583930969238 -0.0038947996217757463
    endloop
  endfacet
  facet normal -0.090364531071505438 -0.017137307370087541 -0.99576129881630271
    outer loop
      vertex -0.019420735538005829 0.0069654583930969238 -0.0044188271276652813
      vertex -0.020370179787278175 -0.00017739857139531523 -0.0042097354307770729
      vertex -0.022171953693032265 0.0069654583930969238 -0.0041691563092172146
    endloop
  endfacet
  facet normal -0.099290226070091775 -0.018142233318203502 -0.99489311505165112
    outer loop
      vertex -0.022171953693032265 0.0069654583930969238 -0.0041691563092172146
      vertex -0.021717358380556107 -0.00017739857139531523 -0.0040842723101377487
      vertex -0.024409996345639229 -0.00017739857139531523 -0.0038155473303049803
    endloop
  endfacet
  facet normal -0.099297133004412799 -0.018140037053062583 -0.99489246576341983
    outer loop
      vertex -0.022171953693032265 0.0069654583930969238 -0.0041691563092172146
      vertex -0.024409996345639229 -0.00017739857139531523 -0.0038155473303049803
      vertex -0.024920828640460968 0.0069654583930969238 -0.0038947996217757463
    endloop
  endfacet
  facet normal -0.069250524874098024 -0.016525810658324262 -0.9974624115157158
    outer loop
      vertex -0.01391126960515976 0.0069654583930969238 -0.0048324102535843849
      vertex -0.01362567488104105 -0.00017739857139531523 -0.0047338963486254215
      vertex -0.016325216740369797 -0.00017739857139531523 -0.004546476062387228
    endloop
  endfacet
  facet normal -0.06925832893063022 -0.01652315332903033 -0.99746191369786252
    outer loop
      vertex -0.01391126960515976 0.0069654583930969238 -0.0048324102535843849
      vertex -0.016325216740369797 -0.00017739857139531523 -0.004546476062387228
      vertex -0.016667189076542854 0.0069654583930969238 -0.0046410541981458664
    endloop
  endfacet
  facet normal -0.08043318787790138 -0.016550033097792183 -0.99662259591696001
    outer loop
      vertex -0.019420735538005829 0.0069654583930969238 -0.0044188271276652813
      vertex -0.016667189076542854 0.0069654583930969238 -0.0046410541981458664
      vertex -0.01767411082983017 -0.00017739857139531523 -0.004441174678504467
    endloop
  endfacet
  facet normal -0.083032644738398664 -0.017186372441024073 -0.99639861928350015
    outer loop
      vertex -0.019420735538005829 0.0069654583930969238 -0.0044188271276652813
      vertex -0.01767411082983017 -0.00017739857139531523 -0.004441174678504467
      vertex -0.019022427499294281 -0.00017739857139531523 -0.0043288157321512699
    endloop
  endfacet
  facet normal -0.056395919337788564 -0.015366447432910598 -0.99829022462174655
    outer loop
      vertex -0.01391126960515976 0.0069654583930969238 -0.0048324102535843849
      vertex -0.011153167113661766 0.0069654583930969238 -0.0049882223829627037
      vertex -0.012275104410946369 -0.00017739857139531523 -0.0048148930072784424
    endloop
  endfacet
  facet normal -0.059856806728368267 -0.016158684213294704 -0.99807617926327541
    outer loop
      vertex -0.01391126960515976 0.0069654583930969238 -0.0048324102535843849
      vertex -0.012275104410946369 -0.00017739857139531523 -0.0048148930072784424
      vertex -0.01362567488104105 -0.00017739857139531523 -0.0047338963486254215
    endloop
  endfacet
  facet normal -0.041925437612089951 -0.015575272630397409 -0.99899933361515492
    outer loop
      vertex -0.0083930660039186478 0.0069654583930969238 -0.0051040789112448692
      vertex -0.0082203708589076996 -0.00017739857139531523 -0.0049999631009995937
      vertex -0.010924001224339008 -0.00017739857139531523 -0.0048864986747503281
    endloop
  endfacet
  facet normal -0.041933449584230092 -0.015572424849793359 -0.99899904173640941
    outer loop
      vertex -0.0083930660039186478 0.0069654583930969238 -0.0051040789112448692
      vertex -0.010924001224339008 -0.00017739857139531523 -0.0048864986747503281
      vertex -0.011153167113661766 0.0069654583930969238 -0.0049882223829627037
    endloop
  endfacet
  facet normal -0.028414136470760486 -0.014665339292714507 -0.99948865159743083
    outer loop
      vertex -0.0056316787376999855 0.0069654583930969238 -0.0051825814880430698
      vertex -0.0068680532276630402 -0.00017739857139531523 -0.0050426269881427288
      vertex -0.0083930660039186478 0.0069654583930969238 -0.0051040789112448692
    endloop
  endfacet
  facet normal -0.10731111007844742 -0.018335893288176433 -0.99405639712797766
    outer loop
      vertex -0.027667401358485222 0.0069654583930969238 -0.0035982995759695768
      vertex -0.024920828640460968 0.0069654583930969238 -0.0038947996217757463
      vertex -0.025755466893315315 -0.00017739857139531523 -0.0036729443818330765
    endloop
  endfacet
  facet normal -0.099283011781415437 -0.018141821865272818 -0.99489384251337087
    outer loop
      vertex -0.021717358380556107 -0.00017739857139531523 -0.0040842723101377487
      vertex -0.021262764930725098 -0.0073202555067837238 -0.0039993878453969955
      vertex -0.02389916405081749 -0.0073202555067837238 -0.0037362948060035706
    endloop
  endfacet
  facet normal -0.099290230844243224 -0.018139583673133956 -0.99489316288889129
    outer loop
      vertex -0.021717358380556107 -0.00017739857139531523 -0.0040842723101377487
      vertex -0.02389916405081749 -0.0073202555067837238 -0.0037362948060035706
      vertex -0.024409996345639229 -0.00017739857139531523 -0.0038155473303049803
    endloop
  endfacet
  facet normal -0.087998458682249758 -0.017457850441073397 -0.99596761730867811
    outer loop
      vertex -0.019420735538005829 0.0069654583930969238 -0.0044188271276652813
      vertex -0.019022427499294281 -0.00017739857139531523 -0.0043288157321512699
      vertex -0.020370179787278175 -0.00017739857139531523 -0.0042097354307770729
    endloop
  endfacet
  facet normal -0.092714439823311762 -0.017731354472559902 -0.99553484706303363
    outer loop
      vertex -0.020370179787278175 -0.00017739857139531523 -0.0042097354307770729
      vertex -0.021717358380556107 -0.00017739857139531523 -0.0040842723101377487
      vertex -0.022171953693032265 0.0069654583930969238 -0.0041691563092172146
    endloop
  endfacet
  facet normal -0.06924243998347579 -0.016525495278485743 -0.99746297801519201
    outer loop
      vertex -0.01362567488104105 -0.00017739857139531523 -0.0047338963486254215
      vertex -0.01334008015692234 -0.0073202555067837238 -0.0046353824436664581
      vertex -0.01598324254155159 -0.0073202555067837238 -0.0044518979266285896
    endloop
  endfacet
  facet normal -0.069250528314189638 -0.016522805239187085 -0.99746246106569503
    outer loop
      vertex -0.01362567488104105 -0.00017739857139531523 -0.0047338963486254215
      vertex -0.01598324254155159 -0.0073202555067837238 -0.0044518979266285896
      vertex -0.016325216740369797 -0.00017739857139531523 -0.004546476062387228
    endloop
  endfacet
  facet normal -0.052916948422611604 -0.015917305869340904 -0.99847205065715294
    outer loop
      vertex -0.011153167113661766 0.0069654583930969238 -0.0049882223829627037
      vertex -0.010924001224339008 -0.00017739857139531523 -0.0048864986747503281
      vertex -0.012275104410946369 -0.00017739857139531523 -0.0048148930072784424
    endloop
  endfacet
  facet normal -0.041917085824805501 -0.015575141035789865 -0.99899968613492118
    outer loop
      vertex -0.0082203708589076996 -0.00017739857139531523 -0.0049999631009995937
      vertex -0.0080476757138967514 -0.0073202555067837238 -0.0048958468250930309
      vertex -0.010694835335016251 -0.0073202555067837238 -0.0047847745008766651
    endloop
  endfacet
  facet normal -0.041925439594067693 -0.015572237883579917 -0.9989993808417208
    outer loop
      vertex -0.0082203708589076996 -0.00017739857139531523 -0.0049999631009995937
      vertex -0.010694835335016251 -0.0073202555067837238 -0.0047847745008766651
      vertex -0.010924001224339008 -0.00017739857139531523 -0.0048864986747503281
    endloop
  endfacet
  facet normal -0.031529323546602782 -0.01532954785424125 -0.9993852644097162
    outer loop
      vertex -0.0068680532276630402 -0.00017739857139531523 -0.0050426269881427288
      vertex -0.0082203708589076996 -0.00017739857139531523 -0.0049999631009995937
      vertex -0.0083930660039186478 0.0069654583930969238 -0.0051040789112448692
    endloop
  endfacet
  facet normal -0.077817040380934663 -0.016924464611648773 -0.9968239918480899
    outer loop
      vertex -0.016325216740369797 -0.00017739857139531523 -0.004546476062387228
      vertex -0.01767411082983017 -0.00017739857139531523 -0.004441174678504467
      vertex -0.016667189076542854 0.0069654583930969238 -0.0046410541981458664
    endloop
  endfacet
  facet normal -0.025285089923333642 -0.015208441461265588 -0.99956458897656453
    outer loop
      vertex -0.0068680532276630402 -0.00017739857139531523 -0.0050426269881427288
      vertex -0.0056316787376999855 0.0069654583930969238 -0.0051825814880430698
      vertex -0.0055154762230813503 -0.00017739857139531523 -0.0050768419168889523
    endloop
  endfacet
  facet normal -0.018128767972501816 -0.015094345922705579 -0.99972171552535793
    outer loop
      vertex -0.0041626975871622562 -0.00017739857139531523 -0.005101372953504324
      vertex -0.0055154762230813503 -0.00017739857139531523 -0.0050768419168889523
      vertex -0.0056316787376999855 0.0069654583930969238 -0.0051825814880430698
    endloop
  endfacet
  facet normal -0.013954606690455599 -0.015030331097535097 -0.99978965692750232
    outer loop
      vertex -0.0056316787376999855 0.0069654583930969238 -0.0051825814880430698
      vertex -0.002869447460398078 0.0069654583930969238 -0.0052211354486644268
      vertex -0.0028097520116716623 -0.00017739857139531523 -0.0051145865581929684
    endloop
  endfacet
  facet normal -0.009765206173814045 -0.0133759224541592 -0.99986285331883562
    outer loop
      vertex -0.0056316787376999855 0.0069654583930969238 -0.0051825814880430698
      vertex -0.0028097520116716623 -0.00017739857139531523 -0.0051145865581929684
      vertex -0.0041626975871622562 -0.00017739857139531523 -0.005101372953504324
    endloop
  endfacet
  facet normal 0.011194008403286869 -0.013219987298170944 -0.99984995179862024
    outer loop
      vertex -0.00010722052684286609 0.0069654583930969238 -0.0051902104169130325
      vertex -0.001456704456359148 -0.00017739857139531523 -0.0051108761690557003
      vertex -0.002869447460398078 0.0069654583930969238 -0.0052211354486644268
    endloop
  endfacet
  facet normal 0.043820880825657306 -0.014801858217787813 -0.99892974497557352
    outer loop
      vertex 0.0026629471685737371 0.0069654583930969238 -0.0050687184557318687
      vertex 0.0026094422210007906 -0.00017739857139531523 -0.0049652247689664364
      vertex -0.00010404201020719483 -0.00017739857139531523 -0.0050842594355344772
    endloop
  endfacet
  facet normal 0.043810343144400764 -0.014797775009416316 -0.9989302676805526
    outer loop
      vertex 0.0026629471685737371 0.0069654583930969238 -0.0050687184557318687
      vertex -0.00010404201020719483 -0.00017739857139531523 -0.0050842594355344772
      vertex -0.00010722052684286609 0.0069654583930969238 -0.0051902104169130325
    endloop
  endfacet
  facet normal 0.019671322768805934 -0.014819884677069958 -0.99969665903147042
    outer loop
      vertex -0.00010722052684286609 0.0069654583930969238 -0.0051902104169130325
      vertex -0.00010404201020719483 -0.00017739857139531523 -0.0050842594355344772
      vertex -0.001456704456359148 -0.00017739857139531523 -0.0051108761690557003
    endloop
  endfacet
  facet normal 0.043831874564356221 -0.014801935052513383 -0.99892926150497541
    outer loop
      vertex 0.0026094422210007906 -0.00017739857139531523 -0.0049652247689664364
      vertex 0.0025559370405972004 -0.0073202555067837238 -0.004861731082201004
      vertex -0.00010086350084748119 -0.0073202555067837238 -0.0049783084541559219
    endloop
  endfacet
  facet normal 0.043820883481785922 -0.014797763568746743 -0.99892980552401134
    outer loop
      vertex 0.0026094422210007906 -0.00017739857139531523 -0.0049652247689664364
      vertex -0.00010086350084748119 -0.0073202555067837238 -0.0049783084541559219
      vertex -0.00010404201020719483 -0.00017739857139531523 -0.0050842594355344772
    endloop
  endfacet
  facet normal 0.0027419315078024472 -0.014892219434088198 -0.9998853452331089
    outer loop
      vertex -0.001456704456359148 -0.00017739857139531523 -0.0051108761690557003
      vertex -0.0028097520116716623 -0.00017739857139531523 -0.0051145865581929684
      vertex -0.002869447460398078 0.0069654583930969238 -0.0052211354486644268
    endloop
  endfacet
  facet normal 0.068524395085409889 -0.014966727465684957 -0.99753716940630666
    outer loop
      vertex 0.0026094422210007906 -0.00017739857139531523 -0.0049652247689664364
      vertex 0.0026629471685737371 0.0069654583930969238 -0.0050687184557318687
      vertex 0.0039541157893836498 -0.00017739857139531523 -0.004872854333370924
    endloop
  endfacet
  facet normal 0.12121414108862875 -0.015638480066942975 -0.9925031838444357
    outer loop
      vertex 0.0054064705036580563 0.0069654583930969238 -0.0048538604751229286
      vertex 0.0081106368452310562 0.0069654583930969238 -0.0045236013829708099
      vertex 0.0079456772655248642 -0.00017739857139531523 -0.0044312006793916225
    endloop
  endfacet
  facet normal 0.13331335287525439 -0.011248994346371954 -0.99101009584733946
    outer loop
      vertex 0.0054064705036580563 0.0069654583930969238 -0.0048538604751229286
      vertex 0.0079456772655248642 -0.00017739857139531523 -0.0044312006793916225
      vertex 0.0066232769750058651 -0.00017739857139531523 -0.0046090935356914997
    endloop
  endfacet
  facet normal 0.16883582636597377 -0.016651509062835215 -0.98550352154685306
    outer loop
      vertex 0.010870723053812981 0.0069654583930969238 -0.00405077263712883
      vertex 0.010649289935827255 -0.00017739857139531523 -0.0039680195041000843
      vertex 0.0079456772655248642 -0.00017739857139531523 -0.0044312006793916225
    endloop
  endfacet
  facet normal 0.16882631947093632 -0.016647525601246434 -0.98550521751295317
    outer loop
      vertex 0.010870723053812981 0.0069654583930969238 -0.00405077263712883
      vertex 0.0079456772655248642 -0.00017739857139531523 -0.0044312006793916225
      vertex 0.0081106368452310562 0.0069654583930969238 -0.0045236013829708099
    endloop
  endfacet
  facet normal 0.25630810643297458 -0.012991044741232464 -0.96650783097359028
    outer loop
      vertex 0.013539143837988377 0.0069654583930969238 -0.0033431344199925661
      vertex 0.011967482976615429 -0.00017739857139531523 -0.0036639142781496048
      vertex 0.010870723053812981 0.0069654583930969238 -0.00405077263712883
    endloop
  endfacet
  facet normal 0.087623257675133404 -0.01516780238769605 -0.99603820332612003
    outer loop
      vertex 0.0052968361414968967 -0.00017739857139531523 -0.0047547328285872936
      vertex 0.0039541157893836498 -0.00017739857139531523 -0.004872854333370924
      vertex 0.0054064705036580563 0.0069654583930969238 -0.0048538604751229286
    endloop
  endfacet
  facet normal 0.10912809512931905 -0.015468304158733589 -0.99390733492609817
    outer loop
      vertex 0.0054064705036580563 0.0069654583930969238 -0.0048538604751229286
      vertex 0.0066232769750058651 -0.00017739857139531523 -0.0046090935356914997
      vertex 0.0052968361414968967 -0.00017739857139531523 -0.0047547328285872936
    endloop
  endfacet
  facet normal 0.83882665541555201 0.0032619507950617708 -0.54438883331803323
    outer loop
      vertex 0.017500000074505806 0.0069654583930969238 1.4210855390181384e-17
      vertex 0.016706196591258049 -0.00017739857139531523 -0.0012659392086789012
      vertex 0.016052605584263802 0.0069654583930969238 -0.0022302314173430204
    endloop
  endfacet
  facet normal 0.40481574410232907 -0.015578795888571681 -0.91426556013312676
    outer loop
      vertex 0.013539143837988377 0.0069654583930969238 -0.0033431344199925661
      vertex 0.016052605584263802 0.0069654583930969238 -0.0022302314173430204
      vertex 0.014519658870995045 -0.00017739857139531523 -0.0027872729115188122
    endloop
  endfacet
  facet normal 0.078068731937855657 -0.013222897838791844 -0.99686028512844271
    outer loop
      vertex 0.0026629471685737371 0.0069654583930969238 -0.0050687184557318687
      vertex 0.0054064705036580563 0.0069654583930969238 -0.0048538604751229286
      vertex 0.0039541157893836498 -0.00017739857139531523 -0.004872854333370924
    endloop
  endfacet
  facet normal 0.22475666125050339 -0.018254643129918015 -0.97424391772683183
    outer loop
      vertex 0.010870723053812981 0.0069654583930969238 -0.00405077263712883
      vertex 0.011967482976615429 -0.00017739857139531523 -0.0036639142781496048
      vertex 0.010649289935827255 -0.00017739857139531523 -0.0039680195041000843
    endloop
  endfacet
  facet normal 0.36163109375773134 -0.022890079831687147 -0.93204023318357132
    outer loop
      vertex 0.013539143837988377 0.0069654583930969238 -0.0033431344199925661
      vertex 0.014519658870995045 -0.00017739857139531523 -0.0027872729115188122
      vertex 0.013263098895549774 -0.00017739857139531523 -0.0032748174853622913
    endloop
  endfacet
  facet normal 0.28756819022529934 -0.020271766038090572 -0.95754560803767619
    outer loop
      vertex 0.013263098895549774 -0.00017739857139531523 -0.0032748174853622913
      vertex 0.011967482976615429 -0.00017739857139531523 -0.0036639142781496048
      vertex 0.013539143837988377 0.0069654583930969238 -0.0033431344199925661
    endloop
  endfacet
  facet normal 0.16884552360706276 -0.016651790448505552 -0.98550185541820068
    outer loop
      vertex 0.010649289935827255 -0.00017739857139531523 -0.0039680195041000843
      vertex 0.01042785681784153 -0.0073202555067837238 -0.0038852663710713387
      vertex 0.0077807167544960976 -0.0073202555067837238 -0.0043387995101511478
    endloop
  endfacet
  facet normal 0.16883583676553318 -0.016647810572015486 -0.98550358224962364
    outer loop
      vertex 0.010649289935827255 -0.00017739857139531523 -0.0039680195041000843
      vertex 0.0077807167544960976 -0.0073202555067837238 -0.0043387995101511478
      vertex 0.0079456772655248642 -0.00017739857139531523 -0.0044312006793916225
    endloop
  endfacet
  facet normal 0.44699762443289831 -0.026200177935900387 -0.89415137109298937
    outer loop
      vertex 0.015725124627351761 -0.00017739857139531523 -0.0021846452727913857
      vertex 0.014519658870995045 -0.00017739857139531523 -0.0027872729115188122
      vertex 0.016052605584263802 0.0069654583930969238 -0.0022302314173430204
    endloop
  endfacet
  facet normal 0.9442930694189855 -0.047214750209511269 -0.32570134542234308
    outer loop
      vertex 0.016499999910593033 -0.01303454115986824 1.705302646821766e-17
      vertex 0.016358189284801483 -0.0073202555067837238 -0.0012395078083500266
      vertex 0.017000000923871994 -0.0030345413833856583 1.5631940102018909e-17
    endloop
  endfacet
  facet normal 0.94429045330210482 -0.047212051659279108 -0.32570932129834235
    outer loop
      vertex 0.016706196591258049 -0.00017739857139531523 -0.0012659392086789012
      vertex 0.017000000923871994 -0.0030345413833856583 1.5631940102018909e-17
      vertex 0.016358189284801483 -0.0073202555067837238 -0.0012395078083500266
    endloop
  endfacet
  facet normal 0.68310945329292816 -0.035974165985444596 -0.72942945800364323
    outer loop
      vertex 0.014742677100002766 -0.021605970337986946 -0.0020478861406445503
      vertex 0.015397641807794571 -0.0073202555067837238 -0.0021390588954091072
      vertex 0.016358189284801483 -0.0073202555067837238 -0.0012395078083500266
    endloop
  endfacet
  facet normal 0.94428868634412066 -0.047214355167840963 -0.32571411008517898
    outer loop
      vertex 0.017000000923871994 -0.0030345413833856583 1.5631940102018909e-17
      vertex 0.016706196591258049 -0.00017739857139531523 -0.0012659392086789012
      vertex 0.017500000074505806 0.0069654583930969238 1.4210855390181384e-17
    endloop
  endfacet
  facet normal 0.89038293478413466 -0.075285574023610274 -0.44894355078241949
    outer loop
      vertex 0.016499999910593033 -0.01303454115986824 1.705302646821766e-17
      vertex 0.014742677100002766 -0.021605970337986946 -0.0020478861406445503
      vertex 0.016358189284801483 -0.0073202555067837238 -0.0012395078083500266
    endloop
  endfacet
  facet normal 0.83815411898551273 -0.041898014444635076 -0.54382187268738635
    outer loop
      vertex 0.01408771239221096 -0.035891685634851456 -0.0019567133858799934
      vertex 0.014742677100002766 -0.021605970337986946 -0.0020478861406445503
      vertex 0.016000000759959221 -0.023034540936350822 1.8474111180055186e-17
    endloop
  endfacet
  facet normal 0.83818305865543763 -0.041909238800842345 -0.54377640247269765
    outer loop
      vertex 0.01408771239221096 -0.035891685634851456 -0.0019567133858799934
      vertex 0.016000000759959221 -0.023034540936350822 1.8474111180055186e-17
      vertex 0.01549999974668026 -0.033034540712833405 1.9895195891892712e-17
    endloop
  endfacet
  facet normal 0.83818300452443728 -0.041909150226221943 -0.54377649273732243
    outer loop
      vertex 0.01408771239221096 -0.035891685634851456 -0.0019567133858799934
      vertex 0.01549999974668026 -0.033034540712833405 1.9895195891892712e-17
      vertex 0.014999999664723873 -0.043034542351961136 2.1316282258091463e-17
    endloop
  endfacet
  facet normal 0.8381507218780434 -0.041907465840918735 -0.54382638012706508
    outer loop
      vertex 0.016000000759959221 -0.023034540936350822 1.8474111180055186e-17
      vertex 0.014742677100002766 -0.021605970337986946 -0.0020478861406445503
      vertex 0.016499999910593033 -0.01303454115986824 1.705302646821766e-17
    endloop
  endfacet
  facet normal 0.68308327104718969 -0.035972967350885121 -0.72945403586205737
    outer loop
      vertex 0.016706196591258049 -0.00017739857139531523 -0.0012659392086789012
      vertex 0.015725124627351761 -0.00017739857139531523 -0.0021846452727913857
      vertex 0.016052605584263802 0.0069654583930969238 -0.0022302314173430204
    endloop
  endfacet
  facet normal 0.83820056537588938 -0.041899691633219681 -0.54375015222488032
    outer loop
      vertex 0.01408771239221096 -0.035891685634851456 -0.0019567133858799934
      vertex 0.014999999664723873 -0.043034542351961136 2.1316282258091463e-17
      vertex 0.013432747684419155 -0.050177399069070816 -0.0018655406311154366
    endloop
  endfacet
  facet normal -0.1282792916244192 -0.020491144303673953 -0.99152636694414897
    outer loop
      vertex -0.026334274560213089 -0.085891686379909515 -0.0019076373428106308
      vertex -0.027069579809904099 -0.078748829662799835 -0.0019601229578256607
      vertex -0.025002473965287209 -0.078748829662799835 -0.0022275559604167938
    endloop
  endfacet
  facet normal -0.12826745134199077 -0.020493418449950153 -0.99152785171495073
    outer loop
      vertex -0.026334274560213089 -0.085891686379909515 -0.0019076373428106308
      vertex -0.025002473965287209 -0.078748829662799835 -0.0022275559604167938
      vertex -0.024323210120201111 -0.085891686379909515 -0.0021677955519407988
    endloop
  endfacet
  facet normal -0.12825493764752835 -0.020492209867719796 -0.99152949542803126
    outer loop
      vertex -0.024323210120201111 -0.085891686379909515 -0.0021677955519407988
      vertex -0.023643946275115013 -0.093034543097019196 -0.0021080353762954473
      vertex -0.025598971173167229 -0.093034543097019196 -0.0018551517277956009
    endloop
  endfacet
  facet normal -0.1282674605823243 -0.02048990437035892 -0.99152792314420235
    outer loop
      vertex -0.024323210120201111 -0.085891686379909515 -0.0021677955519407988
      vertex -0.025598971173167229 -0.093034543097019196 -0.0018551517277956009
      vertex -0.026334274560213089 -0.085891686379909515 -0.0019076373428106308
    endloop
  endfacet
  facet normal -0.11997345528038879 -0.019730383606403949 -0.99258102036600948
    outer loop
      vertex -0.021687308326363564 -0.093034543097019196 -0.0023478914517909288
      vertex -0.02331705205142498 -0.085891686379909515 -0.0022928887046873569
      vertex -0.022310478612780571 -0.085891686379909515 -0.0024145534262061119
    endloop
  endfacet
  facet normal -0.11285721874019465 -0.019135181738400852 -0.99342694396622144
    outer loop
      vertex -0.019729074090719223 -0.093034543097019196 -0.002573943929746747
      vertex -0.021303499117493629 -0.085891686379909515 -0.0025326672475785017
      vertex -0.020296096801757812 -0.085891686379909515 -0.0026471121236681938
    endloop
  endfacet
  facet normal -0.10912029692778617 -0.018842865986028891 -0.99384994199316845
    outer loop
      vertex -0.019729074090719223 -0.093034543097019196 -0.002573943929746747
      vertex -0.020296096801757812 -0.085891686379909515 -0.0026471121236681938
      vertex -0.019288266077637672 -0.085891686379909515 -0.0027577674482017756
    endloop
  endfacet
  facet normal -0.11647451933375819 -0.019429067005164068 -0.99300362421356692
    outer loop
      vertex -0.021687308326363564 -0.093034543097019196 -0.0023478914517909288
      vertex -0.022310478612780571 -0.085891686379909515 -0.0024145534262061119
      vertex -0.021303499117493629 -0.085891686379909515 -0.0025326672475785017
    endloop
  endfacet
  facet normal -0.1233528916103408 -0.020031321009258203 -0.99216067766768068
    outer loop
      vertex -0.023643946275115013 -0.093034543097019196 -0.0021080353762954473
      vertex -0.024323210120201111 -0.085891686379909515 -0.0021677955519407988
      vertex -0.02331705205142498 -0.085891686379909515 -0.0022928887046873569
    endloop
  endfacet
  facet normal -0.099178273043572976 -0.018135243096132868 -0.99490440903331934
    outer loop
      vertex -0.016716821119189262 -0.078748829662799835 -0.0031505478546023369
      vertex -0.016262225806713104 -0.085891686379909515 -0.003065663855522871
      vertex -0.018280008807778358 -0.085891686379909515 -0.0028645186685025692
    endloop
  endfacet
  facet normal -0.099190463321075381 -0.018132528615654845 -0.99490324323129675
    outer loop
      vertex -0.016716821119189262 -0.078748829662799835 -0.0031505478546023369
      vertex -0.018280008807778358 -0.085891686379909515 -0.0028645186685025692
      vertex -0.018790841102600098 -0.078748829662799835 -0.0029437709599733353
    endloop
  endfacet
  facet normal -0.099165600538578563 -0.018134425904541607 -0.99490568712161653
    outer loop
      vertex -0.016262225806713104 -0.085891686379909515 -0.003065663855522871
      vertex -0.015807632356882095 -0.093034543097019196 -0.0029807798564434052
      vertex -0.017769176512956619 -0.093034543097019196 -0.0027852661442011595
    endloop
  endfacet
  facet normal -0.099178279411731698 -0.018131703338727722 -0.99490447291534712
    outer loop
      vertex -0.016262225806713104 -0.085891686379909515 -0.003065663855522871
      vertex -0.017769176512956619 -0.093034543097019196 -0.0027852661442011595
      vertex -0.018280008807778358 -0.085891686379909515 -0.0028645186685025692
    endloop
  endfacet
  facet normal -0.087881309640726615 -0.01745145020957525 -0.99597807320312703
    outer loop
      vertex -0.013844425790011883 -0.093034543097019196 -0.0031586678232997656
      vertex -0.015252693556249142 -0.085891686379909515 -0.003159564221277833
      vertex -0.014242733828723431 -0.085891686379909515 -0.003248679218813777
    endloop
  endfacet
  facet normal -0.069123020252756545 -0.016520803786290113 -0.9974713384921855
    outer loop
      vertex -0.010484132915735245 -0.078748829662799835 -0.0036502447910606861
      vertex -0.010198538191616535 -0.085891686379909515 -0.0035517311189323664
      vertex -0.012221534736454487 -0.085891686379909515 -0.0034115409944206476
    endloop
  endfacet
  facet normal -0.069136789919429911 -0.016517424482576495 -0.99747044014752584
    outer loop
      vertex -0.010484132915735245 -0.078748829662799835 -0.0036502447910606861
      vertex -0.012221534736454487 -0.085891686379909515 -0.0034115409944206476
      vertex -0.012563508003950119 -0.078748829662799835 -0.0035061188973486423
    endloop
  endfacet
  facet normal -0.09259942262797044 -0.017724139601170127 -0.99554568042072522
    outer loop
      vertex -0.015807632356882095 -0.093034543097019196 -0.0029807798564434052
      vertex -0.016262225806713104 -0.085891686379909515 -0.003065663855522871
      vertex -0.015252693556249142 -0.085891686379909515 -0.003159564221277833
    endloop
  endfacet
  facet normal -0.10527033517579325 -0.018560350968902621 -0.99427042091369056
    outer loop
      vertex -0.017769176512956619 -0.093034543097019196 -0.0027852661442011595
      vertex -0.019288266077637672 -0.085891686379909515 -0.0027577674482017756
      vertex -0.018280008807778358 -0.085891686379909515 -0.0028645186685025692
    endloop
  endfacet
  facet normal -0.12165039340976622 -0.020114632020191796 -0.99236917695076632
    outer loop
      vertex -0.023643946275115013 -0.093034543097019196 -0.0021080353762954473
      vertex -0.02331705205142498 -0.085891686379909515 -0.0022928887046873569
      vertex -0.021687308326363564 -0.093034543097019196 -0.0023478914517909288
    endloop
  endfacet
  facet normal -0.082913508841532826 -0.017179856079297191 -0.99640865240958221
    outer loop
      vertex -0.013232351280748844 -0.085891686379909515 -0.0033327555283904076
      vertex -0.013844425790011883 -0.093034543097019196 -0.0031586678232997656
      vertex -0.014242733828723431 -0.085891686379909515 -0.003248679218813777
    endloop
  endfacet
  facet normal -0.080290565840753558 -0.017409754795307947 -0.99661944867383501
    outer loop
      vertex -0.013232351280748844 -0.085891686379909515 -0.0033327555283904076
      vertex -0.01187956053763628 -0.093034543097019196 -0.0033169630914926529
      vertex -0.013844425790011883 -0.093034543097019196 -0.0031586678232997656
    endloop
  endfacet
  facet normal -0.11465348212825627 -0.019532346654132646 -0.99321350497768024
    outer loop
      vertex -0.019729074090719223 -0.093034543097019196 -0.002573943929746747
      vertex -0.021687308326363564 -0.093034543097019196 -0.0023478914517909288
      vertex -0.021303499117493629 -0.085891686379909515 -0.0025326672475785017
    endloop
  endfacet
  facet normal -0.090226748038354496 -0.017913843626701606 -0.99576012580587969
    outer loop
      vertex -0.013844425790011883 -0.093034543097019196 -0.0031586678232997656
      vertex -0.015807632356882095 -0.093034543097019196 -0.0029807798564434052
      vertex -0.015252693556249142 -0.085891686379909515 -0.003159564221277833
    endloop
  endfacet
  facet normal -0.10718245134497995 -0.018967821755791699 -0.99405842074876138
    outer loop
      vertex -0.019729074090719223 -0.093034543097019196 -0.002573943929746747
      vertex -0.019288266077637672 -0.085891686379909515 -0.0027577674482017756
      vertex -0.017769176512956619 -0.093034543097019196 -0.0027852661442011595
    endloop
  endfacet
  facet normal -0.077695598810009814 -0.016918765523964246 -0.99683356148290836
    outer loop
      vertex -0.01187956053763628 -0.093034543097019196 -0.0033169630914926529
      vertex -0.013232351280748844 -0.085891686379909515 -0.0033327555283904076
      vertex -0.012221534736454487 -0.085891686379909515 -0.0034115409944206476
    endloop
  endfacet
  facet normal -0.05972316278903804 -0.016153452837454091 -0.99808426988301047
    outer loop
      vertex -0.0099129434674978256 -0.093034543097019196 -0.003453217213973403
      vertex -0.010198538191616535 -0.085891686379909515 -0.0035517311189323664
      vertex -0.0091864541172981262 -0.085891686379909515 -0.0036122919991612434
    endloop
  endfacet
  facet normal -0.045380913411670602 -0.01568093228903699 -0.99884667545147754
    outer loop
      vertex -0.0079448400065302849 -0.093034543097019196 -0.003564086277037859
      vertex -0.0081740068271756172 -0.085891686379909515 -0.0036658104509115219
      vertex -0.0071611776947975159 -0.085891686379909515 -0.0037118266336619854
    endloop
  endfacet
  facet normal -0.038208479403247737 -0.015487599747676389 -0.99914976172531178
    outer loop
      vertex -0.0059753302484750748 -0.093034543097019196 -0.0036464547738432884
      vertex -0.0071611776947975159 -0.085891686379909515 -0.0037118266336619854
      vertex -0.0061480253934860229 -0.085891686379909515 -0.0037505705840885639
    endloop
  endfacet
  facet normal -0.052780100289005372 -0.015913091976325133 -0.99847936108726643
    outer loop
      vertex -0.0079448400065302849 -0.093034543097019196 -0.003564086277037859
      vertex -0.0091864541172981262 -0.085891686379909515 -0.0036122919991612434
      vertex -0.0081740068271756172 -0.085891686379909515 -0.0036658104509115219
    endloop
  endfacet
  facet normal -0.06910838079203957 -0.016520265080084282 -0.99747236179554677
    outer loop
      vertex -0.010198538191616535 -0.085891686379909515 -0.0035517311189323664
      vertex -0.0099129434674978256 -0.093034543097019196 -0.003453217213973403
      vertex -0.01187956053763628 -0.093034543097019196 -0.0033169630914926529
    endloop
  endfacet
  facet normal -0.069123024840210684 -0.016516787246107029 -0.99747140469088458
    outer loop
      vertex -0.010198538191616535 -0.085891686379909515 -0.0035517311189323664
      vertex -0.01187956053763628 -0.093034543097019196 -0.0033169630914926529
      vertex -0.012221534736454487 -0.085891686379909515 -0.0034115409944206476
    endloop
  endfacet
  facet normal -0.041779898673970077 -0.016079127980341751 -0.99899744830013693
    outer loop
      vertex -0.0079448400065302849 -0.093034543097019196 -0.003564086277037859
      vertex -0.0071611776947975159 -0.085891686379909515 -0.0037118266336619854
      vertex -0.0059753302484750748 -0.093034543097019196 -0.0036464547738432884
    endloop
  endfacet
  facet normal -0.05623610488157859 -0.016512496286751107 -0.99828094140583878
    outer loop
      vertex -0.0091864541172981262 -0.085891686379909515 -0.0036122919991612434
      vertex -0.0079448400065302849 -0.093034543097019196 -0.003564086277037859
      vertex -0.0099129434674978256 -0.093034543097019196 -0.003453217213973403
    endloop
  endfacet
  facet normal -0.028291575009270511 -0.015697190302373824 -0.99947645545060548
    outer loop
      vertex -0.004004843533039093 -0.093034543097019196 -0.0037022321484982967
      vertex -0.0059753302484750748 -0.093034543097019196 -0.0036464547738432884
      vertex -0.0051346225664019585 -0.085891686379909515 -0.0037824336905032396
    endloop
  endfacet
  facet normal -0.03142247745896052 -0.015327014750232936 -0.99938866840143181
    outer loop
      vertex -0.0051346225664019585 -0.085891686379909515 -0.0037824336905032396
      vertex -0.0059753302484750748 -0.093034543097019196 -0.0036464547738432884
      vertex -0.0061480253934860229 -0.085891686379909515 -0.0037505705840885639
    endloop
  endfacet
  facet normal -0.13325823631186653 -0.020998750989370589 -0.99085886730247197
    outer loop
      vertex -0.027339110150933266 -0.085891686379909515 -0.0017724994104355574
      vertex -0.026334274560213089 -0.085891686379909515 -0.0019076373428106308
      vertex -0.025598971173167229 -0.093034543097019196 -0.0018551517277956009
    endloop
  endfacet
  facet normal -0.013819250903566671 -0.015029261274711037 -0.99979155307994105
    outer loop
      vertex -0.0021531027741730213 -0.078748829662799835 -0.0039425469003617764
      vertex -0.0020934073254466057 -0.085891686379909515 -0.0038359977770596743
      vertex -0.0041210460476577282 -0.085891686379909515 -0.0038079714868217707
    endloop
  endfacet
  facet normal -0.013833034493320228 -0.015025461214146153 -0.99979141958310946
    outer loop
      vertex -0.0021531027741730213 -0.078748829662799835 -0.0039425469003617764
      vertex -0.0041210460476577282 -0.085891686379909515 -0.0038079714868217707
      vertex -0.0042372485622763634 -0.078748829662799835 -0.0039137108251452446
    endloop
  endfacet
  facet normal 0.043993443639288705 -0.014803041193157162 -0.99892214255576006
    outer loop
      vertex 0.0020208870992064476 -0.078748829662799835 -0.0038267939817160368
      vertex 0.0019673821516335011 -0.085891686379909515 -0.0037233002949506044
      vertex -6.5899854234885424e-05 -0.085891686379909515 -0.0038128478918224573
    endloop
  endfacet
  facet normal 0.043974685631167763 -0.01479756280859809 -0.99892304966827428
    outer loop
      vertex 0.0020208870992064476 -0.078748829662799835 -0.0038267939817160368
      vertex -6.5899854234885424e-05 -0.085891686379909515 -0.0038128478918224573
      vertex -6.9078363594599068e-05 -0.078748829662799835 -0.003918798640370369
    endloop
  endfacet
  facet normal 0.0029402011133262285 -0.014890587586053966 -0.99988480617456887
    outer loop
      vertex -0.0020337121095508337 -0.093034543097019196 -0.0037294486537575722
      vertex -0.0020934073254466057 -0.085891686379909515 -0.0038359977770596743
      vertex -0.001079592271707952 -0.085891686379909515 -0.0038330166134983301
    endloop
  endfacet
  facet normal 0.044013166446549429 -0.014803177030595166 -0.99892127173724221
    outer loop
      vertex 0.0019673821516335011 -0.085891686379909515 -0.0037233002949506044
      vertex 0.0019138770876452327 -0.093034543097019196 -0.0036198066081851721
      vertex -6.2721337599214166e-05 -0.093034543097019196 -0.003706896910443902
    endloop
  endfacet
  facet normal 0.043993447199379657 -0.014797574719963107 -0.99892222339175252
    outer loop
      vertex 0.0019673821516335011 -0.085891686379909515 -0.0037233002949506044
      vertex -6.2721337599214166e-05 -0.093034543097019196 -0.003706896910443902
      vertex -6.5899854234885424e-05 -0.085891686379909515 -0.0038128478918224573
    endloop
  endfacet
  facet normal 0.068698812869412582 -0.014967861545626533 -0.99752515568835887
    outer loop
      vertex 0.0019138770876452327 -0.093034543097019196 -0.0036198066081851721
      vertex 0.0019673821516335011 -0.085891686379909515 -0.0037233002949506044
      vertex 0.0029750524554401636 -0.085891686379909515 -0.0036539027933031321
    endloop
  endfacet
  facet normal 0.019890171850825422 -0.014819723607329664 -0.99969233109789679
    outer loop
      vertex -6.2721337599214166e-05 -0.093034543097019196 -0.003706896910443902
      vertex -0.001079592271707952 -0.085891686379909515 -0.0038330166134983301
      vertex -6.5899854234885424e-05 -0.085891686379909515 -0.0038128478918224573
    endloop
  endfacet
  facet normal -0.01380467951848351 -0.015029142075887581 -0.99979175617318161
    outer loop
      vertex -0.0020934073254466057 -0.085891686379909515 -0.0038359977770596743
      vertex -0.0020337121095508337 -0.093034543097019196 -0.0037294486537575722
      vertex -0.004004843533039093 -0.093034543097019196 -0.0037022321484982967
    endloop
  endfacet
  facet normal -0.013819251738863329 -0.01502523986225557 -0.99979161351176549
    outer loop
      vertex -0.0020934073254466057 -0.085891686379909515 -0.0038359977770596743
      vertex -0.004004843533039093 -0.093034543097019196 -0.0037022321484982967
      vertex -0.0041210460476577282 -0.085891686379909515 -0.0038079714868217707
    endloop
  endfacet
  facet normal 0.83822612718257794 -0.04190060071260597 -0.54371067615821145
    outer loop
      vertex 0.01277778297662735 -0.064463116228580475 -0.0017743678763508797
      vertex 0.013432747684419155 -0.050177399069070816 -0.0018655406311154366
      vertex 0.014499999582767487 -0.053034540265798569 2.2737366969928989e-17
    endloop
  endfacet
  facet normal 0.83825695054190341 -0.041912769458345912 -0.54366221555716066
    outer loop
      vertex 0.01277778297662735 -0.064463116228580475 -0.0017743678763508797
      vertex 0.014499999582767487 -0.053034540265798569 2.2737366969928989e-17
      vertex 0.014000000432133675 -0.0630345419049263 2.415845333612774e-17
    endloop
  endfacet
  facet normal 0.83825698162400675 -0.041912864694956677 -0.54366216029044345
    outer loop
      vertex 0.01277778297662735 -0.064463116228580475 -0.0017743678763508797
      vertex 0.014000000432133675 -0.0630345419049263 2.415845333612774e-17
      vertex 0.013500000350177288 -0.073034539818763733 2.5579538047965265e-17
    endloop
  endfacet
  facet normal 0.8382182671279641 -0.041910928969433429 -0.54372199761083073
    outer loop
      vertex 0.014499999582767487 -0.053034540265798569 2.2737366969928989e-17
      vertex 0.013432747684419155 -0.050177399069070816 -0.0018655406311154366
      vertex 0.014999999664723873 -0.043034542351961136 2.1316282258091463e-17
    endloop
  endfacet
  facet normal 0.89021449720787482 -0.019209300244306581 -0.45513641004104993
    outer loop
      vertex 0.012878112494945526 -0.078748829662799835 -0.00097519351402297616
      vertex 0.01277778297662735 -0.064463116228580475 -0.0017743678763508797
      vertex 0.013500000350177288 -0.073034539818763733 2.5579538047965265e-17
    endloop
  endfacet
  facet normal 0.16898976062533946 -0.016656007268434952 -0.98547706123768519
    outer loop
      vertex 0.0082135209813714027 -0.078748829662799835 -0.0030577343422919512
      vertex 0.0079920878633856773 -0.085891686379909515 -0.0029749809764325619
      vertex 0.005966156255453825 -0.085891686379909515 -0.0033223880454897881
    endloop
  endfacet
  facet normal 0.16897313001249062 -0.016650665757386315 -0.9854800031779527
    outer loop
      vertex 0.0082135209813714027 -0.078748829662799835 -0.0030577343422919512
      vertex 0.005966156255453825 -0.085891686379909515 -0.0033223880454897881
      vertex 0.0061311163008213043 -0.078748829662799835 -0.0034147892147302628
    endloop
  endfacet
  facet normal 0.68345352949421867 -0.035987882773999946 -0.72910640191630482
    outer loop
      vertex 0.01277778297662735 -0.064463116228580475 -0.0017743678763508797
      vertex 0.012878112494945526 -0.078748829662799835 -0.00097519351402297616
      vertex 0.012122818268835545 -0.078748829662799835 -0.0016831951215863228
    endloop
  endfacet
  facet normal 0.9443484948793327 -0.047217442333831787 -0.32554021772830155
    outer loop
      vertex 0.013500000350177288 -0.073034539818763733 2.5579538047965265e-17
      vertex 0.013000000268220901 -0.083034537732601166 2.7000624414164016e-17
      vertex 0.012878112494945526 -0.078748829662799835 -0.00097519351402297616
    endloop
  endfacet
  facet normal 0.9443530126470755 -0.047214431079822552 -0.32552754876077911
    outer loop
      vertex 0.01253010518848896 -0.085891686379909515 -0.00094876205548644066
      vertex 0.012878112494945526 -0.078748829662799835 -0.00097519351402297616
      vertex 0.013000000268220901 -0.083034537732601166 2.7000624414164016e-17
    endloop
  endfacet
  facet normal 0.0878030513854932 -0.015170306944670147 -0.99602233205616475
    outer loop
      vertex 0.0039812242612242699 -0.085891686379909515 -0.0035652050282806158
      vertex 0.003871590131893754 -0.093034543097019196 -0.0034660776145756245
      vertex 0.0029750524554401636 -0.085891686379909515 -0.0036539027933031321
    endloop
  endfacet
  facet normal 0.10932042349340448 -0.015470926857736296 -0.99388615818381598
    outer loop
      vertex 0.0049752318300306797 -0.085891686379909515 -0.0034558712504804134
      vertex 0.003871590131893754 -0.093034543097019196 -0.0034660776145756245
      vertex 0.0039812242612242699 -0.085891686379909515 -0.0035652050282806158
    endloop
  endfacet
  facet normal 0.13348308224418626 -0.01590143867951355 -0.99092351420405478
    outer loop
      vertex 0.005966156255453825 -0.085891686379909515 -0.0033223880454897881
      vertex 0.0058011957444250584 -0.093034543097019196 -0.003229987109079957
      vertex 0.0049752318300306797 -0.085891686379909515 -0.0034558712504804134
    endloop
  endfacet
  facet normal 0.01143961302534352 -0.016024771261233989 -0.99980615219144131
    outer loop
      vertex -6.2721337599214166e-05 -0.093034543097019196 -0.003706896910443902
      vertex -0.0020337121095508337 -0.093034543097019196 -0.0037294486537575722
      vertex -0.001079592271707952 -0.085891686379909515 -0.0038330166134983301
    endloop
  endfacet
  facet normal 0.078273288856662807 -0.016386814744651642 -0.99679725348442128
    outer loop
      vertex 0.003871590131893754 -0.093034543097019196 -0.0034660776145756245
      vertex 0.0019138770876452327 -0.093034543097019196 -0.0036198066081851721
      vertex 0.0029750524554401636 -0.085891686379909515 -0.0036539027933031321
    endloop
  endfacet
  facet normal 0.12142777878597949 -0.017343686392455458 -0.99244873473717687
    outer loop
      vertex 0.0049752318300306797 -0.085891686379909515 -0.0034558712504804134
      vertex 0.0058011957444250584 -0.093034543097019196 -0.003229987109079957
      vertex 0.003871590131893754 -0.093034543097019196 -0.0034660776145756245
    endloop
  endfacet
  facet normal 0.16898977474341309 -0.016650992059187832 -0.98547714356834037
    outer loop
      vertex 0.0058011957444250584 -0.093034543097019196 -0.003229987109079957
      vertex 0.005966156255453825 -0.085891686379909515 -0.0033223880454897881
      vertex 0.0079920878633856773 -0.085891686379909515 -0.0029749809764325619
    endloop
  endfacet
  facet normal 0.16900735934624539 -0.016656496674536309 -0.98547403497268271
    outer loop
      vertex 0.0058011957444250584 -0.093034543097019196 -0.003229987109079957
      vertex 0.0079920878633856773 -0.085891686379909515 -0.0029749809764325619
      vertex 0.0077706542797386646 -0.093034543097019196 -0.0028922278434038162
    endloop
  endfacet
  facet normal 0.22502995116210348 -0.018262398008516423 -0.9741806844209957
    outer loop
      vertex 0.0077706542797386646 -0.093034543097019196 -0.0028922278434038162
      vertex 0.0079920878633856773 -0.085891686379909515 -0.0029749809764325619
      vertex 0.0089798020198941231 -0.085891686379909515 -0.002746824873611331
    endloop
  endfacet
  facet normal 0.36187509851247879 -0.022898602655447638 -0.93194531334891728
    outer loop
      vertex 0.0096745137125253677 -0.093034543097019196 -0.0023866984993219376
      vertex 0.0099505586549639702 -0.085891686379909515 -0.0024550154339522123
      vertex 0.010892189107835293 -0.085891686379909515 -0.0020893795881420374
    endloop
  endfacet
  facet normal 0.4472165014584758 -0.026209600927156074 -0.89404164200694836
    outer loop
      vertex 0.011467853561043739 -0.093034543097019196 -0.0015920223668217659
      vertex 0.010892189107835293 -0.085891686379909515 -0.0020893795881420374
      vertex 0.011795335449278355 -0.085891686379909515 -0.0016376087442040443
    endloop
  endfacet
  facet normal 0.28781578625443366 -0.020280622098441906 -0.95747102804734618
    outer loop
      vertex 0.0096745137125253677 -0.093034543097019196 -0.0023866984993219376
      vertex 0.0089798020198941231 -0.085891686379909515 -0.002746824873611331
      vertex 0.0099505586549639702 -0.085891686379909515 -0.0024550154339522123
    endloop
  endfacet
  facet normal 0.25656321828260953 -0.023762110666666995 -0.96623531146462205
    outer loop
      vertex 0.0096745137125253677 -0.093034543097019196 -0.0023866984993219376
      vertex 0.0077706542797386646 -0.093034543097019196 -0.0028922278434038162
      vertex 0.0089798020198941231 -0.085891686379909515 -0.002746824873611331
    endloop
  endfacet
  facet normal 0.83668572374671246 -0.075577370957444504 -0.54244360137953596
    outer loop
      vertex 0.012500000186264515 -0.093034543097019196 0
      vertex 0.011467853561043739 -0.093034543097019196 -0.0015920223668217659
      vertex 0.01253010518848896 -0.085891686379909515 -0.00094876205548644066
    endloop
  endfacet
  facet normal 0.40493727450250661 -0.030994109753010882 -0.9138190022532362
    outer loop
      vertex 0.010892189107835293 -0.085891686379909515 -0.0020893795881420374
      vertex 0.011467853561043739 -0.093034543097019196 -0.0015920223668217659
      vertex 0.0096745137125253677 -0.093034543097019196 -0.0023866984993219376
    endloop
  endfacet
  facet normal 0.94435583408844803 -0.047217774114432828 -0.32551887876249203
    outer loop
      vertex 0.013000000268220901 -0.083034537732601166 2.7000624414164016e-17
      vertex 0.012500000186264515 -0.093034543097019196 0
      vertex 0.01253010518848896 -0.085891686379909515 -0.00094876205548644066
    endloop
  endfacet
  facet normal 0.68349807794299833 -0.035989613579664473 -0.72906455486644894
    outer loop
      vertex 0.011795335449278355 -0.085891686379909515 -0.0016376087442040443
      vertex 0.01253010518848896 -0.085891686379909515 -0.00094876205548644066
      vertex 0.011467853561043739 -0.093034543097019196 -0.0015920223668217659
    endloop
  endfacet
  facet normal -0.025184819978087355 -0.015206816018808579 -0.9995671451129442
    outer loop
      vertex -0.0051346225664019585 -0.085891686379909515 -0.0037824336905032396
      vertex -0.0041210460476577282 -0.085891686379909515 -0.0038079714868217707
      vertex -0.004004843533039093 -0.093034543097019196 -0.0037022321484982967
    endloop
  endfacet
  facet normal 0 -1 0
    outer loop
      vertex -0.019140336662530899 -0.093034543097019196 0.00080838147550821304
      vertex -0.025589950382709503 -0.093034543097019196 0.0010430997936055064
      vertex -0.025283645838499069 -0.093034543097019196 -0.00045102732838131487
    endloop
  endfacet
  facet normal 0 -1 0
    outer loop
      vertex -0.012690721079707146 -0.093034543097019196 0.00057366315741091967
      vertex -0.012997024692595005 -0.093034543097019196 0.0020677903667092323
      vertex -0.019140336662530899 -0.093034543097019196 0.00080838147550821304
    endloop
  endfacet
  facet normal 0 -1 0
    outer loop
      vertex -0.012690721079707146 -0.093034543097019196 0.00057366315741091967
      vertex -0.019140336662530899 -0.093034543097019196 0.00080838147550821304
      vertex -0.018834032118320465 -0.093034543097019196 -0.00068574567558243871
    endloop
  endfacet
  facet normal 0 -1 -0
    outer loop
      vertex -0.018834032118320465 -0.093034543097019196 -0.00068574567558243871
      vertex -0.012384418398141861 -0.093034543097019196 -0.00092046393547207117
      vertex -0.012690721079707146 -0.093034543097019196 0.00057366315741091967
    endloop
  endfacet
  facet normal 0 -1 0
    outer loop
      vertex -0.0065474105067551136 -0.093034543097019196 0.001833072048611939
      vertex -0.012997024692595005 -0.093034543097019196 0.0020677903667092323
      vertex -0.012690721079707146 -0.093034543097019196 0.00057366315741091967
    endloop
  endfacet
  facet normal 0 -1 0
    outer loop
      vertex -0.0062411073595285416 -0.093034543097019196 0.00033894486841745675
      vertex -0.0065474105067551136 -0.093034543097019196 0.001833072048611939
      vertex -0.012690721079707146 -0.093034543097019196 0.00057366315741091967
    endloop
  endfacet
  facet normal 0 -1 0
    outer loop
      vertex -0.0062411073595285416 -0.093034543097019196 0.00033894486841745675
      vertex -0.012690721079707146 -0.093034543097019196 0.00057366315741091967
      vertex -0.012384418398141861 -0.093034543097019196 -0.00092046393547207117
    endloop
  endfacet
  facet normal 0 -1 -0
    outer loop
      vertex -0.0059348037466406822 -0.093034543097019196 -0.0011551822535693645
      vertex -0.0062411073595285416 -0.093034543097019196 0.00033894486841745675
      vertex -0.012384418398141861 -0.093034543097019196 -0.00092046393547207117
    endloop
  endfacet
  facet normal 0 -1 0
    outer loop
      vertex -0.0059348037466406822 -0.093034543097019196 -0.0011551822535693645
      vertex -0.012384418398141861 -0.093034543097019196 -0.00092046393547207117
      vertex -0.012078114785254002 -0.093034543097019196 -0.0024145911447703838
    endloop
  endfacet
  facet normal -0 -1 -0
    outer loop
      vertex -9.7796189947985113e-05 -0.093034543097019196 0.0015983537305146456
      vertex -0.0065474105067551136 -0.093034543097019196 0.001833072048611939
      vertex -0.0062411073595285416 -0.093034543097019196 0.00033894486841745675
    endloop
  endfacet
  facet normal 0 -1 0
    outer loop
      vertex 0.00020850719010923058 -0.093034543097019196 0.0001042265648720786
      vertex -9.7796189947985113e-05 -0.093034543097019196 0.0015983537305146456
      vertex -0.0062411073595285416 -0.093034543097019196 0.00033894486841745675
    endloop
  endfacet
  facet normal 0 -1 0
    outer loop
      vertex 0.00020850719010923058 -0.093034543097019196 0.0001042265648720786
      vertex -0.0062411073595285416 -0.093034543097019196 0.00033894486841745675
      vertex -0.0059348037466406822 -0.093034543097019196 -0.0011551822535693645
    endloop
  endfacet
  facet normal 0 -1 0
    outer loop
      vertex 0.00051481055561453104 -0.093034543097019196 -0.0013899005716666579
      vertex 0.00020850719010923058 -0.093034543097019196 0.0001042265648720786
      vertex -0.0059348037466406822 -0.093034543097019196 -0.0011551822535693645
    endloop
  endfacet
  facet normal 0 -1 0
    outer loop
      vertex 0.00051481055561453104 -0.093034543097019196 -0.0013899005716666579
      vertex -0.0059348037466406822 -0.093034543097019196 -0.0011551822535693645
      vertex -0.0056285005994141102 -0.093034543097019196 -0.0026493093464523554
    endloop
  endfacet
  facet normal 0 -1 0
    outer loop
      vertex 0.0063518183305859566 -0.093034543097019196 0.0013636354124173522
      vertex -9.7796189947985113e-05 -0.093034543097019196 0.0015983537305146456
      vertex 0.00020850719010923058 -0.093034543097019196 0.0001042265648720786
    endloop
  endfacet
  facet normal 0 -1 0
    outer loop
      vertex 0.0066581214778125286 -0.093034543097019196 -0.00013049175322521478
      vertex 0.0063518183305859566 -0.093034543097019196 0.0013636354124173522
      vertex 0.00020850719010923058 -0.093034543097019196 0.0001042265648720786
    endloop
  endfacet
  facet normal 0 -1 0
    outer loop
      vertex 0.0066581214778125286 -0.093034543097019196 -0.00013049175322521478
      vertex 0.00020850719010923058 -0.093034543097019196 0.0001042265648720786
      vertex 0.00051481055561453104 -0.093034543097019196 -0.0013899005716666579
    endloop
  endfacet
  facet normal 0 -1 0
    outer loop
      vertex 0.006964425090700388 -0.093034543097019196 -0.0016246188897639513
      vertex 0.0066581214778125286 -0.093034543097019196 -0.00013049175322521478
      vertex 0.00051481055561453104 -0.093034543097019196 -0.0013899005716666579
    endloop
  endfacet
  facet normal 0 -1 0
    outer loop
      vertex 0.006964425090700388 -0.093034543097019196 -0.0016246188897639513
      vertex 0.00051481055561453104 -0.093034543097019196 -0.0013899005716666579
      vertex 0.00082111399387940764 -0.093034543097019196 -0.0028840277809649706
    endloop
  endfacet
  facet normal -0 -1 0
    outer loop
      vertex -0.037484344094991684 -0.093034543097019196 3.9499958802480251e-05
      vertex -0.037677023559808731 -0.093034543097019196 0
      vertex -0.037484344094991684 -0.093034543097019196 -3.9500042475992814e-05
    endloop
  endfacet
  facet normal 0 -1 -0
    outer loop
      vertex -0.037484344094991684 -0.093034543097019196 -3.9500042475992814e-05
      vertex -0.037291668355464935 -0.093034543097019196 7.8999997640494257e-05
      vertex -0.037484344094991684 -0.093034543097019196 3.9499958802480251e-05
    endloop
  endfacet
  facet normal 0 -1 0
    outer loop
      vertex -0.037291668355464935 -0.093034543097019196 7.8999997640494257e-05
      vertex -0.037291668355464935 -0.093034543097019196 -7.8999997640494257e-05
      vertex -0.035486672073602676 -0.093034543097019196 0.00038311994285322726
    endloop
  endfacet
  facet normal 0 -1 -0
    outer loop
      vertex -0.037291668355464935 -0.093034543097019196 -7.8999997640494257e-05
      vertex -0.037291668355464935 -0.093034543097019196 7.8999997640494257e-05
      vertex -0.037484344094991684 -0.093034543097019196 -3.9500042475992814e-05
    endloop
  endfacet
  facet normal 0 -1 0
    outer loop
      vertex -0.031948272138834 -0.093034543097019196 0.0009477560524828732
      vertex -0.033680122345685959 -0.093034543097019196 0.00067832670174539089
      vertex -0.035347659140825272 -0.093034543097019196 -0.00040624107350595295
    endloop
  endfacet
  facet normal 0 -1 0
    outer loop
      vertex -0.035486672073602676 -0.093034543097019196 0.00038311994285322726
      vertex -0.037291668355464935 -0.093034543097019196 -7.8999997640494257e-05
      vertex -0.035347659140825272 -0.093034543097019196 -0.00040624107350595295
    endloop
  endfacet
  facet normal -0 -1 0
    outer loop
      vertex -0.031948272138834 -0.093034543097019196 0.0009477560524828732
      vertex -0.035347659140825272 -0.093034543097019196 -0.00040624107350595295
      vertex -0.033402092754840851 -0.093034543097019196 -0.00072246912168338895
    endloop
  endfacet
  facet normal 0 -1 -0
    outer loop
      vertex -0.035486672073602676 -0.093034543097019196 0.00038311994285322726
      vertex -0.035347659140825272 -0.093034543097019196 -0.00040624107350595295
      vertex -0.033680122345685959 -0.093034543097019196 0.00067832670174539089
    endloop
  endfacet
  facet normal 0 -1 0
    outer loop
      vertex -0.030061081051826477 -0.093034543097019196 0.0012299442896619439
      vertex -0.033402092754840851 -0.093034543097019196 -0.00072246912168338895
      vertex -0.028249379247426987 -0.093034543097019196 0.0014913595514371991
    endloop
  endfacet
  facet normal 0 -1 0
    outer loop
      vertex -0.025589950382709503 -0.093034543097019196 0.0010430997936055064
      vertex -0.026436217129230499 -0.093034543097019196 0.0017427632119506598
      vertex -0.028249379247426987 -0.093034543097019196 0.0014913595514371991
    endloop
  endfacet
  facet normal 0 -1 -0
    outer loop
      vertex -0.026436217129230499 -0.093034543097019196 0.0017427632119506598
      vertex -0.025589950382709503 -0.093034543097019196 0.0010430997936055064
      vertex -0.02462160587310791 -0.093034543097019196 0.0019832332618534565
    endloop
  endfacet
  facet normal 0 -1 -0
    outer loop
      vertex -0.020988097414374352 -0.093034543097019196 0.0024302606470882893
      vertex -0.022805575281381607 -0.093034543097019196 0.0022124617826193571
      vertex -0.025589950382709503 -0.093034543097019196 0.0010430997936055064
    endloop
  endfacet
  facet normal 0 -1 0
    outer loop
      vertex -0.02462160587310791 -0.093034543097019196 0.0019832332618534565
      vertex -0.025589950382709503 -0.093034543097019196 0.0010430997936055064
      vertex -0.022805575281381607 -0.093034543097019196 0.0022124617826193571
    endloop
  endfacet
  facet normal 0 -1 0
    outer loop
      vertex -0.019169220700860023 -0.093034543097019196 0.0026358708273619413
      vertex -0.020988097414374352 -0.093034543097019196 0.0024302606470882893
      vertex -0.019140336662530899 -0.093034543097019196 0.00080838147550821304
    endloop
  endfacet
  facet normal 0 -1 -0
    outer loop
      vertex -0.025589950382709503 -0.093034543097019196 0.0010430997936055064
      vertex -0.019140336662530899 -0.093034543097019196 0.00080838147550821304
      vertex -0.020988097414374352 -0.093034543097019196 0.0024302606470882893
    endloop
  endfacet
  facet normal -0 -1 0
    outer loop
      vertex -0.017349002882838249 -0.093034543097019196 0.0028285461012274027
      vertex -0.019169220700860023 -0.093034543097019196 0.0026358708273619413
      vertex -0.019140336662530899 -0.093034543097019196 0.00080838147550821304
    endloop
  endfacet
  facet normal 0 -1 0
    outer loop
      vertex -0.030061081051826477 -0.093034543097019196 0.0012299442896619439
      vertex -0.031948272138834 -0.093034543097019196 0.0009477560524828732
      vertex -0.033402092754840851 -0.093034543097019196 -0.00072246912168338895
    endloop
  endfacet
  facet normal 0 -1 0
    outer loop
      vertex -0.028249379247426987 -0.093034543097019196 0.0014913595514371991
      vertex -0.033402092754840851 -0.093034543097019196 -0.00072246912168338895
      vertex -0.025589950382709503 -0.093034543097019196 0.0010430997936055064
    endloop
  endfacet
  facet normal 0 -1 -0
    outer loop
      vertex -0.031453650444746017 -0.093034543097019196 -0.001022654352709651
      vertex -0.025589950382709503 -0.093034543097019196 0.0010430997936055064
      vertex -0.033402092754840851 -0.093034543097019196 -0.00072246912168338895
    endloop
  endfacet
  facet normal 0 -1 -0
    outer loop
      vertex -0.027552191168069839 -0.093034543097019196 -0.0015892871888354421
      vertex -0.025283645838499069 -0.093034543097019196 -0.00045102732838131487
      vertex -0.029503704980015755 -0.093034543097019196 -0.0013114030007272959
    endloop
  endfacet
  facet normal -0 -1 0
    outer loop
      vertex -0.025589950382709503 -0.093034543097019196 0.0010430997936055064
      vertex -0.031453650444746017 -0.093034543097019196 -0.001022654352709651
      vertex -0.029503704980015755 -0.093034543097019196 -0.0013114030007272959
    endloop
  endfacet
  facet normal 0 -1 0
    outer loop
      vertex -0.025283645838499069 -0.093034543097019196 -0.00045102732838131487
      vertex -0.025589950382709503 -0.093034543097019196 0.0010430997936055064
      vertex -0.029503704980015755 -0.093034543097019196 -0.0013114030007272959
    endloop
  endfacet
  facet normal 0 -1 -0
    outer loop
      vertex -0.025598971173167229 -0.093034543097019196 -0.0018551517277956009
      vertex -0.025283645838499069 -0.093034543097019196 -0.00045102732838131487
      vertex -0.027552191168069839 -0.093034543097019196 -0.0015892871888354421
    endloop
  endfacet
  facet normal 0 -1 -0
    outer loop
      vertex -0.021687308326363564 -0.093034543097019196 -0.0023478914517909288
      vertex -0.018834032118320465 -0.093034543097019196 -0.00068574567558243871
      vertex -0.023643946275115013 -0.093034543097019196 -0.0021080353762954473
    endloop
  endfacet
  facet normal 0 -1 -0
    outer loop
      vertex -0.025598971173167229 -0.093034543097019196 -0.0018551517277956009
      vertex -0.023643946275115013 -0.093034543097019196 -0.0021080353762954473
      vertex -0.018834032118320465 -0.093034543097019196 -0.00068574567558243871
    endloop
  endfacet
  facet normal -0 -1 0
    outer loop
      vertex -0.018834032118320465 -0.093034543097019196 -0.00068574567558243871
      vertex -0.021687308326363564 -0.093034543097019196 -0.0023478914517909288
      vertex -0.019729074090719223 -0.093034543097019196 -0.002573943929746747
    endloop
  endfacet
  facet normal 0 -1 -0
    outer loop
      vertex -0.025598971173167229 -0.093034543097019196 -0.0018551517277956009
      vertex -0.019140336662530899 -0.093034543097019196 0.00080838147550821304
      vertex -0.025283645838499069 -0.093034543097019196 -0.00045102732838131487
    endloop
  endfacet
  facet normal 0 -1 -0
    outer loop
      vertex -0.025598971173167229 -0.093034543097019196 -0.0018551517277956009
      vertex -0.018834032118320465 -0.093034543097019196 -0.00068574567558243871
      vertex -0.019140336662530899 -0.093034543097019196 0.00080838147550821304
    endloop
  endfacet
  facet normal 0 -1 0
    outer loop
      vertex -0.012997024692595005 -0.093034543097019196 0.0020677903667092323
      vertex -0.013704126700758934 -0.093034543097019196 0.0031706483568996191
      vertex -0.015527299605309963 -0.093034543097019196 0.0030073148664087057
    endloop
  endfacet
  facet normal -0 -1 0
    outer loop
      vertex -0.011879497207701206 -0.093034543097019196 0.0033169691450893879
      vertex -0.013704126700758934 -0.093034543097019196 0.0031706483568996191
      vertex -0.012997024692595005 -0.093034543097019196 0.0020677903667092323
    endloop
  endfacet
  facet normal 0 -1 -0
    outer loop
      vertex -0.019140336662530899 -0.093034543097019196 0.00080838147550821304
      vertex -0.012997024692595005 -0.093034543097019196 0.0020677903667092323
      vertex -0.015527299605309963 -0.093034543097019196 0.0030073148664087057
    endloop
  endfacet
  facet normal -0 -1 0
    outer loop
      vertex -0.012384418398141861 -0.093034543097019196 -0.00092046393547207117
      vertex -0.017769176512956619 -0.093034543097019196 -0.0027852661442011595
      vertex -0.015807632356882095 -0.093034543097019196 -0.0029807798564434052
    endloop
  endfacet
  facet normal 0 -1 -0
    outer loop
      vertex -0.013844425790011883 -0.093034543097019196 -0.0031586678232997656
      vertex -0.012078114785254002 -0.093034543097019196 -0.0024145911447703838
      vertex -0.015807632356882095 -0.093034543097019196 -0.0029807798564434052
    endloop
  endfacet
  facet normal 0 -1 -0
    outer loop
      vertex -0.012384418398141861 -0.093034543097019196 -0.00092046393547207117
      vertex -0.015807632356882095 -0.093034543097019196 -0.0029807798564434052
      vertex -0.012078114785254002 -0.093034543097019196 -0.0024145911447703838
    endloop
  endfacet
  facet normal 0 -1 0
    outer loop
      vertex -0.01187956053763628 -0.093034543097019196 -0.0033169630914926529
      vertex -0.012078114785254002 -0.093034543097019196 -0.0024145911447703838
      vertex -0.013844425790011883 -0.093034543097019196 -0.0031586678232997656
    endloop
  endfacet
  facet normal 0 -1 -0
    outer loop
      vertex -0.017769176512956619 -0.093034543097019196 -0.0027852661442011595
      vertex -0.012384418398141861 -0.093034543097019196 -0.00092046393547207117
      vertex -0.019729074090719223 -0.093034543097019196 -0.002573943929746747
    endloop
  endfacet
  facet normal 0 -1 0
    outer loop
      vertex -0.018834032118320465 -0.093034543097019196 -0.00068574567558243871
      vertex -0.019729074090719223 -0.093034543097019196 -0.002573943929746747
      vertex -0.012384418398141861 -0.093034543097019196 -0.00092046393547207117
    endloop
  endfacet
  facet normal 0 -1 0
    outer loop
      vertex -0.017349002882838249 -0.093034543097019196 0.0028285461012274027
      vertex -0.019140336662530899 -0.093034543097019196 0.00080838147550821304
      vertex -0.015527299605309963 -0.093034543097019196 0.0030073148664087057
    endloop
  endfacet
  facet normal 0 -1 -0
    outer loop
      vertex -0.012997024692595005 -0.093034543097019196 0.0020677903667092323
      vertex -0.0082260975614190102 -0.093034543097019196 0.003549985121935606
      vertex -0.010053494013845921 -0.093034543097019196 0.0034442830365151167
    endloop
  endfacet
  facet normal 0 -1 0
    outer loop
      vertex -0.0082260975614190102 -0.093034543097019196 0.003549985121935606
      vertex -0.012997024692595005 -0.093034543097019196 0.0020677903667092323
      vertex -0.0064751589670777321 -0.093034543097019196 0.0036282194778323174
    endloop
  endfacet
  facet normal -0 -1 0
    outer loop
      vertex -0.0064751589670777321 -0.093034543097019196 0.0036282194778323174
      vertex -0.012997024692595005 -0.093034543097019196 0.0020677903667092323
      vertex -0.0065474105067551136 -0.093034543097019196 0.001833072048611939
    endloop
  endfacet
  facet normal 0 -1 0
    outer loop
      vertex -0.0065474105067551136 -0.093034543097019196 0.001833072048611939
      vertex -0.00090732803801074624 -0.093034543097019196 0.0037248183507472277
      vertex -0.0027767154388129711 -0.093034543097019196 0.0037232704926282167
    endloop
  endfacet
  facet normal 0 -1 -0
    outer loop
      vertex -0.0045678946189582348 -0.093034543097019196 0.0036888753529638052
      vertex -0.0065474105067551136 -0.093034543097019196 0.001833072048611939
      vertex -0.0027767154388129711 -0.093034543097019196 0.0037232704926282167
    endloop
  endfacet
  facet normal 0 -1 0
    outer loop
      vertex -0.0045678946189582348 -0.093034543097019196 0.0036888753529638052
      vertex -0.0064751589670777321 -0.093034543097019196 0.0036282194778323174
      vertex -0.0065474105067551136 -0.093034543097019196 0.001833072048611939
    endloop
  endfacet
  facet normal 0 -1 0
    outer loop
      vertex -0.00090732803801074624 -0.093034543097019196 0.0037248183507472277
      vertex -0.0065474105067551136 -0.093034543097019196 0.001833072048611939
      vertex 0.00092222978128120303 -0.093034543097019196 0.0036710388958454132
    endloop
  endfacet
  facet normal 0 -1 -0
    outer loop
      vertex -0.01187956053763628 -0.093034543097019196 -0.0033169630914926529
      vertex -0.0059348037466406822 -0.093034543097019196 -0.0011551822535693645
      vertex -0.012078114785254002 -0.093034543097019196 -0.0024145911447703838
    endloop
  endfacet
  facet normal 0 -1 0
    outer loop
      vertex 0.0027494975365698338 -0.093034543097019196 0.0035633747465908527
      vertex 0.00092222978128120303 -0.093034543097019196 0.0036710388958454132
      vertex -9.7796189947985113e-05 -0.093034543097019196 0.0015983537305146456
    endloop
  endfacet
  facet normal 0 -1 0
    outer loop
      vertex 0.0045717433094978333 -0.093034543097019196 0.0033913669176399708
      vertex 0.0027494975365698338 -0.093034543097019196 0.0035633747465908527
      vertex -9.7796189947985113e-05 -0.093034543097019196 0.0015983537305146456
    endloop
  endfacet
  facet normal 0 -1 0
    outer loop
      vertex 0.0063846823759377003 -0.093034543097019196 0.003140266053378582
      vertex 0.0045717433094978333 -0.093034543097019196 0.0033913669176399708
      vertex -9.7796189947985113e-05 -0.093034543097019196 0.0015983537305146456
    endloop
  endfacet
  facet normal 0 -1 -0
    outer loop
      vertex 0.0063518183305859566 -0.093034543097019196 0.0013636354124173522
      vertex 0.0063846823759377003 -0.093034543097019196 0.003140266053378582
      vertex -9.7796189947985113e-05 -0.093034543097019196 0.0015983537305146456
    endloop
  endfacet
  facet normal 0 -1 -0
    outer loop
      vertex 0.0063518183305859566 -0.093034543097019196 0.0013636354124173522
      vertex 0.011593366041779518 -0.093034543097019196 0.0015144051285460591
      vertex 0.0099035920575261116 -0.093034543097019196 0.0023063709959387779
    endloop
  endfacet
  facet normal 0 -1 -0
    outer loop
      vertex 0.0081837521865963936 -0.093034543097019196 0.0028043340425938368
      vertex 0.0063518183305859566 -0.093034543097019196 0.0013636354124173522
      vertex 0.0099035920575261116 -0.093034543097019196 0.0023063709959387779
    endloop
  endfacet
  facet normal 0 -1 0
    outer loop
      vertex 0.0063518183305859566 -0.093034543097019196 0.0013636354124173522
      vertex 0.0081837521865963936 -0.093034543097019196 0.0028043340425938368
      vertex 0.0063846823759377003 -0.093034543097019196 0.003140266053378582
    endloop
  endfacet
  facet normal 0 -1 -0
    outer loop
      vertex -0.0065474105067551136 -0.093034543097019196 0.001833072048611939
      vertex -9.7796189947985113e-05 -0.093034543097019196 0.0015983537305146456
      vertex 0.00092222978128120303 -0.093034543097019196 0.0036710388958454132
    endloop
  endfacet
  facet normal -0 -1 0
    outer loop
      vertex 0.011593366041779518 -0.093034543097019196 0.0015144051285460591
      vertex 0.0063518183305859566 -0.093034543097019196 0.0013636354124173522
      vertex 0.0066581214778125286 -0.093034543097019196 -0.00013049175322521478
    endloop
  endfacet
  facet normal 0 -1 -0
    outer loop
      vertex -0.0099129434674978256 -0.093034543097019196 -0.003453217213973403
      vertex -0.0059348037466406822 -0.093034543097019196 -0.0011551822535693645
      vertex -0.01187956053763628 -0.093034543097019196 -0.0033169630914926529
    endloop
  endfacet
  facet normal 0 -1 -0
    outer loop
      vertex -0.004004843533039093 -0.093034543097019196 -0.0037022321484982967
      vertex 0.00051481055561453104 -0.093034543097019196 -0.0013899005716666579
      vertex -0.0056285005994141102 -0.093034543097019196 -0.0026493093464523554
    endloop
  endfacet
  facet normal 0 -1 0
    outer loop
      vertex -0.0056285005994141102 -0.093034543097019196 -0.0026493093464523554
      vertex -0.0059348037466406822 -0.093034543097019196 -0.0011551822535693645
      vertex -0.0099129434674978256 -0.093034543097019196 -0.003453217213973403
    endloop
  endfacet
  facet normal 0 -1 -0
    outer loop
      vertex -0.0079448400065302849 -0.093034543097019196 -0.003564086277037859
      vertex -0.0056285005994141102 -0.093034543097019196 -0.0026493093464523554
      vertex -0.0099129434674978256 -0.093034543097019196 -0.003453217213973403
    endloop
  endfacet
  facet normal 0 -1 -0
    outer loop
      vertex -0.0059753302484750748 -0.093034543097019196 -0.0036464547738432884
      vertex -0.0056285005994141102 -0.093034543097019196 -0.0026493093464523554
      vertex -0.0079448400065302849 -0.093034543097019196 -0.003564086277037859
    endloop
  endfacet
  facet normal -0 -1 0
    outer loop
      vertex -0.0020337121095508337 -0.093034543097019196 -0.0037294486537575722
      vertex 0.00082111399387940764 -0.093034543097019196 -0.0028840277809649706
      vertex -0.004004843533039093 -0.093034543097019196 -0.0037022321484982967
    endloop
  endfacet
  facet normal 0 -1 0
    outer loop
      vertex -0.0056285005994141102 -0.093034543097019196 -0.0026493093464523554
      vertex -0.0059753302484750748 -0.093034543097019196 -0.0036464547738432884
      vertex -0.004004843533039093 -0.093034543097019196 -0.0037022321484982967
    endloop
  endfacet
  facet normal -0 -1 0
    outer loop
      vertex 0.00082111399387940764 -0.093034543097019196 -0.0028840277809649706
      vertex -0.0020337121095508337 -0.093034543097019196 -0.0037294486537575722
      vertex -6.2721337599214166e-05 -0.093034543097019196 -0.003706896910443902
    endloop
  endfacet
  facet normal 0 -1 -0
    outer loop
      vertex 0.00051481055561453104 -0.093034543097019196 -0.0013899005716666579
      vertex -0.004004843533039093 -0.093034543097019196 -0.0037022321484982967
      vertex 0.00082111399387940764 -0.093034543097019196 -0.0028840277809649706
    endloop
  endfacet
  facet normal 0 -1 -0
    outer loop
      vertex 0.011467853561043739 -0.093034543097019196 -0.0015920223668217659
      vertex 0.012500000186264515 -0.093034543097019196 0
      vertex 0.006964425090700388 -0.093034543097019196 -0.0016246188897639513
    endloop
  endfacet
  facet normal 0 -1 -0
    outer loop
      vertex 0.0066581214778125286 -0.093034543097019196 -0.00013049175322521478
      vertex 0.006964425090700388 -0.093034543097019196 -0.0016246188897639513
      vertex 0.012500000186264515 -0.093034543097019196 0
    endloop
  endfacet
  facet normal 0 -1 -0
    outer loop
      vertex 0.0019138770876452327 -0.093034543097019196 -0.0036198066081851721
      vertex 0.006964425090700388 -0.093034543097019196 -0.0016246188897639513
      vertex 0.00082111399387940764 -0.093034543097019196 -0.0028840277809649706
    endloop
  endfacet
  facet normal 0 -1 0
    outer loop
      vertex 0.012500000186264515 -0.093034543097019196 0
      vertex 0.011593366041779518 -0.093034543097019196 0.0015144051285460591
      vertex 0.0066581214778125286 -0.093034543097019196 -0.00013049175322521478
    endloop
  endfacet
  facet normal -0 -1 0
    outer loop
      vertex 0.011467853561043739 -0.093034543097019196 -0.0015920223668217659
      vertex 0.006964425090700388 -0.093034543097019196 -0.0016246188897639513
      vertex 0.0096745137125253677 -0.093034543097019196 -0.0023866984993219376
    endloop
  endfacet
  facet normal -0 -1 0
    outer loop
      vertex 0.003871590131893754 -0.093034543097019196 -0.0034660776145756245
      vertex 0.006964425090700388 -0.093034543097019196 -0.0016246188897639513
      vertex 0.0019138770876452327 -0.093034543097019196 -0.0036198066081851721
    endloop
  endfacet
  facet normal 0 -1 -0
    outer loop
      vertex 0.0058011957444250584 -0.093034543097019196 -0.003229987109079957
      vertex 0.0077706542797386646 -0.093034543097019196 -0.0028922278434038162
      vertex 0.006964425090700388 -0.093034543097019196 -0.0016246188897639513
    endloop
  endfacet
  facet normal -0 -1 0
    outer loop
      vertex 0.006964425090700388 -0.093034543097019196 -0.0016246188897639513
      vertex 0.003871590131893754 -0.093034543097019196 -0.0034660776145756245
      vertex 0.0058011957444250584 -0.093034543097019196 -0.003229987109079957
    endloop
  endfacet
  facet normal 0 -1 0
    outer loop
      vertex 0.0096745137125253677 -0.093034543097019196 -0.0023866984993219376
      vertex 0.006964425090700388 -0.093034543097019196 -0.0016246188897639513
      vertex 0.0077706542797386646 -0.093034543097019196 -0.0028922278434038162
    endloop
  endfacet
  facet normal 0 -1 -0
    outer loop
      vertex -6.2721337599214166e-05 -0.093034543097019196 -0.003706896910443902
      vertex 0.0019138770876452327 -0.093034543097019196 -0.0036198066081851721
      vertex 0.00082111399387940764 -0.093034543097019196 -0.0028840277809649706
    endloop
  endfacet
  facet normal 0 -1 -0
    outer loop
      vertex -0.010053494013845921 -0.093034543097019196 0.0034442830365151167
      vertex -0.011879497207701206 -0.093034543097019196 0.0033169691450893879
      vertex -0.012997024692595005 -0.093034543097019196 0.0020677903667092323
    endloop
  endfacet
  facet normal -0 1 0
    outer loop
      vertex 0.00032761515467427671 0.0069654583930969238 -0.00017077986558433622
      vertex -1.8643497242010199e-05 0.0069654583930969238 0.0017491306643933058
      vertex 0.0086690988391637802 0.0069654583930969238 0.0033159775193780661
    endloop
  endfacet
  facet normal 0 1 -0
    outer loop
      vertex 0.00032761515467427671 0.0069654583930969238 -0.00017077986558433622
      vertex 0.0086690988391637802 0.0069654583930969238 0.0033159775193780661
      vertex 0.0090153571218252182 0.0069654583930969238 0.0013960670912638307
    endloop
  endfacet
  facet normal -0 1 0
    outer loop
      vertex 0.00067387381568551064 0.0069654583930969238 -0.0020906904246658087
      vertex 0.00032761515467427671 0.0069654583930969238 -0.00017077986558433622
      vertex 0.0090153571218252182 0.0069654583930969238 0.0013960670912638307
    endloop
  endfacet
  facet normal 0 1 -0
    outer loop
      vertex 0.00067387381568551064 0.0069654583930969238 -0.0020906904246658087
      vertex 0.0090153571218252182 0.0069654583930969238 0.0013960670912638307
      vertex 0.0093616154044866562 0.0069654583930969238 -0.00052384345326572657
    endloop
  endfacet
  facet normal 0 1 -0
    outer loop
      vertex 0.0010201324475929141 0.0069654583930969238 -0.0040106009691953659
      vertex 0.00067387381568551064 0.0069654583930969238 -0.0020906904246658087
      vertex 0.0093616154044866562 0.0069654583930969238 -0.00052384345326572657
    endloop
  endfacet
  facet normal 0 1 -0
    outer loop
      vertex 0.0010201324475929141 0.0069654583930969238 -0.0040106009691953659
      vertex 0.0093616154044866562 0.0069654583930969238 -0.00052384345326572657
      vertex 0.0097078746184706688 0.0069654583930969238 -0.0024437541142106056
    endloop
  endfacet
  facet normal -0 1 0
    outer loop
      vertex -0.0087063852697610855 0.0069654583930969238 0.00018228375120088458
      vertex -0.0090526444837450981 0.0069654583930969238 0.0021021943539381027
      vertex -0.00036490216734819114 0.0069654583930969238 0.003669041208922863
    endloop
  endfacet
  facet normal 0 1 -0
    outer loop
      vertex -0.0087063852697610855 0.0069654583930969238 0.00018228375120088458
      vertex -0.00036490216734819114 0.0069654583930969238 0.003669041208922863
      vertex -1.8643497242010199e-05 0.0069654583930969238 0.0017491306643933058
    endloop
  endfacet
  facet normal -0 1 0
    outer loop
      vertex -0.0083601269870996475 0.0069654583930969238 -0.0017376267351210117
      vertex -0.0087063852697610855 0.0069654583930969238 0.00018228375120088458
      vertex -1.8643497242010199e-05 0.0069654583930969238 0.0017491306643933058
    endloop
  endfacet
  facet normal 0 1 -0
    outer loop
      vertex -0.0083601269870996475 0.0069654583930969238 -0.0017376267351210117
      vertex -1.8643497242010199e-05 0.0069654583930969238 0.0017491306643933058
      vertex 0.00032761515467427671 0.0069654583930969238 -0.00017077986558433622
    endloop
  endfacet
  facet normal -0 1 0
    outer loop
      vertex -0.0080138677731156349 0.0069654583930969238 -0.003657537279650569
      vertex -0.0083601269870996475 0.0069654583930969238 -0.0017376267351210117
      vertex 0.00032761515467427671 0.0069654583930969238 -0.00017077986558433622
    endloop
  endfacet
  facet normal 0 1 -0
    outer loop
      vertex -0.0080138677731156349 0.0069654583930969238 -0.003657537279650569
      vertex 0.00032761515467427671 0.0069654583930969238 -0.00017077986558433622
      vertex 0.00067387381568551064 0.0069654583930969238 -0.0020906904246658087
    endloop
  endfacet
  facet normal -0 1 0
    outer loop
      vertex -0.017740385606884956 0.0069654583930969238 0.00053534738253802061
      vertex -0.018086643889546394 0.0069654583930969238 0.002455257810652256
      vertex -0.0093989027664065361 0.0069654583930969238 0.0040221046656370163
    endloop
  endfacet
  facet normal 0 1 -0
    outer loop
      vertex -0.017740385606884956 0.0069654583930969238 0.00053534738253802061
      vertex -0.0093989027664065361 0.0069654583930969238 0.0040221046656370163
      vertex -0.0090526444837450981 0.0069654583930969238 0.0021021943539381027
    endloop
  endfacet
  facet normal -0 1 0
    outer loop
      vertex -0.017394127324223518 0.0069654583930969238 -0.0013845631619915366
      vertex -0.017740385606884956 0.0069654583930969238 0.00053534738253802061
      vertex -0.0090526444837450981 0.0069654583930969238 0.0021021943539381027
    endloop
  endfacet
  facet normal 0 1 -0
    outer loop
      vertex -0.017394127324223518 0.0069654583930969238 -0.0013845631619915366
      vertex -0.0090526444837450981 0.0069654583930969238 0.0021021943539381027
      vertex -0.0087063852697610855 0.0069654583930969238 0.00018228375120088458
    endloop
  endfacet
  facet normal -0 1 0
    outer loop
      vertex -0.01704786904156208 0.0069654583930969238 -0.0033044738229364157
      vertex -0.017394127324223518 0.0069654583930969238 -0.0013845631619915366
      vertex -0.0087063852697610855 0.0069654583930969238 0.00018228375120088458
    endloop
  endfacet
  facet normal 0 1 -0
    outer loop
      vertex -0.01704786904156208 0.0069654583930969238 -0.0033044738229364157
      vertex -0.0087063852697610855 0.0069654583930969238 0.00018228375120088458
      vertex -0.0083601269870996475 0.0069654583930969238 -0.0017376267351210117
    endloop
  endfacet
  facet normal -0 1 0
    outer loop
      vertex -0.026428127661347389 0.0069654583930969238 -0.0010314995888620615
      vertex -0.026774385944008827 0.0069654583930969238 0.00088841095566749573
      vertex -0.018086643889546394 0.0069654583930969238 0.002455257810652256
    endloop
  endfacet
  facet normal 0 1 -0
    outer loop
      vertex -0.026428127661347389 0.0069654583930969238 -0.0010314995888620615
      vertex -0.018086643889546394 0.0069654583930969238 0.002455257810652256
      vertex -0.017740385606884956 0.0069654583930969238 0.00053534738253802061
    endloop
  endfacet
  facet normal 0 1 0
    outer loop
      vertex -0.017394127324223518 0.0069654583930969238 -0.0013845631619915366
      vertex -0.026428127661347389 0.0069654583930969238 -0.0010314995888620615
      vertex -0.017740385606884956 0.0069654583930969238 0.00053534738253802061
    endloop
  endfacet
  facet normal -0 1 0
    outer loop
      vertex -0.035462129861116409 0.0069654583930969238 -0.00067843595752492547
      vertex -0.035808388143777847 0.0069654583930969238 0.0012414745287969708
      vertex -0.027120644226670265 0.0069654583930969238 0.002808321500197053
    endloop
  endfacet
  facet normal 0 1 -0
    outer loop
      vertex -0.035462129861116409 0.0069654583930969238 -0.00067843595752492547
      vertex -0.027120644226670265 0.0069654583930969238 0.002808321500197053
      vertex -0.026774385944008827 0.0069654583930969238 0.00088841095566749573
    endloop
  endfacet
  facet normal 0 1 -0
    outer loop
      vertex -0.00036490216734819114 0.0069654583930969238 0.003669041208922863
      vertex 0.0038338594604283571 0.0069654583930969238 0.0049898852594196796
      vertex 0.0063875769264996052 0.0069654583930969238 0.004749394953250885
    endloop
  endfacet
  facet normal 0 1 -0
    outer loop
      vertex 0.0038338594604283571 0.0069654583930969238 0.0049898852594196796
      vertex -0.00036490216734819114 0.0069654583930969238 0.003669041208922863
      vertex 0.0012731762835755944 0.0069654583930969238 0.0051402370445430279
    endloop
  endfacet
  facet normal -0 1 -0
    outer loop
      vertex -0.0012908938806504011 0.0069654583930969238 0.0052150217816233635
      vertex 0.0012731762835755944 0.0069654583930969238 0.0051402370445430279
      vertex -0.00036490216734819114 0.0069654583930969238 0.003669041208922863
    endloop
  endfacet
  facet normal 0 1 -0
    outer loop
      vertex -1.8643497242010199e-05 0.0069654583930969238 0.0017491306643933058
      vertex 0.0063875769264996052 0.0069654583930969238 0.004749394953250885
      vertex 0.0089284172281622887 0.0069654583930969238 0.00439800089225173
    endloop
  endfacet
  facet normal 0 1 -0
    outer loop
      vertex 0.0086690988391637802 0.0069654583930969238 0.0033159775193780661
      vertex 0.011449789628386497 0.0069654583930969238 0.0039277435280382633
      vertex 0.013860100880265236 0.0069654583930969238 0.0032307039946317673
    endloop
  endfacet
  facet normal 0 1 0
    outer loop
      vertex 0.013860100880265236 0.0069654583930969238 0.0032307039946317673
      vertex 0.0090153571218252182 0.0069654583930969238 0.0013960670912638307
      vertex 0.0086690988391637802 0.0069654583930969238 0.0033159775193780661
    endloop
  endfacet
  facet normal -0 1 0
    outer loop
      vertex 0.0089284172281622887 0.0069654583930969238 0.00439800089225173
      vertex 0.0086690988391637802 0.0069654583930969238 0.0033159775193780661
      vertex -1.8643497242010199e-05 0.0069654583930969238 0.0017491306643933058
    endloop
  endfacet
  facet normal 0 1 -0
    outer loop
      vertex 0.0089284172281622887 0.0069654583930969238 0.00439800089225173
      vertex 0.011449789628386497 0.0069654583930969238 0.0039277435280382633
      vertex 0.0086690988391637802 0.0069654583930969238 0.0033159775193780661
    endloop
  endfacet
  facet normal 0 1 0
    outer loop
      vertex 0.016228610649704933 0.0069654583930969238 0.0021215397864580154
      vertex 0.0090153571218252182 0.0069654583930969238 0.0013960670912638307
      vertex 0.013860100880265236 0.0069654583930969238 0.0032307039946317673
    endloop
  endfacet
  facet normal -0 1 0
    outer loop
      vertex 0.0063875769264996052 0.0069654583930969238 0.004749394953250885
      vertex -1.8643497242010199e-05 0.0069654583930969238 0.0017491306643933058
      vertex -0.00036490216734819114 0.0069654583930969238 0.003669041208922863
    endloop
  endfacet
  facet normal 0 1 -0
    outer loop
      vertex -0.0090936562046408653 0.0069654583930969238 0.0050784186460077763
      vertex -0.0064207385294139385 0.0069654583930969238 0.0051637683063745499
      vertex -0.0093989027664065361 0.0069654583930969238 0.0040221046656370163
    endloop
  endfacet
  facet normal 0 1 -0
    outer loop
      vertex -0.011547290720045567 0.0069654583930969238 0.0049683977849781513
      vertex -0.0093989027664065361 0.0069654583930969238 0.0040221046656370163
      vertex -0.018086643889546394 0.0069654583930969238 0.002455257810652256
    endloop
  endfacet
  facet normal -0 1 0
    outer loop
      vertex -0.0090936562046408653 0.0069654583930969238 0.0050784186460077763
      vertex -0.0093989027664065361 0.0069654583930969238 0.0040221046656370163
      vertex -0.011547290720045567 0.0069654583930969238 0.0049683977849781513
    endloop
  endfacet
  facet normal 0 1 -0
    outer loop
      vertex -0.018086643889546394 0.0069654583930969238 0.002455257810652256
      vertex -0.014108208008110523 0.0069654583930969238 0.0048198611475527287
      vertex -0.011547290720045567 0.0069654583930969238 0.0049683977849781513
    endloop
  endfacet
  facet normal 0 1 -0
    outer loop
      vertex -0.0012908938806504011 0.0069654583930969238 0.0052150217816233635
      vertex -0.00036490216734819114 0.0069654583930969238 0.003669041208922863
      vertex -0.0090526444837450981 0.0069654583930969238 0.0021021943539381027
    endloop
  endfacet
  facet normal -0 1 0
    outer loop
      vertex -0.0012908938806504011 0.0069654583930969238 0.0052150217816233635
      vertex -0.0090526444837450981 0.0069654583930969238 0.0021021943539381027
      vertex -0.0093989027664065361 0.0069654583930969238 0.0040221046656370163
    endloop
  endfacet
  facet normal 0 1 -0
    outer loop
      vertex -0.0064207385294139385 0.0069654583930969238 0.0051637683063745499
      vertex -0.00391048239544034 0.0069654583930969238 0.0052122962661087513
      vertex -0.0093989027664065361 0.0069654583930969238 0.0040221046656370163
    endloop
  endfacet
  facet normal 0 1 -0
    outer loop
      vertex -0.00391048239544034 0.0069654583930969238 0.0052122962661087513
      vertex -0.0012908938806504011 0.0069654583930969238 0.0052150217816233635
      vertex -0.0093989027664065361 0.0069654583930969238 0.0040221046656370163
    endloop
  endfacet
  facet normal 0 1 -0
    outer loop
      vertex 0.0093616154044866562 0.0069654583930969238 -0.00052384345326572657
      vertex 0.016228610649704933 0.0069654583930969238 0.0021215397864580154
      vertex 0.017500000074505806 0.0069654583930969238 1.4210855390181384e-17
    endloop
  endfacet
  facet normal -0 1 0
    outer loop
      vertex 0.016052605584263802 0.0069654583930969238 -0.0022302314173430204
      vertex 0.0097078746184706688 0.0069654583930969238 -0.0024437541142106056
      vertex 0.017500000074505806 0.0069654583930969238 1.4210855390181384e-17
    endloop
  endfacet
  facet normal -0 1 0
    outer loop
      vertex 0.0093616154044866562 0.0069654583930969238 -0.00052384345326572657
      vertex 0.017500000074505806 0.0069654583930969238 1.4210855390181384e-17
      vertex 0.0097078746184706688 0.0069654583930969238 -0.0024437541142106056
    endloop
  endfacet
  facet normal 0 1 -0
    outer loop
      vertex 0.0010201324475929141 0.0069654583930969238 -0.0040106009691953659
      vertex 0.0097078746184706688 0.0069654583930969238 -0.0024437541142106056
      vertex 0.0026629471685737371 0.0069654583930969238 -0.0050687184557318687
    endloop
  endfacet
  facet normal -0 1 0
    outer loop
      vertex 0.013539143837988377 0.0069654583930969238 -0.0033431344199925661
      vertex 0.0097078746184706688 0.0069654583930969238 -0.0024437541142106056
      vertex 0.016052605584263802 0.0069654583930969238 -0.0022302314173430204
    endloop
  endfacet
  facet normal -0 1 0
    outer loop
      vertex 0.016228610649704933 0.0069654583930969238 0.0021215397864580154
      vertex 0.0093616154044866562 0.0069654583930969238 -0.00052384345326572657
      vertex 0.0090153571218252182 0.0069654583930969238 0.0013960670912638307
    endloop
  endfacet
  facet normal 0 1 0
    outer loop
      vertex 0.010870723053812981 0.0069654583930969238 -0.00405077263712883
      vertex 0.0097078746184706688 0.0069654583930969238 -0.0024437541142106056
      vertex 0.013539143837988377 0.0069654583930969238 -0.0033431344199925661
    endloop
  endfacet
  facet normal 0 1 -0
    outer loop
      vertex 0.0097078746184706688 0.0069654583930969238 -0.0024437541142106056
      vertex 0.010870723053812981 0.0069654583930969238 -0.00405077263712883
      vertex 0.0081106368452310562 0.0069654583930969238 -0.0045236013829708099
    endloop
  endfacet
  facet normal -0 1 0
    outer loop
      vertex 0.0081106368452310562 0.0069654583930969238 -0.0045236013829708099
      vertex 0.0054064705036580563 0.0069654583930969238 -0.0048538604751229286
      vertex 0.0097078746184706688 0.0069654583930969238 -0.0024437541142106056
    endloop
  endfacet
  facet normal -0 1 0
    outer loop
      vertex 0.0054064705036580563 0.0069654583930969238 -0.0048538604751229286
      vertex 0.0026629471685737371 0.0069654583930969238 -0.0050687184557318687
      vertex 0.0097078746184706688 0.0069654583930969238 -0.0024437541142106056
    endloop
  endfacet
  facet normal -0 1 0
    outer loop
      vertex -0.011153167113661766 0.0069654583930969238 -0.0049882223829627037
      vertex -0.01391126960515976 0.0069654583930969238 -0.0048324102535843849
      vertex -0.0080138677731156349 0.0069654583930969238 -0.003657537279650569
    endloop
  endfacet
  facet normal 0 1 -0
    outer loop
      vertex -0.0083601269870996475 0.0069654583930969238 -0.0017376267351210117
      vertex -0.0080138677731156349 0.0069654583930969238 -0.003657537279650569
      vertex -0.01391126960515976 0.0069654583930969238 -0.0048324102535843849
    endloop
  endfacet
  facet normal -0 1 0
    outer loop
      vertex -0.0056316787376999855 0.0069654583930969238 -0.0051825814880430698
      vertex -0.0080138677731156349 0.0069654583930969238 -0.003657537279650569
      vertex 0.00067387381568551064 0.0069654583930969238 -0.0020906904246658087
    endloop
  endfacet
  facet normal -0 1 0
    outer loop
      vertex -0.016667189076542854 0.0069654583930969238 -0.0046410541981458664
      vertex -0.0083601269870996475 0.0069654583930969238 -0.0017376267351210117
      vertex -0.01391126960515976 0.0069654583930969238 -0.0048324102535843849
    endloop
  endfacet
  facet normal 0 1 -0
    outer loop
      vertex -0.011153167113661766 0.0069654583930969238 -0.0049882223829627037
      vertex -0.0080138677731156349 0.0069654583930969238 -0.003657537279650569
      vertex -0.0083930660039186478 0.0069654583930969238 -0.0051040789112448692
    endloop
  endfacet
  facet normal 0 1 0
    outer loop
      vertex 0.0026629471685737371 0.0069654583930969238 -0.0050687184557318687
      vertex -0.00010722052684286609 0.0069654583930969238 -0.0051902104169130325
      vertex 0.0010201324475929141 0.0069654583930969238 -0.0040106009691953659
    endloop
  endfacet
  facet normal 0 1 -0
    outer loop
      vertex -0.002869447460398078 0.0069654583930969238 -0.0052211354486644268
      vertex 0.0010201324475929141 0.0069654583930969238 -0.0040106009691953659
      vertex -0.00010722052684286609 0.0069654583930969238 -0.0051902104169130325
    endloop
  endfacet
  facet normal -0 1 0
    outer loop
      vertex -0.002869447460398078 0.0069654583930969238 -0.0052211354486644268
      vertex -0.0056316787376999855 0.0069654583930969238 -0.0051825814880430698
      vertex 0.0010201324475929141 0.0069654583930969238 -0.0040106009691953659
    endloop
  endfacet
  facet normal 0 1 -0
    outer loop
      vertex -0.0056316787376999855 0.0069654583930969238 -0.0051825814880430698
      vertex 0.00067387381568551064 0.0069654583930969238 -0.0020906904246658087
      vertex 0.0010201324475929141 0.0069654583930969238 -0.0040106009691953659
    endloop
  endfacet
  facet normal 0 1 -0
    outer loop
      vertex -0.0056316787376999855 0.0069654583930969238 -0.0051825814880430698
      vertex -0.0083930660039186478 0.0069654583930969238 -0.0051040789112448692
      vertex -0.0080138677731156349 0.0069654583930969238 -0.003657537279650569
    endloop
  endfacet
  facet normal 0 1 0
    outer loop
      vertex -0.014108208008110523 0.0069654583930969238 0.0048198611475527287
      vertex -0.018086643889546394 0.0069654583930969238 0.002455257810652256
      vertex -0.01666710339486599 0.0069654583930969238 0.0046410621143877506
    endloop
  endfacet
  facet normal 0 1 -0
    outer loop
      vertex -0.035808388143777847 0.0069654583930969238 0.0012414745287969708
      vertex -0.031978752464056015 0.0069654583930969238 0.0030911732465028763
      vertex -0.029431819915771484 0.0069654583930969238 0.0033967134077101946
    endloop
  endfacet
  facet normal 0 1 0
    outer loop
      vertex -0.035808388143777847 0.0069654583930969238 0.0012414745287969708
      vertex -0.034523725509643555 0.0069654583930969238 0.0027696017641574144
      vertex -0.031978752464056015 0.0069654583930969238 0.0030911732465028763
    endloop
  endfacet
  facet normal -0 1 0
    outer loop
      vertex -0.035808388143777847 0.0069654583930969238 0.0012414745287969708
      vertex -0.037066686898469925 0.0069654583930969238 0.0024322718381881714
      vertex -0.034523725509643555 0.0069654583930969238 0.0027696017641574144
    endloop
  endfacet
  facet normal 0 1 0
    outer loop
      vertex -0.019224125891923904 0.0069654583930969238 0.004435644019395113
      vertex -0.027120644226670265 0.0069654583930969238 0.002808321500197053
      vertex -0.021779080852866173 0.0069654583930969238 0.004206397570669651
    endloop
  endfacet
  facet normal 0 1 -0
    outer loop
      vertex -0.02433200366795063 0.0069654583930969238 0.0039555281400680542
      vertex -0.027120644226670265 0.0069654583930969238 0.002808321500197053
      vertex -0.026882899925112724 0.0069654583930969238 0.0036851761396974325
    endloop
  endfacet
  facet normal 0 1 0
    outer loop
      vertex -0.02433200366795063 0.0069654583930969238 0.0039555281400680542
      vertex -0.021779080852866173 0.0069654583930969238 0.004206397570669651
      vertex -0.027120644226670265 0.0069654583930969238 0.002808321500197053
    endloop
  endfacet
  facet normal 0 1 -0
    outer loop
      vertex -0.027120644226670265 0.0069654583930969238 0.002808321500197053
      vertex -0.029431819915771484 0.0069654583930969238 0.0033967134077101946
      vertex -0.026882899925112724 0.0069654583930969238 0.0036851761396974325
    endloop
  endfacet
  facet normal 0 1 -0
    outer loop
      vertex -0.039607539772987366 0.0069654583930969238 0.0020796325989067554
      vertex -0.037066686898469925 0.0069654583930969238 0.0024322718381881714
      vertex -0.035808388143777847 0.0069654583930969238 0.0012414745287969708
    endloop
  endfacet
  facet normal 0 1 -0
    outer loop
      vertex -0.049749709665775299 0.0069654583930969238 0.00052497803699225187
      vertex -0.047218088060617447 0.0069654583930969238 0.00093914387980476022
      vertex -0.049555025994777679 0.0069654583930969238 -0.00055738515220582485
    endloop
  endfacet
  facet normal -0 1 0
    outer loop
      vertex -0.052279062569141388 0.0069654583930969238 -9.7843963885679841e-05
      vertex -0.052279062569141388 0.0069654583930969238 9.7843978437595069e-05
      vertex -0.049749709665775299 0.0069654583930969238 0.00052497803699225187
    endloop
  endfacet
  facet normal 0 1 -0
    outer loop
      vertex -0.052550323307514191 0.0069654583930969238 4.8921938287094235e-05
      vertex -0.052279062569141388 0.0069654583930969238 9.7843978437595069e-05
      vertex -0.052550319582223892 0.0069654583930969238 -4.892203287454322e-05
    endloop
  endfacet
  facet normal 0 1 -0
    outer loop
      vertex -0.052550323307514191 0.0069654583930969238 4.8921938287094235e-05
      vertex -0.052550319582223892 0.0069654583930969238 -4.892203287454322e-05
      vertex -0.052821580320596695 0.0069654583930969238 -4.4053648897148206e-16
    endloop
  endfacet
  facet normal 0 1 -0
    outer loop
      vertex -0.044791188091039658 0.0069654583930969238 0.0013171704486012459
      vertex -0.042146410793066025 0.0069654583930969238 0.0017129727639257908
      vertex -0.046828359365463257 0.0069654583930969238 -0.0010011052945628762
    endloop
  endfacet
  facet normal 0 1 0
    outer loop
      vertex -0.044791188091039658 0.0069654583930969238 0.0013171704486012459
      vertex -0.049555025994777679 0.0069654583930969238 -0.00055738515220582485
      vertex -0.047218088060617447 0.0069654583930969238 0.00093914387980476022
    endloop
  endfacet
  facet normal 0 1 0
    outer loop
      vertex -0.049555025994777679 0.0069654583930969238 -0.00055738515220582485
      vertex -0.052279062569141388 0.0069654583930969238 -9.7843963885679841e-05
      vertex -0.049749709665775299 0.0069654583930969238 0.00052497803699225187
    endloop
  endfacet
  facet normal 0 1 0
    outer loop
      vertex -0.052279062569141388 0.0069654583930969238 -9.7843963885679841e-05
      vertex -0.052550319582223892 0.0069654583930969238 -4.892203287454322e-05
      vertex -0.052279062569141388 0.0069654583930969238 9.7843978437595069e-05
    endloop
  endfacet
  facet normal 0 1 0
    outer loop
      vertex -0.035808388143777847 0.0069654583930969238 0.0012414745287969708
      vertex -0.042146410793066025 0.0069654583930969238 0.0017129727639257908
      vertex -0.039607539772987366 0.0069654583930969238 0.0020796325989067554
    endloop
  endfacet
  facet normal 0 1 -0
    outer loop
      vertex -0.049555025994777679 0.0069654583930969238 -0.00055738515220582485
      vertex -0.044791188091039658 0.0069654583930969238 0.0013171704486012459
      vertex -0.046828359365463257 0.0069654583930969238 -0.0010011052945628762
    endloop
  endfacet
  facet normal 0 1 0
    outer loop
      vertex -0.018086643889546394 0.0069654583930969238 0.002455257810652256
      vertex -0.026774385944008827 0.0069654583930969238 0.00088841095566749573
      vertex -0.027120644226670265 0.0069654583930969238 0.002808321500197053
    endloop
  endfacet
  facet normal 0 1 -0
    outer loop
      vertex -0.035462129861116409 0.0069654583930969238 -0.00067843595752492547
      vertex -0.026774385944008827 0.0069654583930969238 0.00088841095566749573
      vertex -0.026428127661347389 0.0069654583930969238 -0.0010314995888620615
    endloop
  endfacet
  facet normal 0 1 -0
    outer loop
      vertex -0.027120644226670265 0.0069654583930969238 0.002808321500197053
      vertex -0.019224125891923904 0.0069654583930969238 0.004435644019395113
      vertex -0.018086643889546394 0.0069654583930969238 0.002455257810652256
    endloop
  endfacet
  facet normal 0 1 -0
    outer loop
      vertex -0.027667401358485222 0.0069654583930969238 -0.0035982995759695768
      vertex -0.017394127324223518 0.0069654583930969238 -0.0013845631619915366
      vertex -0.024920828640460968 0.0069654583930969238 -0.0038947996217757463
    endloop
  endfacet
  facet normal 0 1 -0
    outer loop
      vertex -0.019420735538005829 0.0069654583930969238 -0.0044188271276652813
      vertex -0.01704786904156208 0.0069654583930969238 -0.0033044738229364157
      vertex -0.016667189076542854 0.0069654583930969238 -0.0046410541981458664
    endloop
  endfacet
  facet normal 0 1 -0
    outer loop
      vertex -0.01704786904156208 0.0069654583930969238 -0.0033044738229364157
      vertex -0.0083601269870996475 0.0069654583930969238 -0.0017376267351210117
      vertex -0.016667189076542854 0.0069654583930969238 -0.0046410541981458664
    endloop
  endfacet
  facet normal -0 1 0
    outer loop
      vertex -0.019420735538005829 0.0069654583930969238 -0.0044188271276652813
      vertex -0.022171953693032265 0.0069654583930969238 -0.0041691563092172146
      vertex -0.01704786904156208 0.0069654583930969238 -0.0033044738229364157
    endloop
  endfacet
  facet normal 0 1 0
    outer loop
      vertex -0.022171953693032265 0.0069654583930969238 -0.0041691563092172146
      vertex -0.017394127324223518 0.0069654583930969238 -0.0013845631619915366
      vertex -0.01704786904156208 0.0069654583930969238 -0.0033044738229364157
    endloop
  endfacet
  facet normal -0 1 0
    outer loop
      vertex -0.022171953693032265 0.0069654583930969238 -0.0041691563092172146
      vertex -0.024920828640460968 0.0069654583930969238 -0.0038947996217757463
      vertex -0.017394127324223518 0.0069654583930969238 -0.0013845631619915366
    endloop
  endfacet
  facet normal 0 1 -0
    outer loop
      vertex -0.027667401358485222 0.0069654583930969238 -0.0035982995759695768
      vertex -0.026428127661347389 0.0069654583930969238 -0.0010314995888620615
      vertex -0.017394127324223518 0.0069654583930969238 -0.0013845631619915366
    endloop
  endfacet
  facet normal 0 1 0
    outer loop
      vertex -0.026428127661347389 0.0069654583930969238 -0.0010314995888620615
      vertex -0.035893231630325317 0.0069654583930969238 -0.0025899501051753759
      vertex -0.035462129861116409 0.0069654583930969238 -0.00067843595752492547
    endloop
  endfacet
  facet normal 0 1 -0
    outer loop
      vertex -0.044098123908042908 0.0069654583930969238 -0.0014222204918041825
      vertex -0.035808388143777847 0.0069654583930969238 0.0012414745287969708
      vertex -0.035462129861116409 0.0069654583930969238 -0.00067843595752492547
    endloop
  endfacet
  facet normal -0 1 0
    outer loop
      vertex -0.041365433484315872 0.0069654583930969238 -0.0018272059969604015
      vertex -0.044098123908042908 0.0069654583930969238 -0.0014222204918041825
      vertex -0.035462129861116409 0.0069654583930969238 -0.00067843595752492547
    endloop
  endfacet
  facet normal 0 1 -0
    outer loop
      vertex -0.046828359365463257 0.0069654583930969238 -0.0010011052945628762
      vertex -0.035808388143777847 0.0069654583930969238 0.0012414745287969708
      vertex -0.044098123908042908 0.0069654583930969238 -0.0014222204918041825
    endloop
  endfacet
  facet normal 0 1 -0
    outer loop
      vertex -0.046828359365463257 0.0069654583930969238 -0.0010011052945628762
      vertex -0.042146410793066025 0.0069654583930969238 0.0017129727639257908
      vertex -0.035808388143777847 0.0069654583930969238 0.0012414745287969708
    endloop
  endfacet
  facet normal -0 1 0
    outer loop
      vertex -0.038630478084087372 0.0069654583930969238 -0.0022169998846948147
      vertex -0.041365433484315872 0.0069654583930969238 -0.0018272059969604015
      vertex -0.035462129861116409 0.0069654583930969238 -0.00067843595752492547
    endloop
  endfacet
  facet normal -0 1 0
    outer loop
      vertex -0.027667401358485222 0.0069654583930969238 -0.0035982995759695768
      vertex -0.030411675572395325 0.0069654583930969238 -0.0032811579294502735
      vertex -0.026428127661347389 0.0069654583930969238 -0.0010314995888620615
    endloop
  endfacet
  facet normal -0 1 0
    outer loop
      vertex -0.033153638243675232 0.0069654583930969238 -0.002944679232314229
      vertex -0.026428127661347389 0.0069654583930969238 -0.0010314995888620615
      vertex -0.030411675572395325 0.0069654583930969238 -0.0032811579294502735
    endloop
  endfacet
  facet normal 0 1 -0
    outer loop
      vertex -0.026428127661347389 0.0069654583930969238 -0.0010314995888620615
      vertex -0.033153638243675232 0.0069654583930969238 -0.002944679232314229
      vertex -0.035893231630325317 0.0069654583930969238 -0.0025899501051753759
    endloop
  endfacet
  facet normal -0 1 0
    outer loop
      vertex -0.035893231630325317 0.0069654583930969238 -0.0025899501051753759
      vertex -0.038630478084087372 0.0069654583930969238 -0.0022169998846948147
      vertex -0.035462129861116409 0.0069654583930969238 -0.00067843595752492547
    endloop
  endfacet
  facet normal 0 1 0
    outer loop
      vertex -0.035808388143777847 0.0069654583930969238 0.0012414745287969708
      vertex -0.029431819915771484 0.0069654583930969238 0.0033967134077101946
      vertex -0.027120644226670265 0.0069654583930969238 0.002808321500197053
    endloop
  endfacet
  facet normal -0 1 0
    outer loop
      vertex -0.01666710339486599 0.0069654583930969238 0.0046410621143877506
      vertex -0.018086643889546394 0.0069654583930969238 0.002455257810652256
      vertex -0.019224125891923904 0.0069654583930969238 0.004435644019395113
    endloop
  endfacet
  facet normal 0.70710678118654791 0 -0.70710678118654724
    outer loop
      vertex 0.0024999999441206455 0 0
      vertex 2.1684043449710089e-18 0 -0.0024999999441206455
      vertex 2.1684043449710089e-18 0.056942712515592575 -0.0024999999441206455
    endloop
  endfacet
  facet normal 0.70710678118654791 0 -0.70710678118654724
    outer loop
      vertex 0.0024999999441206455 0 0
      vertex 2.1684043449710089e-18 0.056942712515592575 -0.0024999999441206455
      vertex 0.0024999999441206455 0.056942712515592575 0
    endloop
  endfacet
  facet normal -0.70710678118654724 0 -0.70710678118654791
    outer loop
      vertex 2.1684043449710089e-18 0 -0.0024999999441206455
      vertex -0.0024999999441206455 0 -3.0616169763665548e-19
      vertex -0.0024999999441206455 0.056942712515592575 -3.0616169763665548e-19
    endloop
  endfacet
  facet normal -0.70710678118654713 -0 -0.70710678118654791
    outer loop
      vertex 2.1684043449710089e-18 0 -0.0024999999441206455
      vertex -0.0024999999441206455 0.056942712515592575 -3.0616169763665548e-19
      vertex 2.1684043449710089e-18 0.056942712515592575 -0.0024999999441206455
    endloop
  endfacet
  facet normal -0.70710678118654724 0 0.70710678118654779
    outer loop
      vertex -0.0024999999441206455 0 -3.0616169763665548e-19
      vertex 2.1684043449710089e-18 0 0.0024999999441206455
      vertex 2.1684043449710089e-18 0.056942712515592575 0.0024999999441206455
    endloop
  endfacet
  facet normal -0.70710678118654724 0 0.70710678118654779
    outer loop
      vertex -0.0024999999441206455 0 -3.0616169763665548e-19
      vertex 2.1684043449710089e-18 0.056942712515592575 0.0024999999441206455
      vertex -0.0024999999441206455 0.056942712515592575 -3.0616169763665548e-19
    endloop
  endfacet
  facet normal 0.70710678118654791 -0 0.70710678118654724
    outer loop
      vertex 2.1684043449710089e-18 0 0.0024999999441206455
      vertex 0.0024999999441206455 0 0
      vertex 0.0024999999441206455 0.056942712515592575 0
    endloop
  endfacet
  facet normal 0.70710678118654791 0 0.70710678118654724
    outer loop
      vertex 2.1684043449710089e-18 0 0.0024999999441206455
      vertex 0.0024999999441206455 0.056942712515592575 0
      vertex 2.1684043449710089e-18 0.056942712515592575 0.0024999999441206455
    endloop
  endfacet
  facet normal 0 -1 0
    outer loop
      vertex 2.1684043449710089e-18 0 -0.0024999999441206455
      vertex 2.1684043449710089e-18 0 0.0024999999441206455
      vertex -0.0024999999441206455 0 -3.0616169763665548e-19
    endloop
  endfacet
  facet normal -0 -1 -0
    outer loop
      vertex 2.1684043449710089e-18 0 0.0024999999441206455
      vertex 2.1684043449710089e-18 0 -0.0024999999441206455
      vertex 0.0024999999441206455 0 0
    endloop
  endfacet
  facet normal 0 1 0
    outer loop
      vertex 2.1684043449710089e-18 0.056942712515592575 -0.0024999999441206455
      vertex -0.0024999999441206455 0.056942712515592575 -3.0616169763665548e-19
      vertex 2.1684043449710089e-18 0.056942712515592575 0.0024999999441206455
    endloop
  endfacet
  facet normal -0 1 -0
    outer loop
      vertex 2.1684043449710089e-18 0.056942712515592575 0.0024999999441206455
      vertex 0.0024999999441206455 0.056942712515592575 0
      vertex 2.1684043449710089e-18 0.056942712515592575 -0.0024999999441206455
    endloop
  endfacet
endsolid OBJECT
